code,maker_code,maker,group_code,group,name,sort,genre,cc,cc_band,fuel,year_min,year_max,sources,status,reitwagen_id,naver_url,danawa_pcodes,candidates,note
BKM001-0001,BKM001,혼다,BKM001-G001,PCX,PCX 125,1,스쿠터,124,51~125cc,가솔린,2009,2026,RW+NV+DN,✅ RW+NV+DN 일치,10816,https://auto.naver.com/bike/lineup.nhn?bikeNo=7313,13314494 13160243 108447248 101954387 10412925,,
BKM001-0002,BKM001,혼다,BKM001-G002,슈퍼커브,슈퍼 커브 110,2,언더본·비즈니스,109,51~125cc,가솔린,2024,2025,RW+DN,✅ RW+DN 일치,8814,,7859287 63032147 3356829,,
BKM001-0003,BKM001,혼다,BKM001-G003,CBR,CBR 650 R MT,3,스포츠,649,501~1000cc,가솔린,2024,2024,RW,✅ 라이트바겐만,8531,,,,
BKM001-0004,BKM001,혼다,BKM001-G004,CB,CB 125 R,4,네이키드,125,51~125cc,가솔린,2018,2026,RW+NV+DN,✅ RW+NV+DN 일치,8475,https://auto.naver.com/bike/lineup.nhn?bikeNo=4756,13034687,,
BKM001-0005,BKM001,혼다,BKM001-G003,CBR,CBR 500 R,5,스포츠,471,251~500cc,가솔린,2013,2024,RW+NV,✅ RW+NV 일치,8523,https://auto.naver.com/bike/lineup.nhn?bikeNo=5007,,,
BKM001-0006,BKM001,혼다,BKM001-G005,포르자,포르자 350,6,스쿠터,330,251~500cc,가솔린,2025,2025,RW+DN,✅ RW+DN 일치,8896,,14846075,,
BKM001-0007,BKM001,혼다,BKM001-G004,CB,CB 300 R,7,네이키드,276,251~500cc,가솔린,2018,2024,RW+NV,✅ RW+NV 일치,8484,https://auto.naver.com/bike/lineup.nhn?bikeNo=4758,,,
BKM001-0008,BKM001,혼다,BKM001-G003,CBR,CBR 125 R,8,스포츠,124,51~125cc,가솔린,2011,2018,RW+NV,✅ RW+NV 일치,8517,https://auto.naver.com/bike/lineup.nhn?bikeNo=4013,,,
BKM001-0009,BKM001,혼다,BKM001-G005,포르자,포르자 750,9,스쿠터,745,501~1000cc,가솔린,2021,2025,RW+NV,✅ RW+NV 일치,8897,https://auto.naver.com/bike/lineup.nhn?bikeNo=6791,,,
BKM001-0010,BKM001,혼다,BKM001-G006,MSX,MSX 125,10,네이키드,124,51~125cc,가솔린,2013,2019,RW+NV,✅ RW+NV 일치,8600,https://auto.naver.com/bike/lineup.nhn?bikeNo=4773,,,
BKM001-0011,BKM001,혼다,BKM001-G003,CBR,CBR 1000 RR,11,스포츠,999,501~1000cc,가솔린,2012,2019,RW+NV,✅ RW+NV 일치,8511,https://auto.naver.com/bike/lineup.nhn?bikeNo=4769,,,
BKM001-0012,BKM001,혼다,BKM001-G007,몽키,몽키 125,12,네이키드,124,51~125cc,가솔린,2025,2025,RW+DN,✅ RW+DN 일치,8764,,45315677,,
BKM001-0013,BKM001,혼다,BKM001-G008,CG 125,CG 125,13,네이키드,124,51~125cc,가솔린,1978,1978,RW+NV,✅ RW+NV 일치,8545,https://auto.naver.com/bike/lineup.nhn?bikeNo=6109,,,
BKM001-0014,BKM001,혼다,BKM001-G004,CB,CB 500 X,14,멀티퍼퍼스,471,251~500cc,가솔린,2013,2019,RW+NV,✅ RW+NV 일치,8498,https://auto.naver.com/bike/lineup.nhn?bikeNo=5005,,,
BKM001-0015,BKM001,혼다,BKM001-G009,C,C 125,15,언더본·비즈니스,124,51~125cc,가솔린,2018,2025,RW+NV+DN,✅ RW+NV+DN 일치,10935,https://auto.naver.com/bike/lineup.nhn?bikeNo=5875,10385013,,
BKM001-0016,BKM001,혼다,BKM001-G010,레블,레블 500,16,크루저,471,251~500cc,가솔린,2016,2025,RW+NV,✅ RW+NV 일치,8749,https://auto.naver.com/bike/lineup.nhn?bikeNo=5769,,,
BKM001-0017,BKM001,혼다,BKM001-G011,X,X ADV,17,스쿠터,745,501~1000cc,가솔린,2017,2025,RW+NV+DN,✅ RW+NV+DN 일치,8698,https://auto.naver.com/bike/lineup.nhn?bikeNo=4781,9527526,,
BKM001-0018,BKM001,혼다,BKM001-G004,CB,CB 400,18,네이키드,400,251~500cc,가솔린,,,RW,✅ 라이트바겐만,10952,,,,🟡 연료 원천 없음→가솔린 추정
BKM001-0019,BKM001,혼다,BKM001-G003,CBR,CBR 600 RR,19,스포츠,600,501~1000cc,가솔린,2012,2025,RW+NV+DN,✅ RW+NV+DN 일치,8529,https://auto.naver.com/bike/lineup.nhn?bikeNo=7255,97840214,,
BKM001-0020,BKM001,혼다,BKM001-G004,CB,CB 1000 R,20,네이키드,998,501~1000cc,가솔린,2014,2024,RW+NV,✅ RW+NV 일치,8469,https://auto.naver.com/bike/lineup.nhn?bikeNo=5131,,,
BKM001-0021,BKM001,혼다,BKM001-G003,CBR,CBR 650 F,21,스포츠,649,501~1000cc,가솔린,2014,2018,RW+NV,✅ RW+NV 일치,8530,https://auto.naver.com/bike/lineup.nhn?bikeNo=4019,,,
BKM001-0022,BKM001,혼다,BKM001-G012,ADV,ADV 350,22,스쿠터,330,251~500cc,가솔린,2024,2024,RW+DN,✅ RW+DN 일치,11123,,53416448,,
BKM001-0023,BKM001,혼다,BKM001-G005,포르자,포르자 300,23,스쿠터,279,251~500cc,가솔린,2013,2020,RW+NV,✅ RW+NV 일치,8895,https://auto.naver.com/bike/lineup.nhn?bikeNo=7171,,,
BKM001-0024,BKM001,혼다,BKM001-G003,CBR,CBR 250 RR,24,스포츠,249,126~250cc,가솔린,2017,2020,RW+NV,✅ RW+NV 일치,8520,https://auto.naver.com/bike/lineup.nhn?bikeNo=7251,,,
BKM001-0025,BKM001,혼다,BKM001-G003,CBR,CBR 300 R,25,스포츠,286,251~500cc,가솔린,2014,2018,RW+NV,✅ RW+NV 일치,8521,https://auto.naver.com/bike/lineup.nhn?bikeNo=4015,,,
BKM001-0026,BKM001,혼다,BKM001-G004,CB,CB 1100,26,네이키드,1100,1001cc 이상,가솔린,,,RW,✅ 라이트바겐만,10988,,,,🟡 연료 원천 없음→가솔린 추정
BKM001-0027,BKM001,혼다,BKM001-G013,줌머,줌머,27,스쿠터,49,50cc 이하,가솔린,2012,2012,RW+NV,✅ RW+NV 일치,8875,https://auto.naver.com/bike/lineup.nhn?bikeNo=5409,,,
BKM001-0028,BKM001,혼다,BKM001-G004,CB,CB 500 F,28,네이키드,500,251~500cc,가솔린,2015,2019,RW+NV,✅ RW+NV 일치,8497,https://auto.naver.com/bike/lineup.nhn?bikeNo=5003,,,
BKM001-0029,BKM001,혼다,BKM001-G014,벤리,벤리 110,29,스쿠터,108,51~125cc,가솔린,2013,2019,RW+NV,✅ RW+NV 일치,8776,https://auto.naver.com/bike/lineup.nhn?bikeNo=4789,,,
BKM001-0030,BKM001,혼다,BKM001-G001,PCX,PCX 150,30,스쿠터,149,126~250cc,가솔린,2014,2018,RW+NV,✅ RW+NV 일치,8639,https://auto.naver.com/bike/lineup.nhn?bikeNo=6015,,,
BKM001-0031,BKM001,혼다,BKM001-G003,CBR,CBR 400 RR,31,스포츠,400,251~500cc,가솔린,,,RW,✅ 라이트바겐만,8522,,,,🟡 연료 원천 없음→가솔린 추정
BKM001-0032,BKM001,혼다,BKM001-G015,호넷,호넷 750,32,네이키드,750,501~1000cc,가솔린,2025,2025,RW,✅ 라이트바겐만,8503,,,,
BKM001-0033,BKM001,혼다,BKM001-G006,MSX,MSX 125 그롬,33,네이키드,124,51~125cc,가솔린,2025,2025,RW+DN,✅ RW+DN 일치,8603,,14167157,,
BKM001-0034,BKM001,혼다,BKM001-G016,비전 110,비전 110,34,스쿠터,109,51~125cc,가솔린,2017,2024,RW+NV+DN,✅ RW+NV+DN 일치,8787,https://auto.naver.com/bike/lineup.nhn?bikeNo=3149,16307309,,
BKM001-0035,BKM001,혼다,BKM001-G010,레블,레블 300,35,크루저,286,251~500cc,가솔린,2020,2020,RW+NV,✅ RW+NV 일치,8748,https://auto.naver.com/bike/lineup.nhn?bikeNo=5771,,,
BKM001-0036,BKM001,혼다,BKM001-G004,CB,CB 650 F,36,네이키드,650,501~1000cc,가솔린,2015,2018,RW+NV,✅ RW+NV 일치,8500,https://auto.naver.com/bike/lineup.nhn?bikeNo=4007,,,
BKM001-0037,BKM001,혼다,BKM001-G004,CB,CB 125 T,37,네이키드,125,51~125cc,가솔린,,,RW,✅ 라이트바겐만,8476,,,,🟡 연료 원천 없음→가솔린 추정
BKM001-0038,BKM001,혼다,BKM001-G017,나비 110,나비 110,38,네이키드,110,51~125cc,가솔린,,,RW,✅ 라이트바겐만,8734,,,,🟡 연료 원천 없음→가솔린 추정
BKM001-0039,BKM001,혼다,BKM001-G018,NC,NC 750 X,39,멀티퍼퍼스,745,501~1000cc,가솔린,2014,2024,RW+NV,✅ RW+NV 일치,8610,https://auto.naver.com/bike/lineup.nhn?bikeNo=4775,,,
BKM001-0040,BKM001,혼다,BKM001-G004,CB,CB 250,40,네이키드,250,126~250cc,가솔린,,,RW,✅ 라이트바겐만,8483,,,,🟡 연료 원천 없음→가솔린 추정
BKM001-0041,BKM001,혼다,BKM001-G019,쉐도우,쉐도우 750,41,크루저,745,501~1000cc,가솔린,2012,2012,RW+NV,✅ RW+NV 일치,10940,https://auto.naver.com/bike/lineup.nhn?bikeNo=295,,,
BKM001-0042,BKM001,혼다,BKM001-G004,CB,CB 1100 EX,42,네이키드,1100,1001cc 이상,가솔린,2014,2019,RW+NV,✅ RW+NV 일치,8471,https://auto.naver.com/bike/lineup.nhn?bikeNo=4763,,,
BKM001-0043,BKM001,혼다,BKM001-G004,CB,CB 1100 RS,43,네이키드,1100,1001cc 이상,가솔린,2017,2019,RW+NV,✅ RW+NV 일치,8473,https://auto.naver.com/bike/lineup.nhn?bikeNo=4765,,,
BKM001-0044,BKM001,혼다,BKM001-G020,SCR,SCR 110,44,스쿠터,108,51~125cc,가솔린,2012,2014,RW+NV,✅ RW+NV 일치,8651,https://auto.naver.com/bike/lineup.nhn?bikeNo=1268,,,
BKM001-0045,BKM001,혼다,BKM001-G021,인테그라,인테그라 750,45,스쿠터,679,501~1000cc,가솔린,,,RW,✅ 라이트바겐만,8860,,,,🟡 연료 원천 없음→가솔린 추정
BKM001-0046,BKM001,혼다,BKM001-G013,줌머,줌머 X,46,스쿠터,108,51~125cc,가솔린,,,RW,✅ 라이트바겐만,8876,,,,🟡 연료 원천 없음→가솔린 추정
BKM001-0047,BKM001,혼다,BKM001-G022,골드윙,골드윙 1800,47,투어러,1832,1001cc 이상,가솔린,,,RW,✅ 라이트바겐만,8725,,,,🟡 연료 원천 없음→가솔린 추정
BKM001-0048,BKM001,혼다,BKM001-G023,골드윙 오토매틱 DCT,골드윙 오토매틱 DCT,48,투어러,1833,1001cc 이상,가솔린,,,RW,✅ 라이트바겐만,8730,,,,🟡 연료 원천 없음→가솔린 추정
BKM001-0049,BKM001,혼다,BKM001-G005,포르자,포르자 125,49,스쿠터,124,51~125cc,가솔린,,,RW,✅ 라이트바겐만,8894,,,,🟡 연료 원천 없음→가솔린 추정
BKM001-0050,BKM001,혼다,BKM001-G024,스티드,스티드 600,50,크루저,600,501~1000cc,가솔린,,,RW,✅ 라이트바겐만,8826,,,,🟡 연료 원천 없음→가솔린 추정
BKM001-0051,BKM001,혼다,BKM001-G004,CB,CB 1300,51,네이키드,1300,1001cc 이상,가솔린,,,RW,✅ 라이트바겐만,10989,,,,🟡 연료 원천 없음→가솔린 추정
BKM001-0052,BKM001,혼다,BKM001-G006,MSX,MSX 125 SF,52,네이키드,124,51~125cc,가솔린,,,RW,✅ 라이트바겐만,8601,,,,🟡 연료 원천 없음→가솔린 추정
BKM001-0053,BKM001,혼다,BKM001-G003,CBR,CBR 1000 RR-R 파이어블레이드 SP,53,스포츠,1000,501~1000cc,가솔린,2021,2024,RW+NV,✅ RW+NV 일치,8515,https://auto.naver.com/bike/lineup.nhn?bikeNo=7169,,,
BKM001-0054,BKM001,혼다,BKM001-G020,SCR,SCR 100,54,스쿠터,102,51~125cc,가솔린,,,RW,✅ 라이트바겐만,8650,,,,🟡 연료 원천 없음→가솔린 추정
BKM001-0055,BKM001,혼다,BKM001-G014,벤리,벤리 50,55,네이키드,49,50cc 이하,가솔린,,,RW,✅ 라이트바겐만,8778,,,,🟡 연료 원천 없음→가솔린 추정
BKM001-0056,BKM001,혼다,BKM001-G025,PS 250,PS 250,56,스쿠터,249,126~250cc,가솔린,2004,2004,RW+NV,✅ RW+NV 일치,8641,https://auto.naver.com/bike/lineup.nhn?bikeNo=6085,,,
BKM001-0057,BKM001,혼다,BKM001-G026,아프리카 트윈,아프리카 트윈 CRF 1100 L,57,멀티퍼퍼스,1082,1001cc 이상,가솔린,2019,2020,RW+NV,✅ RW+NV 일치,11124,https://auto.naver.com/bike/lineup.nhn?bikeNo=6449,,,
BKM001-0058,BKM001,혼다,BKM001-G003,CBR,CBR 1000 RR SP,58,스포츠,999,501~1000cc,가솔린,2015,2019,RW+NV,✅ RW+NV 일치,8513,https://auto.naver.com/bike/lineup.nhn?bikeNo=4767,,,
BKM001-0059,BKM001,혼다,BKM001-G027,CTX,CTX 700,59,투어러,669,501~1000cc,가솔린,2013,2017,RW+NV,✅ RW+NV 일치,8580,https://auto.naver.com/bike/lineup.nhn?bikeNo=3564,,,
BKM001-0060,BKM001,혼다,BKM001-G004,CB,CB 400 SS,60,네이키드,400,251~500cc,가솔린,2002,2002,RW+NV,✅ RW+NV 일치,8493,https://auto.naver.com/bike/lineup.nhn?bikeNo=2595,,,
BKM001-0061,BKM001,혼다,BKM001-G022,골드윙,골드윙 MT,61,투어러,1833,1001cc 이상,가솔린,,,RW,✅ 라이트바겐만,8728,,,,
BKM001-0062,BKM001,혼다,BKM001-G003,CBR,CBR 1000 RR-R 파이어블레이드,62,스포츠,1000,501~1000cc,가솔린,2021,2021,RW+NV,✅ RW+NV 일치,8514,https://auto.naver.com/bike/lineup.nhn?bikeNo=7167,,,
BKM001-0063,BKM001,혼다,BKM001-G004,CB,CB 190 R,63,네이키드,190,126~250cc,가솔린,,,RW,✅ 라이트바겐만,8481,,,,🟡 연료 원천 없음→가솔린 추정
BKM001-0064,BKM001,혼다,BKM001-G004,CB,CB 400 REVO,64,네이키드,399,251~500cc,가솔린,,,RW,✅ 라이트바겐만,8489,,,,🟡 연료 원천 없음→가솔린 추정
BKM001-0065,BKM001,혼다,BKM001-G028,에이프 100,에이프 100,65,네이키드,100,51~125cc,가솔린,,,RW,✅ 라이트바겐만,8844,,,,🟡 연료 원천 없음→가솔린 추정
BKM001-0066,BKM001,혼다,BKM001-G029,CRF,CRF 250 랠리,66,멀티퍼퍼스,250,126~250cc,가솔린,2017,2019,RW+NV,✅ RW+NV 일치,8566,https://auto.naver.com/bike/lineup.nhn?bikeNo=6419,,,
BKM001-0067,BKM001,혼다,BKM001-G020,SCR,SCR 125,67,스쿠터,125,51~125cc,가솔린,,,RW,✅ 라이트바겐만,11122,,,,🟡 연료 원천 없음→가솔린 추정
BKM001-0068,BKM001,혼다,BKM001-G022,골드윙,골드윙 투어 DCT 에어백,68,투어러,1833,1001cc 이상,가솔린,2024,2024,RW,✅ 라이트바겐만,8731,,,,🟡 연료 원천 없음→가솔린 추정
BKM001-0069,BKM001,혼다,BKM001-G030,골드윙 투어 MT,골드윙 투어 MT,69,투어러,1833,1001cc 이상,가솔린,2025,2025,RW,✅ 라이트바겐만,8732,,,,
BKM001-0070,BKM001,혼다,BKM001-G031,크로스 커브,크로스 커브 110,70,스쿠터,109,51~125cc,가솔린,2020,2020,RW+NV,✅ RW+NV 일치,8883,https://auto.naver.com/bike/lineup.nhn?bikeNo=5985,,,
BKM001-0071,BKM001,혼다,BKM001-G020,SCR,SCR 110 α,71,스쿠터,108,51~125cc,가솔린,2015,2019,RW+NV,✅ RW+NV 일치,8652,https://auto.naver.com/bike/lineup.nhn?bikeNo=4779,,,
BKM001-0072,BKM001,혼다,BKM001-G003,CBR,CBR 250 R ABS,72,스포츠,250,126~250cc,가솔린,2012,2014,RW+NV,✅ RW+NV 일치,8519,https://auto.naver.com/bike/lineup.nhn?bikeNo=1273,,,
BKM001-0073,BKM001,혼다,BKM001-G003,CBR,CBR 900 RR,73,스포츠,918,501~1000cc,가솔린,,,RW,✅ 라이트바겐만,8534,,,,🟡 연료 원천 없음→가솔린 추정
BKM001-0074,BKM001,혼다,BKM001-G018,NC,NC 750 X DCT,74,멀티퍼퍼스,745,501~1000cc,가솔린,,,RW,✅ 라이트바겐만,8611,,,,
BKM001-0075,BKM001,혼다,BKM001-G005,포르자,올 뉴 포르자 300,75,스쿠터,279,251~500cc,가솔린,,,RW,✅ 라이트바겐만,8849,,,,🟡 연료 원천 없음→가솔린 추정
BKM001-0076,BKM001,혼다,BKM001-G032,클릭,클릭,76,스쿠터,125,51~125cc,가솔린,,,RW,✅ 라이트바겐만,8886,,,,🟡 연료 원천 없음→가솔린 추정
BKM001-0077,BKM001,혼다,BKM001-G029,CRF,CRF 250 L,77,오프로드,250,126~250cc,가솔린,2014,2016,RW+NV,✅ RW+NV 일치,8565,https://auto.naver.com/bike/lineup.nhn?bikeNo=6399,,,
BKM001-0078,BKM001,혼다,BKM001-G018,NC,NC 700 X,78,멀티퍼퍼스,669,501~1000cc,가솔린,2012,2016,RW+NV,✅ RW+NV 일치,8608,https://auto.naver.com/bike/lineup.nhn?bikeNo=2332,,,
BKM001-0079,BKM001,혼다,BKM001-G007,몽키,몽키 50,79,네이키드,49,50cc 이하,가솔린,2016,2016,RW+NV,✅ RW+NV 일치,8766,https://auto.naver.com/bike/lineup.nhn?bikeNo=6667,,,
BKM001-0080,BKM001,혼다,BKM001-G004,CB,CB 400 R,80,네이키드,400,251~500cc,가솔린,,,RW,✅ 라이트바겐만,8488,,,,🟡 연료 원천 없음→가솔린 추정
BKM001-0081,BKM001,혼다,BKM001-G033,DN 01,DN 01,81,스쿠터,680,501~1000cc,가솔린,,,RW,✅ 라이트바겐만,8581,,,,🟡 연료 원천 없음→가솔린 추정
BKM001-0082,BKM001,혼다,BKM001-G034,XZ 100,XZ 100,82,네이키드,99,51~125cc,가솔린,,,RW,✅ 라이트바겐만,8720,,,,🟡 연료 원천 없음→가솔린 추정
BKM001-0083,BKM001,혼다,BKM001-G035,마그나,마그나 750,83,크루저,748,501~1000cc,가솔린,,,RW,✅ 라이트바겐만,8757,,,,🟡 연료 원천 없음→가솔린 추정
BKM001-0084,BKM001,혼다,BKM001-G014,벤리,벤리 50 S,84,네이키드,49,50cc 이하,가솔린,,,RW,✅ 라이트바겐만,8779,,,,🟡 연료 원천 없음→가솔린 추정
BKM001-0085,BKM001,혼다,BKM001-G021,인테그라,인테그라 700,85,스쿠터,670,501~1000cc,가솔린,,,RW,✅ 라이트바겐만,8859,,,,🟡 연료 원천 없음→가솔린 추정
BKM001-0086,BKM001,혼다,BKM001-G036,줄리오,줄리오,86,스쿠터,49,50cc 이하,가솔린,,,RW,✅ 라이트바겐만,8874,,,,🟡 연료 원천 없음→가솔린 추정
BKM001-0087,BKM001,혼다,BKM001-G015,호넷,호넷 600,87,네이키드,249,126~250cc,가솔린,,,RW,✅ 라이트바겐만,8909,,,,🟡 연료 원천 없음→가솔린 추정
BKM001-0088,BKM001,혼다,BKM001-G004,CB,CB 400 FOUR,88,네이키드,400,251~500cc,가솔린,1975,1975,RW+NV,✅ RW+NV 일치,8486,https://auto.naver.com/bike/lineup.nhn?bikeNo=2597,,,
BKM001-0089,BKM001,혼다,BKM001-G037,NM,NM4-02,89,투어러,745,501~1000cc,가솔린,,,RW,✅ 라이트바겐만,8614,,,,🟡 연료 원천 없음→가솔린 추정
BKM001-0090,BKM001,혼다,BKM001-G038,XR,XR 100,90,오프로드,99,51~125cc,가솔린,,,RW,✅ 라이트바겐만,8705,,,,🟡 연료 원천 없음→가솔린 추정
BKM001-0091,BKM001,혼다,BKM001-G022,골드윙,골드윙 1500,91,투어러,1500,1001cc 이상,가솔린,,,RW,✅ 라이트바겐만,8724,,,,🟡 연료 원천 없음→가솔린 추정
BKM001-0092,BKM001,혼다,BKM001-G026,아프리카 트윈,아프리카 트윈 CRF 1100 L DCT,92,멀티퍼퍼스,1082,1001cc 이상,가솔린,,,RW,✅ 라이트바겐만,8839,,,,
BKM001-0093,BKM001,혼다,BKM001-G026,아프리카 트윈,아프리카 트윈 CRF 1000 L,93,멀티퍼퍼스,998,501~1000cc,가솔린,2016,2019,RW+NV,✅ RW+NV 일치,8837,https://auto.naver.com/bike/lineup.nhn?bikeNo=4793,,,
BKM001-0094,BKM001,혼다,BKM001-G004,CB,CB 400 SF,94,네이키드,400,251~500cc,가솔린,2010,2010,RW+NV,✅ RW+NV 일치,8492,https://auto.naver.com/bike/lineup.nhn?bikeNo=5877,,,
BKM001-0095,BKM001,혼다,BKM001-G009,C,C 110,95,스쿠터,109,51~125cc,가솔린,,,RW,✅ 라이트바겐만,8461,,,,🟡 연료 원천 없음→가솔린 추정
BKM001-0096,BKM001,혼다,BKM001-G004,CB,CB 400 V TEC,96,네이키드,400,251~500cc,가솔린,,,RW,✅ 라이트바겐만,8494,,,,🟡 연료 원천 없음→가솔린 추정
BKM001-0097,BKM001,혼다,BKM001-G039,스쿠피,스쿠피,97,스쿠터,49,50cc 이하,가솔린,,,RW,✅ 라이트바겐만,8821,,,,🟡 연료 원천 없음→가솔린 추정
BKM001-0098,BKM001,혼다,BKM001-G029,CRF,CRF 450 R,98,오프로드,449,251~500cc,가솔린,2015,2021,RW+NV,✅ RW+NV 일치,8568,https://auto.naver.com/bike/lineup.nhn?bikeNo=6857,,,
BKM001-0099,BKM001,혼다,BKM001-G027,CTX,CTX 1300,99,투어러,1261,1001cc 이상,가솔린,2014,2017,RW+NV,✅ RW+NV 일치,8579,https://auto.naver.com/bike/lineup.nhn?bikeNo=3565,,,
BKM001-0100,BKM001,혼다,BKM001-G003,CBR,CBR 1100 XX,100,스포츠,1100,1001cc 이상,가솔린,,,RW,✅ 라이트바겐만,8516,,,,🟡 연료 원천 없음→가솔린 추정
BKM001-0101,BKM001,혼다,BKM001-G010,레블,레블 1100,101,크루저,1084,1001cc 이상,가솔린,,,RW,✅ 라이트바겐만,12696,,,,🟡 연료 원천 없음→가솔린 추정
BKM001-0102,BKM001,혼다,BKM001-G040,발키리,발키리,102,크루저,1520,1001cc 이상,가솔린,,,RW,✅ 라이트바겐만,10942,,,,🟡 연료 원천 없음→가솔린 추정
BKM001-0103,BKM001,혼다,BKM001-G041,실버윙,실버윙,103,스쿠터,582,501~1000cc,가솔린,,,RW,✅ 라이트바겐만,8833,,,,🟡 연료 원천 없음→가솔린 추정
BKM001-0104,BKM001,혼다,BKM001-G015,호넷,호넷 900,104,네이키드,918,501~1000cc,가솔린,,,RW,✅ 라이트바겐만,8910,,,,
BKM001-0105,BKM001,혼다,BKM001-G026,아프리카 트윈,아프리카 트윈 CRF 1100 L 어드벤처 스포츠 ES DCT,105,멀티퍼퍼스,1082,1001cc 이상,가솔린,2024,2024,RW,✅ 라이트바겐만,8841,,,,
BKM001-0106,BKM001,혼다,BKM001-G009,C,C 50,106,스쿠터,49,50cc 이하,가솔린,,,RW,✅ 라이트바겐만,10953,,,,🟡 연료 원천 없음→가솔린 추정
BKM001-0107,BKM001,혼다,BKM001-G004,CB,CB 223 S,107,네이키드,223,126~250cc,가솔린,,,RW,✅ 라이트바겐만,8482,,,,🟡 연료 원천 없음→가솔린 추정
BKM001-0108,BKM001,혼다,BKM001-G042,CBF,CBF 125 T,108,네이키드,125,51~125cc,가솔린,,,RW,✅ 라이트바겐만,8506,,,,🟡 연료 원천 없음→가솔린 추정
BKM001-0109,BKM001,혼다,BKM001-G043,CD,CD 125,109,네이키드,125,51~125cc,가솔린,,,RW,✅ 라이트바겐만,10950,,,,🟡 연료 원천 없음→가솔린 추정
BKM001-0110,BKM001,혼다,BKM001-G044,NSR,NSR 250 R SE,110,스포츠,249,126~250cc,가솔린,,,RW,✅ 라이트바겐만,8627,,,,🟡 연료 원천 없음→가솔린 추정
BKM001-0111,BKM001,혼다,BKM001-G045,ST,ST 1300,111,투어러,1261,1001cc 이상,가솔린,,,RW,✅ 라이트바겐만,8662,,,,🟡 연료 원천 없음→가솔린 추정
BKM001-0112,BKM001,혼다,BKM001-G038,XR,XR 250,112,오프로드,249,126~250cc,가솔린,,,RW,✅ 라이트바겐만,10990,,,,🟡 연료 원천 없음→가솔린 추정
BKM001-0113,BKM001,혼다,BKM001-G026,아프리카 트윈,아프리카 트윈 CRF 1100 L 어드벤처 스포츠 DCT,113,멀티퍼퍼스,1082,1001cc 이상,가솔린,,,RW,✅ 라이트바겐만,8840,,,,
BKM001-0114,BKM001,혼다,BKM001-G046,엘리트,엘리트 125,114,스쿠터,125,51~125cc,가솔린,,,RW,✅ 라이트바겐만,8847,,,,🟡 연료 원천 없음→가솔린 추정
BKM001-0115,BKM001,혼다,BKM001-G047,자이로엑스,자이로엑스,115,스쿠터,49,50cc 이하,가솔린,,,RW,✅ 라이트바겐만,8862,,,,🟡 연료 원천 없음→가솔린 추정
BKM001-0116,BKM001,혼다,BKM001-G003,CBR,CBR 600 F,116,스포츠,600,501~1000cc,가솔린,,,RW,✅ 라이트바겐만,10951,,,,🟡 연료 원천 없음→가솔린 추정
BKM001-0117,BKM001,혼다,BKM001-G014,벤리,벤리 CD 50,117,네이키드,49,50cc 이하,가솔린,,,RW,✅ 라이트바겐만,8782,,,,🟡 연료 원천 없음→가솔린 추정
BKM001-0118,BKM001,혼다,BKM001-G019,쉐도우,쉐도우 400,118,크루저,398,251~500cc,가솔린,,,RW,✅ 라이트바겐만,10941,,,,🟡 연료 원천 없음→가솔린 추정
BKM001-0119,BKM001,혼다,BKM001-G024,스티드,스티드 400,119,크루저,398,251~500cc,가솔린,,,RW,✅ 라이트바겐만,8825,,,,🟡 연료 원천 없음→가솔린 추정
BKM001-0120,BKM001,혼다,BKM001-G026,아프리카 트윈,아프리카 트윈 CRF 1000 L DCT,120,멀티퍼퍼스,998,501~1000cc,가솔린,,,RW,✅ 라이트바겐만,8838,,,,🟡 연료 원천 없음→가솔린 추정
BKM001-0121,BKM001,혼다,BKM001-G048,죠르커브,죠르커브,121,스쿠터,49,50cc 이하,가솔린,,,RW,✅ 라이트바겐만,8873,,,,🟡 연료 원천 없음→가솔린 추정
BKM001-0122,BKM001,혼다,BKM001-G049,퓨전,퓨전,122,스쿠터,250,126~250cc,가솔린,,,RW,✅ 라이트바겐만,8903,,,,🟡 연료 원천 없음→가솔린 추정
BKM001-0123,BKM001,혼다,BKM001-G050,플림 110,플림 110,123,스쿠터,110,51~125cc,가솔린,,,RW,✅ 라이트바겐만,8905,,,,🟡 연료 원천 없음→가솔린 추정
BKM001-0124,BKM001,혼다,BKM001-G051,CT 125,CT 125,124,멀티퍼퍼스,124,51~125cc,가솔린,2021,2024,RW+NV+DN,✅ RW+NV+DN 일치,12793,https://auto.naver.com/bike/lineup.nhn?bikeNo=6083,41422319,,
BKM001-0125,BKM001,혼다,BKM001-G022,골드윙,골드윙 F6C,125,투어러,1832,1001cc 이상,가솔린,2014,2017,RW+NV,✅ RW+NV 일치,8727,https://auto.naver.com/bike/lineup.nhn?bikeNo=3567,,,
BKM001-0126,BKM001,혼다,BKM001-G052,VT,VT 1300 CX,126,크루저,1312,1001cc 이상,가솔린,2012,2012,RW+NV,✅ RW+NV 일치,8683,https://auto.naver.com/bike/lineup.nhn?bikeNo=296,,,
BKM001-0127,BKM001,혼다,BKM001-G003,CBR,CBR 954 RR,127,스포츠,954,501~1000cc,가솔린,,,RW,✅ 라이트바겐만,8536,,,,🟡 연료 원천 없음→가솔린 추정
BKM001-0128,BKM001,혼다,BKM001-G043,CD,CD 50,128,네이키드,49,50cc 이하,가솔린,,,RW,✅ 라이트바겐만,8543,,,,🟡 연료 원천 없음→가솔린 추정
BKM001-0129,BKM001,혼다,BKM001-G018,NC,NC 700X DCT,129,멀티퍼퍼스,669,501~1000cc,가솔린,,,RW,✅ 라이트바겐만,8609,,,,🟡 연료 원천 없음→가솔린 추정
BKM001-0130,BKM001,혼다,BKM001-G053,VTX,VTX 1800,130,크루저,1794,1001cc 이상,가솔린,,,RW,✅ 라이트바겐만,8695,,,,🟡 연료 원천 없음→가솔린 추정
BKM001-0131,BKM001,혼다,BKM001-G002,슈퍼커브,슈퍼 커브 50,131,스쿠터,49,50cc 이하,가솔린,,,RW,✅ 라이트바겐만,8817,,,,🟡 연료 원천 없음→가솔린 추정
BKM001-0132,BKM001,혼다,BKM001-G041,실버윙,실버윙 GT 600,132,스쿠터,582,501~1000cc,가솔린,,,RW,✅ 라이트바겐만,8834,,,,🟡 연료 원천 없음→가솔린 추정
BKM001-0133,BKM001,혼다,BKM001-G054,CL 500,CL 500,133,크루저,471,251~500cc,가솔린,2024,2024,RW,✅ 라이트바겐만,12727,,,,
BKM001-0134,BKM001,혼다,BKM001-G055,XL 750 TRANSALP,XL 750 TRANSALP,134,멀티퍼퍼스,755,501~1000cc,가솔린,2024,2024,RW,✅ 라이트바겐만,12872,,,,
BKM001-0135,BKM001,혼다,BKM001-G022,골드윙,골드윙 F6B,135,투어러,1832,1001cc 이상,가솔린,2013,2017,RW+NV,✅ RW+NV 일치,8726,https://auto.naver.com/bike/lineup.nhn?bikeNo=3566,,,
BKM001-0136,BKM001,혼다,BKM001-G004,CB,CB 1300 SB,136,네이키드,1300,1001cc 이상,가솔린,2015,2015,RW+NV,✅ RW+NV 일치,8479,https://auto.naver.com/bike/lineup.nhn?bikeNo=2569,,,
BKM001-0137,BKM001,혼다,BKM001-G052,VT,VT 1300 CR,137,크루저,1312,1001cc 이상,가솔린,2012,2013,RW+NV,✅ RW+NV 일치,8681,https://auto.naver.com/bike/lineup.nhn?bikeNo=375,,,
BKM001-0138,BKM001,혼다,BKM001-G040,발키리,발키리 룬,138,크루저,1832,1001cc 이상,가솔린,2004,2004,RW+NV,✅ RW+NV 일치,8773,https://auto.naver.com/bike/lineup.nhn?bikeNo=2083,,,
BKM001-0139,BKM001,혼다,BKM001-G004,CB,CB 400 SB,139,네이키드,400,251~500cc,가솔린,,,RW,✅ 라이트바겐만,8491,,,,🟡 연료 원천 없음→가솔린 추정
BKM001-0140,BKM001,혼다,BKM001-G042,CBF,CBF 150,140,네이키드,150,126~250cc,가솔린,,,RW,✅ 라이트바겐만,8507,,,,🟡 연료 원천 없음→가솔린 추정
BKM001-0141,BKM001,혼다,BKM001-G003,CBR,CBR 1000 RR C-ABS,141,스포츠,1000,501~1000cc,가솔린,,,RW,✅ 라이트바겐만,8512,,,,🟡 연료 원천 없음→가솔린 추정
BKM001-0142,BKM001,혼다,BKM001-G003,CBR,CBR 600 F 4,142,스포츠,600,501~1000cc,가솔린,,,RW,✅ 라이트바겐만,8526,,,,🟡 연료 원천 없음→가솔린 추정
BKM001-0143,BKM001,혼다,BKM001-G056,CR,CR 125 R,143,오프로드,124,51~125cc,가솔린,,,RW,✅ 라이트바겐만,8552,,,,🟡 연료 원천 없음→가솔린 추정
BKM001-0144,BKM001,혼다,BKM001-G029,CRF,CRF 250 F/R/X,144,오프로드,249,126~250cc,가솔린,,,RW,✅ 라이트바겐만,8564,,,,🟡 연료 원천 없음→가솔린 추정
BKM001-0145,BKM001,혼다,BKM001-G057,H1,H1,145,스쿠터,25,50cc 이하,가솔린,,,RW,✅ 라이트바겐만,8596,,,,🟡 연료 원천 없음→가솔린 추정
BKM001-0146,BKM001,혼다,BKM001-G044,NSR,NSR 50,146,스포츠,49,50cc 이하,가솔린,,,RW,✅ 라이트바겐만,8629,,,,🟡 연료 원천 없음→가솔린 추정
BKM001-0147,BKM001,혼다,BKM001-G058,VFR,VFR 750 F,147,스포츠,748,501~1000cc,가솔린,,,RW,✅ 라이트바겐만,8678,,,,🟡 연료 원천 없음→가솔린 추정
BKM001-0148,BKM001,혼다,BKM001-G053,VTX,VTX 1300 S,148,크루저,1312,1001cc 이상,가솔린,,,RW,✅ 라이트바겐만,8694,,,,🟡 연료 원천 없음→가솔린 추정
BKM001-0149,BKM001,혼다,BKM001-G011,X,X 11,149,네이키드,1137,1001cc 이상,가솔린,,,RW,✅ 라이트바겐만,10944,,,,🟡 연료 원천 없음→가솔린 추정
BKM001-0150,BKM001,혼다,BKM001-G011,X,X 4,150,네이키드,1284,1001cc 이상,가솔린,,,RW,✅ 라이트바겐만,10943,,,,🟡 연료 원천 없음→가솔린 추정
BKM001-0151,BKM001,혼다,BKM001-G059,나이트호크 750,나이트호크 750,151,네이키드,747,501~1000cc,가솔린,,,RW,✅ 라이트바겐만,8736,,,,🟡 연료 원천 없음→가솔린 추정
BKM001-0152,BKM001,혼다,BKM001-G035,마그나,마그나 50,152,크루저,49,50cc 이하,가솔린,,,RW,✅ 라이트바겐만,8756,,,,🟡 연료 원천 없음→가솔린 추정
BKM001-0153,BKM001,혼다,BKM001-G060,바리오,바리오 125,153,스쿠터,125,51~125cc,가솔린,,,RW,✅ 라이트바겐만,8768,,,,🟡 연료 원천 없음→가솔린 추정
BKM001-0154,BKM001,혼다,BKM001-G061,바이트,바이트,154,스쿠터,49,50cc 이하,가솔린,,,RW,✅ 라이트바겐만,8770,,,,🟡 연료 원천 없음→가솔린 추정
BKM001-0155,BKM001,혼다,BKM001-G019,쉐도우,쉐도우 1100,155,크루저,1089,1001cc 이상,가솔린,,,RW,✅ 라이트바겐만,8794,,,,🟡 연료 원천 없음→가솔린 추정
BKM001-0156,BKM001,혼다,BKM001-G019,쉐도우,쉐도우 1100 VT,156,크루저,1089,1001cc 이상,가솔린,,,RW,✅ 라이트바겐만,8795,,,,🟡 연료 원천 없음→가솔린 추정
BKM001-0157,BKM001,혼다,BKM001-G019,쉐도우,쉐도우 750 슬래셔,157,크루저,745,501~1000cc,가솔린,,,RW,✅ 라이트바겐만,8810,,,,🟡 연료 원천 없음→가솔린 추정
BKM001-0158,BKM001,혼다,BKM001-G062,윙고 100,윙고 100,158,스쿠터,99,51~125cc,가솔린,,,RW,✅ 라이트바겐만,8853,,,,🟡 연료 원천 없음→가솔린 추정
BKM001-0159,BKM001,혼다,BKM001-G063,자이로업,자이로업,159,스쿠터,49,50cc 이하,가솔린,,,RW,✅ 라이트바겐만,8861,,,,🟡 연료 원천 없음→가솔린 추정
BKM001-0160,BKM001,혼다,BKM001-G064,큐브라,큐브라,160,스쿠터,49,50cc 이하,가솔린,,,RW,✅ 라이트바겐만,8881,,,,🟡 연료 원천 없음→가솔린 추정
BKM001-0161,BKM001,혼다,BKM001-G065,투데이,투데이,161,스쿠터,49,50cc 이하,가솔린,,,RW,✅ 라이트바겐만,8891,,,,🟡 연료 원천 없음→가솔린 추정
BKM001-0162,BKM001,혼다,BKM001-G066,GB,GB 350,162,클래식,348,251~500cc,가솔린,2026,2026,RW,✅ 라이트바겐만,13136,,,,🟡 연료 원천 없음→가솔린 추정
BKM001-0163,BKM001,혼다,BKM001-G002,슈퍼커브,슈퍼커브 110 (CAST),163,언더본·비즈니스,109,51~125cc,가솔린,2026,2026,RW,✅ 라이트바겐만,13322,,,,🟡 연료 원천 없음→가솔린 추정
BKM001-0164,BKM001,혼다,BKM001-G002,슈퍼커브,슈퍼커브 110 (SPOKE),164,언더본·비즈니스,109,51~125cc,가솔린,2026,2026,RW,✅ 라이트바겐만,13323,,,,🟡 연료 원천 없음→가솔린 추정
BKM001-0165,BKM001,혼다,BKM001-G004,CB,CB 1000 호넷 SP,165,네이키드,1000,501~1000cc,가솔린,2025,2025,RW,✅ 라이트바겐만,13223,,,,
BKM001-0166,BKM001,혼다,BKM001-G066,GB,GB 350 C,166,클래식,348,251~500cc,가솔린,2025,2025,RW,✅ 라이트바겐만,13129,,,,
BKM001-0167,BKM001,혼다,BKM001-G067,닥스,닥스 125,167,네이키드,124,51~125cc,가솔린,2025,2025,RW,✅ 라이트바겐만,13171,,,,
BKM001-0168,BKM001,혼다,BKM001-G068,디오,디오 125,168,스쿠터,125,51~125cc,가솔린,2025,2025,RW+DN,✅ RW+DN 일치,8745,,12692990,,
BKM001-0169,BKM001,혼다,BKM001-G004,CB,CB 650 R E-CLUTCH,169,네이키드,649,501~1000cc,가솔린,2019,2024,RW+NV,✅ RW+NV 일치,13153,https://auto.naver.com/bike/lineup.nhn?bikeNo=4815,,,
BKM001-0170,BKM001,혼다,BKM001-G003,CBR,CBR 650 R E-CLUTCH,170,스포츠,649,501~1000cc,가솔린,2019,2024,RW+NV+DN,✅ RW+NV+DN 일치,13152,https://auto.naver.com/bike/lineup.nhn?bikeNo=4911,103325588,,
BKM001-0171,BKM001,혼다,BKM001-G029,CRF,CRF 300 L,171,멀티퍼퍼스,286,251~500cc,가솔린,2024,2024,RW+DN,✅ RW+DN 일치,12869,,13787384,,🟡 연료 원천 없음→가솔린 추정
BKM001-0172,BKM001,혼다,BKM001-G069,NT 1100,NT 1100,172,투어러,1084,1001cc 이상,가솔린,2024,2024,RW,✅ 라이트바겐만,12873,,,,
BKM001-0173,BKM001,혼다,BKM001-G070,NX 500,NX 500,173,멀티퍼퍼스,471,251~500cc,가솔린,2024,2024,RW,✅ 라이트바겐만,13102,,,,
BKM001-0174,BKM001,혼다,BKM001-G010,레블,레블 1100 MT,174,크루저,1084,1001cc 이상,가솔린,2024,2024,RW,✅ 라이트바겐만,13148,,,,
BKM001-0175,BKM001,혼다,BKM001-G010,레블,레블 1100T DCT,175,크루저,1084,1001cc 이상,가솔린,2024,2024,RW,✅ 라이트바겐만,13149,,,,
BKM001-0176,BKM001,혼다,BKM001-G010,레블,레블 1100T SE DCT,176,크루저,1084,1001cc 이상,가솔린,2024,2024,RW,✅ 라이트바겐만,13150,,,,
BKM001-0177,BKM001,혼다,BKM001-G012,ADV,ADV150,177,스쿠터,149,126~250cc,가솔린,2020,2021,NV,🟡 유사 후보 확인,,https://auto.naver.com/bike/lineup.nhn?bikeNo=6081,,ADV 350,
BKM001-0178,BKM001,혼다,BKM001-G029,CRF,CRF110F,178,오프로드,109,51~125cc,가솔린,2013,2021,NV,✅ 네이버만(과거 모델),,https://auto.naver.com/bike/lineup.nhn?bikeNo=6651,,,
BKM001-0179,BKM001,혼다,BKM001-G029,CRF,CRF125F,179,오프로드,124.9,51~125cc,가솔린,2020,2021,NV,✅ 네이버만(과거 모델),,https://auto.naver.com/bike/lineup.nhn?bikeNo=6653,,,
BKM001-0180,BKM001,혼다,BKM001-G029,CRF,CRF150R,180,오프로드,149,126~250cc,가솔린,2020,2021,NV,🟡 유사 후보 확인,,https://auto.naver.com/bike/lineup.nhn?bikeNo=6655,,CRF 450 R,
BKM001-0181,BKM001,혼다,BKM001-G029,CRF,CRF250F,181,오프로드,249,126~250cc,가솔린,2020,2021,NV,🟡 유사 후보 확인,,https://auto.naver.com/bike/lineup.nhn?bikeNo=6657,,CRF 250 F/R/X / CRF 250 L,
BKM001-0182,BKM001,혼다,BKM001-G029,CRF,CRF250R,182,오프로드,249,126~250cc,가솔린,2015,2021,NV,🟡 유사 후보 확인,,https://auto.naver.com/bike/lineup.nhn?bikeNo=6659,,CR 250 R / CRF 250 F/R/X,
BKM001-0183,BKM001,혼다,BKM001-G029,CRF,CRF250RX,183,오프로드,249,126~250cc,가솔린,2019,2021,NV,🟡 유사 후보 확인,,https://auto.naver.com/bike/lineup.nhn?bikeNo=6661,,CRF 250 F/R/X / CR 250 R,
BKM001-0184,BKM001,혼다,BKM001-G029,CRF,CRF450RL,184,오프로드,449,251~500cc,가솔린,2021,2021,NV,🟡 유사 후보 확인,,https://auto.naver.com/bike/lineup.nhn?bikeNo=6859,,CRF 450 R / CRF 250 L,
BKM001-0185,BKM001,혼다,BKM001-G029,CRF,CRF450RWE,185,오프로드,449,251~500cc,가솔린,2020,2021,NV,🟡 유사 후보 확인,,https://auto.naver.com/bike/lineup.nhn?bikeNo=6861,,CRF 450 R,
BKM001-0186,BKM001,혼다,BKM001-G029,CRF,CRF450RX,186,오프로드,449,251~500cc,가솔린,2017,2021,NV,🟡 유사 후보 확인,,https://auto.naver.com/bike/lineup.nhn?bikeNo=6863,,CRF 450 R / CRF 250 F/R/X,
BKM001-0187,BKM001,혼다,BKM001-G029,CRF,CRF450X,187,오프로드,449,251~500cc,가솔린,2011,2021,NV,🟡 유사 후보 확인,,https://auto.naver.com/bike/lineup.nhn?bikeNo=6865,,CRF 450 R,
BKM001-0188,BKM001,혼다,BKM001-G007,몽키,몽키,188,네이키드,124.9,51~125cc,가솔린,2018,2021,NV,✅ 네이버만(과거 모델),,https://auto.naver.com/bike/lineup.nhn?bikeNo=6663,,,
BKM001-0189,BKM001,혼다,BKM001-G071,탈론,탈론1000R,189,ATV,999,501~1000cc,가솔린,2020,2021,NV,✅ 네이버만(과거 모델),,https://auto.naver.com/bike/lineup.nhn?bikeNo=5687,,,
BKM001-0190,BKM001,혼다,BKM001-G071,탈론,탈론1000X,190,ATV,999,501~1000cc,가솔린,2020,2021,NV,✅ 네이버만(과거 모델),,https://auto.naver.com/bike/lineup.nhn?bikeNo=7256,,,
BKM001-0191,BKM001,혼다,BKM001-G071,탈론,탈론1000X-4,191,ATV,999,501~1000cc,가솔린,2020,2021,NV,✅ 네이버만(과거 모델),,https://auto.naver.com/bike/lineup.nhn?bikeNo=7257,,,
BKM001-0192,BKM001,혼다,BKM001-G071,탈론,탈론1000X-4 FLV,192,ATV,999,501~1000cc,가솔린,2020,2021,NV,✅ 네이버만(과거 모델),,https://auto.naver.com/bike/lineup.nhn?bikeNo=7259,,,
BKM001-0193,BKM001,혼다,BKM001-G029,CRF,CRF1100L 아프리카트윈 어드벤처 스포츠,193,멀티퍼퍼스,1084,1001cc 이상,가솔린,2020,2020,NV,✅ 네이버만(과거 모델),,https://auto.naver.com/bike/lineup.nhn?bikeNo=6451,,,
BKM001-0194,BKM001,혼다,BKM001-G029,CRF,CRF450 랠리,194,멀티퍼퍼스,449.4,251~500cc,가솔린,2020,2020,NV,🟡 유사 후보 확인,,https://auto.naver.com/bike/lineup.nhn?bikeNo=6427,,CRF 250 랠리 / CRF 450 R,
BKM001-0195,BKM001,혼다,BKM001-G029,CRF,CRF450L,195,멀티퍼퍼스,449,251~500cc,가솔린,2019,2020,NV,🟡 유사 후보 확인,,https://auto.naver.com/bike/lineup.nhn?bikeNo=6445,,CRF 450 R / CRF 250 L,
BKM001-0196,BKM001,혼다,BKM001-G029,CRF,CRF50F,196,오프로드,49,50cc 이하,가솔린,2020,2020,NV,🟡 유사 후보 확인,,https://auto.naver.com/bike/lineup.nhn?bikeNo=6383,,CRF 250 F/R/X,
BKM001-0197,BKM001,혼다,BKM001-G001,PCX,PCX 일렉트릭,197,스쿠터,,전기,전기,2020,2020,NV,✅ 네이버만(과거 모델),,https://auto.naver.com/bike/lineup.nhn?bikeNo=7252,,,"🟡 장르 ""전기""→연료 전기로 분리, 장르는 추정"
BKM001-0198,BKM001,혼다,BKM001-G001,PCX,PCX 하이브리드,198,스쿠터,124,51~125cc,가솔린,2020,2020,NV,✅ 네이버만(과거 모델),,https://auto.naver.com/bike/lineup.nhn?bikeNo=7253,,,
BKM001-0199,BKM001,혼다,BKM001-G072,TRX,TRX250X,199,ATV,229,126~250cc,가솔린,2020,2020,NV,✅ 네이버만(과거 모델),,https://auto.naver.com/bike/lineup.nhn?bikeNo=5133,,,🟡 연료 원천 없음→가솔린 추정
BKM001-0200,BKM001,혼다,BKM001-G072,TRX,TRX90X,200,ATV,86,51~125cc,가솔린,2020,2020,NV,✅ 네이버만(과거 모델),,https://auto.naver.com/bike/lineup.nhn?bikeNo=5132,,,🟡 연료 원천 없음→가솔린 추정
BKM001-0201,BKM001,혼다,BKM001-G038,XR,XR650L,201,멀티퍼퍼스,644,501~1000cc,가솔린,2016,2020,NV,✅ 네이버만(과거 모델),,https://auto.naver.com/bike/lineup.nhn?bikeNo=5387,,,
BKM001-0202,BKM001,혼다,BKM001-G022,골드윙,골드윙,202,투어러,1833,1001cc 이상,가솔린,2019,2020,NV,🟡 유사 후보 확인,,https://auto.naver.com/bike/lineup.nhn?bikeNo=6217,,골드윙 오토매틱 DCT / 골드윙 MT,
BKM001-0203,BKM001,혼다,BKM001-G022,골드윙,골드윙 투어,203,투어러,1833,1001cc 이상,가솔린,2012,2020,NV,🟡 유사 후보 확인,,https://auto.naver.com/bike/lineup.nhn?bikeNo=6111,,골드윙 투어 MT / 골드윙 투어 DCT 에어백,
BKM001-0204,BKM001,혼다,BKM001-G073,그롬,그롬,204,네이키드,124.9,51~125cc,가솔린,2020,2020,NV,✅ 네이버만(과거 모델),,https://auto.naver.com/bike/lineup.nhn?bikeNo=5134,,,
BKM001-0205,BKM001,혼다,BKM001-G010,레블,레블250,205,크루저,249,126~250cc,가솔린,2020,2020,NV,🟡 유사 후보 확인,,https://auto.naver.com/bike/lineup.nhn?bikeNo=6079,,레블 500,
BKM001-0206,BKM001,혼다,BKM001-G074,몬테사코타,몬테사코타 301RR,206,오프로드,299,251~500cc,가솔린,2020,2020,NV,✅ 네이버만(과거 모델),,https://auto.naver.com/bike/lineup.nhn?bikeNo=5777,,,
BKM001-0207,BKM001,혼다,BKM001-G074,몬테사코타,몬테사코타 4RT260,207,오프로드,258.9,251~500cc,가솔린,2020,2020,NV,✅ 네이버만(과거 모델),,https://auto.naver.com/bike/lineup.nhn?bikeNo=5773,,,
BKM001-0208,BKM001,혼다,BKM001-G074,몬테사코타,몬테사코타 4RT260 레이스 레플리카,208,오프로드,258.9,251~500cc,가솔린,2020,2020,NV,✅ 네이버만(과거 모델),,https://auto.naver.com/bike/lineup.nhn?bikeNo=5775,,,
BKM001-0209,BKM001,혼다,BKM001-G075,벤리e,벤리e,209,스쿠터,,전기,전기,2020,2020,NV,✅ 네이버만(과거 모델),,https://auto.naver.com/bike/lineup.nhn?bikeNo=5779,,,"🟡 장르 ""전기""→연료 전기로 분리, 장르는 추정"
BKM001-0210,BKM001,혼다,BKM001-G002,슈퍼커브,슈퍼커브,210,언더본·비즈니스,109,51~125cc,가솔린,2013,2020,NV,🟡 유사 후보 확인,,https://auto.naver.com/bike/lineup.nhn?bikeNo=5859,,슈퍼 커브 50,
BKM001-0211,BKM001,혼다,BKM001-G031,크로스 커브,크로스커브50,211,언더본·비즈니스,49,50cc 이하,가솔린,2020,2020,NV,🟡 유사 후보 확인,,https://auto.naver.com/bike/lineup.nhn?bikeNo=5983,,크로스 커브 110,
BKM001-0212,BKM001,혼다,BKM001-G076,포트랙스,포트랙스 랜쳐,212,ATV,420,251~500cc,가솔린,2020,2020,NV,✅ 네이버만(과거 모델),,https://auto.naver.com/bike/lineup.nhn?bikeNo=5191,,,
BKM001-0213,BKM001,혼다,BKM001-G076,포트랙스,포트랙스 레콘,213,ATV,229,126~250cc,가솔린,2020,2020,NV,✅ 네이버만(과거 모델),,https://auto.naver.com/bike/lineup.nhn?bikeNo=5193,,,
BKM001-0214,BKM001,혼다,BKM001-G076,포트랙스,포트랙스 린콘,214,ATV,675,501~1000cc,가솔린,2020,2020,NV,✅ 네이버만(과거 모델),,https://auto.naver.com/bike/lineup.nhn?bikeNo=5195,,,
BKM001-0215,BKM001,혼다,BKM001-G077,포트랙스 포어맨 4X4,포트랙스 포어맨 4X4,215,ATV,518,501~1000cc,가솔린,2020,2020,NV,✅ 네이버만(과거 모델),,https://auto.naver.com/bike/lineup.nhn?bikeNo=5197,,,
BKM001-0216,BKM001,혼다,BKM001-G076,포트랙스,포트랙스 포어맨 루비콘,216,ATV,518,501~1000cc,가솔린,2020,2020,NV,✅ 네이버만(과거 모델),,https://auto.naver.com/bike/lineup.nhn?bikeNo=5199,,,
BKM001-0217,BKM001,혼다,BKM001-G078,피오니어,피오니어1000,217,ATV,999,501~1000cc,가솔린,2020,2020,NV,✅ 네이버만(과거 모델),,https://auto.naver.com/bike/lineup.nhn?bikeNo=6539,,,
BKM001-0218,BKM001,혼다,BKM001-G078,피오니어,피오니어500,218,ATV,475,251~500cc,가솔린,2020,2020,NV,✅ 네이버만(과거 모델),,https://auto.naver.com/bike/lineup.nhn?bikeNo=5201,,,
BKM001-0219,BKM001,혼다,BKM001-G078,피오니어,피오니어700,219,ATV,675,501~1000cc,가솔린,2020,2020,NV,✅ 네이버만(과거 모델),,https://auto.naver.com/bike/lineup.nhn?bikeNo=6537,,,
BKM001-0220,BKM001,혼다,BKM001-G029,CRF,CRF1000L 아프리카트윈 어드벤처 스포츠,220,멀티퍼퍼스,998,501~1000cc,가솔린,2018,2019,NV,✅ 네이버만(과거 모델),,https://auto.naver.com/bike/lineup.nhn?bikeNo=4797,,,
BKM001-0221,BKM001,혼다,BKM001-G046,엘리트,엘리트,221,스쿠터,124,51~125cc,가솔린,2017,2019,NV,✅ 네이버만(과거 모델),,https://auto.naver.com/bike/lineup.nhn?bikeNo=4799,,,
BKM001-0222,BKM001,혼다,BKM001-G021,인테그라,인테그라,222,스쿠터,745,501~1000cc,가솔린,2012,2019,NV,✅ 네이버만(과거 모델),,https://auto.naver.com/bike/lineup.nhn?bikeNo=4801,,,
BKM001-0223,BKM001,혼다,BKM001-G004,CB,CB250R,223,네이키드,250,126~250cc,가솔린,2018,2018,NV,🟡 유사 후보 확인,,https://auto.naver.com/bike/lineup.nhn?bikeNo=6075,,CBR 250 R ABS / CB 250,
BKM001-0224,BKM001,혼다,BKM001-G079,SH모드125,SH모드125,224,스쿠터,124.9,51~125cc,가솔린,2015,2018,NV,✅ 네이버만(과거 모델),,https://auto.naver.com/bike/lineup.nhn?bikeNo=4035,,,
BKM001-0225,BKM001,혼다,BKM001-G022,골드윙,골드윙 GL,225,투어러,1833,1001cc 이상,가솔린,2018,2018,NV,✅ 네이버만(과거 모델),,https://auto.naver.com/bike/lineup.nhn?bikeNo=6213,,,
BKM001-0226,BKM001,혼다,BKM001-G068,디오,디오,226,스쿠터,108,51~125cc,가솔린,2016,2018,NV,✅ 네이버만(과거 모델),,https://auto.naver.com/bike/lineup.nhn?bikeNo=4041,,,
BKM001-0227,BKM001,혼다,BKM001-G003,CBR,CBR1000RR 파이어블레이드 SP2,227,스포츠,999,501~1000cc,가솔린,2017,2017,NV,🟡 유사 후보 확인,,https://auto.naver.com/bike/lineup.nhn?bikeNo=3119,,CBR 1000 RR-R 파이어블레이드 SP / CBR 1000 RR-R 파이어블레이드,
BKM001-0228,BKM001,혼다,BKM001-G080,SH,SH 300 i,228,스쿠터,279,251~500cc,가솔린,2016,2017,RW+NV,✅ RW+NV 일치,8655,https://auto.naver.com/bike/lineup.nhn?bikeNo=3143,,,
BKM001-0229,BKM001,혼다,BKM001-G080,SH,SH125i,229,스쿠터,124.9,51~125cc,가솔린,2017,2017,NV,🟡 유사 후보 확인,,https://auto.naver.com/bike/lineup.nhn?bikeNo=3141,,FSH 125,
BKM001-0230,BKM001,혼다,BKM001-G080,SH,SH150i,230,스쿠터,153,126~250cc,가솔린,2017,2017,NV,✅ 네이버만(과거 모델),,https://auto.naver.com/bike/lineup.nhn?bikeNo=3142,,,
BKM001-0231,BKM001,혼다,BKM001-G058,VFR,VFR800F,231,스포츠,782,501~1000cc,가솔린,2014,2017,NV,🟡 유사 후보 확인,,https://auto.naver.com/bike/lineup.nhn?bikeNo=3145,,VFR 800 / VFR 1200 F,
BKM001-0232,BKM001,혼다,BKM001-G058,VFR,VFR800X 크로스러너,232,멀티퍼퍼스,782,501~1000cc,가솔린,2015,2017,NV,🟡 유사 후보 확인,,https://auto.naver.com/bike/lineup.nhn?bikeNo=3151,,VFR 800,
BKM001-0233,BKM001,혼다,BKM001-G081,크로스투어러,크로스투어러,233,멀티퍼퍼스,1237,1001cc 이상,가솔린,2012,2017,NV,✅ 네이버만(과거 모델),,https://auto.naver.com/bike/lineup.nhn?bikeNo=3146,,,
BKM001-0234,BKM001,혼다,BKM001-G082,400X,400X,234,멀티퍼퍼스,399,251~500cc,가솔린,2016,2016,NV,✅ 네이버만(과거 모델),,https://auto.naver.com/bike/lineup.nhn?bikeNo=2543,,,
BKM001-0235,BKM001,혼다,BKM001-G004,CB,CB250F,235,네이키드,249,126~250cc,가솔린,2016,2016,NV,🟡 유사 후보 확인,,https://auto.naver.com/bike/lineup.nhn?bikeNo=2507,,CB 250 / CB 650 F,
BKM001-0236,BKM001,혼다,BKM001-G004,CB,CB300F,236,네이키드,286,251~500cc,가솔린,2016,2016,NV,🟡 유사 후보 확인,,https://auto.naver.com/bike/lineup.nhn?bikeNo=2269,,CB 1300 SF / CB 500 F,
BKM001-0237,BKM001,혼다,BKM001-G003,CBR,CBR400R,237,스포츠,399,251~500cc,가솔린,2016,2016,NV,🟡 유사 후보 확인,,https://auto.naver.com/bike/lineup.nhn?bikeNo=2305,,CBR 400 RR / CB 400 R,
BKM001-0238,BKM001,혼다,BKM001-G027,CTX,CTX700N,238,투어러,670,501~1000cc,가솔린,2016,2016,NV,🟡 유사 후보 확인,,https://auto.naver.com/bike/lineup.nhn?bikeNo=3163,,CTX 700,
BKM001-0239,BKM001,혼다,BKM001-G037,NM,NM4,239,투어러,745,501~1000cc,가솔린,2015,2016,NV,✅ 네이버만(과거 모델),,https://auto.naver.com/bike/lineup.nhn?bikeNo=2571,,,
BKM001-0240,BKM001,혼다,BKM001-G083,RC,RC213V-S,240,스포츠,999,501~1000cc,가솔린,2016,2016,NV,✅ 네이버만(과거 모델),,https://auto.naver.com/bike/lineup.nhn?bikeNo=1657,,,
BKM001-0241,BKM001,혼다,BKM001-G084,SW-T600,SW-T600,241,스쿠터,582.2,501~1000cc,가솔린,2016,2016,NV,✅ 네이버만(과거 모델),,https://auto.naver.com/bike/lineup.nhn?bikeNo=2355,,,
BKM001-0242,BKM001,혼다,BKM001-G058,VFR,VFR1200X,242,멀티퍼퍼스,1237,1001cc 이상,가솔린,2015,2016,NV,🟡 유사 후보 확인,,https://auto.naver.com/bike/lineup.nhn?bikeNo=2334,,VFR 1200 XC / VFR 1200 F,
BKM001-0243,BKM001,혼다,BKM001-G058,VFR,VFR1200X 크로스 투어러,243,멀티퍼퍼스,1237,1001cc 이상,가솔린,2016,2016,NV,✅ 네이버만(과거 모델),,https://auto.naver.com/bike/lineup.nhn?bikeNo=2313,,,
BKM001-0244,BKM001,혼다,BKM001-G085,덩크,덩크,244,스쿠터,49,50cc 이하,가솔린,2016,2016,NV,✅ 네이버만(과거 모델),,https://auto.naver.com/bike/lineup.nhn?bikeNo=2611,,,
BKM001-0245,BKM001,혼다,BKM001-G060,바리오,바리오 150e SP,245,스쿠터,150,126~250cc,가솔린,2016,2016,NV,🟡 유사 후보 확인,,https://auto.naver.com/bike/lineup.nhn?bikeNo=2563,,바리오 150,
BKM001-0246,BKM001,혼다,BKM001-G019,쉐도우,쉐도우 750 에로,246,크루저,745,501~1000cc,가솔린,2016,2016,RW+NV,✅ RW+NV 일치,8811,https://auto.naver.com/bike/lineup.nhn?bikeNo=2643,,,
BKM001-0247,BKM001,혼다,BKM001-G019,쉐도우,쉐도우750 팬텀,247,크루저,745,501~1000cc,가솔린,2016,2016,NV,🟡 유사 후보 확인,,https://auto.naver.com/bike/lineup.nhn?bikeNo=2641,,쉐도우 750,
BKM001-0248,BKM001,혼다,BKM001-G086,조르노,조르노,248,스쿠터,49,50cc 이하,가솔린,2016,2016,NV,✅ 네이버만(과거 모델),,https://auto.naver.com/bike/lineup.nhn?bikeNo=2506,,,
BKM001-0249,BKM001,혼다,BKM001-G004,CB,CB 1300 SF,249,네이키드,1300,1001cc 이상,가솔린,2015,2015,RW+NV,✅ RW+NV 일치,8480,https://auto.naver.com/bike/lineup.nhn?bikeNo=2567,,,
BKM001-0250,BKM001,혼다,BKM001-G004,CB,CB125F,250,네이키드,124.7,51~125cc,가솔린,2015,2015,NV,🟡 유사 후보 확인,,https://auto.naver.com/bike/lineup.nhn?bikeNo=2026,,CBF 125 / CB 125 T,
BKM001-0251,BKM001,혼다,BKM001-G058,VFR,VFR 1200 F,251,스포츠,1237,1001cc 이상,가솔린,2012,2015,RW+NV,✅ RW+NV 일치,8673,https://auto.naver.com/bike/lineup.nhn?bikeNo=1697,,,
BKM001-0252,BKM001,혼다,BKM001-G058,VFR,VFR800X,252,투어러,782,501~1000cc,가솔린,2015,2015,NV,🟡 유사 후보 확인,,https://auto.naver.com/bike/lineup.nhn?bikeNo=1655,,VFR 800,
BKM001-0253,BKM001,혼다,BKM001-G052,VT,VT750 C2B 쉐도우 팬텀,253,크루저,745,501~1000cc,가솔린,2015,2015,NV,✅ 네이버만(과거 모델),,https://auto.naver.com/bike/lineup.nhn?bikeNo=2283,,,
BKM001-0254,BKM001,혼다,BKM001-G022,골드윙,골드윙 GL 투어,254,투어러,1832,1001cc 이상,가솔린,2015,2015,NV,✅ 네이버만(과거 모델),,https://auto.naver.com/bike/lineup.nhn?bikeNo=1667,,,
BKM001-0255,BKM001,혼다,BKM001-G087,리드 125,리드 125,255,스쿠터,124,51~125cc,가솔린,2015,2015,RW+NV,✅ RW+NV 일치,8752,https://auto.naver.com/bike/lineup.nhn?bikeNo=2565,,,
BKM001-0256,BKM001,혼다,BKM001-G088,퓨리,퓨리,256,크루저,1312,1001cc 이상,가솔린,2015,2015,NV,✅ 네이버만(과거 모델),,https://auto.naver.com/bike/lineup.nhn?bikeNo=2115,,,
BKM001-0257,BKM001,혼다,BKM001-G029,CRF,CRF250M,257,오프로드,249,126~250cc,가솔린,2014,2014,NV,🟡 유사 후보 확인,,https://auto.naver.com/bike/lineup.nhn?bikeNo=6415,,CRF 250 L / CRF 250 랠리,
BKM001-0258,BKM001,혼다,BKM001-G089,FSH 125,FSH 125,258,스쿠터,124,51~125cc,가솔린,2013,2014,RW+NV,✅ RW+NV 일치,8586,https://auto.naver.com/bike/lineup.nhn?bikeNo=1261,,,
BKM001-0259,BKM001,혼다,BKM001-G090,NSC50R,NSC50R,259,스쿠터,49,50cc 이하,가솔린,2012,2014,NV,🟡 유사 후보 확인,,https://auto.naver.com/bike/lineup.nhn?bikeNo=2983,,C 50,
BKM001-0260,BKM001,혼다,BKM001-G072,TRX,TRX420FA,260,ATV,420,251~500cc,가솔린,2014,2014,NV,✅ 네이버만(과거 모델),,https://auto.naver.com/bike/lineup.nhn?bikeNo=3207,,,
BKM001-0261,BKM001,혼다,BKM001-G072,TRX,TRX420FE1,261,ATV,420,251~500cc,가솔린,2014,2014,NV,✅ 네이버만(과거 모델),,https://auto.naver.com/bike/lineup.nhn?bikeNo=3209,,,
BKM001-0262,BKM001,혼다,BKM001-G068,디오,디오 110,262,스쿠터,108,51~125cc,가솔린,2012,2014,RW+NV,✅ RW+NV 일치,8744,https://auto.naver.com/bike/lineup.nhn?bikeNo=1260,,,
BKM001-0263,BKM001,혼다,BKM001-G091,줌머-엑스,줌머-엑스,263,스쿠터,108,51~125cc,가솔린,2014,2014,NV,✅ 네이버만(과거 모델),,https://auto.naver.com/bike/lineup.nhn?bikeNo=5869,,,
BKM001-0264,BKM001,혼다,BKM001-G018,NC,NC700S,264,네이키드,670,501~1000cc,가솔린,2013,2013,NV,🟡 유사 후보 확인,,https://auto.naver.com/bike/lineup.nhn?bikeNo=3162,,NC 700 X,
BKM001-0265,BKM001,혼다,BKM001-G083,RC,RC213V,265,스포츠,1000,501~1000cc,가솔린,2013,2013,NV,✅ 네이버만(과거 모델),,https://auto.naver.com/bike/lineup.nhn?bikeNo=1330,,,
BKM001-0266,BKM001,혼다,BKM001-G072,TRX,TRX250TE,266,ATV,229,126~250cc,가솔린,2012,2012,NV,✅ 네이버만(과거 모델),,https://auto.naver.com/bike/lineup.nhn?bikeNo=2981,,,
BKM001-0267,BKM001,혼다,BKM001-G072,TRX,TRX250TM,267,ATV,229,126~250cc,가솔린,2012,2012,NV,✅ 네이버만(과거 모델),,https://auto.naver.com/bike/lineup.nhn?bikeNo=3161,,,
BKM001-0268,BKM001,혼다,BKM001-G052,VT,VT 1300 CS,268,크루저,1312,1001cc 이상,가솔린,2012,2012,RW+NV,✅ RW+NV 일치,8682,https://auto.naver.com/bike/lineup.nhn?bikeNo=297,,,
BKM001-0269,BKM001,혼다,BKM001-G042,CBF,CBF 125,269,네이키드,125,51~125cc,가솔린,2011,2011,RW+NV,✅ RW+NV 일치,8505,https://auto.naver.com/bike/lineup.nhn?bikeNo=2497,,,
BKM001-0270,BKM001,혼다,BKM001-G029,CRF,CRF250X,270,오프로드,249,126~250cc,가솔린,2011,2011,NV,🟡 유사 후보 확인,,https://auto.naver.com/bike/lineup.nhn?bikeNo=6393,,CRF 250 F/R/X / CRF 250 L,
BKM001-0271,BKM001,혼다,BKM001-G042,CBF,CBF1000,271,네이키드,998,501~1000cc,가솔린,2009,2009,NV,🟡 유사 후보 확인,,https://auto.naver.com/bike/lineup.nhn?bikeNo=2693,,CB 1000 R,
BKM001-0272,BKM001,혼다,BKM001-G092,조커,조커,272,스쿠터,89,51~125cc,가솔린,2006,2006,NV,✅ 네이버만(과거 모델),,https://auto.naver.com/bike/lineup.nhn?bikeNo=5413,,,
BKM001-0273,BKM001,혼다,BKM001-G093,CX500 터보,CX500 터보,273,투어러,496.9,251~500cc,가솔린,1982,1982,NV,✅ 네이버만(과거 모델),,https://auto.naver.com/bike/lineup.nhn?bikeNo=1371,,,
BKM001-0274,BKM001,혼다,BKM001-G004,CB,CB77,274,네이키드,305,251~500cc,가솔린,1961,1961,NV,✅ 네이버만(과거 모델),,https://auto.naver.com/bike/lineup.nhn?bikeNo=1370,,,
BKM001-0275,BKM001,혼다,BKM001-G094,타입 D 드림,타입 D 드림,275,언더본·비즈니스,98,51~125cc,가솔린,1950,1950,NV,✅ 네이버만(과거 모델),,https://auto.naver.com/bike/lineup.nhn?bikeNo=1365,,,🟡 연료 원천 없음→가솔린 추정
BKM001-0276,BKM001,혼다,BKM001-G004,CB,CB 160 R 호넷,276,네이키드,163,126~250cc,가솔린,,,RW,✅ 라이트바겐만,13263,,,,🟡 연료 원천 없음→가솔린 추정
BKM001-0277,BKM001,혼다,BKM001-G004,CB,CB750 HORNET,277,,755,501~1000cc,가솔린,,,RW,✅ 라이트바겐만,12871,,,,🟡 연료 원천 없음→가솔린 추정
BKM001-0278,BKM001,혼다,BKM001-G042,CBF,CBF 190 X,278,네이키드,190,126~250cc,가솔린,,,RW,✅ 라이트바겐만,8508,,,,🟡 연료 원천 없음→가솔린 추정
BKM001-0279,BKM001,혼다,BKM001-G003,CBR,CBR 929 RR,279,스포츠,929,501~1000cc,가솔린,,,RW,✅ 라이트바겐만,8535,,,,🟡 연료 원천 없음→가솔린 추정
BKM001-0280,BKM001,혼다,BKM001-G056,CR,CR 250 R,280,오프로드,246,126~250cc,가솔린,,,RW,✅ 라이트바겐만,8553,,,,🟡 연료 원천 없음→가솔린 추정
BKM001-0281,BKM001,혼다,BKM001-G095,CRM,CRM 250 AR,281,오프로드,249,126~250cc,가솔린,,,RW,✅ 라이트바겐만,8573,,,,🟡 연료 원천 없음→가솔린 추정
BKM001-0282,BKM001,혼다,BKM001-G095,CRM,CRM 80,282,오프로드,79,51~125cc,가솔린,,,RW,✅ 라이트바겐만,8575,,,,🟡 연료 원천 없음→가솔린 추정
BKM001-0283,BKM001,혼다,BKM001-G096,EX 125,EX 125,283,스쿠터,124,51~125cc,가솔린,,,RW,✅ 라이트바겐만,8583,,,,🟡 연료 원천 없음→가솔린 추정
BKM001-0284,BKM001,혼다,BKM001-G066,GB,GB 350 S,284,클래식,348,251~500cc,가솔린,,,RW,✅ 라이트바겐만,13249,,,,🟡 연료 원천 없음→가솔린 추정
BKM001-0285,BKM001,혼다,BKM001-G097,GL 1800 DA,GL 1800 DA,285,투어러,1833,1001cc 이상,가솔린,,,RW,✅ 라이트바겐만,10949,,,,🟡 연료 원천 없음→가솔린 추정
BKM001-0287,BKM001,혼다,BKM001-G099,NS 125 D,NS 125 D,287,스쿠터,124,51~125cc,가솔린,,,RW,✅ 라이트바겐만,8618,,,,🟡 연료 원천 없음→가솔린 추정
BKM001-0288,BKM001,혼다,BKM001-G080,SH,SH MODE,288,스쿠터,124,51~125cc,가솔린,,,RW,✅ 라이트바겐만,8656,,,,🟡 연료 원천 없음→가솔린 추정
BKM001-0289,BKM001,혼다,BKM001-G045,ST,ST 1100,289,투어러,1084,1001cc 이상,가솔린,,,RW,✅ 라이트바겐만,10948,,,,🟡 연료 원천 없음→가솔린 추정
BKM001-0290,BKM001,혼다,BKM001-G058,VFR,VFR 1200 XC,290,멀티퍼퍼스,1237,1001cc 이상,가솔린,,,RW,✅ 라이트바겐만,8674,,,,🟡 연료 원천 없음→가솔린 추정
BKM001-0291,BKM001,혼다,BKM001-G058,VFR,VFR 1200F FD,291,스포츠,1237,1001cc 이상,가솔린,,,RW,✅ 라이트바겐만,8675,,,,🟡 연료 원천 없음→가솔린 추정
BKM001-0292,BKM001,혼다,BKM001-G058,VFR,VFR 400,292,스포츠,399,251~500cc,가솔린,,,RW,✅ 라이트바겐만,10947,,,,🟡 연료 원천 없음→가솔린 추정
BKM001-0293,BKM001,혼다,BKM001-G058,VFR,VFR 800,293,스포츠,782,501~1000cc,가솔린,,,RW,✅ 라이트바겐만,8679,,,,🟡 연료 원천 없음→가솔린 추정
BKM001-0294,BKM001,혼다,BKM001-G052,VT,VT 750,294,크루저,745,501~1000cc,가솔린,,,RW,✅ 라이트바겐만,10946,,,,🟡 연료 원천 없음→가솔린 추정
BKM001-0295,BKM001,혼다,BKM001-G100,VTR,VTR 1000 F,295,스포츠,995,501~1000cc,가솔린,,,RW,✅ 라이트바겐만,8687,,,,🟡 연료 원천 없음→가솔린 추정
BKM001-0296,BKM001,혼다,BKM001-G100,VTR,VTR 1000 SP 1,296,스포츠,995,501~1000cc,가솔린,,,RW,✅ 라이트바겐만,8689,,,,🟡 연료 원천 없음→가솔린 추정
BKM001-0297,BKM001,혼다,BKM001-G100,VTR,VTR 1000 SP 2,297,스포츠,995,501~1000cc,가솔린,,,RW,✅ 라이트바겐만,8690,,,,🟡 연료 원천 없음→가솔린 추정
BKM001-0298,BKM001,혼다,BKM001-G100,VTR,VTR 250,298,네이키드,249,126~250cc,가솔린,,,RW,✅ 라이트바겐만,13287,,,,🟡 연료 원천 없음→가솔린 추정
BKM001-0299,BKM001,혼다,BKM001-G100,VTR,VTR 250 F,299,네이키드,249,126~250cc,가솔린,,,RW,✅ 라이트바겐만,13288,,,,🟡 연료 원천 없음→가솔린 추정
BKM001-0300,BKM001,혼다,BKM001-G053,VTX,VTX 1300,300,크루저,1312,1001cc 이상,가솔린,,,RW,✅ 라이트바겐만,10945,,,,🟡 연료 원천 없음→가솔린 추정
BKM001-0301,BKM001,혼다,BKM001-G101,XELVIS,XELVIS,301,네이키드,745,501~1000cc,가솔린,,,RW,✅ 라이트바겐만,8700,,,,🟡 연료 원천 없음→가솔린 추정
BKM001-0302,BKM001,혼다,BKM001-G038,XR,XR 250 BAJA,302,오프로드,249,126~250cc,가솔린,,,RW,✅ 라이트바겐만,8708,,,,🟡 연료 원천 없음→가솔린 추정
BKM001-0303,BKM001,혼다,BKM001-G022,골드윙,골드윙 SE,303,투어러,1520,1001cc 이상,가솔린,,,RW,✅ 라이트바겐만,8729,,,,🟡 연료 원천 없음→가솔린 추정
BKM001-0304,BKM001,혼다,BKM001-G067,닥스,닥스 50,304,네이키드,49,50cc 이하,가솔린,,,RW,✅ 라이트바겐만,8739,,,,🟡 연료 원천 없음→가솔린 추정
BKM001-0305,BKM001,혼다,BKM001-G102,도리스 125,도리스 125,305,스쿠터,125,51~125cc,가솔린,,,RW,✅ 라이트바겐만,8740,,,,🟡 연료 원천 없음→가솔린 추정
BKM001-0306,BKM001,혼다,BKM001-G103,드림 50,드림 50,306,네이키드,49,50cc 이하,가솔린,,,RW,✅ 라이트바겐만,8741,,,,🟡 연료 원천 없음→가솔린 추정
BKM001-0307,BKM001,혼다,BKM001-G068,디오,디오 50,307,스쿠터,,,가솔린,,,RW,✅ 라이트바겐만,13299,,,,🟡 연료 원천 없음→가솔린 추정
BKM001-0308,BKM001,혼다,BKM001-G104,모젯 125,모젯 125,308,스쿠터,125,51~125cc,가솔린,,,RW,✅ 라이트바겐만,8759,,,,🟡 연료 원천 없음→가솔린 추정
BKM001-0309,BKM001,혼다,BKM001-G105,모토콤포,모토콤포,309,스쿠터,49,50cc 이하,가솔린,,,RW,✅ 라이트바겐만,13225,,,,🟡 연료 원천 없음→가솔린 추정
BKM001-0310,BKM001,혼다,BKM001-G106,무브 110,무브 110,310,스쿠터,110,51~125cc,가솔린,,,RW,✅ 라이트바겐만,8767,,,,🟡 연료 원천 없음→가솔린 추정
BKM001-0311,BKM001,혼다,BKM001-G060,바리오,바리오 150,311,스쿠터,150,126~250cc,가솔린,,,RW,✅ 라이트바겐만,8769,,,,🟡 연료 원천 없음→가솔린 추정
BKM001-0312,BKM001,혼다,BKM001-G040,발키리,발키리 인터스테이트,312,크루저,1520,1001cc 이상,가솔린,,,RW,✅ 라이트바겐만,8774,,,,🟡 연료 원천 없음→가솔린 추정
BKM001-0313,BKM001,혼다,BKM001-G107,비트 100,비트 100,313,스쿠터,99,51~125cc,가솔린,,,RW,✅ 라이트바겐만,8788,,,,🟡 연료 원천 없음→가솔린 추정
BKM001-0314,BKM001,혼다,BKM001-G108,샤리 50,샤리 50,314,언더본·비즈니스,49,50cc 이하,가솔린,,,RW,✅ 라이트바겐만,13255,,,,🟡 연료 원천 없음→가솔린 추정
BKM001-0315,BKM001,혼다,BKM001-G019,쉐도우,쉐도우 1100 샤브레,315,크루저,1089,1001cc 이상,가솔린,,,RW,✅ 라이트바겐만,8796,,,,🟡 연료 원천 없음→가솔린 추정
BKM001-0316,BKM001,혼다,BKM001-G019,쉐도우,쉐도우 1100 에로,316,크루저,1089,1001cc 이상,가솔린,,,RW,✅ 라이트바겐만,8797,,,,🟡 연료 원천 없음→가솔린 추정
BKM001-0317,BKM001,혼다,BKM001-G019,쉐도우,쉐도우 1100 에이스 VT,317,크루저,1089,1001cc 이상,가솔린,,,RW,✅ 라이트바겐만,8793,,,,🟡 연료 원천 없음→가솔린 추정
BKM001-0318,BKM001,혼다,BKM001-G019,쉐도우,쉐도우 700 VT,318,크루저,745,501~1000cc,가솔린,,,RW,✅ 라이트바겐만,8806,,,,🟡 연료 원천 없음→가솔린 추정
BKM001-0319,BKM001,혼다,BKM001-G019,쉐도우,쉐도우 750 VT,319,크루저,745,501~1000cc,가솔린,,,RW,✅ 라이트바겐만,8808,,,,🟡 연료 원천 없음→가솔린 추정
BKM001-0320,BKM001,혼다,BKM001-G019,쉐도우,쉐도우 750 디럭스,320,크루저,745,501~1000cc,가솔린,,,RW,✅ 라이트바겐만,8809,,,,🟡 연료 원천 없음→가솔린 추정
BKM001-0321,BKM001,혼다,BKM001-G039,스쿠피,스쿠피 110 Fi,321,스쿠터,110,51~125cc,가솔린,,,RW,✅ 라이트바겐만,8822,,,,🟡 연료 원천 없음→가솔린 추정
BKM001-0322,BKM001,혼다,BKM001-G109,스트림 125,스트림 125,322,스쿠터,125,51~125cc,가솔린,,,RW,✅ 라이트바겐만,8824,,,,🟡 연료 원천 없음→가솔린 추정
BKM001-0323,BKM001,혼다,BKM001-G024,스티드,스티드 VLS,323,크루저,600,501~1000cc,가솔린,,,RW,✅ 라이트바겐만,8827,,,,🟡 연료 원천 없음→가솔린 추정
BKM001-0324,BKM001,혼다,BKM001-G110,스파이시 110,스파이시 110,324,스쿠터,110,51~125cc,가솔린,,,RW,✅ 라이트바겐만,8830,,,,🟡 연료 원천 없음→가솔린 추정
BKM001-0325,BKM001,혼다,BKM001-G111,자이로캐노피,자이로캐노피,325,스쿠터,49,50cc 이하,가솔린,,,RW,✅ 라이트바겐만,8863,,,,🟡 연료 원천 없음→가솔린 추정
BKM001-0326,BKM001,혼다,BKM001-G112,조윙,조윙,326,스쿠터,125,51~125cc,가솔린,,,RW,✅ 라이트바겐만,8866,,,,🟡 연료 원천 없음→가솔린 추정
BKM001-0327,BKM001,혼다,BKM001-G113,조이 125,조이 125,327,스쿠터,124,51~125cc,가솔린,,,RW,✅ 라이트바겐만,8867,,,,🟡 연료 원천 없음→가솔린 추정
BKM001-0328,BKM001,혼다,BKM001-G092,조커,조커 50,328,스쿠터,49,50cc 이하,가솔린,,,RW,✅ 라이트바겐만,8869,,,,🟡 연료 원천 없음→가솔린 추정
BKM001-0329,BKM001,혼다,BKM001-G092,조커,조커 90,329,스쿠터,89,51~125cc,가솔린,,,RW,✅ 라이트바겐만,8870,,,,🟡 연료 원천 없음→가솔린 추정
BKM001-0330,BKM001,혼다,BKM001-G114,크루징 125,크루징 125,330,스쿠터,125,51~125cc,가솔린,,,RW,✅ 라이트바겐만,8884,,,,🟡 연료 원천 없음→가솔린 추정
BKM001-0331,BKM001,혼다,BKM001-G115,통위 125,통위 125,331,네이키드,124,51~125cc,가솔린,,,RW,✅ 라이트바겐만,8890,,,,🟡 연료 원천 없음→가솔린 추정
BKM001-0332,BKM001,혼다,BKM001-G116,푸마 125,푸마 125,332,스쿠터,125,51~125cc,가솔린,,,RW,✅ 라이트바겐만,8902,,,,🟡 연료 원천 없음→가솔린 추정
BKM001-0333,BKM001,혼다,BKM001-G015,호넷,호넷 1000,333,네이키드,1000,501~1000cc,가솔린,,,RW,✅ 라이트바겐만,13089,,,,🟡 연료 원천 없음→가솔린 추정
BKM002-0001,BKM002,야마하,BKM002-G001,MT,MT 03,1,네이키드,321,251~500cc,가솔린,2016,2025,RW+NV,✅ RW+NV 일치,8954,https://auto.naver.com/bike/lineup.nhn?bikeNo=5537,,,
BKM002-0002,BKM002,야마하,BKM002-G002,TMAX,TMAX,2,스쿠터,530,501~1000cc,가솔린,2001,2020,RW+NV,✅ RW+NV 일치,9233,https://auto.naver.com/bike/lineup.nhn?bikeNo=7283,,,
BKM002-0003,BKM002,야마하,BKM002-G001,MT,MT 07,3,네이키드,689,501~1000cc,가솔린,2014,2024,RW+NV,✅ RW+NV 일치,8955,https://auto.naver.com/bike/lineup.nhn?bikeNo=7365,,,
BKM002-0004,BKM002,야마하,BKM002-G003,YZF,YZF R3,4,스포츠,321,251~500cc,가솔린,2015,2025,RW+NV+DN,✅ RW+NV+DN 일치,9104,https://auto.naver.com/bike/lineup.nhn?bikeNo=5127,12502982,,
BKM002-0005,BKM002,야마하,BKM002-G001,MT,MT 09,5,네이키드,847,501~1000cc,가솔린,2014,2021,RW+NV,✅ RW+NV 일치,8956,https://auto.naver.com/bike/lineup.nhn?bikeNo=7367,,,
BKM002-0006,BKM002,야마하,BKM002-G004,NMAX,NMAX 125,6,스쿠터,125,51~125cc,가솔린,2021,2026,RW+DN,✅ RW+DN 일치,8965,,13297088 108446213 47840261 108432482,,
BKM002-0007,BKM002,야마하,BKM002-G003,YZF,YZF R1,7,스포츠,998,501~1000cc,가솔린,2012,2024,RW+NV,✅ RW+NV 일치,10895,https://auto.naver.com/bike/lineup.nhn?bikeNo=5381,,,
BKM002-0008,BKM002,야마하,BKM002-G002,TMAX,TMAX 560,8,스쿠터,562,501~1000cc,가솔린,2024,2024,RW,✅ 라이트바겐만,9235,,,,
BKM002-0009,BKM002,야마하,BKM002-G005,XSR,XSR 900,9,네이키드,890,501~1000cc,가솔린,2016,2024,RW+NV,✅ RW+NV 일치,9052,https://auto.naver.com/bike/lineup.nhn?bikeNo=5107,,,
BKM002-0010,BKM002,야마하,BKM002-G003,YZF,YZF R6,10,스포츠,599,501~1000cc,가솔린,2012,2020,RW+NV,✅ RW+NV 일치,9105,https://auto.naver.com/bike/lineup.nhn?bikeNo=4755,,,
BKM002-0011,BKM002,야마하,BKM002-G001,MT,MT 10,11,네이키드,998,501~1000cc,가솔린,2016,2024,RW+NV,✅ RW+NV 일치,8959,https://auto.naver.com/bike/lineup.nhn?bikeNo=5106,,,
BKM002-0012,BKM002,야마하,BKM002-G003,YZF,YZF R7,12,스포츠,689,501~1000cc,가솔린,2022,2022,RW,✅ 라이트바겐만,9106,,,,
BKM002-0013,BKM002,야마하,BKM002-G006,SR 400,SR 400,13,네이키드,399,251~500cc,가솔린,2014,2016,RW+NV,✅ RW+NV 일치,10982,https://auto.naver.com/bike/lineup.nhn?bikeNo=2361,,,
BKM002-0014,BKM002,야마하,BKM002-G007,XMAX,XMAX 300 ABS,14,스쿠터,292,251~500cc,가솔린,2025,2025,RW+DN,✅ RW+DN 일치,9032,,10414371,,
BKM002-0015,BKM002,야마하,BKM002-G004,NMAX,NMAX 155,15,스쿠터,155,126~250cc,가솔린,2023,2025,RW+DN,✅ RW+DN 일치,8966,,4948602,,
BKM002-0016,BKM002,야마하,BKM002-G001,MT,MT 09 SP,16,네이키드,890,501~1000cc,가솔린,2018,2025,RW+NV,✅ RW+NV 일치,8957,https://auto.naver.com/bike/lineup.nhn?bikeNo=4999,,,
BKM002-0017,BKM002,야마하,BKM002-G008,나이켄,나이켄,17,투어러,847,501~1000cc,가솔린,2018,2019,RW+NV,✅ RW+NV 일치,9116,https://auto.naver.com/bike/lineup.nhn?bikeNo=4757,,,
BKM002-0018,BKM002,야마하,BKM002-G005,XSR,XSR 700,18,네이키드,650,501~1000cc,가솔린,2016,2016,RW+NV,✅ RW+NV 일치,9051,https://auto.naver.com/bike/lineup.nhn?bikeNo=2148,,,
BKM002-0019,BKM002,야마하,BKM002-G002,TMAX,TMAX 530,19,스쿠터,530,501~1000cc,가솔린,,,RW,✅ 라이트바겐만,9234,,,,🟡 연료 원천 없음→가솔린 추정
BKM002-0020,BKM002,야마하,BKM002-G001,MT,MT 09 트레이서,20,멀티퍼퍼스,847,501~1000cc,가솔린,2015,2019,RW+NV,✅ RW+NV 일치,8958,https://auto.naver.com/bike/lineup.nhn?bikeNo=7177,,,
BKM002-0021,BKM002,야마하,BKM002-G009,볼트,볼트 950,21,크루저,941,501~1000cc,가솔린,,,RW,✅ 라이트바겐만,9168,,,,🟡 연료 원천 없음→가솔린 추정
BKM002-0022,BKM002,야마하,BKM002-G010,트레이서,트레이서 9,22,멀티퍼퍼스,890,501~1000cc,가솔린,2024,2024,RW,✅ 라이트바겐만,9228,,,,
BKM002-0023,BKM002,야마하,BKM002-G002,TMAX,TMAX DX,23,스쿠터,530,501~1000cc,가솔린,,,RW,✅ 라이트바겐만,9236,,,,🟡 연료 원천 없음→가솔린 추정
BKM002-0024,BKM002,야마하,BKM002-G001,MT,MT 10 SP,24,네이키드,998,501~1000cc,가솔린,2017,2024,RW+NV,✅ RW+NV 일치,8960,https://auto.naver.com/bike/lineup.nhn?bikeNo=5105,,,
BKM002-0025,BKM002,야마하,BKM002-G007,XMAX,XMAX 400 ABS,25,스쿠터,395,251~500cc,가솔린,,,RW,✅ 라이트바겐만,9033,,,,🟡 연료 원천 없음→가솔린 추정
BKM002-0026,BKM002,야마하,BKM002-G003,YZF,YZF R1 M,26,스포츠,998,501~1000cc,가솔린,2016,2024,RW+NV,✅ RW+NV 일치,9101,https://auto.naver.com/bike/lineup.nhn?bikeNo=5383,,,
BKM002-0027,BKM002,야마하,BKM002-G011,FJR,FJR 1300 A,27,투어러,1298,1001cc 이상,가솔린,2012,2018,RW+NV,✅ RW+NV 일치,8926,https://auto.naver.com/bike/lineup.nhn?bikeNo=4153,,,
BKM002-0028,BKM002,야마하,BKM002-G011,FJR,FJR 1300,28,투어러,1298,1001cc 이상,가솔린,,,RW,✅ 라이트바겐만,8925,,,,🟡 연료 원천 없음→가솔린 추정
BKM002-0029,BKM002,야마하,BKM002-G012,트리시티,트리시티 125,29,스쿠터,125,51~125cc,가솔린,2015,2018,RW+NV,✅ RW+NV 일치,9229,https://auto.naver.com/bike/lineup.nhn?bikeNo=4179,,,
BKM002-0030,BKM002,야마하,BKM002-G013,YZ,YZ 250,30,오프로드,249,126~250cc,가솔린,2017,2017,RW+NV,✅ RW+NV 일치,10983,https://auto.naver.com/bike/lineup.nhn?bikeNo=2822,,,
BKM002-0031,BKM002,야마하,BKM002-G014,CW 50,CW 50,31,스쿠터,49,50cc 이하,가솔린,,,RW,✅ 라이트바겐만,11076,,,,🟡 연료 원천 없음→가솔린 추정
BKM002-0032,BKM002,야마하,BKM002-G015,모르포스/막삼 250,모르포스/막삼 250,32,스쿠터,249,126~250cc,가솔린,,,RW,✅ 라이트바겐만,9161,,,,🟡 연료 원천 없음→가솔린 추정
BKM002-0033,BKM002,야마하,BKM002-G012,트리시티,트리시티 125 S,33,스쿠터,125,51~125cc,가솔린,2018,2018,RW+NV+DN,✅ RW+NV+DN 일치,9230,https://auto.naver.com/bike/lineup.nhn?bikeNo=4181,6413570,,
BKM002-0034,BKM002,야마하,BKM002-G011,FJR,FJR 1300 AS,34,투어러,1298,1001cc 이상,가솔린,2012,2018,RW+NV,✅ RW+NV 일치,8927,https://auto.naver.com/bike/lineup.nhn?bikeNo=4155,,,
BKM002-0035,BKM002,야마하,BKM002-G001,MT,MT 01,35,네이키드,1700,1001cc 이상,가솔린,2012,2012,RW+NV,✅ RW+NV 일치,8953,https://auto.naver.com/bike/lineup.nhn?bikeNo=202,,,
BKM002-0036,BKM002,야마하,BKM002-G016,FZ,FZ 6,36,네이키드,599,501~1000cc,가솔린,,,RW,✅ 라이트바겐만,10964,,,,🟡 연료 원천 없음→가솔린 추정
BKM002-0037,BKM002,야마하,BKM002-G016,FZ,FZ 6 N,37,네이키드,599,501~1000cc,가솔린,,,RW,✅ 라이트바겐만,8933,,,,🟡 연료 원천 없음→가솔린 추정
BKM002-0038,BKM002,야마하,BKM002-G017,비노,비노 50,38,스쿠터,49,50cc 이하,가솔린,2012,2017,RW+NV,✅ RW+NV 일치,9177,https://auto.naver.com/bike/lineup.nhn?bikeNo=2503,,,
BKM002-0039,BKM002,야마하,BKM002-G009,볼트,볼트 R-스펙,39,크루저,941,501~1000cc,가솔린,,,RW,✅ 라이트바겐만,9170,,,,🟡 연료 원천 없음→가솔린 추정
BKM002-0040,BKM002,야마하,BKM002-G018,YB,YB 125 SP,40,네이키드,124,51~125cc,가솔린,,,RW,✅ 라이트바겐만,9067,,,,🟡 연료 원천 없음→가솔린 추정
BKM002-0041,BKM002,야마하,BKM002-G019,마제스티,마제스티 125,41,스쿠터,124,51~125cc,가솔린,,,RW,✅ 라이트바겐만,9158,,,,🟡 연료 원천 없음→가솔린 추정
BKM002-0042,BKM002,야마하,BKM002-G020,에어록스,에어록스 125,42,스쿠터,125,51~125cc,가솔린,,,RW,✅ 라이트바겐만,9207,,,,🟡 연료 원천 없음→가솔린 추정
BKM002-0043,BKM002,야마하,BKM002-G021,TW 200,TW 200,43,멀티퍼퍼스,196,126~250cc,가솔린,2015,2017,RW+NV,✅ RW+NV 일치,9010,https://auto.naver.com/bike/lineup.nhn?bikeNo=2812,,,
BKM002-0044,BKM002,야마하,BKM002-G016,FZ,FZ 1 N,44,네이키드,998,501~1000cc,가솔린,2012,2013,RW+NV,✅ RW+NV 일치,8928,https://auto.naver.com/bike/lineup.nhn?bikeNo=485,,,
BKM002-0045,BKM002,야마하,BKM002-G022,XTZ 125 E,XTZ 125 E,45,멀티퍼퍼스,124,51~125cc,가솔린,,,RW,✅ 라이트바겐만,9058,,,,🟡 연료 원천 없음→가솔린 추정
BKM002-0046,BKM002,야마하,BKM002-G003,YZF,YZF 600 R,46,스포츠,599,501~1000cc,가솔린,,,RW,✅ 라이트바겐만,9094,,,,🟡 연료 원천 없음→가솔린 추정
BKM002-0047,BKM002,야마하,BKM002-G023,로드라이너,로드라이너 1900,47,크루저,1854,1001cc 이상,가솔린,,,RW,✅ 라이트바겐만,9137,,,,🟡 연료 원천 없음→가솔린 추정
BKM002-0048,BKM002,야마하,BKM002-G024,조그,조그 125 i,48,스쿠터,124,51~125cc,가솔린,,,RW,✅ 라이트바겐만,9213,,,,🟡 연료 원천 없음→가솔린 추정
BKM002-0049,BKM002,야마하,BKM002-G013,YZ,YZ 250 F,49,오프로드,249,126~250cc,가솔린,2012,2025,RW+NV,✅ RW+NV 일치,9082,https://auto.naver.com/bike/lineup.nhn?bikeNo=7371,,,
BKM002-0050,BKM002,야마하,BKM002-G025,드랙스타,드랙스타 1300,50,크루저,1304,1001cc 이상,가솔린,2012,2016,RW+NV,✅ RW+NV 일치,9122,https://auto.naver.com/bike/lineup.nhn?bikeNo=2853,,,
BKM002-0051,BKM002,야마하,BKM002-G025,드랙스타,드랙스타 950,51,크루저,942,501~1000cc,가솔린,2012,2013,RW+NV,✅ RW+NV 일치,9129,https://auto.naver.com/bike/lineup.nhn?bikeNo=469,,,
BKM002-0052,BKM002,야마하,BKM002-G018,YB,YB 1 FOUR 50,52,네이키드,49,50cc 이하,가솔린,,,RW,✅ 라이트바겐만,9065,,,,🟡 연료 원천 없음→가솔린 추정
BKM002-0053,BKM002,야마하,BKM002-G025,드랙스타,드랙스타 1100,53,크루저,1063,1001cc 이상,가솔린,,,RW,✅ 라이트바겐만,9120,,,,🟡 연료 원천 없음→가솔린 추정
BKM002-0054,BKM002,야마하,BKM002-G026,엑시스 Z 125,엑시스 Z 125,54,스쿠터,125,51~125cc,가솔린,,,RW,✅ 라이트바겐만,9208,,,,🟡 연료 원천 없음→가솔린 추정
BKM002-0055,BKM002,야마하,BKM002-G027,프리고,프리고 S 125,55,스쿠터,125,51~125cc,가솔린,,,RW,✅ 라이트바겐만,9244,,,,🟡 연료 원천 없음→가솔린 추정
BKM002-0056,BKM002,야마하,BKM002-G028,WR,WR 450 F,56,오프로드,450,251~500cc,가솔린,2012,2021,RW+NV,✅ RW+NV 일치,9030,https://auto.naver.com/bike/lineup.nhn?bikeNo=7369,,,
BKM002-0057,BKM002,야마하,BKM002-G013,YZ,YZ 250 X,57,오프로드,249,126~250cc,가솔린,2017,2018,RW+NV,✅ RW+NV 일치,9084,https://auto.naver.com/bike/lineup.nhn?bikeNo=4313,,,
BKM002-0058,BKM002,야마하,BKM002-G013,YZ,YZ 125,58,오프로드,124,51~125cc,가솔린,2012,2017,RW+NV,✅ RW+NV 일치,9080,https://auto.naver.com/bike/lineup.nhn?bikeNo=2821,,,
BKM002-0059,BKM002,야마하,BKM002-G029,큐빅스 125,큐빅스 125,59,스쿠터,125,51~125cc,가솔린,2017,2017,RW+NV,✅ RW+NV 일치,9223,https://auto.naver.com/bike/lineup.nhn?bikeNo=7107,,,
BKM002-0060,BKM002,야마하,BKM002-G030,XJ,XJ 6 N,60,네이키드,600,501~1000cc,가솔린,2012,2012,RW+NV,✅ RW+NV 일치,9037,https://auto.naver.com/bike/lineup.nhn?bikeNo=212,,,
BKM002-0061,BKM002,야마하,BKM002-G016,FZ,FZ 6 S,61,네이키드,599,501~1000cc,가솔린,,,RW,✅ 라이트바겐만,8935,,,,🟡 연료 원천 없음→가솔린 추정
BKM002-0062,BKM002,야마하,BKM002-G031,VMAX,VMAX 1200,62,네이키드,1198,1001cc 이상,가솔린,,,RW,✅ 라이트바겐만,9173,,,,🟡 연료 원천 없음→가솔린 추정
BKM002-0063,BKM002,야마하,BKM002-G031,VMAX,VMAX 1700,63,네이키드,1679,1001cc 이상,가솔린,,,RW,✅ 라이트바겐만,9174,,,,🟡 연료 원천 없음→가솔린 추정
BKM002-0064,BKM002,야마하,BKM002-G018,YB,YB 1 50,64,네이키드,49,50cc 이하,가솔린,,,RW,✅ 라이트바겐만,9064,,,,🟡 연료 원천 없음→가솔린 추정
BKM002-0065,BKM002,야마하,BKM002-G003,YZF,YZF R1 SP,65,스포츠,998,501~1000cc,가솔린,,,RW,✅ 라이트바겐만,9103,,,,🟡 연료 원천 없음→가솔린 추정
BKM002-0066,BKM002,야마하,BKM002-G032,그랜드 필라노 125,그랜드 필라노 125,66,스쿠터,125,51~125cc,가솔린,,,RW,✅ 라이트바겐만,9108,,,,🟡 연료 원천 없음→가솔린 추정
BKM002-0067,BKM002,야마하,BKM002-G033,뉴마제스티 250,뉴마제스티 250,67,스쿠터,250,126~250cc,가솔린,,,RW,✅ 라이트바겐만,9118,,,,🟡 연료 원천 없음→가솔린 추정
BKM002-0068,BKM002,야마하,BKM002-G034,로드라이너 미드나잇 1900,로드라이너 미드나잇 1900,68,크루저,1854,1001cc 이상,가솔린,,,RW,✅ 라이트바겐만,9139,,,,🟡 연료 원천 없음→가솔린 추정
BKM002-0069,BKM002,야마하,BKM002-G035,로드스타,로드스타 1300,69,크루저,1304,1001cc 이상,가솔린,,,RW,✅ 라이트바겐만,9140,,,,🟡 연료 원천 없음→가솔린 추정
BKM002-0070,BKM002,야마하,BKM002-G036,로얄스타 1300,로얄스타 1300,70,크루저,1304,1001cc 이상,가솔린,,,RW,✅ 라이트바겐만,9150,,,,🟡 연료 원천 없음→가솔린 추정
BKM002-0071,BKM002,야마하,BKM002-G037,로얄스타 벤처 1300,로얄스타 벤처 1300,71,크루저,1304,1001cc 이상,가솔린,,,RW,✅ 라이트바겐만,9152,,,,🟡 연료 원천 없음→가솔린 추정
BKM002-0072,BKM002,야마하,BKM002-G009,볼트,볼트 C-스펙,72,크루저,942,501~1000cc,가솔린,,,RW,✅ 라이트바겐만,9169,,,,🟡 연료 원천 없음→가솔린 추정
BKM002-0073,BKM002,야마하,BKM002-G017,비노,비노 50 디럭스,73,스쿠터,49,50cc 이하,가솔린,,,RW,✅ 라이트바겐만,9178,,,,🟡 연료 원천 없음→가솔린 추정
BKM002-0074,BKM002,야마하,BKM002-G038,비라고,비라고 750,74,크루저,748,501~1000cc,가솔린,,,RW,✅ 라이트바겐만,9186,,,,🟡 연료 원천 없음→가솔린 추정
BKM002-0075,BKM002,야마하,BKM002-G039,씨그너스,올 뉴 씨그너스 125,75,스쿠터,125,51~125cc,가솔린,,,RW,✅ 라이트바겐만,9210,,,,🟡 연료 원천 없음→가솔린 추정
BKM002-0076,BKM002,야마하,BKM002-G040,크립톤,크립톤 110,76,스쿠터,110,51~125cc,가솔린,,,RW,✅ 라이트바겐만,9224,,,,🟡 연료 원천 없음→가솔린 추정
BKM002-0077,BKM002,야마하,BKM002-G041,페이저,페이저 600 SP,77,네이키드,599,501~1000cc,가솔린,,,RW,✅ 라이트바겐만,9242,,,,🟡 연료 원천 없음→가솔린 추정
BKM002-0078,BKM002,야마하,BKM002-G027,프리고,프리고 125,78,스쿠터,125,51~125cc,가솔린,,,RW,✅ 라이트바겐만,9243,,,,🟡 연료 원천 없음→가솔린 추정
BKM002-0079,BKM002,야마하,BKM002-G003,YZF,YZF R9,79,스포츠,890,501~1000cc,가솔린,2026,2026,RW,✅ 라이트바겐만,13302,,,,🟡 연료 원천 없음→가솔린 추정
BKM002-0080,BKM002,야마하,BKM002-G005,XSR,XSR 900 GP,80,스포츠,890,501~1000cc,가솔린,2025,2025,RW,✅ 라이트바겐만,13056,,,,
BKM002-0081,BKM002,야마하,BKM002-G013,YZ,YZ 125 X,81,오프로드,124,51~125cc,가솔린,2020,2025,RW+NV,✅ RW+NV 일치,12884,https://auto.naver.com/bike/lineup.nhn?bikeNo=6633,,,
BKM002-0082,BKM002,야마하,BKM002-G013,YZ,YZ 65,82,오프로드,65,51~125cc,가솔린,2020,2025,RW+NV,✅ RW+NV 일치,9088,https://auto.naver.com/bike/lineup.nhn?bikeNo=6631,,,
BKM002-0083,BKM002,야마하,BKM002-G013,YZ,YZ 85,83,오프로드,84,51~125cc,가솔린,2017,2025,RW+NV,✅ RW+NV 일치,12885,https://auto.naver.com/bike/lineup.nhn?bikeNo=2819,,,
BKM002-0084,BKM002,야마하,BKM002-G042,PW,PW 50,84,오프로드,49,50cc 이하,가솔린,2012,2024,RW+NV,✅ RW+NV 일치,8970,https://auto.naver.com/bike/lineup.nhn?bikeNo=4299,,,
BKM002-0085,BKM002,야마하,BKM002-G010,트레이서,트레이서 9 GT+,85,멀티퍼퍼스,890,501~1000cc,가솔린,2024,2024,RW,✅ 라이트바겐만,13134,,,,
BKM002-0086,BKM002,야마하,BKM002-G043,N-MAX,N-MAX,86,스쿠터,124.8,51~125cc,가솔린,2015,2021,NV,✅ 네이버만(과거 모델),,https://auto.naver.com/bike/lineup.nhn?bikeNo=7163,,,
BKM002-0087,BKM002,야마하,BKM002-G013,YZ,YZ450FX,87,오프로드,449,251~500cc,가솔린,2017,2021,NV,🟡 유사 후보 확인,,https://auto.naver.com/bike/lineup.nhn?bikeNo=7373,,YZ 450 F,
BKM002-0088,BKM002,야마하,BKM002-G044,울버린,울버린 RMAX2 1000,88,ATV,999,501~1000cc,가솔린,2021,2021,NV,✅ 네이버만(과거 모델),,https://auto.naver.com/bike/lineup.nhn?bikeNo=7117,,,
BKM002-0089,BKM002,야마하,BKM002-G044,울버린,울버린 RMAX2 1000 XT-R,89,ATV,999,501~1000cc,가솔린,2021,2021,NV,✅ 네이버만(과거 모델),,https://auto.naver.com/bike/lineup.nhn?bikeNo=7119,,,
BKM002-0090,BKM002,야마하,BKM002-G044,울버린,울버린 RMAX2 1000 리미티드,90,ATV,999,501~1000cc,가솔린,2021,2021,NV,✅ 네이버만(과거 모델),,https://auto.naver.com/bike/lineup.nhn?bikeNo=7121,,,
BKM002-0091,BKM002,야마하,BKM002-G044,울버린,울버린 RMAX4 1000,91,ATV,999,501~1000cc,가솔린,2021,2021,NV,✅ 네이버만(과거 모델),,https://auto.naver.com/bike/lineup.nhn?bikeNo=7123,,,
BKM002-0092,BKM002,야마하,BKM002-G044,울버린,울버린 RMAX4 1000 XT-R,92,ATV,999,501~1000cc,가솔린,2021,2021,NV,✅ 네이버만(과거 모델),,https://auto.naver.com/bike/lineup.nhn?bikeNo=7125,,,
BKM002-0093,BKM002,야마하,BKM002-G044,울버린,울버린 RMAX4 1000 리미티드,93,ATV,999,501~1000cc,가솔린,2021,2021,NV,✅ 네이버만(과거 모델),,https://auto.naver.com/bike/lineup.nhn?bikeNo=7127,,,
BKM002-0094,BKM002,야마하,BKM002-G044,울버린,울버린 X2 850 R-스펙,94,ATV,847,501~1000cc,가솔린,2021,2021,NV,✅ 네이버만(과거 모델),,https://auto.naver.com/bike/lineup.nhn?bikeNo=7129,,,
BKM002-0095,BKM002,야마하,BKM002-G044,울버린,울버린 X2 850 XT-R,95,ATV,847,501~1000cc,가솔린,2021,2021,NV,✅ 네이버만(과거 모델),,https://auto.naver.com/bike/lineup.nhn?bikeNo=7131,,,
BKM002-0096,BKM002,야마하,BKM002-G044,울버린,울버린 X4 850,96,ATV,847,501~1000cc,가솔린,2021,2021,NV,✅ 네이버만(과거 모델),,https://auto.naver.com/bike/lineup.nhn?bikeNo=7375,,,
BKM002-0097,BKM002,야마하,BKM002-G044,울버린,울버린 X4 850 XT-R,97,ATV,847,501~1000cc,가솔린,2021,2021,NV,✅ 네이버만(과거 모델),,https://auto.naver.com/bike/lineup.nhn?bikeNo=7377,,,
BKM002-0098,BKM002,야마하,BKM002-G045,테네레 700,테네레 700,98,멀티퍼퍼스,689,501~1000cc,가솔린,2019,2021,NV,✅ 네이버만(과거 모델),,https://auto.naver.com/bike/lineup.nhn?bikeNo=7379,,,
BKM002-0099,BKM002,야마하,BKM002-G001,MT,MT-125,99,네이키드,124.7,51~125cc,가솔린,2015,2020,NV,🟡 유사 후보 확인,,https://auto.naver.com/bike/lineup.nhn?bikeNo=5637,,GT 125,
BKM002-0100,BKM002,야마하,BKM002-G046,V-MAX,V-MAX,100,크루저,1679,1001cc 이상,가솔린,2012,2020,NV,✅ 네이버만(과거 모델),,https://auto.naver.com/bike/lineup.nhn?bikeNo=5297,,,
BKM002-0101,BKM002,야마하,BKM002-G047,V스타 250,V스타 250,101,크루저,249,126~250cc,가솔린,2020,2020,NV,✅ 네이버만(과거 모델),,https://auto.naver.com/bike/lineup.nhn?bikeNo=6623,,,
BKM002-0102,BKM002,야마하,BKM002-G028,WR,WR 250 F,102,오프로드,250,126~250cc,가솔린,2012,2020,RW+NV,✅ RW+NV 일치,9025,https://auto.naver.com/bike/lineup.nhn?bikeNo=6625,,,
BKM002-0103,BKM002,야마하,BKM002-G028,WR,WR 250 R,103,스포츠,250,126~250cc,가솔린,2012,2020,RW+NV,✅ RW+NV 일치,13104,https://auto.naver.com/bike/lineup.nhn?bikeNo=6627,,,
BKM002-0104,BKM002,야마하,BKM002-G048,XT,XT250,104,멀티퍼퍼스,249,126~250cc,가솔린,2015,2020,NV,✅ 네이버만(과거 모델),,https://auto.naver.com/bike/lineup.nhn?bikeNo=6629,,,
BKM002-0105,BKM002,야마하,BKM002-G049,YFZ,YFZ450R,105,ATV,449,251~500cc,가솔린,2020,2020,NV,✅ 네이버만(과거 모델),,https://auto.naver.com/bike/lineup.nhn?bikeNo=5109,,,
BKM002-0106,BKM002,야마하,BKM002-G049,YFZ,YFZ450R SE,106,ATV,449,251~500cc,가솔린,2020,2020,NV,✅ 네이버만(과거 모델),,https://auto.naver.com/bike/lineup.nhn?bikeNo=5111,,,
BKM002-0107,BKM002,야마하,BKM002-G049,YFZ,YFZ50,107,ATV,49,50cc 이하,가솔린,2020,2020,NV,🟡 유사 후보 확인,,https://auto.naver.com/bike/lineup.nhn?bikeNo=5100,,YZ 250,🟡 연료 원천 없음→가솔린 추정
BKM002-0108,BKM002,야마하,BKM002-G050,YXZ,YXZ1000R,108,ATV,998,501~1000cc,가솔린,2020,2020,NV,✅ 네이버만(과거 모델),,https://auto.naver.com/bike/lineup.nhn?bikeNo=7109,,,
BKM002-0109,BKM002,야마하,BKM002-G051,그리즐리,그리즐리 90,109,ATV,90,51~125cc,가솔린,2020,2020,NV,✅ 네이버만(과거 모델),,https://auto.naver.com/bike/lineup.nhn?bikeNo=5112,,,🟡 연료 원천 없음→가솔린 추정
BKM002-0110,BKM002,야마하,BKM002-G051,그리즐리,그리즐리 EPS,110,ATV,686,501~1000cc,가솔린,2020,2020,NV,✅ 네이버만(과거 모델),,https://auto.naver.com/bike/lineup.nhn?bikeNo=5113,,,
BKM002-0111,BKM002,야마하,BKM002-G051,그리즐리,그리즐리 EPS SE,111,ATV,686,501~1000cc,가솔린,2020,2020,NV,✅ 네이버만(과거 모델),,https://auto.naver.com/bike/lineup.nhn?bikeNo=5114,,,
BKM002-0112,BKM002,야마하,BKM002-G051,그리즐리,그리즐리 EPS XT-R,112,ATV,686,501~1000cc,가솔린,2020,2020,NV,✅ 네이버만(과거 모델),,https://auto.naver.com/bike/lineup.nhn?bikeNo=7111,,,
BKM002-0113,BKM002,야마하,BKM002-G052,랩터,랩터 700,113,ATV,686,501~1000cc,가솔린,2012,2020,NV,✅ 네이버만(과거 모델),,https://auto.naver.com/bike/lineup.nhn?bikeNo=5115,,,
BKM002-0114,BKM002,야마하,BKM002-G052,랩터,랩터 700R,114,ATV,686,501~1000cc,가솔린,2014,2020,NV,✅ 네이버만(과거 모델),,https://auto.naver.com/bike/lineup.nhn?bikeNo=5116,,,
BKM002-0115,BKM002,야마하,BKM002-G052,랩터,랩터 700R SE,115,ATV,686,501~1000cc,가솔린,2020,2020,NV,✅ 네이버만(과거 모델),,https://auto.naver.com/bike/lineup.nhn?bikeNo=5117,,,
BKM002-0116,BKM002,야마하,BKM002-G052,랩터,랩터 90,116,ATV,90,51~125cc,가솔린,2020,2020,NV,✅ 네이버만(과거 모델),,https://auto.naver.com/bike/lineup.nhn?bikeNo=5118,,,
BKM002-0117,BKM002,야마하,BKM002-G053,바이킹,바이킹 700 EPS,117,ATV,686,501~1000cc,가솔린,2020,2020,NV,✅ 네이버만(과거 모델),,https://auto.naver.com/bike/lineup.nhn?bikeNo=7115,,,
BKM002-0118,BKM002,야마하,BKM002-G054,슈퍼테네레,슈퍼테네레 ES,118,멀티퍼퍼스,1199,1001cc 이상,가솔린,2014,2020,NV,✅ 네이버만(과거 모델),,https://auto.naver.com/bike/lineup.nhn?bikeNo=6635,,,
BKM002-0119,BKM002,야마하,BKM002-G055,코디악,코디악 450,119,ATV,421,251~500cc,가솔린,2020,2020,NV,✅ 네이버만(과거 모델),,https://auto.naver.com/bike/lineup.nhn?bikeNo=5122,,,
BKM002-0120,BKM002,야마하,BKM002-G055,코디악,코디악 450 EPS,120,ATV,421,251~500cc,가솔린,2020,2020,NV,✅ 네이버만(과거 모델),,https://auto.naver.com/bike/lineup.nhn?bikeNo=5123,,,
BKM002-0121,BKM002,야마하,BKM002-G055,코디악,코디악 450 EPS SE,121,ATV,421,251~500cc,가솔린,2020,2020,NV,✅ 네이버만(과거 모델),,https://auto.naver.com/bike/lineup.nhn?bikeNo=5124,,,
BKM002-0122,BKM002,야마하,BKM002-G055,코디악,코디악 700,122,ATV,686,501~1000cc,가솔린,2020,2020,NV,✅ 네이버만(과거 모델),,https://auto.naver.com/bike/lineup.nhn?bikeNo=5119,,,
BKM002-0123,BKM002,야마하,BKM002-G055,코디악,코디악 700 EPS,123,ATV,686,501~1000cc,가솔린,2020,2020,NV,✅ 네이버만(과거 모델),,https://auto.naver.com/bike/lineup.nhn?bikeNo=5120,,,
BKM002-0124,BKM002,야마하,BKM002-G055,코디악,코디악 700 EPS SE,124,ATV,686,501~1000cc,가솔린,2020,2020,NV,✅ 네이버만(과거 모델),,https://auto.naver.com/bike/lineup.nhn?bikeNo=5121,,,
BKM002-0125,BKM002,야마하,BKM002-G010,트레이서,트레이서 700,125,투어러,689,501~1000cc,가솔린,2016,2020,NV,✅ 네이버만(과거 모델),,https://auto.naver.com/bike/lineup.nhn?bikeNo=5941,,,
BKM002-0126,BKM002,야마하,BKM002-G012,트리시티,트리시티 300,126,삼륜,292,251~500cc,가솔린,2020,2020,NV,✅ 네이버만(과거 모델),,https://auto.naver.com/bike/lineup.nhn?bikeNo=5943,,,
BKM002-0127,BKM002,야마하,BKM002-G056,SCR950,SCR950,127,네이키드,942,501~1000cc,가솔린,2017,2019,NV,✅ 네이버만(과거 모델),,https://auto.naver.com/bike/lineup.nhn?bikeNo=5163,,,
BKM002-0128,BKM002,야마하,BKM002-G048,XT,XT1200ZE,128,멀티퍼퍼스,1199,1001cc 이상,가솔린,2018,2019,NV,✅ 네이버만(과거 모델),,https://auto.naver.com/bike/lineup.nhn?bikeNo=5165,,,
BKM002-0129,BKM002,야마하,BKM002-G008,나이켄,나이켄 GT,129,삼륜,847,501~1000cc,가솔린,2019,2019,NV,🟡 유사 후보 확인,,https://auto.naver.com/bike/lineup.nhn?bikeNo=4927,,나이켄,
BKM002-0130,BKM002,야마하,BKM002-G009,볼트,볼트 R-Spec,130,네이키드,942,501~1000cc,가솔린,2017,2019,NV,✅ 네이버만(과거 모델),,https://auto.naver.com/bike/lineup.nhn?bikeNo=5167,,,
BKM002-0131,BKM002,야마하,BKM002-G010,트레이서,트레이서 900,131,투어러,847,501~1000cc,가솔린,2019,2019,NV,🟡 유사 후보 확인,,https://auto.naver.com/bike/lineup.nhn?bikeNo=6621,,트레이서 9,
BKM002-0132,BKM002,야마하,BKM002-G057,TT,TT-R110E,132,오프로드,110,51~125cc,가솔린,2012,2018,NV,✅ 네이버만(과거 모델),,https://auto.naver.com/bike/lineup.nhn?bikeNo=4301,,,
BKM002-0133,BKM002,야마하,BKM002-G058,X-MAX,X-MAX,133,스쿠터,292,251~500cc,가솔린,2005,2018,NV,✅ 네이버만(과거 모델),,https://auto.naver.com/bike/lineup.nhn?bikeNo=7187,,,
BKM002-0134,BKM002,야마하,BKM002-G013,YZ,YZ 450 F,134,오프로드,449,251~500cc,가솔린,2012,2018,RW+NV,✅ RW+NV 일치,9086,https://auto.naver.com/bike/lineup.nhn?bikeNo=4315,,,
BKM002-0135,BKM002,야마하,BKM002-G013,YZ,YZ250FX,135,오프로드,250,126~250cc,가솔린,2017,2018,NV,🟡 유사 후보 확인,,https://auto.naver.com/bike/lineup.nhn?bikeNo=4311,,YZ 250 X / YZ 250 F / YZ 250,
BKM002-0136,BKM002,야마하,BKM002-G059,스타,스타 벤처,136,투어러,1854,1001cc 이상,가솔린,2018,2018,NV,✅ 네이버만(과거 모델),,https://auto.naver.com/bike/lineup.nhn?bikeNo=6617,,,
BKM002-0137,BKM002,야마하,BKM002-G059,스타,스타 일루더,137,투어러,1854,1001cc 이상,가솔린,2018,2018,NV,✅ 네이버만(과거 모델),,https://auto.naver.com/bike/lineup.nhn?bikeNo=6619,,,
BKM002-0138,BKM002,야마하,BKM002-G060,액시스-Z,액시스-Z,138,스쿠터,124.8,51~125cc,가솔린,2018,2018,NV,✅ 네이버만(과거 모델),,https://auto.naver.com/bike/lineup.nhn?bikeNo=4403,,,
BKM002-0139,BKM002,야마하,BKM002-G010,트레이서,트레이서 900GT,139,투어러,847,501~1000cc,가솔린,2018,2018,NV,🟡 유사 후보 확인,,https://auto.naver.com/bike/lineup.nhn?bikeNo=3849,,트레이서 9 GT+,
BKM002-0140,BKM002,야마하,BKM002-G005,XSR,XSR900 아바쓰,140,네이키드,847,501~1000cc,가솔린,2017,2017,NV,🟡 유사 후보 확인,,https://auto.naver.com/bike/lineup.nhn?bikeNo=3132,,XSR 900,
BKM002-0141,BKM002,야마하,BKM002-G050,YXZ,YXZ1000R SS,141,ATV,998,501~1000cc,가솔린,2017,2017,NV,✅ 네이버만(과거 모델),,https://auto.naver.com/bike/lineup.nhn?bikeNo=2843,,,
BKM002-0142,BKM002,야마하,BKM002-G009,볼트,볼트,142,크루저,942,501~1000cc,가솔린,2014,2017,NV,✅ 네이버만(과거 모델),,https://auto.naver.com/bike/lineup.nhn?bikeNo=2833,,,
BKM002-0143,BKM002,야마하,BKM002-G061,E-비노,E-비노,143,스쿠터,,전기,전기,2016,2016,NV,✅ 네이버만(과거 모델),,https://auto.naver.com/bike/lineup.nhn?bikeNo=6513,,,"🟡 장르 ""전기""→연료 전기로 분리, 장르는 추정"
BKM002-0144,BKM002,야마하,BKM002-G062,FJ-09,FJ-09,144,투어러,847,501~1000cc,가솔린,2015,2016,NV,✅ 네이버만(과거 모델),,https://auto.naver.com/bike/lineup.nhn?bikeNo=2359,,,
BKM002-0145,BKM002,야마하,BKM002-G011,FJR,FJR1300ES,145,투어러,1298,1001cc 이상,가솔린,2015,2016,NV,🟡 유사 후보 확인,,https://auto.naver.com/bike/lineup.nhn?bikeNo=2794,,FJR 1300 AS / FJR 1300,
BKM002-0146,BKM002,야마하,BKM002-G016,FZ,FZ-07,146,스포츠,689,501~1000cc,가솔린,2016,2016,NV,✅ 네이버만(과거 모델),,https://auto.naver.com/bike/lineup.nhn?bikeNo=2513,,,
BKM002-0147,BKM002,야마하,BKM002-G016,FZ,FZ-09,147,스포츠,847,501~1000cc,가솔린,2016,2016,NV,✅ 네이버만(과거 모델),,https://auto.naver.com/bike/lineup.nhn?bikeNo=2309,,,
BKM002-0148,BKM002,야마하,BKM002-G016,FZ,FZ6R,148,네이키드,600,501~1000cc,가솔린,2016,2016,NV,🟡 유사 후보 확인,,https://auto.naver.com/bike/lineup.nhn?bikeNo=2419,,FZ 6,
BKM002-0149,BKM002,야마하,BKM002-G063,TZR50,TZR50,149,스포츠,49.7,50cc 이하,가솔린,2016,2016,NV,✅ 네이버만(과거 모델),,https://auto.naver.com/bike/lineup.nhn?bikeNo=2053,,,
BKM002-0150,BKM002,야마하,BKM002-G064,XJR,XJR1300 레이서,150,네이키드,1251,1001cc 이상,가솔린,2016,2016,NV,🟡 유사 후보 확인,,https://auto.naver.com/bike/lineup.nhn?bikeNo=2539,,XJR 1300,
BKM002-0151,BKM002,야마하,BKM002-G065,XV,XV950,151,크루저,942,501~1000cc,가솔린,2016,2016,NV,✅ 네이버만(과거 모델),,https://auto.naver.com/bike/lineup.nhn?bikeNo=2537,,,
BKM002-0152,BKM002,야마하,BKM002-G065,XV,XV950 R,152,크루저,942,501~1000cc,가솔린,2016,2016,NV,🟡 유사 후보 확인,,https://auto.naver.com/bike/lineup.nhn?bikeNo=2538,,XVS 950 CR,
BKM002-0153,BKM002,야마하,BKM002-G065,XV,XV950 레이서,153,크루저,942,501~1000cc,가솔린,2015,2016,NV,✅ 네이버만(과거 모델),,https://auto.naver.com/bike/lineup.nhn?bikeNo=2536,,,
BKM002-0154,BKM002,야마하,BKM002-G050,YXZ,YXZ1000R SE,154,ATV,998,501~1000cc,가솔린,2016,2016,NV,✅ 네이버만(과거 모델),,https://auto.naver.com/bike/lineup.nhn?bikeNo=2363,,,
BKM002-0155,BKM002,야마하,BKM002-G003,YZF,YZF-R1S,155,스포츠,998,501~1000cc,가솔린,2016,2016,NV,🟡 유사 후보 확인,,https://auto.naver.com/bike/lineup.nhn?bikeNo=2291,,YZF R1 SP / YZF R1,
BKM002-0156,BKM002,야마하,BKM002-G003,YZF,YZF-R25,156,스포츠,249,126~250cc,가솔린,2016,2016,NV,🟡 유사 후보 확인,,https://auto.naver.com/bike/lineup.nhn?bikeNo=2502,,YZF R 125,
BKM002-0157,BKM002,야마하,BKM002-G066,라이더,라이더,157,크루저,1854,1001cc 이상,가솔린,2016,2016,NV,✅ 네이버만(과거 모델),,https://auto.naver.com/bike/lineup.nhn?bikeNo=2413,,,
BKM002-0158,BKM002,야마하,BKM002-G017,비노,비노 XC50D,158,스쿠터,49,50cc 이하,가솔린,2016,2016,NV,✅ 네이버만(과거 모델),,https://auto.naver.com/bike/lineup.nhn?bikeNo=2281,,,
BKM002-0159,BKM002,야마하,BKM002-G067,비위즈,비위즈 네이키드,159,스쿠터,49,50cc 이하,가솔린,2016,2016,NV,✅ 네이버만(과거 모델),,https://auto.naver.com/bike/lineup.nhn?bikeNo=2295,,,
BKM002-0160,BKM002,야마하,BKM002-G067,비위즈,비위즈 오리지날,160,스쿠터,49,50cc 이하,가솔린,2016,2016,NV,✅ 네이버만(과거 모델),,https://auto.naver.com/bike/lineup.nhn?bikeNo=2294,,,
BKM002-0161,BKM002,야마하,BKM002-G067,비위즈,비위즈 이지,161,스쿠터,49,50cc 이하,가솔린,2016,2016,NV,✅ 네이버만(과거 모델),,https://auto.naver.com/bike/lineup.nhn?bikeNo=2293,,,
BKM002-0162,BKM002,야마하,BKM002-G054,슈퍼테네레,슈퍼테네레,162,멀티퍼퍼스,1199,1001cc 이상,가솔린,2012,2016,NV,✅ 네이버만(과거 모델),,https://auto.naver.com/bike/lineup.nhn?bikeNo=2867,,,
BKM002-0163,BKM002,야마하,BKM002-G068,시그너스 X SR,시그너스 X SR,163,스쿠터,124,51~125cc,가솔린,2015,2016,NV,✅ 네이버만(과거 모델),,https://auto.naver.com/bike/lineup.nhn?bikeNo=2307,,,
BKM002-0164,BKM002,야마하,BKM002-G020,에어록스,에어록스 4,164,스쿠터,49,50cc 이하,가솔린,2016,2016,NV,✅ 네이버만(과거 모델),,https://auto.naver.com/bike/lineup.nhn?bikeNo=6973,,,
BKM002-0165,BKM002,야마하,BKM002-G044,울버린,울버린 700,165,ATV,708,501~1000cc,가솔린,2016,2016,NV,✅ 네이버만(과거 모델),,https://auto.naver.com/bike/lineup.nhn?bikeNo=2515,,,
BKM002-0166,BKM002,야마하,BKM002-G044,울버린,울버린 700 R-SPEC EPS,166,ATV,708,501~1000cc,가솔린,2016,2016,NV,✅ 네이버만(과거 모델),,https://auto.naver.com/bike/lineup.nhn?bikeNo=2514,,,
BKM002-0167,BKM002,야마하,BKM002-G044,울버린,울버린 C-Spec,167,크루저,942,501~1000cc,가솔린,2016,2016,NV,✅ 네이버만(과거 모델),,https://auto.naver.com/bike/lineup.nhn?bikeNo=2415,,,
BKM002-0168,BKM002,야마하,BKM002-G044,울버린,울버린 R-Spec,168,크루저,942,501~1000cc,가솔린,2016,2016,NV,✅ 네이버만(과거 모델),,https://auto.naver.com/bike/lineup.nhn?bikeNo=2417,,,
BKM002-0169,BKM002,야마하,BKM002-G024,조그,조그,169,스쿠터,49,50cc 이하,가솔린,2016,2016,NV,✅ 네이버만(과거 모델),,https://auto.naver.com/bike/lineup.nhn?bikeNo=2259,,,
BKM002-0170,BKM002,야마하,BKM002-G069,주마,주마 125,170,스쿠터,124,51~125cc,가솔린,2016,2016,NV,✅ 네이버만(과거 모델),,https://auto.naver.com/bike/lineup.nhn?bikeNo=7179,,,
BKM002-0171,BKM002,야마하,BKM002-G069,주마,주마 50F,171,스쿠터,49,50cc 이하,가솔린,2016,2016,NV,✅ 네이버만(과거 모델),,https://auto.naver.com/bike/lineup.nhn?bikeNo=2587,,,
BKM002-0172,BKM002,야마하,BKM002-G069,주마,주마 50FX,172,스쿠터,49,50cc 이하,가솔린,2016,2016,NV,✅ 네이버만(과거 모델),,https://auto.naver.com/bike/lineup.nhn?bikeNo=2589,,,
BKM002-0173,BKM002,야마하,BKM002-G012,트리시티,트리시티 155,173,삼륜,155,126~250cc,가솔린,2016,2016,NV,🟡 유사 후보 확인,,https://auto.naver.com/bike/lineup.nhn?bikeNo=6665,,트리시티 125 / 트리시티 125 S,
BKM002-0174,BKM002,야마하,BKM002-G070,EC-03,EC-03,174,스쿠터,,전기,전기,2015,2015,NV,✅ 네이버만(과거 모델),,https://auto.naver.com/bike/lineup.nhn?bikeNo=2102,,,"🟡 장르 ""전기""→연료 전기로 분리, 장르는 추정"
BKM002-0175,BKM002,야마하,BKM002-G001,MT,MT-07 모토 케이지,175,네이키드,689,501~1000cc,가솔린,2015,2015,NV,🟡 유사 후보 확인,,https://auto.naver.com/bike/lineup.nhn?bikeNo=1521,,MT 07,
BKM002-0176,BKM002,야마하,BKM002-G001,MT,MT-09 스트리트 랠리,176,네이키드,847,501~1000cc,가솔린,2015,2015,NV,🟡 유사 후보 확인,,https://auto.naver.com/bike/lineup.nhn?bikeNo=2055,,MT 09,
BKM002-0177,BKM002,야마하,BKM002-G071,S-MAX,S-MAX,177,스쿠터,155,126~250cc,가솔린,2015,2015,NV,✅ 네이버만(과거 모델),,https://auto.naver.com/bike/lineup.nhn?bikeNo=2125,,,
BKM002-0178,BKM002,야마하,BKM002-G028,WR,WR125X,178,오프로드,124.7,51~125cc,가솔린,2015,2015,NV,🟡 유사 후보 확인,,https://auto.naver.com/bike/lineup.nhn?bikeNo=2064,,WR 250 X,
BKM002-0179,BKM002,야마하,BKM002-G064,XJR,XJR 1300,179,네이키드,1250,1001cc 이상,가솔린,2015,2015,RW+NV,✅ RW+NV 일치,9042,https://auto.naver.com/bike/lineup.nhn?bikeNo=1520,,,
BKM002-0180,BKM002,야마하,BKM002-G048,XT,XT 1200 Z 슈퍼테네레,180,멀티퍼퍼스,1199,1001cc 이상,가솔린,2015,2015,RW+NV,✅ RW+NV 일치,9053,https://auto.naver.com/bike/lineup.nhn?bikeNo=2063,,,
BKM002-0181,BKM002,야마하,BKM002-G048,XT,XT 660 Z 테네레,181,멀티퍼퍼스,660,501~1000cc,가솔린,2015,2015,RW+NV,✅ RW+NV 일치,9057,https://auto.naver.com/bike/lineup.nhn?bikeNo=2067,,,
BKM002-0182,BKM002,야마하,BKM002-G072,XVS,XVS 1300 커스텀,182,크루저,1304,1001cc 이상,가솔린,2015,2015,RW+NV,✅ RW+NV 일치,9061,https://auto.naver.com/bike/lineup.nhn?bikeNo=2135,,,
BKM002-0183,BKM002,야마하,BKM002-G073,YBR125,YBR125,183,네이키드,124,51~125cc,가솔린,2015,2015,NV,🟡 유사 후보 확인,,https://auto.naver.com/bike/lineup.nhn?bikeNo=6965,,YB 125,
BKM002-0184,BKM002,야마하,BKM002-G074,YZF R 125,YZF R 125,184,스포츠,125,51~125cc,가솔린,2012,2015,RW+NV,✅ RW+NV 일치,13296,https://auto.naver.com/bike/lineup.nhn?bikeNo=2137,,,
BKM002-0185,BKM002,야마하,BKM002-G075,그랜드 마제스티 400,그랜드 마제스티 400,185,스쿠터,394,251~500cc,가솔린,2015,2015,NV,🟡 유사 후보 확인,,https://auto.naver.com/bike/lineup.nhn?bikeNo=2077,,마제스티 400,
BKM002-0186,BKM002,야마하,BKM002-G076,기어 50,기어 50,186,스쿠터,49,50cc 이하,가솔린,2015,2015,RW+NV,✅ RW+NV 일치,9115,https://auto.naver.com/bike/lineup.nhn?bikeNo=2139,,,
BKM002-0187,BKM002,야마하,BKM002-G025,드랙스타,드래그스타 클래식400,187,크루저,399,251~500cc,가솔린,2015,2015,NV,✅ 네이버만(과거 모델),,https://auto.naver.com/bike/lineup.nhn?bikeNo=2211,,,
BKM002-0188,BKM002,야마하,BKM002-G025,드랙스타,드래그스타250,188,크루저,248,126~250cc,가솔린,2015,2015,NV,✅ 네이버만(과거 모델),,https://auto.naver.com/bike/lineup.nhn?bikeNo=2209,,,
BKM002-0189,BKM002,야마하,BKM002-G053,바이킹,바이킹 700 VI EPS,189,ATV,686,501~1000cc,가솔린,2015,2015,NV,✅ 네이버만(과거 모델),,https://auto.naver.com/bike/lineup.nhn?bikeNo=1397,,,
BKM002-0190,BKM002,야마하,BKM002-G053,바이킹,바이킹 700 VI EPS SE,190,ATV,686,501~1000cc,가솔린,2015,2015,NV,✅ 네이버만(과거 모델),,https://auto.naver.com/bike/lineup.nhn?bikeNo=1395,,,
BKM002-0191,BKM002,야마하,BKM002-G077,복스,복스,191,스쿠터,49,50cc 이하,가솔린,2015,2015,RW+NV,✅ RW+NV 일치,9167,https://auto.naver.com/bike/lineup.nhn?bikeNo=2078,,,
BKM002-0192,BKM002,야마하,BKM002-G009,볼트,볼트 C-Spec,192,크루저,942,501~1000cc,가솔린,2015,2015,NV,✅ 네이버만(과거 모델),,https://auto.naver.com/bike/lineup.nhn?bikeNo=1569,,,
BKM002-0193,BKM002,야마하,BKM002-G078,쉐로우 250,쉐로우 250,193,오프로드,250,126~250cc,가솔린,2015,2015,RW+NV,✅ RW+NV 일치,9192,https://auto.naver.com/bike/lineup.nhn?bikeNo=2195,,,
BKM002-0194,BKM002,야마하,BKM002-G079,악시스 125,악시스 125,194,스쿠터,125,51~125cc,가솔린,2015,2015,RW+NV,✅ RW+NV 일치,13100,https://auto.naver.com/bike/lineup.nhn?bikeNo=2213,,,
BKM002-0195,BKM002,야마하,BKM002-G020,에어록스,에어록스 R,195,스쿠터,49.3,50cc 이하,가솔린,2015,2015,NV,✅ 네이버만(과거 모델),,https://auto.naver.com/bike/lineup.nhn?bikeNo=2061,,,
BKM002-0196,BKM002,야마하,BKM002-G080,엑스엔터 125,엑스엔터 125,196,스쿠터,124,51~125cc,가솔린,2015,2015,NV,✅ 네이버만(과거 모델),,https://auto.naver.com/bike/lineup.nhn?bikeNo=2103,,,
BKM002-0197,BKM002,야마하,BKM002-G081,조그RR,조그RR,197,스쿠터,49,50cc 이하,가솔린,2015,2015,NV,✅ 네이버만(과거 모델),,https://auto.naver.com/bike/lineup.nhn?bikeNo=2104,,,
BKM002-0198,BKM002,야마하,BKM002-G082,조그ZR,조그ZR,198,스쿠터,49,50cc 이하,가솔린,2015,2015,NV,✅ 네이버만(과거 모델),,https://auto.naver.com/bike/lineup.nhn?bikeNo=2219,,,
BKM002-0199,BKM002,야마하,BKM002-G016,FZ,FZ 8 N,199,네이키드,779,501~1000cc,가솔린,2012,2014,RW+NV,✅ RW+NV 일치,8936,https://auto.naver.com/bike/lineup.nhn?bikeNo=1280,,,
BKM002-0200,BKM002,야마하,BKM002-G016,FZ,FZ 8 S,200,네이키드,779,501~1000cc,가솔린,2012,2014,RW+NV,✅ RW+NV 일치,8937,https://auto.naver.com/bike/lineup.nhn?bikeNo=6963,,,
BKM002-0201,BKM002,야마하,BKM002-G057,TT,TT-R125LE,201,오프로드,124,51~125cc,가솔린,2014,2014,NV,✅ 네이버만(과거 모델),,https://auto.naver.com/bike/lineup.nhn?bikeNo=1407,,,
BKM002-0202,BKM002,야마하,BKM002-G057,TT,TT-R230,202,오프로드,223,126~250cc,가솔린,2014,2014,NV,✅ 네이버만(과거 모델),,https://auto.naver.com/bike/lineup.nhn?bikeNo=1409,,,
BKM002-0203,BKM002,야마하,BKM002-G057,TT,TT-R50E,203,오프로드,50,50cc 이하,가솔린,2014,2014,NV,✅ 네이버만(과거 모델),,https://auto.naver.com/bike/lineup.nhn?bikeNo=1405,,,
BKM002-0204,BKM002,야마하,BKM002-G018,YB,YB 125 커스텀,204,크루저,124,51~125cc,가솔린,2013,2014,RW+NV,✅ RW+NV 일치,9068,https://auto.naver.com/bike/lineup.nhn?bikeNo=1309,,,
BKM002-0205,BKM002,야마하,BKM002-G083,YZR-M1,YZR-M1,205,스포츠,1000,501~1000cc,가솔린,2013,2014,NV,🟡 유사 후보 확인,,https://auto.naver.com/bike/lineup.nhn?bikeNo=1335,,YZF R1,
BKM002-0206,BKM002,야마하,BKM002-G051,그리즐리,그리즐리 700,206,ATV,686,501~1000cc,가솔린,2012,2014,NV,✅ 네이버만(과거 모델),,https://auto.naver.com/bike/lineup.nhn?bikeNo=1310,,,
BKM002-0207,BKM002,야마하,BKM002-G019,마제스티,마제스티 400,207,스쿠터,395,251~500cc,가솔린,2012,2014,RW+NV,✅ RW+NV 일치,9160,https://auto.naver.com/bike/lineup.nhn?bikeNo=1311,,,
BKM002-0208,BKM002,야마하,BKM002-G053,바이킹,바이킹 700,208,ATV,686,501~1000cc,가솔린,2014,2014,NV,✅ 네이버만(과거 모델),,https://auto.naver.com/bike/lineup.nhn?bikeNo=7113,,,
BKM002-0209,BKM002,야마하,BKM002-G067,비위즈,비위즈 125,209,스쿠터,125,51~125cc,가솔린,2012,2014,RW+NV,✅ RW+NV 일치,9188,https://auto.naver.com/bike/lineup.nhn?bikeNo=1306,,,
BKM002-0210,BKM002,야마하,BKM002-G067,비위즈,비위즈 50,210,스쿠터,49,50cc 이하,가솔린,2014,2014,NV,✅ 네이버만(과거 모델),,https://auto.naver.com/bike/lineup.nhn?bikeNo=1404,,,
BKM002-0211,BKM002,야마하,BKM002-G084,비티,비티 FI,211,스쿠터,124,51~125cc,가솔린,2012,2014,NV,✅ 네이버만(과거 모델),,https://auto.naver.com/bike/lineup.nhn?bikeNo=1313,,,
BKM002-0212,BKM002,야마하,BKM002-G039,씨그너스,씨그너스 X,212,스쿠터,124,51~125cc,가솔린,2012,2014,RW+NV,✅ RW+NV 일치,10959,https://auto.naver.com/bike/lineup.nhn?bikeNo=1314,,,
BKM002-0213,BKM002,야마하,BKM002-G069,주마,주마 50X,213,스쿠터,49,50cc 이하,가솔린,2014,2014,NV,✅ 네이버만(과거 모델),,https://auto.naver.com/bike/lineup.nhn?bikeNo=1411,,,
BKM002-0214,BKM002,야마하,BKM002-G040,크립톤,크립톤,214,언더본·비즈니스,110,51~125cc,가솔린,2012,2014,NV,✅ 네이버만(과거 모델),,https://auto.naver.com/bike/lineup.nhn?bikeNo=1315,,,
BKM002-0215,BKM002,야마하,BKM002-G028,WR,WR 250 X,215,오프로드,250,126~250cc,가솔린,2012,2013,RW+NV,✅ RW+NV 일치,9027,https://auto.naver.com/bike/lineup.nhn?bikeNo=503,,,
BKM002-0216,BKM002,야마하,BKM002-G030,XJ,XJ 6 디버전 F,216,네이키드,600,501~1000cc,가솔린,2012,2013,RW+NV,✅ RW+NV 일치,9040,https://auto.naver.com/bike/lineup.nhn?bikeNo=491,,,
BKM002-0217,BKM002,야마하,BKM002-G048,XT,XT 660 X,217,오프로드,660,501~1000cc,가솔린,2012,2013,RW+NV,✅ RW+NV 일치,9056,https://auto.naver.com/bike/lineup.nhn?bikeNo=505,,,
BKM002-0218,BKM002,야마하,BKM002-G048,XT,XT660R,218,멀티퍼퍼스,660,501~1000cc,가솔린,2012,2013,NV,🟡 유사 후보 확인,,https://auto.naver.com/bike/lineup.nhn?bikeNo=507,,XT 660 X,
BKM002-0219,BKM002,야마하,BKM002-G023,로드라이너,로드라이너,219,크루저,1854,1001cc 이상,가솔린,2012,2013,NV,✅ 네이버만(과거 모델),,https://auto.naver.com/bike/lineup.nhn?bikeNo=473,,,
BKM002-0220,BKM002,야마하,BKM002-G085,스트라토라이너,스트라토라이너,220,크루저,1854,1001cc 이상,가솔린,2012,2013,RW+NV,✅ RW+NV 일치,11077,https://auto.naver.com/bike/lineup.nhn?bikeNo=475,,,
BKM002-0221,BKM002,야마하,BKM002-G016,FZ,FZ1-S 페이저,221,네이키드,998,501~1000cc,가솔린,2012,2012,NV,🟡 유사 후보 확인,,https://auto.naver.com/bike/lineup.nhn?bikeNo=209,,FZ 1 S,
BKM002-0222,BKM002,야마하,BKM002-G042,PW,PW80,222,오프로드,79,51~125cc,가솔린,2012,2012,NV,✅ 네이버만(과거 모델),,https://auto.naver.com/bike/lineup.nhn?bikeNo=227,,,
BKM002-0223,BKM002,야마하,BKM002-G030,XJ,XJ6-S,223,네이키드,600,501~1000cc,가솔린,2012,2012,NV,✅ 네이버만(과거 모델),,https://auto.naver.com/bike/lineup.nhn?bikeNo=213,,,
BKM002-0224,BKM002,야마하,BKM002-G018,YB,YB 125,224,클래식,124,51~125cc,가솔린,2012,2012,RW+NV,✅ RW+NV 일치,13240,https://auto.naver.com/bike/lineup.nhn?bikeNo=221,,,
BKM002-0225,BKM002,야마하,BKM002-G051,그리즐리,그리즐리 125,225,ATV,124,51~125cc,가솔린,2012,2012,NV,✅ 네이버만(과거 모델),,https://auto.naver.com/bike/lineup.nhn?bikeNo=223,,,
BKM002-0226,BKM002,야마하,BKM002-G086,모르포스,모르포스,226,스쿠터,249,126~250cc,가솔린,2005,2005,NV,✅ 네이버만(과거 모델),,https://auto.naver.com/bike/lineup.nhn?bikeNo=2221,,,
BKM002-0227,BKM002,야마하,BKM002-G065,XV,XV 1700PC 로드스타 워리어,227,크루저,1670,1001cc 이상,가솔린,2002,2002,NV,✅ 네이버만(과거 모델),,https://auto.naver.com/bike/lineup.nhn?bikeNo=2225,,,
BKM002-0228,BKM002,야마하,BKM002-G087,AEROX R,AEROX R,228,스쿠터,49,50cc 이하,가솔린,,,RW,✅ 라이트바겐만,8912,,,,🟡 연료 원천 없음→가솔린 추정
BKM002-0229,BKM002,야마하,BKM002-G088,DT 125 R,DT 125 R,229,오프로드,123,51~125cc,가솔린,,,RW,✅ 라이트바겐만,8917,,,,🟡 연료 원천 없음→가솔린 추정
BKM002-0230,BKM002,야마하,BKM002-G016,FZ,FZ 1 S,230,네이키드,998,501~1000cc,가솔린,,,RW,✅ 라이트바겐만,8929,,,,🟡 연료 원천 없음→가솔린 추정
BKM002-0231,BKM002,야마하,BKM002-G016,FZ,FZ S,231,네이키드,998,501~1000cc,가솔린,,,RW,✅ 라이트바겐만,8938,,,,🟡 연료 원천 없음→가솔린 추정
BKM002-0232,BKM002,야마하,BKM002-G089,FZR 1300 A,FZR 1300 A,232,투어러,1297,1001cc 이상,가솔린,,,RW,✅ 라이트바겐만,8940,,,,🟡 연료 원천 없음→가솔린 추정
BKM002-0233,BKM002,야마하,BKM002-G090,GT 125,GT 125,233,스쿠터,124,51~125cc,가솔린,,,RW,✅ 라이트바겐만,8948,,,,🟡 연료 원천 없음→가솔린 추정
BKM002-0234,BKM002,야마하,BKM002-G091,GTR 125,GTR 125,234,스쿠터,124,51~125cc,가솔린,,,RW,✅ 라이트바겐만,8949,,,,🟡 연료 원천 없음→가솔린 추정
BKM002-0235,BKM002,야마하,BKM002-G092,NVX 125,NVX 125,235,스쿠터,124,51~125cc,가솔린,,,RW,✅ 라이트바겐만,8968,,,,🟡 연료 원천 없음→가솔린 추정
BKM002-0236,BKM002,야마하,BKM002-G093,R 250,R 250,236,스포츠,248,126~250cc,가솔린,,,RW,✅ 라이트바겐만,10962,,,,🟡 연료 원천 없음→가솔린 추정
BKM002-0237,BKM002,야마하,BKM002-G094,SMAX 155 ABS,SMAX 155 ABS,237,스쿠터,155,126~250cc,가솔린,,,RW,✅ 라이트바겐만,8985,,,,🟡 연료 원천 없음→가솔린 추정
BKM002-0238,BKM002,야마하,BKM002-G002,TMAX,TMAX 500,238,스쿠터,499,251~500cc,가솔린,,,RW,✅ 라이트바겐만,13309,,,,🟡 연료 원천 없음→가솔린 추정
BKM002-0239,BKM002,야마하,BKM002-G064,XJR,XJR 1200,239,네이키드,1188,1001cc 이상,가솔린,,,RW,✅ 라이트바겐만,9041,,,,🟡 연료 원천 없음→가솔린 추정
BKM002-0240,BKM002,야마하,BKM002-G064,XJR,XJR 1300 SP,240,네이키드,1250,1001cc 이상,가솔린,,,RW,✅ 라이트바겐만,9043,,,,🟡 연료 원천 없음→가솔린 추정
BKM002-0241,BKM002,야마하,BKM002-G065,XV,XV 1900A 로드라이너,241,크루저,1854,1001cc 이상,가솔린,,,RW,✅ 라이트바겐만,9060,,,,🟡 연료 원천 없음→가솔린 추정
BKM002-0242,BKM002,야마하,BKM002-G072,XVS,XVS 400,242,클래식,399,251~500cc,가솔린,,,RW,✅ 라이트바겐만,13233,,,,🟡 연료 원천 없음→가솔린 추정
BKM002-0243,BKM002,야마하,BKM002-G072,XVS,XVS 950 CR,243,크루저,942,501~1000cc,가솔린,,,RW,✅ 라이트바겐만,9063,,,,🟡 연료 원천 없음→가솔린 추정
BKM002-0244,BKM002,야마하,BKM002-G025,드랙스타,드랙스타 1100A 클래식,244,크루저,1063,1001cc 이상,가솔린,,,RW,✅ 라이트바겐만,9121,,,,🟡 연료 원천 없음→가솔린 추정
BKM002-0245,BKM002,야마하,BKM002-G025,드랙스타,드랙스타 400,245,크루저,400,251~500cc,가솔린,,,RW,✅ 라이트바겐만,9123,,,,🟡 연료 원천 없음→가솔린 추정
BKM002-0246,BKM002,야마하,BKM002-G025,드랙스타,드랙스타 400 클래식,246,크루저,400,251~500cc,가솔린,,,RW,✅ 라이트바겐만,9124,,,,🟡 연료 원천 없음→가솔린 추정
BKM002-0247,BKM002,야마하,BKM002-G025,드랙스타,드랙스타 650,247,크루저,649,501~1000cc,가솔린,,,RW,✅ 라이트바겐만,9125,,,,🟡 연료 원천 없음→가솔린 추정
BKM002-0248,BKM002,야마하,BKM002-G025,드랙스타,드랙스타 650 클래식,248,크루저,649,501~1000cc,가솔린,,,RW,✅ 라이트바겐만,9126,,,,🟡 연료 원천 없음→가솔린 추정
BKM002-0249,BKM002,야마하,BKM002-G025,드랙스타,드랙스타 650A 클래식,249,크루저,649,501~1000cc,가솔린,,,RW,✅ 라이트바겐만,9127,,,,🟡 연료 원천 없음→가솔린 추정
BKM002-0250,BKM002,야마하,BKM002-G035,로드스타,로드스타 1600,250,크루저,1600,1001cc 이상,가솔린,,,RW,✅ 라이트바겐만,9141,,,,🟡 연료 원천 없음→가솔린 추정
BKM002-0251,BKM002,야마하,BKM002-G035,로드스타,로드스타 1600A,251,크루저,1600,1001cc 이상,가솔린,,,RW,✅ 라이트바겐만,9142,,,,🟡 연료 원천 없음→가솔린 추정
BKM002-0252,BKM002,야마하,BKM002-G035,로드스타,로드스타 1700,252,크루저,1670,1001cc 이상,가솔린,,,RW,✅ 라이트바겐만,9143,,,,🟡 연료 원천 없음→가솔린 추정
BKM002-0253,BKM002,야마하,BKM002-G035,로드스타,로드스타 1700 실버라도,253,크루저,1670,1001cc 이상,가솔린,,,RW,✅ 라이트바겐만,9144,,,,🟡 연료 원천 없음→가솔린 추정
BKM002-0254,BKM002,야마하,BKM002-G095,로드스타 워리어 1700,로드스타 워리어 1700,254,크루저,1670,1001cc 이상,가솔린,,,RW,✅ 라이트바겐만,9149,,,,🟡 연료 원천 없음→가솔린 추정
BKM002-0255,BKM002,야마하,BKM002-G096,로얄스타 미드나잇 벤처 1300,로얄스타 미드나잇 벤처 1300,255,크루저,1304,1001cc 이상,가솔린,,,RW,✅ 라이트바겐만,9151,,,,🟡 연료 원천 없음→가솔린 추정
BKM002-0256,BKM002,야마하,BKM002-G097,로얄스타 클래식 디럭스 1300,로얄스타 클래식 디럭스 1300,256,크루저,1304,1001cc 이상,가솔린,,,RW,✅ 라이트바겐만,9154,,,,🟡 연료 원천 없음→가솔린 추정
BKM002-0257,BKM002,야마하,BKM002-G098,로얄스타 투어 디럭스 1300,로얄스타 투어 디럭스 1300,257,크루저,1304,1001cc 이상,가솔린,,,RW,✅ 라이트바겐만,9155,,,,🟡 연료 원천 없음→가솔린 추정
BKM002-0258,BKM002,야마하,BKM002-G099,로얄스타 투어 클래식 1300,로얄스타 투어 클래식 1300,258,크루저,1304,1001cc 이상,가솔린,,,RW,✅ 라이트바겐만,9156,,,,🟡 연료 원천 없음→가솔린 추정
BKM002-0259,BKM002,야마하,BKM002-G019,마제스티,마제스티 250,259,스쿠터,249,126~250cc,가솔린,,,RW,✅ 라이트바겐만,9159,,,,🟡 연료 원천 없음→가솔린 추정
BKM002-0260,BKM002,야마하,BKM002-G017,비노,비노 125,260,스쿠터,124,51~125cc,가솔린,,,RW,✅ 라이트바겐만,9176,,,,🟡 연료 원천 없음→가솔린 추정
BKM002-0261,BKM002,야마하,BKM002-G038,비라고,비라고 1100,261,크루저,1100,1001cc 이상,가솔린,,,RW,✅ 라이트바겐만,10961,,,,🟡 연료 원천 없음→가솔린 추정
BKM002-0262,BKM002,야마하,BKM002-G038,비라고,비라고 535,262,크루저,535,501~1000cc,가솔린,,,RW,✅ 라이트바겐만,9185,,,,🟡 연료 원천 없음→가솔린 추정
BKM002-0263,BKM002,야마하,BKM002-G067,비위즈,비위즈 100,263,스쿠터,101,51~125cc,가솔린,,,RW,✅ 라이트바겐만,9187,,,,🟡 연료 원천 없음→가솔린 추정
BKM002-0264,BKM002,야마하,BKM002-G084,비티,비티 125,264,스쿠터,125,51~125cc,가솔린,,,RW,✅ 라이트바겐만,9190,,,,🟡 연료 원천 없음→가솔린 추정
BKM002-0265,BKM002,야마하,BKM002-G039,씨그너스,씨그너스 S,265,스쿠터,124,51~125cc,가솔린,,,RW,✅ 라이트바겐만,9201,,,,🟡 연료 원천 없음→가솔린 추정
BKM002-0266,BKM002,야마하,BKM002-G020,에어록스,에어록스 155 ABS,266,스쿠터,155,126~250cc,가솔린,,,RW,✅ 라이트바겐만,8911,,,,🟡 연료 원천 없음→가솔린 추정
BKM002-0267,BKM002,야마하,BKM002-G100,타겟 50,타겟 50,267,스쿠터,49,50cc 이하,가솔린,,,RW,✅ 라이트바겐만,9225,,,,🟡 연료 원천 없음→가솔린 추정
BKM002-0268,BKM002,야마하,BKM002-G101,트리커 250,트리커 250,268,멀티퍼퍼스,249,126~250cc,가솔린,,,RW,✅ 라이트바겐만,9232,,,,🟡 연료 원천 없음→가솔린 추정
BKM002-0269,BKM002,야마하,BKM002-G041,페이저,페이저 1000,269,네이키드,1002,1001cc 이상,가솔린,,,RW,✅ 라이트바겐만,9240,,,,🟡 연료 원천 없음→가솔린 추정
BKM002-0270,BKM002,야마하,BKM002-G102,필라노 125,필라노 125,270,스쿠터,125,51~125cc,가솔린,,,RW,✅ 라이트바겐만,9247,,,,🟡 연료 원천 없음→가솔린 추정
BKM003-0001,BKM003,BMW,BKM003-G001,S 시리즈,S 1000 RR,1,스포츠,999,501~1000cc,가솔린,2012,2025,RW+NV,✅ RW+NV 일치,8451,https://auto.naver.com/bike/lineup.nhn?bikeNo=7103,,,
BKM003-0002,BKM003,BMW,BKM003-G002,G 시리즈,G 310 R,2,네이키드,313,251~500cc,가솔린,2017,2024,RW+NV,✅ RW+NV 일치,8371,https://auto.naver.com/bike/lineup.nhn?bikeNo=5216,,,
BKM003-0003,BKM003,BMW,BKM003-G001,S 시리즈,S 1000 R,3,네이키드,999,501~1000cc,가솔린,2014,2024,RW+NV,✅ RW+NV 일치,8450,https://auto.naver.com/bike/lineup.nhn?bikeNo=5224,,,
BKM003-0004,BKM003,BMW,BKM003-G002,G 시리즈,G 310 GS,4,멀티퍼퍼스,313,251~500cc,가솔린,2017,2024,RW+NV,✅ RW+NV 일치,8370,https://auto.naver.com/bike/lineup.nhn?bikeNo=7349,,,
BKM003-0005,BKM003,BMW,BKM003-G003,R 시리즈,R nine T,5,네이키드,1170,1001cc 이상,가솔린,2014,2019,RW+NV,✅ RW+NV 일치,13033,https://auto.naver.com/bike/lineup.nhn?bikeNo=4863,,,
BKM003-0006,BKM003,BMW,BKM003-G004,C 시리즈,C 400 GT,6,스쿠터,350,251~500cc,가솔린,2019,2025,RW+NV,✅ RW+NV 일치,8347,https://auto.naver.com/bike/lineup.nhn?bikeNo=6359,,,
BKM003-0007,BKM003,BMW,BKM003-G005,F 시리즈,F 900 XR,7,멀티퍼퍼스,895,501~1000cc,가솔린,2020,2024,RW+NV,✅ RW+NV 일치,8369,https://auto.naver.com/bike/lineup.nhn?bikeNo=5793,,,
BKM003-0008,BKM003,BMW,BKM003-G005,F 시리즈,F 900 R,8,네이키드,895,501~1000cc,가솔린,2020,2024,RW+NV,✅ RW+NV 일치,10886,https://auto.naver.com/bike/lineup.nhn?bikeNo=5791,,,
BKM003-0009,BKM003,BMW,BKM003-G003,R 시리즈,R 18,9,크루저,1802,1001cc 이상,가솔린,2020,2024,RW+NV,✅ RW+NV 일치,8433,https://auto.naver.com/bike/lineup.nhn?bikeNo=6048,,,
BKM003-0010,BKM003,BMW,BKM003-G001,S 시리즈,S 1000 XR,10,멀티퍼퍼스,999,501~1000cc,가솔린,2015,2024,RW+NV,✅ RW+NV 일치,8452,https://auto.naver.com/bike/lineup.nhn?bikeNo=7105,,,
BKM003-0011,BKM003,BMW,BKM003-G005,F 시리즈,F 800 GT,11,투어러,798,501~1000cc,가솔린,2013,2019,RW+NV,✅ RW+NV 일치,8362,https://auto.naver.com/bike/lineup.nhn?bikeNo=4827,,,
BKM003-0012,BKM003,BMW,BKM003-G003,R 시리즈,R 1250 GS,12,멀티퍼퍼스,1254,1001cc 이상,가솔린,2019,2021,RW+NV,✅ RW+NV 일치,8428,https://auto.naver.com/bike/lineup.nhn?bikeNo=7317,,,
BKM003-0013,BKM003,BMW,BKM003-G004,C 시리즈,C 400 X,13,스쿠터,350,251~500cc,가솔린,2018,2025,RW+NV,✅ RW+NV 일치,8348,https://auto.naver.com/bike/lineup.nhn?bikeNo=6361,,,
BKM003-0014,BKM003,BMW,BKM003-G006,M 시리즈,M 1000 RR,14,스포츠,999,501~1000cc,가솔린,2020,2024,RW+NV,✅ RW+NV 일치,8405,https://auto.naver.com/bike/lineup.nhn?bikeNo=6687,,,
BKM003-0015,BKM003,BMW,BKM003-G004,C 시리즈,C 650 GT,15,스쿠터,647,501~1000cc,가솔린,2012,2020,RW+NV,✅ RW+NV 일치,8350,https://auto.naver.com/bike/lineup.nhn?bikeNo=5211,,,
BKM003-0016,BKM003,BMW,BKM003-G003,R 시리즈,R 1200 GS,16,멀티퍼퍼스,1170,1001cc 이상,가솔린,2012,2018,RW+NV,✅ RW+NV 일치,8420,https://auto.naver.com/bike/lineup.nhn?bikeNo=4215,,,
BKM003-0017,BKM003,BMW,BKM003-G003,R 시리즈,R 1250 RT,17,투어러,1254,1001cc 이상,가솔린,2019,2024,RW+NV,✅ RW+NV 일치,8432,https://auto.naver.com/bike/lineup.nhn?bikeNo=7351,,,
BKM003-0018,BKM003,BMW,BKM003-G005,F 시리즈,F 850 GS,18,멀티퍼퍼스,853,501~1000cc,가솔린,2018,2021,RW+NV,✅ RW+NV 일치,8366,https://auto.naver.com/bike/lineup.nhn?bikeNo=6799,,,
BKM003-0019,BKM003,BMW,BKM003-G007,K 시리즈,K 1600 B,19,투어러,1649,1001cc 이상,가솔린,2018,2025,RW+NV,✅ RW+NV 일치,8399,https://auto.naver.com/bike/lineup.nhn?bikeNo=7093,,,
BKM003-0020,BKM003,BMW,BKM003-G003,R 시리즈,R 1200 RT,20,투어러,1170,1001cc 이상,가솔린,2012,2018,RW+NV,✅ RW+NV 일치,8425,https://auto.naver.com/bike/lineup.nhn?bikeNo=4223,,,
BKM003-0021,BKM003,BMW,BKM003-G007,K 시리즈,K 1600 GT,21,투어러,1649,1001cc 이상,가솔린,2012,2025,RW+NV,✅ RW+NV 일치,8400,https://auto.naver.com/bike/lineup.nhn?bikeNo=7095,,,
BKM003-0022,BKM003,BMW,BKM003-G003,R 시리즈,R 1250 GS 어드벤처,22,멀티퍼퍼스,1254,1001cc 이상,가솔린,2019,2024,RW+NV,✅ RW+NV 일치,8429,https://auto.naver.com/bike/lineup.nhn?bikeNo=7315,,,
BKM003-0023,BKM003,BMW,BKM003-G005,F 시리즈,F 750 GS,23,멀티퍼퍼스,853,501~1000cc,가솔린,2018,2021,RW+NV,✅ RW+NV 일치,8359,https://auto.naver.com/bike/lineup.nhn?bikeNo=6797,,,
BKM003-0024,BKM003,BMW,BKM003-G005,F 시리즈,F 800 R,24,네이키드,798,501~1000cc,가솔린,2012,2019,RW+NV,✅ RW+NV 일치,8363,https://auto.naver.com/bike/lineup.nhn?bikeNo=4829,,,
BKM003-0025,BKM003,BMW,BKM003-G007,K 시리즈,K 1300 R,25,네이키드,1293,1001cc 이상,가솔린,2012,2013,RW+NV,✅ RW+NV 일치,8396,https://auto.naver.com/bike/lineup.nhn?bikeNo=328,,,
BKM003-0026,BKM003,BMW,BKM003-G005,F 시리즈,F 850 GS 어드벤처,26,멀티퍼퍼스,853,501~1000cc,가솔린,2019,2021,RW+NV,✅ RW+NV 일치,8367,https://auto.naver.com/bike/lineup.nhn?bikeNo=6801,,,
BKM003-0027,BKM003,BMW,BKM003-G003,R 시리즈,R 1250 RS,27,스포츠,1254,1001cc 이상,가솔린,2020,2024,RW+NV,✅ RW+NV 일치,8431,https://auto.naver.com/bike/lineup.nhn?bikeNo=7101,,,
BKM003-0028,BKM003,BMW,BKM003-G005,F 시리즈,F 800 GS,28,멀티퍼퍼스,895,501~1000cc,가솔린,2012,2025,RW+NV,✅ RW+NV 일치,8360,https://auto.naver.com/bike/lineup.nhn?bikeNo=1467,,,
BKM003-0029,BKM003,BMW,BKM003-G003,R 시리즈,R 1200 RS,29,네이키드,1170,1001cc 이상,가솔린,2015,2019,RW+NV,✅ RW+NV 일치,8424,https://auto.naver.com/bike/lineup.nhn?bikeNo=4847,,,
BKM003-0030,BKM003,BMW,BKM003-G008,HP 시리즈,HP4,30,스포츠,999,501~1000cc,가솔린,,,RW,✅ 라이트바겐만,8380,,,,🟡 연료 원천 없음→가솔린 추정
BKM003-0031,BKM003,BMW,BKM003-G003,R 시리즈,R 1250 R,31,네이키드,1254,1001cc 이상,가솔린,2021,2024,RW+NV,✅ RW+NV 일치,8430,https://auto.naver.com/bike/lineup.nhn?bikeNo=7099,,,
BKM003-0032,BKM003,BMW,BKM003-G003,R 시리즈,R nine T 어반 GS,32,네이키드,1170,1001cc 이상,가솔린,2017,2019,RW+NV,✅ RW+NV 일치,8448,https://auto.naver.com/bike/lineup.nhn?bikeNo=6681,,,
BKM003-0033,BKM003,BMW,BKM003-G003,R 시리즈,R 1200 R,33,네이키드,1170,1001cc 이상,가솔린,2012,2019,RW+NV,✅ RW+NV 일치,8422,https://auto.naver.com/bike/lineup.nhn?bikeNo=4845,,,
BKM003-0034,BKM003,BMW,BKM003-G003,R 시리즈,R nine T 레이서,34,네이키드,1170,1001cc 이상,가솔린,2017,2019,RW+NV,✅ RW+NV 일치,8446,https://auto.naver.com/bike/lineup.nhn?bikeNo=6677,,,
BKM003-0035,BKM003,BMW,BKM003-G007,K 시리즈,K 1300 S,35,스포츠,1292,1001cc 이상,가솔린,2012,2013,RW+NV,✅ RW+NV 일치,8397,https://auto.naver.com/bike/lineup.nhn?bikeNo=329,,,
BKM003-0036,BKM003,BMW,BKM003-G004,C 시리즈,C 650 스포츠,36,스쿠터,647,501~1000cc,가솔린,2016,2020,RW+NV,✅ RW+NV 일치,8351,https://auto.naver.com/bike/lineup.nhn?bikeNo=5337,,,
BKM003-0037,BKM003,BMW,BKM003-G003,R 시리즈,R 18 B,37,크루저,1802,1001cc 이상,가솔린,2024,2024,RW,✅ 라이트바겐만,8434,,,,
BKM003-0038,BKM003,BMW,BKM003-G003,R 시리즈,R 1250 GS 40th,38,멀티퍼퍼스,1254,1001cc 이상,가솔린,,,RW,✅ 라이트바겐만,12680,,,,
BKM003-0039,BKM003,BMW,BKM003-G005,F 시리즈,F 700 GS,39,멀티퍼퍼스,798,501~1000cc,가솔린,2013,2013,RW+NV,✅ RW+NV 일치,8358,https://auto.naver.com/bike/lineup.nhn?bikeNo=334,,,
BKM003-0040,BKM003,BMW,BKM003-G007,K 시리즈,K 1600 GTL,40,투어러,1649,1001cc 이상,가솔린,2012,2025,RW+NV,✅ RW+NV 일치,8401,https://auto.naver.com/bike/lineup.nhn?bikeNo=7097,,,
BKM003-0041,BKM003,BMW,BKM003-G003,R 시리즈,R 18 클래식,41,크루저,1802,1001cc 이상,가솔린,2024,2024,RW,✅ 라이트바겐만,8436,,,,
BKM003-0042,BKM003,BMW,BKM003-G003,R 시리즈,R nine T 퓨어,42,네이키드,1170,1001cc 이상,가솔린,2017,2019,RW+NV,✅ RW+NV 일치,12681,https://auto.naver.com/bike/lineup.nhn?bikeNo=6685,,,
BKM003-0043,BKM003,BMW,BKM003-G003,R 시리즈,R 1200 GS 어드벤처,43,멀티퍼퍼스,1170,1001cc 이상,가솔린,2012,2018,RW+NV,✅ RW+NV 일치,8421,https://auto.naver.com/bike/lineup.nhn?bikeNo=4199,,,
BKM003-0044,BKM003,BMW,BKM003-G004,C 시리즈,C 600 스포츠,44,스쿠터,647,501~1000cc,가솔린,2012,2014,RW+NV,✅ RW+NV 일치,8349,https://auto.naver.com/bike/lineup.nhn?bikeNo=1463,,,
BKM003-0045,BKM003,BMW,BKM003-G003,R 시리즈,R nine T 스크램블러,45,네이키드,1170,1001cc 이상,가솔린,2016,2019,RW+NV,✅ RW+NV 일치,8447,https://auto.naver.com/bike/lineup.nhn?bikeNo=6673,,,
BKM003-0046,BKM003,BMW,BKM003-G007,K 시리즈,K 1200 GT,46,투어러,1156,1001cc 이상,가솔린,,,RW,✅ 라이트바겐만,8389,,,,🟡 연료 원천 없음→가솔린 추정
BKM003-0047,BKM003,BMW,BKM003-G007,K 시리즈,K 1600 그랜드 아메리카,47,투어러,1649,1001cc 이상,가솔린,2018,2025,RW+NV,✅ RW+NV 일치,8403,https://auto.naver.com/bike/lineup.nhn?bikeNo=7091,,,
BKM003-0048,BKM003,BMW,BKM003-G009,CE 04,CE 04,48,스쿠터,,전기,전기,2024,2024,RW,✅ 라이트바겐만,10991,,,,"🟡 장르 ""전기""→연료 전기로 분리, 장르는 추정"
BKM003-0049,BKM003,BMW,BKM003-G005,F 시리즈,F 800 GS 어드벤처,49,멀티퍼퍼스,798,501~1000cc,가솔린,2013,2013,RW+NV,✅ RW+NV 일치,8361,https://auto.naver.com/bike/lineup.nhn?bikeNo=335,,,
BKM003-0050,BKM003,BMW,BKM003-G003,R 시리즈,R 1200 R 클래식,50,네이키드,1170,1001cc 이상,가솔린,,,RW,✅ 라이트바겐만,8423,,,,
BKM003-0051,BKM003,BMW,BKM003-G007,K 시리즈,K 1200 R,51,네이키드,1156,1001cc 이상,가솔린,,,RW,✅ 라이트바겐만,8391,,,,🟡 연료 원천 없음→가솔린 추정
BKM003-0052,BKM003,BMW,BKM003-G007,K 시리즈,K 1200 LT,52,투어러,1156,1001cc 이상,가솔린,,,RW,✅ 라이트바겐만,8390,,,,🟡 연료 원천 없음→가솔린 추정
BKM003-0053,BKM003,BMW,BKM003-G003,R 시리즈,R 1200 S,53,네이키드,1170,1001cc 이상,가솔린,,,RW,✅ 라이트바겐만,8426,,,,🟡 연료 원천 없음→가솔린 추정
BKM003-0054,BKM003,BMW,BKM003-G008,HP 시리즈,HP4 레이스,54,스포츠,999,501~1000cc,가솔린,2018,2019,RW+NV,✅ RW+NV 일치,8381,https://auto.naver.com/bike/lineup.nhn?bikeNo=4835,,,
BKM003-0055,BKM003,BMW,BKM003-G005,F 시리즈,F 800 ST,55,투어러,798,501~1000cc,가솔린,2012,2012,RW+NV,✅ RW+NV 일치,8365,https://auto.naver.com/bike/lineup.nhn?bikeNo=6,,,
BKM003-0056,BKM003,BMW,BKM003-G007,K 시리즈,K 1200 S,56,스포츠,1156,1001cc 이상,가솔린,,,RW,✅ 라이트바겐만,8394,,,,🟡 연료 원천 없음→가솔린 추정
BKM003-0057,BKM003,BMW,BKM003-G003,R 시리즈,R 1150 GS,57,멀티퍼퍼스,1130,1001cc 이상,가솔린,,,RW,✅ 라이트바겐만,8412,,,,🟡 연료 원천 없음→가솔린 추정
BKM003-0058,BKM003,BMW,BKM003-G003,R 시리즈,R 1200 C,58,크루저,1170,1001cc 이상,가솔린,,,RW,✅ 라이트바겐만,8418,,,,
BKM003-0059,BKM003,BMW,BKM003-G003,R 시리즈,R 1200 ST,59,네이키드,1170,1001cc 이상,가솔린,,,RW,✅ 라이트바겐만,8427,,,,🟡 연료 원천 없음→가솔린 추정
BKM003-0060,BKM003,BMW,BKM003-G003,R 시리즈,R 18 TRANSCONTINENTAL,60,크루저,1802,1001cc 이상,가솔린,2024,2024,RW,✅ 라이트바겐만,8435,,,,
BKM003-0061,BKM003,BMW,BKM003-G002,G 시리즈,G 650 GS,61,멀티퍼퍼스,652,501~1000cc,가솔린,2012,2013,RW+NV,✅ RW+NV 일치,8373,https://auto.naver.com/bike/lineup.nhn?bikeNo=317,,,
BKM003-0062,BKM003,BMW,BKM003-G005,F 시리즈,F 650 CS,62,멀티퍼퍼스,652,501~1000cc,가솔린,,,RW,✅ 라이트바겐만,8354,,,,
BKM003-0063,BKM003,BMW,BKM003-G005,F 시리즈,F 650 GS,63,멀티퍼퍼스,652,501~1000cc,가솔린,,,RW,✅ 라이트바겐만,8355,,,,🟡 연료 원천 없음→가솔린 추정
BKM003-0064,BKM003,BMW,BKM003-G005,F 시리즈,F 800 S,64,네이키드,798,501~1000cc,가솔린,,,RW,✅ 라이트바겐만,8364,,,,🟡 연료 원천 없음→가솔린 추정
BKM003-0065,BKM003,BMW,BKM003-G007,K 시리즈,K 1200 RT,65,투어러,1156,1001cc 이상,가솔린,,,RW,✅ 라이트바겐만,8393,,,,🟡 연료 원천 없음→가솔린 추정
BKM003-0066,BKM003,BMW,BKM003-G007,K 시리즈,K 1300 GT,66,투어러,1293,1001cc 이상,가솔린,,,RW,✅ 라이트바겐만,8395,,,,🟡 연료 원천 없음→가솔린 추정
BKM003-0067,BKM003,BMW,BKM003-G007,K 시리즈,K 1600 GTL EXCLUSIVE,67,투어러,1649,1001cc 이상,가솔린,,,RW,✅ 라이트바겐만,8402,,,,🟡 연료 원천 없음→가솔린 추정
BKM003-0068,BKM003,BMW,BKM003-G003,R 시리즈,R 1150 GS 어드벤처,68,멀티퍼퍼스,1130,1001cc 이상,가솔린,,,RW,✅ 라이트바겐만,8413,,,,🟡 연료 원천 없음→가솔린 추정
BKM003-0069,BKM003,BMW,BKM003-G003,R 시리즈,R 1150 R,69,네이키드,1130,1001cc 이상,가솔린,,,RW,✅ 라이트바겐만,8414,,,,🟡 연료 원천 없음→가솔린 추정
BKM003-0070,BKM003,BMW,BKM003-G003,R 시리즈,R 1300 R,70,네이키드,1300,1001cc 이상,가솔린,2026,2026,RW,✅ 라이트바겐만,13259,,,,🟡 연료 원천 없음→가솔린 추정
BKM003-0071,BKM003,BMW,BKM003-G003,R 시리즈,R 1300 RS,71,투어러,1300,1001cc 이상,가솔린,2026,2026,RW,✅ 라이트바겐만,13260,,,,
BKM003-0072,BKM003,BMW,BKM003-G003,R 시리즈,R 1300 RT,72,투어러,1300,1001cc 이상,가솔린,2026,2026,RW,✅ 라이트바겐만,13291,,,,🟡 연료 원천 없음→가솔린 추정
BKM003-0073,BKM003,BMW,BKM003-G003,R 시리즈,R 12 G/S,73,멀티퍼퍼스,1170,1001cc 이상,가솔린,2025,2025,RW,✅ 라이트바겐만,13310,,,,🟡 연료 원천 없음→가솔린 추정
BKM003-0074,BKM003,BMW,BKM003-G003,R 시리즈,R 1300 GS ADV,74,멀티퍼퍼스,1300,1001cc 이상,가솔린,2025,2025,RW,✅ 라이트바겐만,13116,,,,
BKM003-0075,BKM003,BMW,BKM003-G005,F 시리즈,F 900 GS,75,멀티퍼퍼스,895,501~1000cc,가솔린,2024,2024,RW,✅ 라이트바겐만,13025,,,,
BKM003-0076,BKM003,BMW,BKM003-G005,F 시리즈,F 900 GS ADV,76,멀티퍼퍼스,895,501~1000cc,가솔린,2024,2024,RW,✅ 라이트바겐만,13053,,,,
BKM003-0077,BKM003,BMW,BKM003-G006,M 시리즈,M 1000 R,77,네이키드,999,501~1000cc,가솔린,2024,2024,RW,✅ 라이트바겐만,12697,,,,
BKM003-0078,BKM003,BMW,BKM003-G006,M 시리즈,M 1000 XR,78,네이키드,999,501~1000cc,가솔린,2024,2024,RW,✅ 라이트바겐만,13052,,,,
BKM003-0079,BKM003,BMW,BKM003-G003,R 시리즈,R 12,79,크루저,1170,1001cc 이상,가솔린,1935,2024,RW+NV,✅ RW+NV 일치,13050,https://auto.naver.com/bike/lineup.nhn?bikeNo=1320,,,
BKM003-0080,BKM003,BMW,BKM003-G003,R 시리즈,R 12 nine T,80,네이키드,1170,1001cc 이상,가솔린,2024,2024,RW,✅ 라이트바겐만,13034,,,,
BKM003-0081,BKM003,BMW,BKM003-G003,R 시리즈,R 1300 GS,81,멀티퍼퍼스,1300,1001cc 이상,가솔린,2024,2024,RW,✅ 라이트바겐만,12868,,,,
BKM003-0082,BKM003,BMW,BKM003-G003,R 시리즈,R 18 Roctane,82,크루저,1802,1001cc 이상,가솔린,2024,2024,RW,✅ 라이트바겐만,12867,,,,
BKM003-0083,BKM003,BMW,BKM003-G004,C 시리즈,C에볼루션,83,스쿠터,,전기,전기,2014,2019,NV,✅ 네이버만(과거 모델),,https://auto.naver.com/bike/lineup.nhn?bikeNo=4823,,,"🟡 장르 ""전기""→연료 전기로 분리, 장르는 추정"
BKM003-0084,BKM003,BMW,BKM003-G003,R 시리즈,R nineT /5,84,네이키드,1170,1001cc 이상,가솔린,2019,2019,NV,🟡 유사 후보 확인,,https://auto.naver.com/bike/lineup.nhn?bikeNo=5139,,R nine T / R nine T 퓨어,
BKM003-0085,BKM003,BMW,BKM003-G003,R 시리즈,R1200GS 랠리,85,멀티퍼퍼스,1170,1001cc 이상,가솔린,2018,2018,NV,🟡 유사 후보 확인,,https://auto.naver.com/bike/lineup.nhn?bikeNo=4217,,R 1200 GS / R 1200 S,
BKM003-0086,BKM003,BMW,BKM003-G008,HP 시리즈,HP4 컴피티션,86,스포츠,999,501~1000cc,가솔린,2013,2014,RW+NV,✅ RW+NV 일치,8382,https://auto.naver.com/bike/lineup.nhn?bikeNo=2100,,,
BKM003-0087,BKM003,BMW,BKM003-G002,G 시리즈,G650GS 세르타오,87,멀티퍼퍼스,652,501~1000cc,가솔린,2012,2013,NV,🟡 유사 후보 확인,,https://auto.naver.com/bike/lineup.nhn?bikeNo=318,,G 650 GS,
BKM003-0088,BKM003,BMW,BKM003-G005,F 시리즈,F650 펀듀로,88,네이키드,652,501~1000cc,가솔린,1993,1993,NV,✅ 네이버만(과거 모델),,https://auto.naver.com/bike/lineup.nhn?bikeNo=2607,,,
BKM003-0089,BKM003,BMW,BKM003-G003,R 시리즈,R90S,89,네이키드,898,501~1000cc,가솔린,1974,1974,NV,✅ 네이버만(과거 모델),,https://auto.naver.com/bike/lineup.nhn?bikeNo=1386,,,
BKM003-0090,BKM003,BMW,BKM003-G003,R 시리즈,R60/5,90,네이키드,599,501~1000cc,가솔린,1972,1972,NV,✅ 네이버만(과거 모델),,https://auto.naver.com/bike/lineup.nhn?bikeNo=1385,,,
BKM003-0091,BKM003,BMW,BKM003-G003,R 시리즈,R51/3,91,네이키드,494,251~500cc,가솔린,1951,1951,NV,✅ 네이버만(과거 모델),,https://auto.naver.com/bike/lineup.nhn?bikeNo=1323,,,
BKM003-0092,BKM003,BMW,BKM003-G003,R 시리즈,R24,92,네이키드,247,126~250cc,가솔린,1948,1948,NV,✅ 네이버만(과거 모델),,https://auto.naver.com/bike/lineup.nhn?bikeNo=1321,,,
BKM003-0093,BKM003,BMW,BKM003-G003,R 시리즈,R5,93,네이키드,254,251~500cc,가솔린,1936,1936,NV,✅ 네이버만(과거 모델),,https://auto.naver.com/bike/lineup.nhn?bikeNo=1324,,,
BKM003-0094,BKM003,BMW,BKM003-G003,R 시리즈,R32,94,네이키드,494,251~500cc,가솔린,1923,1923,NV,✅ 네이버만(과거 모델),,https://auto.naver.com/bike/lineup.nhn?bikeNo=1318,,,
BKM003-0095,BKM003,BMW,BKM003-G004,C 시리즈,C Evolution,95,스쿠터,260,전기,전기,,,RW,✅ 라이트바겐만,8352,,,,
BKM003-0096,BKM003,BMW,BKM003-G005,F 시리즈,F 650 GS 다카르,96,멀티퍼퍼스,652,501~1000cc,가솔린,,,RW,✅ 라이트바겐만,8356,,,,🟡 연료 원천 없음→가솔린 추정
BKM003-0097,BKM003,BMW,BKM003-G002,G 시리즈,G 450 X,97,오프로드,450,251~500cc,가솔린,,,RW,✅ 라이트바겐만,8372,,,,🟡 연료 원천 없음→가솔린 추정
BKM003-0098,BKM003,BMW,BKM003-G002,G 시리즈,G 650 GS SERTAO,98,멀티퍼퍼스,652,501~1000cc,가솔린,,,RW,✅ 라이트바겐만,8374,,,,
BKM003-0099,BKM003,BMW,BKM003-G002,G 시리즈,G 650 X 모토,99,오프로드,652,501~1000cc,가솔린,,,RW,✅ 라이트바겐만,8375,,,,🟡 연료 원천 없음→가솔린 추정
BKM003-0100,BKM003,BMW,BKM003-G002,G 시리즈,G 650 X 컨트리,100,멀티퍼퍼스,652,501~1000cc,가솔린,,,RW,✅ 라이트바겐만,8376,,,,🟡 연료 원천 없음→가솔린 추정
BKM003-0101,BKM003,BMW,BKM003-G008,HP 시리즈,HP2 메가모토,101,멀티퍼퍼스,1169,1001cc 이상,가솔린,,,RW,✅ 라이트바겐만,8378,,,,🟡 연료 원천 없음→가솔린 추정
BKM003-0102,BKM003,BMW,BKM003-G008,HP 시리즈,HP2 스포츠,102,스포츠,1169,1001cc 이상,가솔린,,,RW,✅ 라이트바겐만,8379,,,,🟡 연료 원천 없음→가솔린 추정
BKM003-0103,BKM003,BMW,BKM003-G008,HP 시리즈,HP2 엔듀로,103,오프로드,1169,1001cc 이상,가솔린,,,RW,✅ 라이트바겐만,8377,,,,🟡 연료 원천 없음→가솔린 추정
BKM003-0104,BKM003,BMW,BKM003-G007,K 시리즈,K 1300 S HP,104,스포츠,1293,1001cc 이상,가솔린,,,RW,✅ 라이트바겐만,8398,,,,🟡 연료 원천 없음→가솔린 추정
BKM003-0105,BKM003,BMW,BKM003-G007,K 시리즈,K 1600 GA,105,투어러,1649,1001cc 이상,가솔린,,,RW,✅ 라이트바겐만,13142,,,,🟡 연료 원천 없음→가솔린 추정
BKM003-0106,BKM003,BMW,BKM003-G003,R 시리즈,R 1100 RT,106,투어러,1085,1001cc 이상,가솔린,,,RW,✅ 라이트바겐만,8410,,,,🟡 연료 원천 없음→가솔린 추정
BKM003-0107,BKM003,BMW,BKM003-G003,R 시리즈,R 1150 RS,107,투어러,1130,1001cc 이상,가솔린,,,RW,✅ 라이트바겐만,8415,,,,🟡 연료 원천 없음→가솔린 추정
BKM003-0108,BKM003,BMW,BKM003-G003,R 시리즈,R 1150 RT,108,투어러,1130,1001cc 이상,가솔린,,,RW,✅ 라이트바겐만,8416,,,,🟡 연료 원천 없음→가솔린 추정
BKM003-0109,BKM003,BMW,BKM003-G003,R 시리즈,R 12 719 option,109,크루저,1170,1001cc 이상,가솔린,,,RW,✅ 라이트바겐만,13221,,,,🟡 연료 원천 없음→가솔린 추정
BKM003-0110,BKM003,BMW,BKM003-G003,R 시리즈,R 1200 CL,110,투어러,1170,1001cc 이상,가솔린,,,RW,✅ 라이트바겐만,8419,,,,
BKM004-0001,BKM004,스즈키,BKM004-G001,하야부사,하야부사,1,투어러,1340,1001cc 이상,가솔린,2012,2025,RW+NV,✅ RW+NV 일치,10692,https://auto.naver.com/bike/lineup.nhn?bikeNo=6163,,,
BKM004-0002,BKM004,스즈키,BKM004-G002,GSX R,GSX R 125 ABS,2,스포츠,124,51~125cc,가솔린,2017,2025,RW+NV+DN,✅ RW+NV+DN 일치,10496,https://auto.naver.com/bike/lineup.nhn?bikeNo=6295,9535290,,
BKM004-0003,BKM004,스즈키,BKM004-G003,SV,SV 650,3,네이키드,645,501~1000cc,가솔린,2017,2024,RW+NV,✅ RW+NV 일치,10936,https://auto.naver.com/bike/lineup.nhn?bikeNo=5363,,,
BKM004-0004,BKM004,스즈키,BKM004-G004,GSX S,GSX S 750,4,네이키드,749,501~1000cc,가솔린,2017,2020,RW+NV,✅ RW+NV 일치,10505,https://auto.naver.com/bike/lineup.nhn?bikeNo=6147,,,
BKM004-0005,BKM004,스즈키,BKM004-G004,GSX S,GSX S 125,5,네이키드,124,51~125cc,가솔린,2017,2024,RW+NV+DN,✅ RW+NV+DN 일치,10504,https://auto.naver.com/bike/lineup.nhn?bikeNo=6145,10930272,,
BKM004-0006,BKM004,스즈키,BKM004-G004,GSX S,GSX S 1000,6,네이키드,999,501~1000cc,가솔린,2015,2025,RW+NV,✅ RW+NV 일치,10502,https://auto.naver.com/bike/lineup.nhn?bikeNo=6151,,,
BKM004-0007,BKM004,스즈키,BKM004-G005,브이스트롬,브이스트롬 650,7,멀티퍼퍼스,645,501~1000cc,가솔린,,,RW,✅ 라이트바겐만,10620,,,,🟡 연료 원천 없음→가솔린 추정
BKM004-0008,BKM004,스즈키,BKM004-G004,GSX S,GSX S 1000 GT,8,투어러,999,501~1000cc,가솔린,2025,2025,RW,✅ 라이트바겐만,10863,,,,
BKM004-0009,BKM004,스즈키,BKM004-G005,브이스트롬,브이스트롬 250 ABS,9,멀티퍼퍼스,248,126~250cc,가솔린,,,RW,✅ 라이트바겐만,10619,,,,🟡 연료 원천 없음→가솔린 추정
BKM004-0010,BKM004,스즈키,BKM004-G002,GSX R,GSX R 1000 R,10,스포츠,999,501~1000cc,가솔린,2017,2020,RW+NV,✅ RW+NV 일치,10492,https://auto.naver.com/bike/lineup.nhn?bikeNo=6143,,,
BKM004-0011,BKM004,스즈키,BKM004-G002,GSX R,GSX R 600,11,스포츠,599,501~1000cc,가솔린,2012,2020,RW+NV,✅ RW+NV 일치,10498,https://auto.naver.com/bike/lineup.nhn?bikeNo=6299,,,
BKM004-0012,BKM004,스즈키,BKM004-G003,SV,SV 650 X,12,네이키드,645,501~1000cc,가솔린,2018,2024,RW+NV,✅ RW+NV 일치,10545,https://auto.naver.com/bike/lineup.nhn?bikeNo=5365,,,
BKM004-0013,BKM004,스즈키,BKM004-G005,브이스트롬,브이스트롬 1050,13,멀티퍼퍼스,1037,1001cc 이상,가솔린,,,RW,✅ 라이트바겐만,11072,,,,🟡 연료 원천 없음→가솔린 추정
BKM004-0014,BKM004,스즈키,BKM004-G005,브이스트롬,브이스트롬 650 XT,14,투어러,645,501~1000cc,가솔린,2024,2024,RW,✅ 라이트바겐만,10621,,,,
BKM004-0015,BKM004,스즈키,BKM004-G006,버그만,버그만 650,15,스쿠터,638,501~1000cc,가솔린,,,RW,✅ 라이트바겐만,10610,,,,
BKM004-0016,BKM004,스즈키,BKM004-G006,버그만,버그만 125,16,스쿠터,124,51~125cc,가솔린,2012,2024,RW+NV,✅ RW+NV 일치,10600,https://auto.naver.com/bike/lineup.nhn?bikeNo=5325,,,
BKM004-0017,BKM004,스즈키,BKM004-G002,GSX R,GSX R 1000 R 블랙 에디션,17,스포츠,999,501~1000cc,가솔린,,,RW,✅ 라이트바겐만,10885,,,,🟡 연료 원천 없음→가솔린 추정
BKM004-0018,BKM004,스즈키,BKM004-G002,GSX R,GSX R 750,18,스포츠,749,501~1000cc,가솔린,2012,2020,RW+NV,✅ RW+NV 일치,10925,https://auto.naver.com/bike/lineup.nhn?bikeNo=6301,,,
BKM004-0019,BKM004,스즈키,BKM004-G007,GSX,GSX 750,19,스포츠,749,501~1000cc,가솔린,,,RW,✅ 라이트바겐만,10924,,,,🟡 연료 원천 없음→가솔린 추정
BKM004-0020,BKM004,스즈키,BKM004-G008,카타나,카타나 1000,20,네이키드,999,501~1000cc,가솔린,2022,2022,RW,✅ 라이트바겐만,10669,,,,
BKM004-0021,BKM004,스즈키,BKM004-G009,어드레스,어드레스 125,21,스쿠터,124,51~125cc,가솔린,2018,2018,RW+NV,✅ RW+NV 일치,10639,https://auto.naver.com/bike/lineup.nhn?bikeNo=4277,,,
BKM004-0022,BKM004,스즈키,BKM004-G007,GSX,GSX 1250 FA,22,스포츠,1254,1001cc 이상,가솔린,2012,2013,RW+NV,✅ RW+NV 일치,10472,https://auto.naver.com/bike/lineup.nhn?bikeNo=5863,,,
BKM004-0023,BKM004,스즈키,BKM004-G006,버그만,버그만 400 쿠페,23,스쿠터,399,251~500cc,가솔린,2025,2025,RW,✅ 라이트바겐만,10882,,,,
BKM004-0024,BKM004,스즈키,BKM004-G004,GSX S,GSX S 1000 F,24,스포츠,999,501~1000cc,가솔린,2016,2020,RW+NV,✅ RW+NV 일치,10503,https://auto.naver.com/bike/lineup.nhn?bikeNo=6153,,,
BKM004-0025,BKM004,스즈키,BKM004-G006,버그만,버그만 650 익스큐티브,25,스쿠터,638,501~1000cc,가솔린,2012,2020,RW+NV,✅ RW+NV 일치,10611,https://auto.naver.com/bike/lineup.nhn?bikeNo=5331,,,
BKM004-0026,BKM004,스즈키,BKM004-G005,브이스트롬,브이스트롬 1050 XT,26,멀티퍼퍼스,1037,1001cc 이상,가솔린,,,RW,✅ 라이트바겐만,10618,,,,🟡 연료 원천 없음→가솔린 추정
BKM004-0027,BKM004,스즈키,BKM004-G010,GSR,GSR 125,27,스쿠터,124,51~125cc,가솔린,,,RW,✅ 라이트바겐만,10460,,,,🟡 연료 원천 없음→가솔린 추정
BKM004-0028,BKM004,스즈키,BKM004-G006,버그만,버그만 200 ABS,28,스쿠터,200,126~250cc,가솔린,2012,2020,RW+NV,✅ RW+NV 일치,10604,https://auto.naver.com/bike/lineup.nhn?bikeNo=5327,,,
BKM004-0029,BKM004,스즈키,BKM004-G011,GSF 750,GSF 750,29,네이키드,749,501~1000cc,가솔린,,,RW,✅ 라이트바겐만,11071,,,,🟡 연료 원천 없음→가솔린 추정
BKM004-0030,BKM004,스즈키,BKM004-G010,GSR,GSR 750,30,네이키드,749,501~1000cc,가솔린,2012,2016,RW+NV,✅ RW+NV 일치,10465,https://auto.naver.com/bike/lineup.nhn?bikeNo=2871,,,
BKM004-0031,BKM004,스즈키,BKM004-G005,브이스트롬,브이스트롬 1000 XT,31,멀티퍼퍼스,1037,1001cc 이상,가솔린,,,RW,✅ 라이트바겐만,10617,,,,🟡 연료 원천 없음→가솔린 추정
BKM004-0032,BKM004,스즈키,BKM004-G012,스위시 125,스위시 125,32,스쿠터,124,51~125cc,가솔린,2020,2020,RW+NV,✅ RW+NV 일치,10626,https://auto.naver.com/bike/lineup.nhn?bikeNo=5987,,,
BKM004-0033,BKM004,스즈키,BKM004-G010,GSR,GSR 750 A,33,네이키드,749,501~1000cc,가솔린,,,RW,✅ 라이트바겐만,10466,,,,🟡 연료 원천 없음→가솔린 추정
BKM004-0034,BKM004,스즈키,BKM004-G013,ST 250,ST 250,34,네이키드,249,126~250cc,가솔린,,,RW,✅ 라이트바겐만,10539,,,,🟡 연료 원천 없음→가솔린 추정
BKM004-0035,BKM004,스즈키,BKM004-G002,GSX R,GSX R 1000 ABS,35,스포츠,999,501~1000cc,가솔린,2012,2020,RW+NV,✅ RW+NV 일치,10491,https://auto.naver.com/bike/lineup.nhn?bikeNo=6303,,,
BKM004-0036,BKM004,스즈키,BKM004-G007,GSX,GSX 400 S 카타나,36,네이키드,399,251~500cc,가솔린,,,RW,✅ 라이트바겐만,10481,,,,🟡 연료 원천 없음→가솔린 추정
BKM004-0037,BKM004,스즈키,BKM004-G014,인트루더,인트루더 C 800,37,크루저,800,501~1000cc,가솔린,,,RW,✅ 라이트바겐만,10662,,,,🟡 연료 원천 없음→가솔린 추정
BKM004-0038,BKM004,스즈키,BKM004-G010,GSR,GSR 600 ABS,38,네이키드,599,501~1000cc,가솔린,2012,2013,RW+NV,✅ RW+NV 일치,10464,https://auto.naver.com/bike/lineup.nhn?bikeNo=421,,,
BKM004-0039,BKM004,스즈키,BKM004-G015,B KING,B KING,39,네이키드,1340,1001cc 이상,가솔린,,,RW,✅ 라이트바겐만,10427,,,,🟡 연료 원천 없음→가솔린 추정
BKM004-0040,BKM004,스즈키,BKM004-G016,DR,DR 400,40,오프로드,398,251~500cc,가솔린,,,RW,✅ 라이트바겐만,10438,,,,🟡 연료 원천 없음→가솔린 추정
BKM004-0041,BKM004,스즈키,BKM004-G017,DR Z,DR Z 400 E,41,오프로드,398,251~500cc,가솔린,,,RW,✅ 라이트바겐만,10445,,,,🟡 연료 원천 없음→가솔린 추정
BKM004-0042,BKM004,스즈키,BKM004-G009,어드레스,어드레스 V 125,42,스쿠터,124,51~125cc,가솔린,,,RW,✅ 라이트바겐만,10641,,,,🟡 연료 원천 없음→가솔린 추정
BKM004-0043,BKM004,스즈키,BKM004-G014,인트루더,인트루더 800,43,크루저,805,501~1000cc,가솔린,,,RW,✅ 라이트바겐만,10658,,,,🟡 연료 원천 없음→가솔린 추정
BKM004-0044,BKM004,스즈키,BKM004-G008,카타나,카타나,44,네이키드,1075,1001cc 이상,가솔린,2019,2026,RW+NV,✅ RW+NV 일치,13303,https://auto.naver.com/bike/lineup.nhn?bikeNo=7267,,,
BKM004-0045,BKM004,스즈키,BKM004-G017,DR Z,DR Z 400 SM,45,오프로드,398,251~500cc,가솔린,2018,2020,RW+NV,✅ RW+NV 일치,10447,https://auto.naver.com/bike/lineup.nhn?bikeNo=6289,,,
BKM004-0046,BKM004,스즈키,BKM004-G006,버그만,버그만 400 리미티드,46,스쿠터,399,251~500cc,가솔린,2014,2016,RW+NV,✅ RW+NV 일치,10609,https://auto.naver.com/bike/lineup.nhn?bikeNo=2901,,,
BKM004-0047,BKM004,스즈키,BKM004-G009,어드레스,어드레스 V 125 SS,47,스쿠터,124,51~125cc,가솔린,2014,2016,RW+NV,✅ RW+NV 일치,10643,https://auto.naver.com/bike/lineup.nhn?bikeNo=2907,,,
BKM004-0048,BKM004,스즈키,BKM004-G014,인트루더,인트루더 M 1800 R,48,크루저,1783,1001cc 이상,가솔린,2012,2016,RW+NV,✅ RW+NV 일치,10664,https://auto.naver.com/bike/lineup.nhn?bikeNo=2885,,,
BKM004-0049,BKM004,스즈키,BKM004-G009,어드레스,어드레스 V 125 G,49,스쿠터,124,51~125cc,가솔린,2012,2013,RW+NV,✅ RW+NV 일치,10642,https://auto.naver.com/bike/lineup.nhn?bikeNo=433,,,
BKM004-0050,BKM004,스즈키,BKM004-G018,DL 650,DL 650,50,멀티퍼퍼스,645,501~1000cc,가솔린,,,RW,✅ 라이트바겐만,10430,,,,🟡 연료 원천 없음→가솔린 추정
BKM004-0051,BKM004,스즈키,BKM004-G010,GSR,GSR 125 NEX,51,스쿠터,125,51~125cc,가솔린,,,RW,✅ 라이트바겐만,10461,,,,🟡 연료 원천 없음→가솔린 추정
BKM004-0052,BKM004,스즈키,BKM004-G019,RM 250,RM 250,52,오프로드,246,126~250cc,가솔린,,,RW,✅ 라이트바겐만,10529,,,,🟡 연료 원천 없음→가솔린 추정
BKM004-0053,BKM004,스즈키,BKM004-G005,브이스트롬,브이스트롬 1000 ABS,53,멀티퍼퍼스,1037,1001cc 이상,가솔린,,,RW,✅ 라이트바겐만,10616,,,,🟡 연료 원천 없음→가솔린 추정
BKM004-0054,BKM004,스즈키,BKM004-G016,DR,DR-Z4S,54,멀티퍼퍼스,398,251~500cc,가솔린,2026,2026,RW,✅ 라이트바겐만,13316,,,,🟡 연료 원천 없음→가솔린 추정
BKM004-0055,BKM004,스즈키,BKM004-G016,DR,DR-Z4SM,55,오프로드,398,251~500cc,가솔린,2026,2026,RW,✅ 라이트바겐만,13317,,,,🟡 연료 원천 없음→가솔린 추정
BKM004-0056,BKM004,스즈키,BKM004-G007,GSX,GSX 8T,56,네이키드,776,501~1000cc,가솔린,2026,2026,RW,✅ 라이트바겐만,13318,,,,🟡 연료 원천 없음→가솔린 추정
BKM004-0057,BKM004,스즈키,BKM004-G007,GSX,GSX 8TT,57,네이키드,776,501~1000cc,가솔린,2026,2026,RW,✅ 라이트바겐만,13319,,,,🟡 연료 원천 없음→가솔린 추정
BKM004-0058,BKM004,스즈키,BKM004-G007,GSX,GSX 8R,58,스포츠,776,501~1000cc,가솔린,2025,2025,RW,✅ 라이트바겐만,13032,,,,
BKM004-0059,BKM004,스즈키,BKM004-G007,GSX,GSX 8S,59,네이키드,776,501~1000cc,가솔린,2025,2025,RW,✅ 라이트바겐만,12877,,,,
BKM004-0060,BKM004,스즈키,BKM004-G004,GSX S,GSX S 1000 GX,60,멀티퍼퍼스,999,501~1000cc,가솔린,2025,2025,RW,✅ 라이트바겐만,13035,,,,
BKM004-0061,BKM004,스즈키,BKM004-G020,AVENIS 125,AVENIS 125,61,스쿠터,124,51~125cc,가솔린,2024,2024,RW,✅ 라이트바겐만,12880,,,,
BKM004-0062,BKM004,스즈키,BKM004-G005,브이스트롬,브이스트롬 1050 DE,62,투어러,1037,1001cc 이상,가솔린,2024,2024,RW,✅ 라이트바겐만,12958,,,,
BKM004-0063,BKM004,스즈키,BKM004-G005,브이스트롬,브이스트롬 800 DE,63,투어러,776,501~1000cc,가솔린,2024,2024,RW,✅ 라이트바겐만,13135,,,,
BKM004-0064,BKM004,스즈키,BKM004-G021,아베니스 125,아베니스 125,64,스쿠터,124,51~125cc,가솔린,2023,2023,DN,🟡 다나와만(현행 신규),,,32887139,,🟡 연료 원천 없음→가솔린 추정
BKM004-0065,BKM004,스즈키,BKM004-G017,DR Z,DR Z 400 S,65,오프로드,398,251~500cc,가솔린,2015,2020,RW+NV,✅ RW+NV 일치,10446,https://auto.naver.com/bike/lineup.nhn?bikeNo=6287,,,
BKM004-0066,BKM004,스즈키,BKM004-G016,DR,DR200S,66,멀티퍼퍼스,199,126~250cc,가솔린,2015,2020,NV,✅ 네이버만(과거 모델),,https://auto.naver.com/bike/lineup.nhn?bikeNo=6285,,,
BKM004-0067,BKM004,스즈키,BKM004-G007,GSX,GSX-R125 GP,67,스포츠,124.4,51~125cc,가솔린,2020,2020,NV,🟡 유사 후보 확인,,https://auto.naver.com/bike/lineup.nhn?bikeNo=6297,,GSX R 125 ABS / GSR 125,
BKM004-0068,BKM004,스즈키,BKM004-G007,GSX,GSX-S1000FZ,68,네이키드,999,501~1000cc,가솔린,2020,2020,NV,🟡 유사 후보 확인,,https://auto.naver.com/bike/lineup.nhn?bikeNo=6155,,GSX S 1000 F / GSX S 1000,
BKM004-0069,BKM004,스즈키,BKM004-G007,GSX,GSX-S1000Z,69,네이키드,999,501~1000cc,가솔린,2018,2020,NV,🟡 유사 후보 확인,,https://auto.naver.com/bike/lineup.nhn?bikeNo=6157,,GSX S 1000 / GSX S 1000 F,
BKM004-0070,BKM004,스즈키,BKM004-G007,GSX,GSX-S750Z,70,네이키드,749,501~1000cc,가솔린,2020,2020,NV,🟡 유사 후보 확인,,https://auto.naver.com/bike/lineup.nhn?bikeNo=6149,,GSX S 750 / GSX 750,
BKM004-0071,BKM004,스즈키,BKM004-G007,GSX,GSX250R,71,스포츠,248,126~250cc,가솔린,2017,2020,NV,✅ 네이버만(과거 모델),,https://auto.naver.com/bike/lineup.nhn?bikeNo=6291,,,
BKM004-0072,BKM004,스즈키,BKM004-G007,GSX,GSX250R GP,72,스포츠,248,126~250cc,가솔린,2020,2020,NV,✅ 네이버만(과거 모델),,https://auto.naver.com/bike/lineup.nhn?bikeNo=6293,,,
BKM004-0073,BKM004,스즈키,BKM004-G005,브이스트롬,V-STROM 1050,73,멀티퍼퍼스,1037,1001cc 이상,가솔린,2020,2020,NV,✅ 네이버만(과거 모델),,https://auto.naver.com/bike/lineup.nhn?bikeNo=6159,,,
BKM004-0074,BKM004,스즈키,BKM004-G005,브이스트롬,V-STROM 1050 XT,74,멀티퍼퍼스,1037,1001cc 이상,가솔린,2020,2020,NV,✅ 네이버만(과거 모델),,https://auto.naver.com/bike/lineup.nhn?bikeNo=6161,,,
BKM004-0075,BKM004,스즈키,BKM004-G005,브이스트롬,V-STROM 250,75,멀티퍼퍼스,248,126~250cc,가솔린,2017,2020,NV,✅ 네이버만(과거 모델),,https://auto.naver.com/bike/lineup.nhn?bikeNo=5367,,,
BKM004-0076,BKM004,스즈키,BKM004-G005,브이스트롬,V-STROM 650,76,멀티퍼퍼스,645,501~1000cc,가솔린,2013,2020,NV,✅ 네이버만(과거 모델),,https://auto.naver.com/bike/lineup.nhn?bikeNo=5369,,,
BKM004-0077,BKM004,스즈키,BKM004-G005,브이스트롬,V-STROM 650XT,77,멀티퍼퍼스,645,501~1000cc,가솔린,2015,2020,NV,✅ 네이버만(과거 모델),,https://auto.naver.com/bike/lineup.nhn?bikeNo=5371,,,
BKM004-0078,BKM004,스즈키,BKM004-G022,V,V-STROM1000,78,멀티퍼퍼스,1037,1001cc 이상,가솔린,2014,2020,NV,✅ 네이버만(과거 모델),,https://auto.naver.com/bike/lineup.nhn?bikeNo=5373,,,
BKM004-0079,BKM004,스즈키,BKM004-G006,버그만,버그만 400 ABS,79,스쿠터,400,251~500cc,가솔린,2012,2020,RW+NV,✅ RW+NV 일치,10607,https://auto.naver.com/bike/lineup.nhn?bikeNo=5329,,,
BKM004-0080,BKM004,스즈키,BKM004-G023,블러바드,블러바드 C50,80,크루저,1462,1001cc 이상,가솔린,2020,2020,NV,✅ 네이버만(과거 모델),,https://auto.naver.com/bike/lineup.nhn?bikeNo=5319,,,
BKM004-0081,BKM004,스즈키,BKM004-G023,블러바드,블러바드 C50T,81,크루저,1462,1001cc 이상,가솔린,2020,2020,NV,✅ 네이버만(과거 모델),,https://auto.naver.com/bike/lineup.nhn?bikeNo=5321,,,
BKM004-0082,BKM004,스즈키,BKM004-G023,블러바드,블러바드 M109R B.O.S.S,82,크루저,1462,1001cc 이상,가솔린,2020,2020,NV,✅ 네이버만(과거 모델),,https://auto.naver.com/bike/lineup.nhn?bikeNo=5323,,,
BKM004-0083,BKM004,스즈키,BKM004-G009,어드레스,어드레스 110,83,스쿠터,113,51~125cc,가솔린,2015,2020,RW+NV,✅ RW+NV 일치,10638,https://auto.naver.com/bike/lineup.nhn?bikeNo=5361,,,
BKM004-0084,BKM004,스즈키,BKM004-G022,V,V-STROM1000XT,84,멀티퍼퍼스,1037,1001cc 이상,가솔린,2017,2019,NV,✅ 네이버만(과거 모델),,https://auto.naver.com/bike/lineup.nhn?bikeNo=5375,,,
BKM004-0085,BKM004,스즈키,BKM004-G016,DR,DR650S,85,멀티퍼퍼스,644,501~1000cc,가솔린,2016,2018,NV,🟡 유사 후보 확인,,https://auto.naver.com/bike/lineup.nhn?bikeNo=4245,,DR 650 SE,
BKM004-0086,BKM004,스즈키,BKM004-G024,TU250X,TU250X,86,네이키드,249,126~250cc,가솔린,2016,2018,NV,✅ 네이버만(과거 모델),,https://auto.naver.com/bike/lineup.nhn?bikeNo=4149,,,
BKM004-0087,BKM004,스즈키,BKM004-G025,반반,반반 200,87,네이키드,199,126~250cc,가솔린,2016,2018,NV,✅ 네이버만(과거 모델),,https://auto.naver.com/bike/lineup.nhn?bikeNo=4151,,,
BKM004-0088,BKM004,스즈키,BKM004-G010,GSR,GSR125 넥스,88,스쿠터,124.1,51~125cc,가솔린,2012,2016,NV,🟡 유사 후보 확인,,https://auto.naver.com/bike/lineup.nhn?bikeNo=2905,,GSR 125 / GSX R 125 ABS,
BKM004-0089,BKM004,스즈키,BKM004-G026,RM Z,RM Z 250,89,오프로드,249,126~250cc,가솔린,2013,2016,RW+NV,✅ RW+NV 일치,10535,https://auto.naver.com/bike/lineup.nhn?bikeNo=2652,,,
BKM004-0090,BKM004,스즈키,BKM004-G026,RM Z,RM Z 450,90,오프로드,449,251~500cc,가솔린,2013,2016,RW+NV,✅ RW+NV 일치,10536,https://auto.naver.com/bike/lineup.nhn?bikeNo=2653,,,
BKM004-0091,BKM004,스즈키,BKM004-G027,밴디트,밴디트 1250S,91,네이키드,1255,1001cc 이상,가솔린,2015,2016,NV,🟡 유사 후보 확인,,https://auto.naver.com/bike/lineup.nhn?bikeNo=2303,,밴디트 1250 / 밴디트 1200 S,
BKM004-0092,BKM004,스즈키,BKM004-G023,블러바드,블러바드 M90,92,크루저,1462,1001cc 이상,가솔린,2016,2016,NV,✅ 네이버만(과거 모델),,https://auto.naver.com/bike/lineup.nhn?bikeNo=2411,,,
BKM004-0093,BKM004,스즈키,BKM004-G028,익사이트 125,익사이트 125,93,스쿠터,124,51~125cc,가솔린,2013,2016,RW+NV,✅ RW+NV 일치,10653,https://auto.naver.com/bike/lineup.nhn?bikeNo=2881,,,
BKM004-0094,BKM004,스즈키,BKM004-G014,인트루더,인트루더 C1500BT,94,크루저,1462,1001cc 이상,가솔린,2015,2016,NV,🟡 유사 후보 확인,,https://auto.naver.com/bike/lineup.nhn?bikeNo=2883,,인트루더 C 1500 T / 인트루더 C 1500,
BKM004-0095,BKM004,스즈키,BKM004-G029,쿼드스포츠,쿼드스포츠 Z400,95,ATV,398,251~500cc,가솔린,2013,2016,NV,✅ 네이버만(과거 모델),,https://auto.naver.com/bike/lineup.nhn?bikeNo=2649,,,
BKM004-0096,BKM004,스즈키,BKM004-G030,킹쿼드,킹쿼드 750AXi,96,ATV,722,501~1000cc,가솔린,2016,2016,NV,✅ 네이버만(과거 모델),,https://auto.naver.com/bike/lineup.nhn?bikeNo=2889,,,
BKM004-0097,BKM004,스즈키,BKM004-G031,플래그스타 125,플래그스타 125,97,스쿠터,124,51~125cc,가솔린,2013,2016,RW+NV,✅ RW+NV 일치,10690,https://auto.naver.com/bike/lineup.nhn?bikeNo=2909,,,
BKM004-0098,BKM004,스즈키,BKM004-G016,DR,DR-Z70,98,오프로드,60,51~125cc,가솔린,2015,2015,RW+NV,✅ RW+NV 일치,12883,https://auto.naver.com/bike/lineup.nhn?bikeNo=1827,,,
BKM004-0099,BKM004,스즈키,BKM004-G032,RM X 450 Z,RM X 450 Z,99,오프로드,449,251~500cc,가솔린,2014,2015,RW+NV,✅ RW+NV 일치,10534,https://auto.naver.com/bike/lineup.nhn?bikeNo=1823,,,
BKM004-0100,BKM004,스즈키,BKM004-G025,반반,반반 125,100,네이키드,124,51~125cc,가솔린,2012,2015,NV,✅ 네이버만(과거 모델),,https://auto.naver.com/bike/lineup.nhn?bikeNo=2119,,,
BKM004-0101,BKM004,스즈키,BKM004-G006,버그만,버그만 SS,101,스쿠터,249,126~250cc,가솔린,2015,2015,NV,✅ 네이버만(과거 모델),,https://auto.naver.com/bike/lineup.nhn?bikeNo=2255,,,
BKM004-0102,BKM004,스즈키,BKM004-G023,블러바드,블러바드 M109R,102,크루저,1783,1001cc 이상,가솔린,2015,2015,NV,✅ 네이버만(과거 모델),,https://auto.naver.com/bike/lineup.nhn?bikeNo=2050,,,
BKM004-0103,BKM004,스즈키,BKM004-G009,어드레스,어드레스 V50,103,스쿠터,49,50cc 이하,가솔린,2015,2015,NV,🟡 유사 후보 확인,,https://auto.naver.com/bike/lineup.nhn?bikeNo=2253,,어드레스 V 125,
BKM004-0104,BKM004,스즈키,BKM004-G033,오자크250,오자크250,104,ATV,246,126~250cc,가솔린,2015,2015,NV,✅ 네이버만(과거 모델),,https://auto.naver.com/bike/lineup.nhn?bikeNo=1828,,,
BKM004-0105,BKM004,스즈키,BKM004-G014,인트루더,인트루더 M1800RZ,105,크루저,1783,1001cc 이상,가솔린,2015,2015,NV,🟡 유사 후보 확인,,https://auto.naver.com/bike/lineup.nhn?bikeNo=1811,,인트루더 M 1800 R / 인트루더 C 1800 R,
BKM004-0106,BKM004,스즈키,BKM004-G034,직서,직서,106,네이키드,154.9,126~250cc,가솔린,2015,2015,NV,✅ 네이버만(과거 모델),,https://auto.naver.com/bike/lineup.nhn?bikeNo=2235,,,
BKM004-0107,BKM004,스즈키,BKM004-G029,쿼드스포츠,쿼드스포츠 Z50,107,ATV,49,50cc 이하,가솔린,2015,2015,NV,✅ 네이버만(과거 모델),,https://auto.naver.com/bike/lineup.nhn?bikeNo=1831,,,
BKM004-0108,BKM004,스즈키,BKM004-G029,쿼드스포츠,쿼드스포츠 Z90,108,ATV,90,51~125cc,가솔린,2015,2015,NV,✅ 네이버만(과거 모델),,https://auto.naver.com/bike/lineup.nhn?bikeNo=1829,,,
BKM004-0109,BKM004,스즈키,BKM004-G014,인트루더,인트루더 C 1500 T,109,크루저,1500,1001cc 이상,가솔린,2013,2014,RW+NV,✅ RW+NV 일치,10660,https://auto.naver.com/bike/lineup.nhn?bikeNo=1159,,,
BKM004-0110,BKM004,스즈키,BKM004-G014,인트루더,인트루더 C800C,110,크루저,805,501~1000cc,가솔린,2012,2014,NV,🟡 유사 후보 확인,,https://auto.naver.com/bike/lineup.nhn?bikeNo=1161,,인트루더 C 800 / 인트루더 800,
BKM004-0111,BKM004,스즈키,BKM004-G007,GSX,GSX-R1000Z,111,스포츠,999,501~1000cc,가솔린,2013,2013,NV,🟡 유사 후보 확인,,https://auto.naver.com/bike/lineup.nhn?bikeNo=411,,GSX R 1000 ABS / GSX R 1000 R,
BKM004-0112,BKM004,스즈키,BKM004-G035,그라디우스,그라디우스,112,네이키드,645,501~1000cc,가솔린,2012,2013,NV,✅ 네이버만(과거 모델),,https://auto.naver.com/bike/lineup.nhn?bikeNo=419,,,
BKM004-0113,BKM004,스즈키,BKM004-G014,인트루더,인트루더 C 1800 R,113,크루저,1800,1001cc 이상,가솔린,2012,2013,RW+NV,✅ RW+NV 일치,10661,https://auto.naver.com/bike/lineup.nhn?bikeNo=443,,,
BKM004-0114,BKM004,스즈키,BKM004-G014,인트루더,인트루더 M 800,114,크루저,805,501~1000cc,가솔린,2012,2013,RW+NV,✅ RW+NV 일치,10665,https://auto.naver.com/bike/lineup.nhn?bikeNo=447,,,
BKM004-0115,BKM004,스즈키,BKM004-G036,쿼드레이서 R450,쿼드레이서 R450,115,ATV,450,251~500cc,가솔린,2013,2013,NV,✅ 네이버만(과거 모델),,https://auto.naver.com/bike/lineup.nhn?bikeNo=465,,,
BKM004-0116,BKM004,스즈키,BKM004-G030,킹쿼드,킹쿼드 400,116,ATV,376,251~500cc,가솔린,2013,2013,NV,✅ 네이버만(과거 모델),,https://auto.naver.com/bike/lineup.nhn?bikeNo=463,,,
BKM004-0117,BKM004,스즈키,BKM004-G030,킹쿼드,킹쿼드 750,117,ATV,722,501~1000cc,가솔린,2013,2013,NV,✅ 네이버만(과거 모델),,https://auto.naver.com/bike/lineup.nhn?bikeNo=461,,,
BKM004-0118,BKM004,스즈키,BKM004-G037,AN 400,AN 400,118,스쿠터,399,251~500cc,가솔린,,,RW,✅ 라이트바겐만,10424,,,,🟡 연료 원천 없음→가솔린 추정
BKM004-0119,BKM004,스즈키,BKM004-G016,DR,DR 650 SE,119,오프로드,644,501~1000cc,가솔린,,,RW,✅ 라이트바겐만,10441,,,,🟡 연료 원천 없음→가솔린 추정
BKM004-0120,BKM004,스즈키,BKM004-G016,DR,DR-Z125L,120,,124,51~125cc,가솔린,,,RW,✅ 라이트바겐만,12882,,,,🟡 연료 원천 없음→가솔린 추정
BKM004-0121,BKM004,스즈키,BKM004-G038,GN 125,GN 125,121,네이키드,124,51~125cc,가솔린,,,RW,✅ 라이트바겐만,13245,,,,🟡 연료 원천 없음→가솔린 추정
BKM004-0122,BKM004,스즈키,BKM004-G007,GSX,GSX 1100 F,122,스포츠,1127,1001cc 이상,가솔린,,,RW,✅ 라이트바겐만,10468,,,,🟡 연료 원천 없음→가솔린 추정
BKM004-0123,BKM004,스즈키,BKM004-G007,GSX,GSX 1400,123,네이키드,1401,1001cc 이상,가솔린,,,RW,✅ 라이트바겐만,10473,,,,🟡 연료 원천 없음→가솔린 추정
BKM004-0124,BKM004,스즈키,BKM004-G002,GSX R,GSX R 1100,124,스포츠,1127,1001cc 이상,가솔린,,,RW,✅ 라이트바겐만,10494,,,,🟡 연료 원천 없음→가솔린 추정
BKM004-0125,BKM004,스즈키,BKM004-G002,GSX R,GSX R 1100 W,125,스포츠,1127,1001cc 이상,가솔린,,,RW,✅ 라이트바겐만,10495,,,,🟡 연료 원천 없음→가솔린 추정
BKM004-0126,BKM004,스즈키,BKM004-G039,그래스트래커 빅보이 250,그래스트래커 빅보이 250,126,클래식,249,126~250cc,가솔린,,,RW,✅ 라이트바겐만,13226,,,,🟡 연료 원천 없음→가솔린 추정
BKM004-0127,BKM004,스즈키,BKM004-G040,글라디우스 650,글라디우스 650,127,네이키드,645,501~1000cc,가솔린,,,RW,✅ 라이트바겐만,10567,,,,🟡 연료 원천 없음→가솔린 추정
BKM004-0128,BKM004,스즈키,BKM004-G041,데스페라도 400,데스페라도 400,128,클래식,398,251~500cc,가솔린,,,RW,✅ 라이트바겐만,13250,,,,🟡 연료 원천 없음→가솔린 추정
BKM004-0129,BKM004,스즈키,BKM004-G042,로시,로시,129,스쿠터,125,51~125cc,가솔린,,,RW,✅ 라이트바겐만,10927,,,,🟡 연료 원천 없음→가솔린 추정
BKM004-0130,BKM004,스즈키,BKM004-G027,밴디트,밴디트 1200 S,130,네이키드,1156,1001cc 이상,가솔린,,,RW,✅ 라이트바겐만,10589,,,,🟡 연료 원천 없음→가솔린 추정
BKM004-0131,BKM004,스즈키,BKM004-G027,밴디트,밴디트 1200 SA,131,네이키드,1156,1001cc 이상,가솔린,,,RW,✅ 라이트바겐만,10590,,,,🟡 연료 원천 없음→가솔린 추정
BKM004-0132,BKM004,스즈키,BKM004-G027,밴디트,밴디트 1250,132,네이키드,1255,1001cc 이상,가솔린,,,RW,✅ 라이트바겐만,10591,,,,🟡 연료 원천 없음→가솔린 추정
BKM004-0133,BKM004,스즈키,BKM004-G043,버그만 스트리트 125 EX,버그만 스트리트 125 EX,133,스쿠터,125,51~125cc,가솔린,,,RW+DN,✅ RW+DN 일치,13282,,63561338,,🟡 연료 원천 없음→가솔린 추정
BKM004-0134,BKM004,스즈키,BKM004-G044,스카이웨이브,스카이웨이브 650,134,스쿠터,650,501~1000cc,가솔린,,,RW,✅ 라이트바겐만,10630,,,,🟡 연료 원천 없음→가솔린 추정
BKM004-0135,BKM004,스즈키,BKM004-G044,스카이웨이브,스카이웨이브 650 LX,135,스쿠터,650,501~1000cc,가솔린,,,RW,✅ 라이트바겐만,10631,,,,🟡 연료 원천 없음→가솔린 추정
BKM004-0136,BKM004,스즈키,BKM004-G014,인트루더,인트루더 1500,136,크루저,1462,1001cc 이상,가솔린,,,RW,✅ 라이트바겐만,10655,,,,🟡 연료 원천 없음→가솔린 추정
BKM004-0137,BKM004,스즈키,BKM004-G014,인트루더,인트루더 400,137,크루저,399,251~500cc,가솔린,,,RW,✅ 라이트바겐만,13251,,,,🟡 연료 원천 없음→가솔린 추정
BKM004-0138,BKM004,스즈키,BKM004-G014,인트루더,인트루더 C 1500,138,크루저,1500,1001cc 이상,가솔린,,,RW,✅ 라이트바겐만,10659,,,,🟡 연료 원천 없음→가솔린 추정
BKM004-0139,BKM004,스즈키,BKM004-G014,인트루더,인트루더 LC,139,크루저,1462,1001cc 이상,가솔린,,,RW,✅ 라이트바겐만,10663,,,,🟡 연료 원천 없음→가솔린 추정
BKM004-0140,BKM004,스즈키,BKM004-G045,젬마 250,젬마 250,140,스쿠터,250,126~250cc,가솔린,,,RW,✅ 라이트바겐만,10667,,,,🟡 연료 원천 없음→가솔린 추정
BKM004-0141,BKM004,스즈키,BKM004-G046,초이노리,초이노리,141,스쿠터,49,50cc 이하,가솔린,,,RW,✅ 라이트바겐만,10668,,,,🟡 연료 원천 없음→가솔린 추정
BKM004-0142,BKM004,스즈키,BKM004-G047,콜데라,콜데라,142,네이키드,49,50cc 이하,가솔린,,,RW,✅ 라이트바겐만,10931,,,,🟡 연료 원천 없음→가솔린 추정
BKM004-0143,BKM004,스즈키,BKM004-G048,플랙스타 125,플랙스타 125,143,스쿠터,124,51~125cc,가솔린,,,RW,✅ 라이트바겐만,10691,,,,🟡 연료 원천 없음→가솔린 추정
BKM005-0001,BKM005,할리데이비슨,BKM005-G001,스포스터,아이언 883,1,크루저,883,501~1000cc,가솔린,2009,2020,RW+NV,✅ RW+NV 일치,9340,https://auto.naver.com/bike/lineup.nhn?bikeNo=5461,,,
BKM005-0002,BKM005,할리데이비슨,BKM005-G001,스포스터,포티에잇,2,크루저,1202,1001cc 이상,가솔린,2012,2020,RW+NV,✅ RW+NV 일치,9362,https://auto.naver.com/bike/lineup.nhn?bikeNo=5477,,,
BKM005-0003,BKM005,할리데이비슨,BKM005-G002,소프테일,팻보이,3,크루저,1868,1001cc 이상,가솔린,2012,2025,RW+NV,✅ RW+NV 일치,9357,https://auto.naver.com/bike/lineup.nhn?bikeNo=5469,,,
BKM005-0004,BKM005,할리데이비슨,BKM005-G001,스포스터,스포스터 S,4,크루저,1250,1001cc 이상,가솔린,2025,2025,RW,✅ 라이트바겐만,11114,,,,
BKM005-0005,BKM005,할리데이비슨,BKM005-G003,스트리트(500·750),스트리트 750,5,크루저,749,501~1000cc,가솔린,2016,2020,RW+NV,✅ RW+NV 일치,9327,https://auto.naver.com/bike/lineup.nhn?bikeNo=5451,,,
BKM005-0006,BKM005,할리데이비슨,BKM005-G004,투어링,로드킹,6,투어러,1745,1001cc 이상,가솔린,2012,2020,RW+NV,✅ RW+NV 일치,9298,https://auto.naver.com/bike/lineup.nhn?bikeNo=5439,,,
BKM005-0007,BKM005,할리데이비슨,BKM005-G003,스트리트(500·750),스트리트로드,7,크루저,749,501~1000cc,가솔린,2017,2020,RW+NV,✅ RW+NV 일치,9326,https://auto.naver.com/bike/lineup.nhn?bikeNo=5455,,,
BKM005-0008,BKM005,할리데이비슨,BKM005-G002,소프테일,스트리트 밥,8,크루저,1868,1001cc 이상,가솔린,2012,2025,RW+NV,✅ RW+NV 일치,9322,https://auto.naver.com/bike/lineup.nhn?bikeNo=5457,,,
BKM005-0009,BKM005,할리데이비슨,BKM005-G005,다이나,팻밥 114,9,크루저,1868,1001cc 이상,가솔린,2018,2024,RW+NV,✅ RW+NV 일치,9356,https://auto.naver.com/bike/lineup.nhn?bikeNo=6003,,,
BKM005-0010,BKM005,할리데이비슨,BKM005-G003,스트리트(500·750),스트리트 로드 750,10,크루저,749,501~1000cc,가솔린,,,RW,✅ 라이트바겐만,9321,,,,🟡 연료 원천 없음→가솔린 추정
BKM005-0011,BKM005,할리데이비슨,BKM005-G004,투어링,로드 글라이드,11,투어러,1923,1001cc 이상,가솔린,2018,2025,RW+NV,✅ RW+NV 일치,9293,https://auto.naver.com/bike/lineup.nhn?bikeNo=5245,,,
BKM005-0012,BKM005,할리데이비슨,BKM005-G002,소프테일,브래이크아웃,12,크루저,1868,1001cc 이상,가솔린,,,RW,✅ 라이트바겐만,9303,,,,🟡 연료 원천 없음→가솔린 추정
BKM005-0013,BKM005,할리데이비슨,BKM005-G004,투어링,스트리트 글라이드,13,투어러,1923,1001cc 이상,가솔린,2012,2025,RW+NV,✅ RW+NV 일치,9324,https://auto.naver.com/bike/lineup.nhn?bikeNo=5267,,,
BKM005-0014,BKM005,할리데이비슨,BKM005-G002,소프테일,팻보이 114,14,크루저,1868,1001cc 이상,가솔린,2018,2024,RW+NV,✅ RW+NV 일치,9359,https://auto.naver.com/bike/lineup.nhn?bikeNo=5993,,,
BKM005-0015,BKM005,할리데이비슨,BKM005-G002,소프테일,소프테일,15,크루저,1745,1001cc 이상,가솔린,,,RW,✅ 라이트바겐만,9310,,,,🟡 연료 원천 없음→가솔린 추정
BKM005-0016,BKM005,할리데이비슨,BKM005-G004,투어링,로드 글라이드 ST,16,투어러,1923,1001cc 이상,가솔린,,,RW,✅ 라이트바겐만,11110,,,,🟡 연료 원천 없음→가솔린 추정
BKM005-0017,BKM005,할리데이비슨,BKM005-G001,스포스터,로드스터 1200,17,크루저,1202,1001cc 이상,가솔린,,,RW,✅ 라이트바겐만,9297,,,,🟡 연료 원천 없음→가솔린 추정
BKM005-0018,BKM005,할리데이비슨,BKM005-G006,팬 아메리카,팬 아메리카 1250,18,멀티퍼퍼스,1250,1001cc 이상,가솔린,,,RW,✅ 라이트바겐만,11116,,,,🟡 연료 원천 없음→가솔린 추정
BKM005-0019,BKM005,할리데이비슨,BKM005-G001,스포스터,아이언 1200,19,크루저,1202,1001cc 이상,가솔린,2018,2020,RW+NV,✅ RW+NV 일치,9339,https://auto.naver.com/bike/lineup.nhn?bikeNo=5463,,,
BKM005-0020,BKM005,할리데이비슨,BKM005-G002,소프테일,소프테일 슬림,20,크루저,1745,1001cc 이상,가솔린,2012,2020,RW+NV,✅ RW+NV 일치,9312,https://auto.naver.com/bike/lineup.nhn?bikeNo=5447,,,
BKM005-0021,BKM005,할리데이비슨,BKM005-G001,스포스터,포티에잇 스페셜,21,크루저,1202,1001cc 이상,가솔린,2018,2020,RW+NV,✅ RW+NV 일치,9363,https://auto.naver.com/bike/lineup.nhn?bikeNo=6211,,,
BKM005-0022,BKM005,할리데이비슨,BKM005-G001,스포스터,883 R,22,크루저,883,501~1000cc,가솔린,,,RW,✅ 라이트바겐만,10908,,,,🟡 연료 원천 없음→가솔린 추정
BKM005-0023,BKM005,할리데이비슨,BKM005-G007,V-로드,브이로드,23,크루저,1250,1001cc 이상,가솔린,,,RW,✅ 라이트바겐만,10955,,,,🟡 연료 원천 없음→가솔린 추정
BKM005-0024,BKM005,할리데이비슨,BKM005-G003,스트리트(500·750),스트리트 500,24,크루저,494,251~500cc,가솔린,2015,2020,RW+NV,✅ RW+NV 일치,11113,https://auto.naver.com/bike/lineup.nhn?bikeNo=5263,,,
BKM005-0025,BKM005,할리데이비슨,BKM005-G002,소프테일,스트리트 밥 114,25,크루저,1868,1001cc 이상,가솔린,2024,2024,RW,✅ 라이트바겐만,9323,,,,
BKM005-0026,BKM005,할리데이비슨,BKM005-G004,투어링,울트라 리미티드,26,크루저,1868,1001cc 이상,가솔린,2014,2020,RW+NV,✅ RW+NV 일치,11115,https://auto.naver.com/bike/lineup.nhn?bikeNo=5465,,,
BKM005-0027,BKM005,할리데이비슨,BKM005-G001,스포스터,세븐티 투,27,크루저,1202,1001cc 이상,가솔린,2013,2016,RW+NV,✅ RW+NV 일치,9309,https://auto.naver.com/bike/lineup.nhn?bikeNo=2406,,,
BKM005-0028,BKM005,할리데이비슨,BKM005-G005,다이나,다이나 스트리트밥,28,크루저,1584,1001cc 이상,가솔린,,,RW,✅ 라이트바겐만,9288,,,,🟡 연료 원천 없음→가솔린 추정
BKM005-0029,BKM005,할리데이비슨,BKM005-G004,투어링,울트라 클래식,29,크루저,1688,1001cc 이상,가솔린,,,RW,✅ 라이트바겐만,9343,,,,🟡 연료 원천 없음→가솔린 추정
BKM005-0030,BKM005,할리데이비슨,BKM005-G004,투어링,로드킹 스페셜,30,투어러,1745,1001cc 이상,가솔린,2017,2024,RW+NV,✅ RW+NV 일치,9299,https://auto.naver.com/bike/lineup.nhn?bikeNo=6195,,,
BKM005-0031,BKM005,할리데이비슨,BKM005-G002,소프테일,노스텔지아,31,크루저,124,51~125cc,가솔린,,,RW,✅ 라이트바겐만,9277,,,,🟡 연료 원천 없음→가솔린 추정
BKM005-0032,BKM005,할리데이비슨,BKM005-G002,소프테일,헤리티지 소프테일,32,크루저,1584,1001cc 이상,가솔린,2012,2018,RW+NV,✅ RW+NV 일치,9364,https://auto.naver.com/bike/lineup.nhn?bikeNo=3727,,,
BKM005-0033,BKM005,할리데이비슨,BKM005-G001,스포스터,883 슈퍼로우,33,크루저,883,501~1000cc,가솔린,,,RW,✅ 라이트바겐만,9252,,,,🟡 연료 원천 없음→가솔린 추정
BKM005-0034,BKM005,할리데이비슨,BKM005-G001,스포스터,스포스터 XR 1200,34,크루저,1202,1001cc 이상,가솔린,,,RW,✅ 라이트바겐만,10987,,,,🟡 연료 원천 없음→가솔린 추정
BKM005-0035,BKM005,할리데이비슨,BKM005-G002,소프테일,FXDR 114,35,크루저,1868,1001cc 이상,가솔린,2019,2020,RW+NV,✅ RW+NV 일치,9271,https://auto.naver.com/bike/lineup.nhn?bikeNo=5429,,,
BKM005-0036,BKM005,할리데이비슨,BKM005-G004,투어링,로드 글라이드 리미티드,36,투어러,1868,1001cc 이상,가솔린,2020,2020,RW+NV,✅ RW+NV 일치,11109,https://auto.naver.com/bike/lineup.nhn?bikeNo=6177,,,
BKM005-0037,BKM005,할리데이비슨,BKM005-G007,V-로드,나이트로드 스페셜,37,크루저,1200,1001cc 이상,가솔린,2015,2015,RW+NV,✅ RW+NV 일치,9275,https://auto.naver.com/bike/lineup.nhn?bikeNo=2114,,,
BKM005-0038,BKM005,할리데이비슨,BKM005-G008,CVO,CVO 로드킹,38,투어러,1868,1001cc 이상,가솔린,2013,2014,RW+NV,✅ RW+NV 일치,9258,https://auto.naver.com/bike/lineup.nhn?bikeNo=5643,,,
BKM005-0039,BKM005,할리데이비슨,BKM005-G005,다이나,다이나 슈퍼글라이드 커스텀,39,크루저,1584,1001cc 이상,가솔린,2012,2014,RW+NV,✅ RW+NV 일치,9287,https://auto.naver.com/bike/lineup.nhn?bikeNo=875,,,
BKM005-0040,BKM005,할리데이비슨,BKM005-G001,스포스터,883 커스텀,40,크루저,883,501~1000cc,가솔린,,,RW,✅ 라이트바겐만,9253,,,,🟡 연료 원천 없음→가솔린 추정
BKM005-0041,BKM005,할리데이비슨,BKM005-G005,다이나,다이나 팻밥,41,크루저,1584,1001cc 이상,가솔린,,,RW,✅ 라이트바겐만,9290,,,,🟡 연료 원천 없음→가솔린 추정
BKM005-0042,BKM005,할리데이비슨,BKM005-G002,소프테일,소프테일 로우라이더 S,42,크루저,1864,1001cc 이상,가솔린,,,RW,✅ 라이트바겐만,11111,,,,🟡 연료 원천 없음→가솔린 추정
BKM005-0043,BKM005,할리데이비슨,BKM005-G004,투어링,일렉트라 글라이드 리바이벌,43,투어러,1868,1001cc 이상,가솔린,,,RW,✅ 라이트바겐만,9347,,,,🟡 연료 원천 없음→가솔린 추정
BKM005-0044,BKM005,할리데이비슨,BKM005-G008,CVO,CVO 로드 글라이드,44,투어러,1977,1001cc 이상,가솔린,2018,2025,RW+NV,✅ RW+NV 일치,9255,https://auto.naver.com/bike/lineup.nhn?bikeNo=4655,,,
BKM005-0045,BKM005,할리데이비슨,BKM005-G008,CVO,CVO 스트리트 글라이드,45,투어러,1977,1001cc 이상,가솔린,2012,2025,RW+NV,✅ RW+NV 일치,9262,https://auto.naver.com/bike/lineup.nhn?bikeNo=5427,,,
BKM005-0046,BKM005,할리데이비슨,BKM005-G002,소프테일,소프테일 스탠다드,46,크루저,1745,1001cc 이상,가솔린,2020,2024,RW+NV,✅ RW+NV 일치,11112,https://auto.naver.com/bike/lineup.nhn?bikeNo=6073,,,
BKM005-0047,BKM005,할리데이비슨,BKM005-G002,소프테일,스포츠 글라이드,47,크루저,1746,1001cc 이상,가솔린,2018,2024,RW+NV,✅ RW+NV 일치,9337,https://auto.naver.com/bike/lineup.nhn?bikeNo=5459,,,
BKM005-0048,BKM005,할리데이비슨,BKM005-G004,투어링,로드 글라이드 스페셜,48,투어러,1868,1001cc 이상,가솔린,2015,2023,RW+NV,✅ RW+NV 일치,9294,https://auto.naver.com/bike/lineup.nhn?bikeNo=5435,,,
BKM005-0049,BKM005,할리데이비슨,BKM005-G002,소프테일,브레이크아웃 114,49,크루저,1868,1001cc 이상,가솔린,2018,2020,RW+NV,✅ RW+NV 일치,9304,https://auto.naver.com/bike/lineup.nhn?bikeNo=6009,,,
BKM005-0050,BKM005,할리데이비슨,BKM005-G004,투어링,울트라 클래식 일렉트라 글라이드,50,투어러,1746,1001cc 이상,가솔린,2012,2015,RW+NV,✅ RW+NV 일치,9344,https://auto.naver.com/bike/lineup.nhn?bikeNo=2163,,,
BKM005-0051,BKM005,할리데이비슨,BKM005-G008,CVO,CVO 브레이크아웃,51,크루저,1802,1001cc 이상,가솔린,2013,2014,RW+NV,✅ RW+NV 일치,9260,https://auto.naver.com/bike/lineup.nhn?bikeNo=897,,,
BKM005-0052,BKM005,할리데이비슨,BKM005-G001,스포스터,1200 나잇스터,52,크루저,1202,1001cc 이상,가솔린,,,RW,✅ 라이트바겐만,9248,,,,🟡 연료 원천 없음→가솔린 추정
BKM005-0053,BKM005,할리데이비슨,BKM005-G008,CVO,CVO 울트라 클래식,53,투어러,1802,1001cc 이상,가솔린,,,RW,✅ 라이트바겐만,9264,,,,🟡 연료 원천 없음→가솔린 추정
BKM005-0054,BKM005,할리데이비슨,BKM005-G005,다이나,다이나 슈퍼글라이드,54,크루저,1584,1001cc 이상,가솔린,,,RW,✅ 라이트바겐만,10956,,,,🟡 연료 원천 없음→가솔린 추정
BKM005-0055,BKM005,할리데이비슨,BKM005-G007,V-로드,브이로드 머슬,55,크루저,1246,1001cc 이상,가솔린,,,RW,✅ 라이트바겐만,9307,,,,🟡 연료 원천 없음→가솔린 추정
BKM005-0056,BKM005,할리데이비슨,BKM005-G001,스포스터,스포스터 1200 로드스터,56,크루저,1202,1001cc 이상,가솔린,,,RW,✅ 라이트바겐만,9329,,,,🟡 연료 원천 없음→가솔린 추정
BKM005-0057,BKM005,할리데이비슨,BKM005-G001,스포스터,스포스터 1200 로우,57,크루저,1202,1001cc 이상,가솔린,,,RW,✅ 라이트바겐만,9330,,,,🟡 연료 원천 없음→가솔린 추정
BKM005-0058,BKM005,할리데이비슨,BKM005-G004,투어링,일렉트라 글라이드,58,투어러,1746,1001cc 이상,가솔린,,,RW,✅ 라이트바겐만,9346,,,,🟡 연료 원천 없음→가솔린 추정
BKM005-0059,BKM005,할리데이비슨,BKM005-G009,커스텀 쵸퍼,커스텀 쵸퍼,59,크루저,1200,1001cc 이상,가솔린,,,RW,✅ 라이트바겐만,9350,,,,🟡 연료 원천 없음→가솔린 추정
BKM005-0060,BKM005,할리데이비슨,BKM005-G010,트라이크,트라이 글라이드 울트라 클래식,60,투어러,1868,1001cc 이상,가솔린,,,RW,✅ 라이트바겐만,9352,,,,🟡 연료 원천 없음→가솔린 추정
BKM005-0061,BKM005,할리데이비슨,BKM005-G006,팬 아메리카,팬 아메리카 1250 스페셜,61,멀티퍼퍼스,1250,1001cc 이상,가솔린,,,RW,✅ 라이트바겐만,9353,,,,🟡 연료 원천 없음→가솔린 추정
BKM005-0062,BKM005,할리데이비슨,BKM005-G002,소프테일,팻보이 107,62,크루저,1745,1001cc 이상,가솔린,,,RW,✅ 라이트바겐만,9358,,,,🟡 연료 원천 없음→가솔린 추정
BKM005-0063,BKM005,할리데이비슨,BKM005-G002,소프테일,헤리티지 스프링거,63,크루저,1745,1001cc 이상,가솔린,,,RW,✅ 라이트바겐만,9366,,,,🟡 연료 원천 없음→가솔린 추정
BKM005-0064,BKM005,할리데이비슨,BKM005-G008,CVO,CVO 로드 글라이드 ST,64,크루저,1977,1001cc 이상,가솔린,2025,2025,RW,✅ 라이트바겐만,13183,,,,
BKM005-0065,BKM005,할리데이비슨,BKM005-G001,스포스터,나잇스터 975,65,크루저,975,501~1000cc,가솔린,2025,2025,RW,✅ 라이트바겐만,13125,,,,
BKM005-0066,BKM005,할리데이비슨,BKM005-G001,스포스터,나잇스터 스페셜,66,크루저,975,501~1000cc,가솔린,2025,2025,RW,✅ 라이트바겐만,13187,,,,
BKM005-0067,BKM005,할리데이비슨,BKM005-G002,소프테일,로우라이더 S,67,크루저,1923,1001cc 이상,가솔린,2017,2025,RW+NV,✅ RW+NV 일치,12699,https://auto.naver.com/bike/lineup.nhn?bikeNo=5257,,,
BKM005-0068,BKM005,할리데이비슨,BKM005-G002,소프테일,브레이크아웃,68,크루저,1923,1001cc 이상,가솔린,2014,2025,RW+NV,✅ RW+NV 일치,13068,https://auto.naver.com/bike/lineup.nhn?bikeNo=4505,,,
BKM005-0069,BKM005,할리데이비슨,BKM005-G004,투어링,스트리트 글라이드 울트라,69,투어러,1923,1001cc 이상,가솔린,2025,2025,RW,✅ 라이트바겐만,13184,,,,
BKM005-0070,BKM005,할리데이비슨,BKM005-G006,팬 아메리카,팬 아메리카 1250 ST,70,멀티퍼퍼스,1252,1001cc 이상,가솔린,2025,2025,RW,✅ 라이트바겐만,13185,,,,
BKM005-0071,BKM005,할리데이비슨,BKM005-G002,소프테일,헤리티지 클래식,71,크루저,1584,1001cc 이상,가솔린,2018,2025,RW+NV,✅ RW+NV 일치,9365,https://auto.naver.com/bike/lineup.nhn?bikeNo=5995,,,
BKM005-0072,BKM005,할리데이비슨,BKM005-G002,소프테일,로우라이더 ST,72,크루저,1923,1001cc 이상,가솔린,2024,2024,RW,✅ 라이트바겐만,12700,,,,
BKM005-0073,BKM005,할리데이비슨,BKM005-G002,소프테일,브레이크아웃 117,73,크루저,1923,1001cc 이상,가솔린,2024,2024,RW,✅ 라이트바겐만,13182,,,,
BKM005-0074,BKM005,할리데이비슨,BKM005-G008,CVO,CVO 리미티드,74,투어러,1923,1001cc 이상,가솔린,2015,2020,RW+NV,✅ RW+NV 일치,9259,https://auto.naver.com/bike/lineup.nhn?bikeNo=5425,,,
BKM005-0075,BKM005,할리데이비슨,BKM005-G008,CVO,CVO 트리 글라이드,75,삼륜,1923,1001cc 이상,가솔린,2020,2020,NV,🟡 유사 후보 확인,,https://auto.naver.com/bike/lineup.nhn?bikeNo=6219,,CVO 스트리트 글라이드,
BKM005-0076,BKM005,할리데이비슨,BKM005-G011,라이브와이어,라이브와이어,76,네이키드,,전기,전기,2019,2020,NV,✅ 네이버만(과거 모델),,https://auto.naver.com/bike/lineup.nhn?bikeNo=5243,,,"🟡 장르 ""전기""→연료 전기로 분리, 장르는 추정"
BKM005-0077,BKM005,할리데이비슨,BKM005-G001,스포스터,로드스터,77,네이키드,1202,1001cc 이상,가솔린,2017,2020,NV,✅ 네이버만(과거 모델),,https://auto.naver.com/bike/lineup.nhn?bikeNo=5437,,,
BKM005-0078,BKM005,할리데이비슨,BKM005-G002,소프테일,로우 라이더,78,크루저,1745,1001cc 이상,가솔린,2015,2020,NV,🟡 유사 후보 확인,,https://auto.naver.com/bike/lineup.nhn?bikeNo=5443,,로우라이더 S / 로우라이더 ST / 소프테일 로우라이더 S,
BKM005-0079,BKM005,할리데이비슨,BKM005-G002,소프테일,소프테일디럭스,79,크루저,1745,1001cc 이상,가솔린,2012,2020,RW+NV,✅ RW+NV 일치,9316,https://auto.naver.com/bike/lineup.nhn?bikeNo=5431,,,
BKM005-0080,BKM005,할리데이비슨,BKM005-G001,스포스터,슈퍼로우,80,크루저,883,501~1000cc,가솔린,2012,2020,NV,✅ 네이버만(과거 모델),,https://auto.naver.com/bike/lineup.nhn?bikeNo=5449,,,
BKM005-0081,BKM005,할리데이비슨,BKM005-G004,투어링,스트리트 글라이드 스페셜,81,투어러,1868,1001cc 이상,가솔린,2018,2020,RW+NV,✅ RW+NV 일치,9325,https://auto.naver.com/bike/lineup.nhn?bikeNo=6205,,,
BKM005-0082,BKM005,할리데이비슨,BKM005-G004,투어링,일렉트라 글라이드 스탠다드,82,투어러,1746,1001cc 이상,가솔린,2020,2020,NV,🟡 유사 후보 확인,,https://auto.naver.com/bike/lineup.nhn?bikeNo=5467,,일렉트라 글라이드,
BKM005-0083,BKM005,할리데이비슨,BKM005-G010,트라이크,트리 글라이드 울트라,83,삼륜,1745,1001cc 이상,가솔린,2017,2020,NV,🟡 유사 후보 확인,,https://auto.naver.com/bike/lineup.nhn?bikeNo=6643,,스트리트 글라이드 울트라,
BKM005-0084,BKM005,할리데이비슨,BKM005-G005,다이나,팻밥,84,크루저,1745,1001cc 이상,가솔린,2012,2020,NV,✅ 네이버만(과거 모델),,https://auto.naver.com/bike/lineup.nhn?bikeNo=5473,,,
BKM005-0085,BKM005,할리데이비슨,BKM005-G010,트라이크,프리휠러,85,삼륜,1745,1001cc 이상,가솔린,2018,2020,NV,✅ 네이버만(과거 모델),,https://auto.naver.com/bike/lineup.nhn?bikeNo=6645,,,
BKM005-0086,BKM005,할리데이비슨,BKM005-G002,소프테일,헤리티지 클래식 114,86,크루저,1746,1001cc 이상,가솔린,2018,2020,NV,🟡 유사 후보 확인,,https://auto.naver.com/bike/lineup.nhn?bikeNo=5481,,헤리티지 클래식,
BKM005-0087,BKM005,할리데이비슨,BKM005-G004,투어링,로드 글라이드 울트라,87,투어러,1745,1001cc 이상,가솔린,2012,2019,RW+NV,✅ RW+NV 일치,9295,https://auto.naver.com/bike/lineup.nhn?bikeNo=4733,,,
BKM005-0088,BKM005,할리데이비슨,BKM005-G001,스포스터,스포스터 1200 커스텀,88,크루저,1202,1001cc 이상,가솔린,2012,2019,RW+NV,✅ RW+NV 일치,9332,https://auto.naver.com/bike/lineup.nhn?bikeNo=4479,,,
BKM005-0089,BKM005,할리데이비슨,BKM005-G004,투어링,울트라 리미티드 로우,89,크루저,1868,1001cc 이상,가솔린,2017,2019,RW+NV,✅ RW+NV 일치,9342,https://auto.naver.com/bike/lineup.nhn?bikeNo=4521,,,
BKM005-0090,BKM005,할리데이비슨,BKM005-G004,투어링,로드킹 클래식,90,투어러,1745,1001cc 이상,가솔린,2012,2018,RW+NV,✅ RW+NV 일치,9301,https://auto.naver.com/bike/lineup.nhn?bikeNo=3757,,,
BKM005-0091,BKM005,할리데이비슨,BKM005-G001,스포스터,슈퍼로우 1200,91,크루저,1202,1001cc 이상,가솔린,2016,2018,NV,🟡 유사 후보 확인,,https://auto.naver.com/bike/lineup.nhn?bikeNo=3765,,슈퍼로우 1200 T,
BKM005-0092,BKM005,할리데이비슨,BKM005-G002,소프테일,헤리티지 소프테일 클래식 114,92,크루저,1868,1001cc 이상,가솔린,2018,2018,NV,✅ 네이버만(과거 모델),,https://auto.naver.com/bike/lineup.nhn?bikeNo=5997,,,
BKM005-0093,BKM005,할리데이비슨,BKM005-G008,CVO,CVO 스트리트 글라이드 스페셜,93,투어러,1745,1001cc 이상,가솔린,2016,2017,NV,🟡 유사 후보 확인,,https://auto.naver.com/bike/lineup.nhn?bikeNo=6181,,스트리트 글라이드 스페셜 / CVO 스트리트 글라이드 / 스트리트 글라이드,
BKM005-0094,BKM005,할리데이비슨,BKM005-G008,CVO,CVO 프로 스트리트 브레이크아웃,94,크루저,1800,1001cc 이상,가솔린,2017,2017,NV,🟡 유사 후보 확인,,https://auto.naver.com/bike/lineup.nhn?bikeNo=3252,,브레이크아웃,
BKM005-0095,BKM005,할리데이비슨,BKM005-G002,소프테일,소프테일 슬림 S,95,크루저,1800,1001cc 이상,가솔린,2016,2017,RW+NV,✅ RW+NV 일치,9313,https://auto.naver.com/bike/lineup.nhn?bikeNo=6199,,,
BKM005-0096,BKM005,할리데이비슨,BKM005-G002,소프테일,팻보이 S,96,크루저,1801,1001cc 이상,가솔린,2016,2017,RW+NV,✅ RW+NV 일치,9360,https://auto.naver.com/bike/lineup.nhn?bikeNo=3256,,,
BKM005-0097,BKM005,할리데이비슨,BKM005-G002,소프테일,팻보이 스페셜,97,크루저,1688,1001cc 이상,가솔린,2012,2017,RW+NV,✅ RW+NV 일치,9361,https://auto.naver.com/bike/lineup.nhn?bikeNo=3261,,,
BKM005-0098,BKM005,할리데이비슨,BKM005-G005,다이나,다이나 로우라이더 S,98,크루저,1864,1001cc 이상,가솔린,2016,2016,RW+NV,✅ RW+NV 일치,9280,https://auto.naver.com/bike/lineup.nhn?bikeNo=2498,,,
BKM005-0099,BKM005,할리데이비슨,BKM005-G005,다이나,다이나 스위치백,99,크루저,1690,1001cc 이상,가솔린,2012,2016,RW+NV,✅ RW+NV 일치,9281,https://auto.naver.com/bike/lineup.nhn?bikeNo=2481,,,
BKM005-0100,BKM005,할리데이비슨,BKM005-G002,소프테일,스트리트 밥 리미티드,100,크루저,1690,1001cc 이상,가솔린,2016,2016,NV,🟡 유사 후보 확인,,https://auto.naver.com/bike/lineup.nhn?bikeNo=6187,,스트리트 밥,
BKM005-0101,BKM005,할리데이비슨,BKM005-G008,CVO,CVO 로드 글라이드 울트라,101,투어러,1800,1001cc 이상,가솔린,2015,2015,RW+NV,✅ RW+NV 일치,9256,https://auto.naver.com/bike/lineup.nhn?bikeNo=2203,,,
BKM005-0102,BKM005,할리데이비슨,BKM005-G008,CVO,CVO 소프테일 디럭스,102,크루저,1800,1001cc 이상,가솔린,2014,2015,NV,🟡 유사 후보 확인,,https://auto.naver.com/bike/lineup.nhn?bikeNo=2205,,소프테일디럭스 / 소프테일,
BKM005-0103,BKM005,할리데이비슨,BKM005-G004,투어링,울트라 리미티드 스페셜,103,투어러,1690,1001cc 이상,가솔린,2015,2015,NV,🟡 유사 후보 확인,,https://auto.naver.com/bike/lineup.nhn?bikeNo=6185,,울트라 리미티드,
BKM005-0104,BKM005,할리데이비슨,BKM005-G005,다이나,다이나 와이드 글라이드,104,크루저,1688,1001cc 이상,가솔린,2012,2014,RW+NV,✅ RW+NV 일치,9289,https://auto.naver.com/bike/lineup.nhn?bikeNo=873,,,
BKM005-0105,BKM005,할리데이비슨,BKM005-G001,스포스터,로드스터 883,105,네이키드,883,501~1000cc,가솔린,2013,2014,NV,✅ 네이버만(과거 모델),,https://auto.naver.com/bike/lineup.nhn?bikeNo=866,,,
BKM005-0106,BKM005,할리데이비슨,BKM005-G004,투어링,일렉트라 글라이드 울트라 클래식 스페셜,106,투어러,1690,1001cc 이상,가솔린,2014,2014,NV,🟡 유사 후보 확인,,https://auto.naver.com/bike/lineup.nhn?bikeNo=6183,,트라이 글라이드 울트라 클래식 / 울트라 클래식 / 일렉트라 글라이드,
BKM005-0107,BKM005,할리데이비슨,BKM005-G008,CVO,CVO 로드 글라이드 커스텀,107,투어러,1802,1001cc 이상,가솔린,2012,2013,RW+NV,✅ RW+NV 일치,9257,https://auto.naver.com/bike/lineup.nhn?bikeNo=6173,,,
BKM005-0108,BKM005,할리데이비슨,BKM005-G008,CVO,CVO 일렉트라 글라이드 울트라 클래식,108,투어러,1802,1001cc 이상,가솔린,2012,2013,NV,🟡 유사 후보 확인,,https://auto.naver.com/bike/lineup.nhn?bikeNo=6175,,트라이 글라이드 울트라 클래식 / 울트라 클래식 / 일렉트라 글라이드,
BKM005-0109,BKM005,할리데이비슨,BKM005-G004,투어링,로드 글라이드 커스텀,109,투어러,1745,1001cc 이상,가솔린,2013,2013,RW+NV,✅ RW+NV 일치,9296,https://auto.naver.com/bike/lineup.nhn?bikeNo=356,,,
BKM005-0110,BKM005,할리데이비슨,BKM005-G002,소프테일,블랙라인,110,크루저,1584,1001cc 이상,가솔린,2012,2013,RW+NV,✅ RW+NV 일치,9308,https://auto.naver.com/bike/lineup.nhn?bikeNo=351,,,
BKM005-0111,BKM005,할리데이비슨,BKM005-G001,스포스터,스포스터 1200 커스텀 A,111,크루저,1200,1001cc 이상,가솔린,2013,2013,NV,🟡 유사 후보 확인,,https://auto.naver.com/bike/lineup.nhn?bikeNo=341,,스포스터 1200 커스텀,
BKM005-0112,BKM005,할리데이비슨,BKM005-G001,스포스터,스포스터 1200 커스텀 B,112,크루저,1200,1001cc 이상,가솔린,2013,2013,NV,🟡 유사 후보 확인,,https://auto.naver.com/bike/lineup.nhn?bikeNo=340,,스포스터 1200 커스텀,
BKM005-0113,BKM005,할리데이비슨,BKM005-G004,투어링,일렉트라 글라이드 울트라 리미티드,113,투어러,1746,1001cc 이상,가솔린,2012,2013,RW+NV,✅ RW+NV 일치,9348,https://auto.naver.com/bike/lineup.nhn?bikeNo=6171,,,
BKM005-0114,BKM005,할리데이비슨,BKM005-G001,스포스터,스포스터,114,크루저,1200,1001cc 이상,가솔린,2012,2012,NV,🟡 유사 후보 확인,,https://auto.naver.com/bike/lineup.nhn?bikeNo=258,,스포스터 S,
BKM005-0115,BKM005,할리데이비슨,BKM005-G001,스포스터,스포스터 나이트스터,115,크루저,1200,1001cc 이상,가솔린,2012,2012,NV,✅ 네이버만(과거 모델),,https://auto.naver.com/bike/lineup.nhn?bikeNo=260,,,
BKM005-0116,BKM005,할리데이비슨,BKM005-G004,투어링,일렉트라 글라이드 클래식,116,투어러,1746,1001cc 이상,가솔린,2012,2012,RW+NV,✅ RW+NV 일치,9349,https://auto.naver.com/bike/lineup.nhn?bikeNo=277,,,
BKM005-0117,BKM005,할리데이비슨,BKM005-G001,스포스터,883 로우,117,크루저,883,501~1000cc,가솔린,,,RW,✅ 라이트바겐만,9251,,,,🟡 연료 원천 없음→가솔린 추정
BKM005-0118,BKM005,할리데이비슨,BKM005-G001,스포스터,883 허그,118,크루저,883,501~1000cc,가솔린,,,RW,✅ 라이트바겐만,9254,,,,🟡 연료 원천 없음→가솔린 추정
BKM005-0119,BKM005,할리데이비슨,BKM005-G008,CVO,CVO 소프테일 컨버터블,119,크루저,1800,1001cc 이상,가솔린,,,RW,✅ 라이트바겐만,9261,,,,🟡 연료 원천 없음→가솔린 추정
BKM005-0120,BKM005,할리데이비슨,BKM005-G008,CVO,CVO 와이드 글라이드,120,크루저,1923,1001cc 이상,가솔린,,,RW,✅ 라이트바겐만,9263,,,,🟡 연료 원천 없음→가솔린 추정
BKM005-0121,BKM005,할리데이비슨,BKM005-G008,CVO,CVO 울트라 클래식 일랙트라 글라이드,121,투어러,1802,1001cc 이상,가솔린,,,RW,✅ 라이트바겐만,9265,,,,🟡 연료 원천 없음→가솔린 추정
BKM005-0122,BKM005,할리데이비슨,BKM005-G008,CVO,CVO 팻 밥,122,크루저,1868,1001cc 이상,가솔린,,,RW,✅ 라이트바겐만,9266,,,,🟡 연료 원천 없음→가솔린 추정
BKM005-0123,BKM005,할리데이비슨,BKM005-G012,FL,FL,123,크루저,1745,1001cc 이상,가솔린,,,RW,✅ 라이트바겐만,10960,,,,🟡 연료 원천 없음→가솔린 추정
BKM005-0124,BKM005,할리데이비슨,BKM005-G013,FLH,FLH,124,크루저,1745,1001cc 이상,가솔린,,,RW,✅ 라이트바겐만,9269,,,,🟡 연료 원천 없음→가솔린 추정
BKM005-0125,BKM005,할리데이비슨,BKM005-G014,FX,FX,125,크루저,1868,1001cc 이상,가솔린,,,RW,✅ 라이트바겐만,10958,,,,🟡 연료 원천 없음→가솔린 추정
BKM005-0126,BKM005,할리데이비슨,BKM005-G002,소프테일,나이트트레인,126,크루저,1580,1001cc 이상,가솔린,,,RW,✅ 라이트바겐만,9276,,,,🟡 연료 원천 없음→가솔린 추정
BKM005-0127,BKM005,할리데이비슨,BKM005-G005,다이나,다이나 로우라이더,127,크루저,1690,1001cc 이상,가솔린,,,RW,✅ 라이트바겐만,9279,,,,🟡 연료 원천 없음→가솔린 추정
BKM005-0128,BKM005,할리데이비슨,BKM005-G002,소프테일,락커C,128,크루저,1584,1001cc 이상,가솔린,,,RW,✅ 라이트바겐만,9292,,,,🟡 연료 원천 없음→가솔린 추정
BKM005-0129,BKM005,할리데이비슨,BKM005-G004,투어링,로드킹 커스텀,129,투어러,1745,1001cc 이상,가솔린,,,RW,✅ 라이트바겐만,9300,,,,🟡 연료 원천 없음→가솔린 추정
BKM005-0130,BKM005,할리데이비슨,BKM005-G002,소프테일,배드보이,130,크루저,1338,1001cc 이상,가솔린,,,RW,✅ 라이트바겐만,9302,,,,🟡 연료 원천 없음→가솔린 추정
BKM005-0131,BKM005,할리데이비슨,BKM005-G002,소프테일,소프테일 듀스,131,크루저,1584,1001cc 이상,가솔린,,,RW,✅ 라이트바겐만,9315,,,,🟡 연료 원천 없음→가솔린 추정
BKM005-0132,BKM005,할리데이비슨,BKM005-G002,소프테일,소프테일 로우라이더,132,크루저,1746,1001cc 이상,가솔린,,,RW,✅ 라이트바겐만,9311,,,,🟡 연료 원천 없음→가솔린 추정
BKM005-0133,BKM005,할리데이비슨,BKM005-G002,소프테일,소프테일 커스텀,133,크루저,1745,1001cc 이상,가솔린,,,RW,✅ 라이트바겐만,9318,,,,🟡 연료 원천 없음→가솔린 추정
BKM005-0134,BKM005,할리데이비슨,BKM005-G005,다이나,소프테일 팻밥,134,크루저,1868,1001cc 이상,가솔린,,,RW,✅ 라이트바겐만,9314,,,,🟡 연료 원천 없음→가솔린 추정
BKM005-0135,BKM005,할리데이비슨,BKM005-G002,소프테일,소프테일스프링거,135,크루저,1745,1001cc 이상,가솔린,,,RW,✅ 라이트바겐만,9317,,,,🟡 연료 원천 없음→가솔린 추정
BKM005-0136,BKM005,할리데이비슨,BKM005-G004,투어링,슈퍼글라이드 1340,136,크루저,1338,1001cc 이상,가솔린,,,RW,✅ 라이트바겐만,9319,,,,🟡 연료 원천 없음→가솔린 추정
BKM005-0137,BKM005,할리데이비슨,BKM005-G001,스포스터,슈퍼로우 1200 T,137,크루저,1200,1001cc 이상,가솔린,,,RW,✅ 라이트바겐만,9320,,,,🟡 연료 원천 없음→가솔린 추정
BKM005-0138,BKM005,할리데이비슨,BKM005-G001,스포스터,스포스터 1200 하이,138,크루저,1202,1001cc 이상,가솔린,,,RW,✅ 라이트바겐만,9333,,,,🟡 연료 원천 없음→가솔린 추정
BKM005-0139,BKM005,할리데이비슨,BKM005-G001,스포스터,스포스터 XL 50,139,크루저,1200,1001cc 이상,가솔린,,,RW,✅ 라이트바겐만,9334,,,,🟡 연료 원천 없음→가솔린 추정
BKM005-0140,BKM005,할리데이비슨,BKM005-G002,소프테일,스프링거클래식,140,크루저,1584,1001cc 이상,가솔린,,,RW,✅ 라이트바겐만,9338,,,,🟡 연료 원천 없음→가솔린 추정
BKM005-0141,BKM005,할리데이비슨,BKM005-G005,다이나,와이드 글라이드,141,크루저,1690,1001cc 이상,가솔린,,,RW,✅ 라이트바겐만,9341,,,,🟡 연료 원천 없음→가솔린 추정
BKM005-0142,BKM005,할리데이비슨,BKM005-G004,투어링,일랙트라 글라이드 울트라 클래식 로우,142,투어러,1746,1001cc 이상,가솔린,,,RW,✅ 라이트바겐만,9345,,,,🟡 연료 원천 없음→가솔린 추정
BKM005-0143,BKM005,할리데이비슨,BKM005-G002,소프테일,크로스본,143,크루저,1584,1001cc 이상,가솔린,,,RW,✅ 라이트바겐만,9351,,,,🟡 연료 원천 없음→가솔린 추정
BKM005-0144,BKM005,할리데이비슨,BKM005-G005,다이나,팻밥 103,144,크루저,1690,1001cc 이상,가솔린,,,RW,✅ 라이트바겐만,9354,,,,🟡 연료 원천 없음→가솔린 추정
BKM005-0145,BKM005,할리데이비슨,BKM005-G005,다이나,팻밥 107,145,크루저,1745,1001cc 이상,가솔린,,,RW,✅ 라이트바겐만,9355,,,,🟡 연료 원천 없음→가솔린 추정
BKM006-0001,BKM006,가와사키,BKM006-G001,닌자,닌자 ZX-6R,1,스포츠,636,501~1000cc,가솔린,2013,2021,RW+NV,✅ RW+NV 일치,13205,https://auto.naver.com/bike/lineup.nhn?bikeNo=7221,,,
BKM006-0002,BKM006,가와사키,BKM006-G002,W,W 800,2,클래식,773,501~1000cc,가솔린,2013,2024,RW+NV,✅ RW+NV 일치,10185,https://auto.naver.com/bike/lineup.nhn?bikeNo=6123,,,
BKM006-0003,BKM006,가와사키,BKM006-G001,닌자,닌자 400 ABS,3,스포츠,399,251~500cc,가솔린,2015,2021,RW+NV,✅ RW+NV 일치,10236,https://auto.naver.com/bike/lineup.nhn?bikeNo=7227,,,
BKM006-0004,BKM006,가와사키,BKM006-G003,Z,Z 1000,4,네이키드,1043,1001cc 이상,가솔린,2013,2018,RW+NV,✅ RW+NV 일치,10187,https://auto.naver.com/bike/lineup.nhn?bikeNo=4685,,,
BKM006-0005,BKM006,가와사키,BKM006-G003,Z,Z 650,5,네이키드,649,501~1000cc,가솔린,2017,2021,RW+NV,✅ RW+NV 일치,10194,https://auto.naver.com/bike/lineup.nhn?bikeNo=7203,,,
BKM006-0006,BKM006,가와사키,BKM006-G001,닌자,닌자 ZX 10 R,6,스포츠,998,501~1000cc,가솔린,2013,2024,RW+NV,✅ RW+NV 일치,10224,https://auto.naver.com/bike/lineup.nhn?bikeNo=4623,,,
BKM006-0007,BKM006,가와사키,BKM006-G003,Z,Z 1000 SX,7,네이키드,1043,1001cc 이상,가솔린,2013,2019,RW+NV,✅ RW+NV 일치,10190,https://auto.naver.com/bike/lineup.nhn?bikeNo=4691,,,
BKM006-0008,BKM006,가와사키,BKM006-G003,Z,Z H2,8,네이키드,998,501~1000cc,가솔린,2020,2021,RW+NV,✅ RW+NV 일치,10201,https://auto.naver.com/bike/lineup.nhn?bikeNo=7197,,,
BKM006-0009,BKM006,가와사키,BKM006-G001,닌자,닌자 650 ABS,9,스포츠,649,501~1000cc,가솔린,2015,2021,RW+NV,✅ RW+NV 일치,10241,https://auto.naver.com/bike/lineup.nhn?bikeNo=7211,,,
BKM006-0010,BKM006,가와사키,BKM006-G001,닌자,닌자 1000,10,스포츠,1043,1001cc 이상,가솔린,2015,2015,RW+NV,✅ RW+NV 일치,10227,https://auto.naver.com/bike/lineup.nhn?bikeNo=1547,,,
BKM006-0011,BKM006,가와사키,BKM006-G001,닌자,닌자 650 R,11,스포츠,649,501~1000cc,가솔린,,,RW,✅ 라이트바겐만,10242,,,,🟡 연료 원천 없음→가솔린 추정
BKM006-0012,BKM006,가와사키,BKM006-G004,ZZR,ZZR 1400,12,스포츠,1441,1001cc 이상,가솔린,2013,2013,RW+NV,✅ RW+NV 일치,10219,https://auto.naver.com/bike/lineup.nhn?bikeNo=849,,,
BKM006-0013,BKM006,가와사키,BKM006-G001,닌자,닌자 300 ABS,13,스포츠,296,251~500cc,가솔린,2013,2016,RW+NV,✅ RW+NV 일치,10235,https://auto.naver.com/bike/lineup.nhn?bikeNo=2737,,,
BKM006-0014,BKM006,가와사키,BKM006-G001,닌자,닌자 H2,14,스포츠,998,501~1000cc,가솔린,2015,2021,RW+NV,✅ RW+NV 일치,10246,https://auto.naver.com/bike/lineup.nhn?bikeNo=7213,,,
BKM006-0015,BKM006,가와사키,BKM006-G003,Z,Z 400,15,네이키드,398,251~500cc,가솔린,2020,2021,RW+NV,✅ RW+NV 일치,10975,https://auto.naver.com/bike/lineup.nhn?bikeNo=7201,,,
BKM006-0016,BKM006,가와사키,BKM006-G003,Z,Z 125,16,네이키드,124,51~125cc,가솔린,,,RW,✅ 라이트바겐만,10973,,,,🟡 연료 원천 없음→가솔린 추정
BKM006-0017,BKM006,가와사키,BKM006-G001,닌자,닌자 1000 SX,17,스포츠,1043,1001cc 이상,가솔린,2020,2024,RW+NV,✅ RW+NV 일치,10228,https://auto.naver.com/bike/lineup.nhn?bikeNo=7225,,,
BKM006-0018,BKM006,가와사키,BKM006-G003,Z,Z 900 RS,18,네이키드,948,501~1000cc,가솔린,2018,2023,RW+NV,✅ RW+NV 일치,10198,https://auto.naver.com/bike/lineup.nhn?bikeNo=7207,,,
BKM006-0019,BKM006,가와사키,BKM006-G003,Z,Z 650 RS,19,네이키드,649,501~1000cc,가솔린,2022,2022,RW,✅ 라이트바겐만,11016,,,,
BKM006-0020,BKM006,가와사키,BKM006-G003,Z,Z 800,20,네이키드,805,501~1000cc,가솔린,2015,2017,RW+NV,✅ RW+NV 일치,10196,https://auto.naver.com/bike/lineup.nhn?bikeNo=2479,,,
BKM006-0021,BKM006,가와사키,BKM006-G005,버시스,버시스 650,21,멀티퍼퍼스,649,501~1000cc,가솔린,2015,2023,RW+NV,✅ RW+NV 일치,10282,https://auto.naver.com/bike/lineup.nhn?bikeNo=7241,,,
BKM006-0022,BKM006,가와사키,BKM006-G002,W,W 650,22,네이키드,675,501~1000cc,가솔린,,,RW,✅ 라이트바겐만,10184,,,,🟡 연료 원천 없음→가솔린 추정
BKM006-0023,BKM006,가와사키,BKM006-G003,Z,Z 900,23,네이키드,948,501~1000cc,가솔린,2017,2024,RW+NV,✅ RW+NV 일치,10197,https://auto.naver.com/bike/lineup.nhn?bikeNo=7205,,,
BKM006-0024,BKM006,가와사키,BKM006-G004,ZZR,ZZR 1400 올린즈 에디션,24,스포츠,1441,1001cc 이상,가솔린,,,RW,✅ 라이트바겐만,10873,,,,🟡 연료 원천 없음→가솔린 추정
BKM006-0025,BKM006,가와사키,BKM006-G003,Z,Z 900 RS SE,25,네이키드,948,501~1000cc,가솔린,2024,2024,RW,✅ 라이트바겐만,10199,,,,
BKM006-0026,BKM006,가와사키,BKM006-G003,Z,Z 650 RS 50주년,26,네이키드,649,501~1000cc,가솔린,,,RW,✅ 라이트바겐만,10879,,,,
BKM006-0027,BKM006,가와사키,BKM006-G003,Z,Z 900 SE,27,네이키드,948,501~1000cc,가솔린,2024,2024,RW,✅ 라이트바겐만,12676,,,,
BKM006-0028,BKM006,가와사키,BKM006-G002,W,W 400,28,네이키드,399,251~500cc,가솔린,,,RW,✅ 라이트바겐만,10183,,,,
BKM006-0029,BKM006,가와사키,BKM006-G006,발칸,발칸 1500 클래식,29,크루저,1450,1001cc 이상,가솔린,,,RW,✅ 라이트바겐만,10976,,,,🟡 연료 원천 없음→가솔린 추정
BKM006-0030,BKM006,가와사키,BKM006-G007,ZXR 900,ZXR 900,30,스포츠,900,501~1000cc,가솔린,,,RW,✅ 라이트바겐만,10216,,,,🟡 연료 원천 없음→가솔린 추정
BKM006-0031,BKM006,가와사키,BKM006-G006,발칸,발칸 400,31,크루저,400,251~500cc,가솔린,,,RW,✅ 라이트바겐만,10890,,,,🟡 연료 원천 없음→가솔린 추정
BKM006-0032,BKM006,가와사키,BKM006-G002,W,W 800 카페,32,클래식,773,501~1000cc,가솔린,2020,2020,RW+NV,✅ RW+NV 일치,10186,https://auto.naver.com/bike/lineup.nhn?bikeNo=6125,,,
BKM006-0033,BKM006,가와사키,BKM006-G003,Z,Z 1000 R ABS,33,네이키드,998,501~1000cc,가솔린,2019,2019,RW+NV,✅ RW+NV 일치,10188,https://auto.naver.com/bike/lineup.nhn?bikeNo=4689,,,
BKM006-0034,BKM006,가와사키,BKM006-G003,Z,Z 1000 R 에디션,34,네이키드,1043,1001cc 이상,가솔린,,,RW,✅ 라이트바겐만,10189,,,,🟡 연료 원천 없음→가솔린 추정
BKM006-0035,BKM006,가와사키,BKM006-G003,Z,Z 900 50주년,35,네이키드,948,501~1000cc,가솔린,,,RW,✅ 라이트바겐만,12675,,,,🟡 연료 원천 없음→가솔린 추정
BKM006-0036,BKM006,가와사키,BKM006-G001,닌자,닌자 250 R,36,스포츠,248,126~250cc,가솔린,,,RW,✅ 라이트바겐만,10233,,,,🟡 연료 원천 없음→가솔린 추정
BKM006-0037,BKM006,가와사키,BKM006-G006,발칸,발칸 650 ABS,37,크루저,649,501~1000cc,가솔린,,,RW,✅ 라이트바겐만,10271,,,,
BKM006-0038,BKM006,가와사키,BKM006-G005,버시스,버시스 1000 SE,38,멀티퍼퍼스,1043,1001cc 이상,가솔린,2022,2022,RW,✅ 라이트바겐만,10281,,,,
BKM006-0039,BKM006,가와사키,BKM006-G001,닌자,닌자 H2 SX SE 플러스,39,스포츠,998,501~1000cc,가솔린,,,RW,✅ 라이트바겐만,10249,,,,🟡 연료 원천 없음→가솔린 추정
BKM006-0040,BKM006,가와사키,BKM006-G003,Z,Z H2 SE,40,네이키드,998,501~1000cc,가솔린,2024,2024,RW,✅ 라이트바겐만,10202,,,,
BKM006-0041,BKM006,가와사키,BKM006-G005,버시스,버시스 X 300,41,멀티퍼퍼스,296,251~500cc,가솔린,2017,2021,RW+NV,✅ RW+NV 일치,10284,https://auto.naver.com/bike/lineup.nhn?bikeNo=7247,,,
BKM006-0042,BKM006,가와사키,BKM006-G003,Z,Z 900 RS 50주년,42,네이키드,948,501~1000cc,가솔린,,,RW,✅ 라이트바겐만,10878,,,,🟡 연료 원천 없음→가솔린 추정
BKM006-0043,BKM006,가와사키,BKM006-G001,닌자,닌자 10 RR,43,스포츠,998,501~1000cc,가솔린,,,RW,✅ 라이트바겐만,10226,,,,🟡 연료 원천 없음→가솔린 추정
BKM006-0044,BKM006,가와사키,BKM006-G006,발칸,발칸 800 클래식,44,크루저,805,501~1000cc,가솔린,,,RW,✅ 라이트바겐만,10275,,,,🟡 연료 원천 없음→가솔린 추정
BKM006-0045,BKM006,가와사키,BKM006-G008,GTR 1400,GTR 1400,45,스포츠,1352,1001cc 이상,가솔린,2015,2016,RW+NV,✅ RW+NV 일치,10151,https://auto.naver.com/bike/lineup.nhn?bikeNo=2747,,,
BKM006-0046,BKM006,가와사키,BKM006-G001,닌자,닌자 10 R SE,46,스포츠,998,501~1000cc,가솔린,,,RW,✅ 라이트바겐만,10225,,,,🟡 연료 원천 없음→가솔린 추정
BKM006-0047,BKM006,가와사키,BKM006-G006,발칸,발칸 750,47,크루저,750,501~1000cc,가솔린,,,RW,✅ 라이트바겐만,10272,,,,🟡 연료 원천 없음→가솔린 추정
BKM006-0048,BKM006,가와사키,BKM006-G006,발칸,발칸 800 드리프터,48,크루저,805,501~1000cc,가솔린,,,RW,✅ 라이트바겐만,10274,,,,🟡 연료 원천 없음→가솔린 추정
BKM006-0049,BKM006,가와사키,BKM006-G001,닌자,닌자 H2 SX SE,49,스포츠,998,501~1000cc,가솔린,2018,2024,RW+NV,✅ RW+NV 일치,10248,https://auto.naver.com/bike/lineup.nhn?bikeNo=4101,,,
BKM006-0050,BKM006,가와사키,BKM006-G003,Z,Z 900 RS 카페,50,네이키드,948,501~1000cc,가솔린,2018,2021,RW+NV,✅ RW+NV 일치,10200,https://auto.naver.com/bike/lineup.nhn?bikeNo=7209,,,
BKM006-0051,BKM006,가와사키,BKM006-G001,닌자,닌자 H2 SX,51,스포츠,998,501~1000cc,가솔린,2018,2018,RW+NV,✅ RW+NV 일치,10247,https://auto.naver.com/bike/lineup.nhn?bikeNo=3818,,,
BKM006-0052,BKM006,가와사키,BKM006-G003,Z,Z 750,52,네이키드,748,501~1000cc,가솔린,,,RW,✅ 라이트바겐만,10195,,,,🟡 연료 원천 없음→가솔린 추정
BKM006-0053,BKM006,가와사키,BKM006-G009,ZL 1000 엘리미네이터,ZL 1000 엘리미네이터,53,크루저,998,501~1000cc,가솔린,,,RW,✅ 라이트바겐만,10203,,,,🟡 연료 원천 없음→가솔린 추정
BKM006-0054,BKM006,가와사키,BKM006-G006,발칸,발칸 800,54,크루저,805,501~1000cc,가솔린,,,RW,✅ 라이트바겐만,10273,,,,🟡 연료 원천 없음→가솔린 추정
BKM006-0055,BKM006,가와사키,BKM006-G010,KX,KX 250,55,오프로드,249,126~250cc,가솔린,2019,2021,RW+NV,✅ RW+NV 일치,10175,https://auto.naver.com/bike/lineup.nhn?bikeNo=6699,,,
BKM006-0056,BKM006,가와사키,BKM006-G006,발칸,발칸 900 클래식,56,크루저,903,501~1000cc,가솔린,2020,2021,RW+NV,✅ RW+NV 일치,10278,https://auto.naver.com/bike/lineup.nhn?bikeNo=7231,,,
BKM006-0057,BKM006,가와사키,BKM006-G005,버시스,버시스 1000,57,멀티퍼퍼스,1043,1001cc 이상,가솔린,2016,2016,RW+NV,✅ RW+NV 일치,10280,https://auto.naver.com/bike/lineup.nhn?bikeNo=6767,,,
BKM006-0058,BKM006,가와사키,BKM006-G001,닌자,닌자 12 R,58,스포츠,1199,1001cc 이상,가솔린,,,RW,✅ 라이트바겐만,10231,,,,🟡 연료 원천 없음→가솔린 추정
BKM006-0059,BKM006,가와사키,BKM006-G001,닌자,닌자 ZX 9 R,59,스포츠,899,501~1000cc,가솔린,,,RW,✅ 라이트바겐만,10245,,,,🟡 연료 원천 없음→가솔린 추정
BKM006-0060,BKM006,가와사키,BKM006-G006,발칸,발칸 2000,60,크루저,2053,1001cc 이상,가솔린,,,RW,✅ 라이트바겐만,10907,,,,🟡 연료 원천 없음→가솔린 추정
BKM006-0061,BKM006,가와사키,BKM006-G006,발칸,발칸 900 클래식 SE,61,크루저,903,501~1000cc,가솔린,,,RW,✅ 라이트바겐만,10279,,,,🟡 연료 원천 없음→가솔린 추정
BKM006-0062,BKM006,가와사키,BKM006-G011,ZX-4RR,ZX-4RR,62,스포츠,399,251~500cc,가솔린,2025,2025,RW,✅ 라이트바겐만,12875,,,,
BKM006-0063,BKM006,가와사키,BKM006-G001,닌자,닌자 500,63,스포츠,451,251~500cc,가솔린,2025,2025,RW,✅ 라이트바겐만,13037,,,,
BKM006-0064,BKM006,가와사키,BKM006-G012,VULCAN S,VULCAN S,64,크루저,649,501~1000cc,가솔린,2024,2024,RW,✅ 라이트바겐만,12876,,,,
BKM006-0065,BKM006,가와사키,BKM006-G013,엘리미네이터,엘리미네이터,65,크루저,451,251~500cc,가솔린,2024,2024,RW,✅ 라이트바겐만,13038,,,,
BKM006-0066,BKM006,가와사키,BKM006-G014,KFX,KFX50,66,ATV,49.5,50cc 이하,가솔린,2015,2021,NV,🟡 유사 후보 확인,,https://auto.naver.com/bike/lineup.nhn?bikeNo=6277,,KX 250,
BKM006-0067,BKM006,가와사키,BKM006-G014,KFX,KFX90,67,ATV,89.5,51~125cc,가솔린,2020,2021,NV,✅ 네이버만(과거 모델),,https://auto.naver.com/bike/lineup.nhn?bikeNo=6279,,,
BKM006-0068,BKM006,가와사키,BKM006-G015,KLX,KLX110R,68,오프로드,112,51~125cc,가솔린,2021,2021,NV,✅ 네이버만(과거 모델),,https://auto.naver.com/bike/lineup.nhn?bikeNo=6689,,,
BKM006-0069,BKM006,가와사키,BKM006-G015,KLX,KLX110RL,69,오프로드,112,51~125cc,가솔린,2021,2021,NV,✅ 네이버만(과거 모델),,https://auto.naver.com/bike/lineup.nhn?bikeNo=6691,,,
BKM006-0070,BKM006,가와사키,BKM006-G015,KLX,KLX140R,70,오프로드,144,126~250cc,가솔린,2021,2021,NV,✅ 네이버만(과거 모델),,https://auto.naver.com/bike/lineup.nhn?bikeNo=6281,,,
BKM006-0071,BKM006,가와사키,BKM006-G015,KLX,KLX140RF,71,오프로드,144,126~250cc,가솔린,2021,2021,NV,✅ 네이버만(과거 모델),,https://auto.naver.com/bike/lineup.nhn?bikeNo=6693,,,
BKM006-0072,BKM006,가와사키,BKM006-G015,KLX,KLX140RL,72,오프로드,144,126~250cc,가솔린,2021,2021,NV,✅ 네이버만(과거 모델),,https://auto.naver.com/bike/lineup.nhn?bikeNo=6283,,,
BKM006-0073,BKM006,가와사키,BKM006-G015,KLX,KLX230,73,오프로드,233,126~250cc,가솔린,2020,2021,NV,🟡 유사 후보 확인,,https://auto.naver.com/bike/lineup.nhn?bikeNo=6695,,KLX 250,
BKM006-0074,BKM006,가와사키,BKM006-G015,KLX,KLX230R,74,오프로드,233,126~250cc,가솔린,2020,2021,NV,✅ 네이버만(과거 모델),,https://auto.naver.com/bike/lineup.nhn?bikeNo=6551,,,
BKM006-0075,BKM006,가와사키,BKM006-G015,KLX,KLX300R,75,오프로드,292,251~500cc,가솔린,2020,2021,NV,✅ 네이버만(과거 모델),,https://auto.naver.com/bike/lineup.nhn?bikeNo=6697,,,
BKM006-0076,BKM006,가와사키,BKM006-G010,KX,KX 65,76,오프로드,64,51~125cc,가솔린,2016,2021,RW+NV,✅ RW+NV 일치,10177,https://auto.naver.com/bike/lineup.nhn?bikeNo=6553,,,
BKM006-0077,BKM006,가와사키,BKM006-G010,KX,KX100,77,오프로드,99,51~125cc,가솔린,2017,2021,NV,✅ 네이버만(과거 모델),,https://auto.naver.com/bike/lineup.nhn?bikeNo=6557,,,
BKM006-0078,BKM006,가와사키,BKM006-G010,KX,KX250XC,78,오프로드,249,126~250cc,가솔린,2021,2021,NV,🟡 유사 후보 확인,,https://auto.naver.com/bike/lineup.nhn?bikeNo=6701,,KX 250,
BKM006-0079,BKM006,가와사키,BKM006-G010,KX,KX450,79,오프로드,449,251~500cc,가솔린,2019,2021,NV,🟡 유사 후보 확인,,https://auto.naver.com/bike/lineup.nhn?bikeNo=6703,,KX 450 F / KX 250,
BKM006-0080,BKM006,가와사키,BKM006-G010,KX,KX450XC,80,오프로드,449,251~500cc,가솔린,2021,2021,NV,✅ 네이버만(과거 모델),,https://auto.naver.com/bike/lineup.nhn?bikeNo=6805,,,
BKM006-0081,BKM006,가와사키,BKM006-G010,KX,KX85,81,오프로드,84,51~125cc,가솔린,2017,2021,NV,✅ 네이버만(과거 모델),,https://auto.naver.com/bike/lineup.nhn?bikeNo=6555,,,
BKM006-0082,BKM006,가와사키,BKM006-G003,Z,Z125 프로,82,네이키드,124,51~125cc,가솔린,2016,2021,NV,🟡 유사 후보 확인,,https://auto.naver.com/bike/lineup.nhn?bikeNo=7199,,Z 125,
BKM006-0083,BKM006,가와사키,BKM006-G001,닌자,닌자 H2 SX SE+,83,투어러,998,501~1000cc,가솔린,2021,2021,NV,🟡 유사 후보 확인,,https://auto.naver.com/bike/lineup.nhn?bikeNo=7215,,닌자 H2 SX SE / 닌자 H2 SX SE 플러스 / 닌자 H2,
BKM006-0084,BKM006,가와사키,BKM006-G001,닌자,닌자 H2 카본,84,스포츠,998,501~1000cc,가솔린,2017,2021,NV,🟡 유사 후보 확인,,https://auto.naver.com/bike/lineup.nhn?bikeNo=7217,,닌자 H2,
BKM006-0085,BKM006,가와사키,BKM006-G001,닌자,닌자 H2R,85,스포츠,998,501~1000cc,가솔린,2015,2021,NV,🟡 유사 후보 확인,,https://auto.naver.com/bike/lineup.nhn?bikeNo=7219,,닌자 H2 / 닌자 12 R,
BKM006-0086,BKM006,가와사키,BKM006-G001,닌자,닌자 ZX-14R,86,투어러,1441,1001cc 이상,가솔린,2015,2021,NV,🟡 유사 후보 확인,,https://auto.naver.com/bike/lineup.nhn?bikeNo=7223,,닌자 ZX 10 R,
BKM006-0087,BKM006,가와사키,BKM006-G001,닌자,닌자 ZX-25R,87,스포츠,249.8,126~250cc,가솔린,2021,2021,NV,✅ 네이버만(과거 모델),,https://auto.naver.com/bike/lineup.nhn?bikeNo=6807,,,
BKM006-0088,BKM006,가와사키,BKM006-G016,뮬,뮬 4000,88,ATV,617,501~1000cc,가솔린,2021,2021,NV,✅ 네이버만(과거 모델),,https://auto.naver.com/bike/lineup.nhn?bikeNo=6559,,,
BKM006-0089,BKM006,가와사키,BKM006-G016,뮬,뮬 4000 트랜스,89,ATV,617,501~1000cc,가솔린,2021,2021,NV,✅ 네이버만(과거 모델),,https://auto.naver.com/bike/lineup.nhn?bikeNo=6561,,,
BKM006-0090,BKM006,가와사키,BKM006-G016,뮬,뮬 4010 4x4,90,ATV,617,501~1000cc,가솔린,2021,2021,NV,✅ 네이버만(과거 모델),,https://auto.naver.com/bike/lineup.nhn?bikeNo=6563,,,
BKM006-0091,BKM006,가와사키,BKM006-G016,뮬,뮬 4010 4x4 FE,91,ATV,617,501~1000cc,가솔린,2021,2021,NV,✅ 네이버만(과거 모델),,https://auto.naver.com/bike/lineup.nhn?bikeNo=6565,,,
BKM006-0092,BKM006,가와사키,BKM006-G016,뮬,뮬 4010 트랜스 4x4,92,ATV,617,501~1000cc,가솔린,2021,2021,NV,✅ 네이버만(과거 모델),,https://auto.naver.com/bike/lineup.nhn?bikeNo=6567,,,
BKM006-0093,BKM006,가와사키,BKM006-G016,뮬,뮬 4010 트랜스 4x4 FE,93,ATV,617,501~1000cc,가솔린,2021,2021,NV,✅ 네이버만(과거 모델),,https://auto.naver.com/bike/lineup.nhn?bikeNo=6569,,,
BKM006-0094,BKM006,가와사키,BKM006-G016,뮬,뮬 4010 트랜스 4x4 카모,94,ATV,617,501~1000cc,가솔린,2021,2021,NV,✅ 네이버만(과거 모델),,https://auto.naver.com/bike/lineup.nhn?bikeNo=6571,,,
BKM006-0095,BKM006,가와사키,BKM006-G016,뮬,뮬 SX,95,ATV,401,251~500cc,가솔린,2021,2021,NV,✅ 네이버만(과거 모델),,https://auto.naver.com/bike/lineup.nhn?bikeNo=6573,,,
BKM006-0096,BKM006,가와사키,BKM006-G016,뮬,뮬 SX 4x4 FI,96,ATV,401,251~500cc,가솔린,2021,2021,NV,✅ 네이버만(과거 모델),,https://auto.naver.com/bike/lineup.nhn?bikeNo=6575,,,
BKM006-0097,BKM006,가와사키,BKM006-G016,뮬,뮬 SX 4x4 SE FI,97,ATV,401,251~500cc,가솔린,2021,2021,NV,✅ 네이버만(과거 모델),,https://auto.naver.com/bike/lineup.nhn?bikeNo=6577,,,
BKM006-0098,BKM006,가와사키,BKM006-G016,뮬,뮬 SX 4x4 XC FI,98,ATV,401,251~500cc,가솔린,2021,2021,NV,✅ 네이버만(과거 모델),,https://auto.naver.com/bike/lineup.nhn?bikeNo=6579,,,
BKM006-0099,BKM006,가와사키,BKM006-G016,뮬,뮬 SX 4x4 XC LE FI,99,ATV,401,251~500cc,가솔린,2021,2021,NV,✅ 네이버만(과거 모델),,https://auto.naver.com/bike/lineup.nhn?bikeNo=6581,,,
BKM006-0100,BKM006,가와사키,BKM006-G016,뮬,뮬 SX 4x4 XC 카모 FI,100,ATV,401,251~500cc,가솔린,2021,2021,NV,✅ 네이버만(과거 모델),,https://auto.naver.com/bike/lineup.nhn?bikeNo=6705,,,
BKM006-0101,BKM006,가와사키,BKM006-G017,뮬 프로,뮬 프로 DX EPS,101,ATV,993,501~1000cc,디젤,2021,2021,NV,✅ 네이버만(과거 모델),,https://auto.naver.com/bike/lineup.nhn?bikeNo=6707,,,
BKM006-0102,BKM006,가와사키,BKM006-G017,뮬 프로,뮬 프로 DXT,102,ATV,993,501~1000cc,디젤,2021,2021,NV,✅ 네이버만(과거 모델),,https://auto.naver.com/bike/lineup.nhn?bikeNo=6709,,,
BKM006-0103,BKM006,가와사키,BKM006-G017,뮬 프로,뮬 프로 DXT EPS,103,ATV,993,501~1000cc,디젤,2021,2021,NV,✅ 네이버만(과거 모델),,https://auto.naver.com/bike/lineup.nhn?bikeNo=6711,,,
BKM006-0104,BKM006,가와사키,BKM006-G017,뮬 프로,뮬 프로 DXT EPS LE,104,ATV,993,501~1000cc,디젤,2021,2021,NV,✅ 네이버만(과거 모델),,https://auto.naver.com/bike/lineup.nhn?bikeNo=6713,,,
BKM006-0105,BKM006,가와사키,BKM006-G017,뮬 프로,뮬 프로 MX EPS,105,ATV,695,501~1000cc,가솔린,2021,2021,NV,✅ 네이버만(과거 모델),,https://auto.naver.com/bike/lineup.nhn?bikeNo=6721,,,
BKM006-0106,BKM006,가와사키,BKM006-G017,뮬 프로,뮬 프로 MX EPS LE,106,ATV,695,501~1000cc,가솔린,2021,2021,NV,✅ 네이버만(과거 모델),,https://auto.naver.com/bike/lineup.nhn?bikeNo=6723,,,
BKM006-0107,BKM006,가와사키,BKM006-G016,뮬,뮬 프로 MX EPS 카모,107,ATV,695,501~1000cc,가솔린,2021,2021,NV,✅ 네이버만(과거 모델),,https://auto.naver.com/bike/lineup.nhn?bikeNo=6725,,,
BKM006-0108,BKM006,가와사키,BKM006-G006,발칸,발칸 1700 보이저,108,투어러,1700,1001cc 이상,가솔린,2020,2021,NV,✅ 네이버만(과거 모델),,https://auto.naver.com/bike/lineup.nhn?bikeNo=7235,,,
BKM006-0109,BKM006,가와사키,BKM006-G006,발칸,발칸 1700 보이저 투어,109,투어러,1700,1001cc 이상,가솔린,2015,2021,NV,✅ 네이버만(과거 모델),,https://auto.naver.com/bike/lineup.nhn?bikeNo=7237,,,
BKM006-0110,BKM006,가와사키,BKM006-G006,발칸,발칸 900 커스텀,110,크루저,903,501~1000cc,가솔린,2020,2021,NV,✅ 네이버만(과거 모델),,https://auto.naver.com/bike/lineup.nhn?bikeNo=7229,,,
BKM006-0111,BKM006,가와사키,BKM006-G006,발칸,발칸 900 클래식 LT,111,크루저,903,501~1000cc,가솔린,2015,2021,NV,🟡 유사 후보 확인,,https://auto.naver.com/bike/lineup.nhn?bikeNo=7233,,발칸 900 클래식 / 발칸 900 클래식 SE,
BKM006-0112,BKM006,가와사키,BKM006-G006,발칸,발칸 S,112,크루저,649,501~1000cc,가솔린,2015,2021,RW+NV,✅ RW+NV 일치,13055,https://auto.naver.com/bike/lineup.nhn?bikeNo=7239,,,
BKM006-0113,BKM006,가와사키,BKM006-G018,발칸S 카페,발칸S 카페,113,크루저,649,501~1000cc,가솔린,2016,2021,NV,🟡 유사 후보 확인,,https://auto.naver.com/bike/lineup.nhn?bikeNo=7240,,발칸 S,
BKM006-0114,BKM006,가와사키,BKM006-G005,버시스,버시스 1000S,114,멀티퍼퍼스,1043,1001cc 이상,가솔린,2021,2021,NV,🟡 유사 후보 확인,,https://auto.naver.com/bike/lineup.nhn?bikeNo=7357,,버시스 1000 SE / 버시스 1000,
BKM006-0115,BKM006,가와사키,BKM006-G005,버시스,버시스 1000SE LT+,115,멀티퍼퍼스,1043,1001cc 이상,가솔린,2021,2021,NV,🟡 유사 후보 확인,,https://auto.naver.com/bike/lineup.nhn?bikeNo=7245,,버시스 1000 SE / 버시스 1000,
BKM006-0116,BKM006,가와사키,BKM006-G005,버시스,버시스 650LT,116,멀티퍼퍼스,649,501~1000cc,가솔린,2015,2021,NV,🟡 유사 후보 확인,,https://auto.naver.com/bike/lineup.nhn?bikeNo=7243,,버시스 650,
BKM006-0117,BKM006,가와사키,BKM006-G019,브루트 포스,브루트 포스 300,117,ATV,271,251~500cc,가솔린,2021,2021,NV,✅ 네이버만(과거 모델),,https://auto.naver.com/bike/lineup.nhn?bikeNo=6727,,,
BKM006-0118,BKM006,가와사키,BKM006-G019,브루트 포스,브루트 포스 750 4x4i,118,ATV,749,501~1000cc,가솔린,2021,2021,NV,✅ 네이버만(과거 모델),,https://auto.naver.com/bike/lineup.nhn?bikeNo=6729,,,
BKM006-0119,BKM006,가와사키,BKM006-G019,브루트 포스,브루트 포스 750 4x4i EPS,119,ATV,749,501~1000cc,가솔린,2021,2021,NV,✅ 네이버만(과거 모델),,https://auto.naver.com/bike/lineup.nhn?bikeNo=6731,,,
BKM006-0120,BKM006,가와사키,BKM006-G019,브루트 포스,브루트 포스 750 4x4i EPS 카모,120,ATV,749,501~1000cc,가솔린,2021,2021,NV,✅ 네이버만(과거 모델),,https://auto.naver.com/bike/lineup.nhn?bikeNo=6733,,,
BKM006-0121,BKM006,가와사키,BKM006-G020,콩쿠르 14,콩쿠르 14,121,투어러,1352,1001cc 이상,가솔린,2015,2021,NV,✅ 네이버만(과거 모델),,https://auto.naver.com/bike/lineup.nhn?bikeNo=7249,,,
BKM006-0122,BKM006,가와사키,BKM006-G021,테릭스,테릭스,122,ATV,783,501~1000cc,가솔린,2021,2021,NV,✅ 네이버만(과거 모델),,https://auto.naver.com/bike/lineup.nhn?bikeNo=6735,,,
BKM006-0123,BKM006,가와사키,BKM006-G021,테릭스,테릭스 KRX1000,123,ATV,999,501~1000cc,가솔린,2020,2021,NV,✅ 네이버만(과거 모델),,https://auto.naver.com/bike/lineup.nhn?bikeNo=6737,,,
BKM006-0124,BKM006,가와사키,BKM006-G021,테릭스,테릭스 KRX1000 스페셜,124,ATV,999,501~1000cc,가솔린,2021,2021,NV,✅ 네이버만(과거 모델),,https://auto.naver.com/bike/lineup.nhn?bikeNo=7385,,,
BKM006-0125,BKM006,가와사키,BKM006-G021,테릭스,테릭스 KRX1000 트레일,125,ATV,999,501~1000cc,가솔린,2021,2021,NV,✅ 네이버만(과거 모델),,https://auto.naver.com/bike/lineup.nhn?bikeNo=7387,,,
BKM006-0126,BKM006,가와사키,BKM006-G021,테릭스,테릭스 LE,126,ATV,783,501~1000cc,가솔린,2021,2021,NV,✅ 네이버만(과거 모델),,https://auto.naver.com/bike/lineup.nhn?bikeNo=6739,,,
BKM006-0127,BKM006,가와사키,BKM006-G021,테릭스,테릭스 카모,127,ATV,783,501~1000cc,가솔린,2021,2021,NV,✅ 네이버만(과거 모델),,https://auto.naver.com/bike/lineup.nhn?bikeNo=6741,,,
BKM006-0128,BKM006,가와사키,BKM006-G021,테릭스,테릭스4,128,ATV,783,501~1000cc,가솔린,2021,2021,NV,✅ 네이버만(과거 모델),,https://auto.naver.com/bike/lineup.nhn?bikeNo=6743,,,
BKM006-0129,BKM006,가와사키,BKM006-G021,테릭스,테릭스4 LE,129,ATV,783,501~1000cc,가솔린,2021,2021,NV,✅ 네이버만(과거 모델),,https://auto.naver.com/bike/lineup.nhn?bikeNo=6745,,,
BKM006-0130,BKM006,가와사키,BKM006-G021,테릭스,테릭스4 카모,130,ATV,783,501~1000cc,가솔린,2021,2021,NV,✅ 네이버만(과거 모델),,https://auto.naver.com/bike/lineup.nhn?bikeNo=6747,,,
BKM006-0131,BKM006,가와사키,BKM006-G015,KLX,KLX 250,131,오프로드,249,126~250cc,가솔린,2016,2020,RW+NV,✅ RW+NV 일치,13313,https://auto.naver.com/bike/lineup.nhn?bikeNo=6475,,,
BKM006-0132,BKM006,가와사키,BKM006-G015,KLX,KLX110,132,오프로드,112,51~125cc,가솔린,2015,2020,NV,✅ 네이버만(과거 모델),,https://auto.naver.com/bike/lineup.nhn?bikeNo=6459,,,
BKM006-0133,BKM006,가와사키,BKM006-G015,KLX,KLX110L,133,오프로드,112,51~125cc,가솔린,2017,2020,NV,✅ 네이버만(과거 모델),,https://auto.naver.com/bike/lineup.nhn?bikeNo=6461,,,
BKM006-0134,BKM006,가와사키,BKM006-G015,KLX,KLX140,134,오프로드,144,126~250cc,가솔린,2017,2020,NV,✅ 네이버만(과거 모델),,https://auto.naver.com/bike/lineup.nhn?bikeNo=5343,,,
BKM006-0135,BKM006,가와사키,BKM006-G015,KLX,KLX140G,135,오프로드,144,126~250cc,가솔린,2017,2020,NV,✅ 네이버만(과거 모델),,https://auto.naver.com/bike/lineup.nhn?bikeNo=6058,,,
BKM006-0136,BKM006,가와사키,BKM006-G015,KLX,KLX140L,136,오프로드,144,126~250cc,가솔린,2017,2020,NV,✅ 네이버만(과거 모델),,https://auto.naver.com/bike/lineup.nhn?bikeNo=6059,,,
BKM006-0137,BKM006,가와사키,BKM006-G015,KLX,KLX250 카모,137,오프로드,249,126~250cc,가솔린,2018,2020,NV,🟡 유사 후보 확인,,https://auto.naver.com/bike/lineup.nhn?bikeNo=6477,,KLX 250,
BKM006-0138,BKM006,가와사키,BKM006-G001,닌자,닌자650 캣,138,스포츠,649,501~1000cc,가솔린,2020,2020,NV,🟡 유사 후보 확인,,https://auto.naver.com/bike/lineup.nhn?bikeNo=5883,,닌자 650 ABS / 닌자 650 R,
BKM006-0139,BKM006,가와사키,BKM006-G017,뮬 프로,뮬 프로 FX,139,ATV,812,501~1000cc,가솔린,2020,2020,NV,✅ 네이버만(과거 모델),,https://auto.naver.com/bike/lineup.nhn?bikeNo=6247,,,
BKM006-0140,BKM006,가와사키,BKM006-G017,뮬 프로,뮬 프로 FX EPS,140,ATV,812,501~1000cc,가솔린,2020,2020,NV,✅ 네이버만(과거 모델),,https://auto.naver.com/bike/lineup.nhn?bikeNo=6249,,,
BKM006-0141,BKM006,가와사키,BKM006-G017,뮬 프로,뮬 프로 FX EPS LE,141,ATV,812,501~1000cc,가솔린,2020,2020,NV,✅ 네이버만(과거 모델),,https://auto.naver.com/bike/lineup.nhn?bikeNo=6251,,,
BKM006-0142,BKM006,가와사키,BKM006-G017,뮬 프로,뮬 프로 FXR,142,ATV,812,501~1000cc,가솔린,2020,2020,NV,✅ 네이버만(과거 모델),,https://auto.naver.com/bike/lineup.nhn?bikeNo=6253,,,
BKM006-0143,BKM006,가와사키,BKM006-G017,뮬 프로,뮬 프로 FXT,143,ATV,812,501~1000cc,가솔린,2020,2020,NV,✅ 네이버만(과거 모델),,https://auto.naver.com/bike/lineup.nhn?bikeNo=6255,,,
BKM006-0144,BKM006,가와사키,BKM006-G017,뮬 프로,뮬 프로 FXT EPS,144,ATV,812,501~1000cc,가솔린,2020,2020,NV,✅ 네이버만(과거 모델),,https://auto.naver.com/bike/lineup.nhn?bikeNo=6257,,,
BKM006-0145,BKM006,가와사키,BKM006-G017,뮬 프로,뮬 프로 FXT EPS LE,145,ATV,812,501~1000cc,가솔린,2020,2020,NV,✅ 네이버만(과거 모델),,https://auto.naver.com/bike/lineup.nhn?bikeNo=6259,,,
BKM006-0146,BKM006,가와사키,BKM006-G016,뮬,뮬 프로 FXT EPS 카모,146,ATV,812,501~1000cc,가솔린,2020,2020,NV,✅ 네이버만(과거 모델),,https://auto.naver.com/bike/lineup.nhn?bikeNo=6261,,,
BKM006-0147,BKM006,가와사키,BKM006-G019,브루트 포스,부르트 포스 300,147,ATV,271,251~500cc,가솔린,2015,2020,NV,✅ 네이버만(과거 모델),,https://auto.naver.com/bike/lineup.nhn?bikeNo=6503,,,
BKM006-0148,BKM006,가와사키,BKM006-G019,브루트 포스,부르트 포스 750 4x4i,148,ATV,749,501~1000cc,가솔린,2017,2020,NV,✅ 네이버만(과거 모델),,https://auto.naver.com/bike/lineup.nhn?bikeNo=6133,,,
BKM006-0149,BKM006,가와사키,BKM006-G019,브루트 포스,부르트 포스 750 4x4i EPS,149,ATV,749,501~1000cc,가솔린,2017,2020,NV,✅ 네이버만(과거 모델),,https://auto.naver.com/bike/lineup.nhn?bikeNo=6135,,,
BKM006-0150,BKM006,가와사키,BKM006-G019,브루트 포스,부르트 포스 750 4x4i EPS 카모,150,ATV,749,501~1000cc,가솔린,2017,2020,NV,✅ 네이버만(과거 모델),,https://auto.naver.com/bike/lineup.nhn?bikeNo=6137,,,
BKM006-0151,BKM006,가와사키,BKM006-G001,닌자,닌자 ZX-10RR,151,스포츠,998,501~1000cc,가솔린,2017,2019,NV,🟡 유사 후보 확인,,https://auto.naver.com/bike/lineup.nhn?bikeNo=5145,,닌자 ZX 10 R / 닌자 10 RR,
BKM006-0152,BKM006,가와사키,BKM006-G005,버시스,버시스 1000SE LT,152,멀티퍼퍼스,1043,1001cc 이상,가솔린,2019,2019,NV,🟡 유사 후보 확인,,https://auto.naver.com/bike/lineup.nhn?bikeNo=6771,,버시스 1000 SE / 버시스 1000,
BKM006-0153,BKM006,가와사키,BKM006-G022,J,J125,153,스쿠터,124,51~125cc,가솔린,2016,2018,NV,✅ 네이버만(과거 모델),,https://auto.naver.com/bike/lineup.nhn?bikeNo=3183,,,
BKM006-0154,BKM006,가와사키,BKM006-G022,J,J300,154,스쿠터,299,251~500cc,가솔린,2014,2018,NV,✅ 네이버만(과거 모델),,https://auto.naver.com/bike/lineup.nhn?bikeNo=3187,,,
BKM006-0155,BKM006,가와사키,BKM006-G023,KLR,KLR650,155,멀티퍼퍼스,651,501~1000cc,가솔린,2015,2018,NV,✅ 네이버만(과거 모델),,https://auto.naver.com/bike/lineup.nhn?bikeNo=4103,,,
BKM006-0156,BKM006,가와사키,BKM006-G001,닌자,닌자 ZX-10R SE,156,스포츠,998,501~1000cc,가솔린,2018,2018,NV,🟡 유사 후보 확인,,https://auto.naver.com/bike/lineup.nhn?bikeNo=4625,,닌자 ZX 10 R / 닌자 10 R SE,
BKM006-0157,BKM006,가와사키,BKM006-G005,버시스,버시스 1000LT,157,멀티퍼퍼스,1043,1001cc 이상,가솔린,2015,2018,NV,🟡 유사 후보 확인,,https://auto.naver.com/bike/lineup.nhn?bikeNo=6769,,버시스 1000,
BKM006-0158,BKM006,가와사키,BKM006-G015,KLX,KLX450R,158,오프로드,449,251~500cc,가솔린,2017,2017,NV,✅ 네이버만(과거 모델),,https://auto.naver.com/bike/lineup.nhn?bikeNo=6469,,,
BKM006-0159,BKM006,가와사키,BKM006-G010,KX,KX 450 F,159,오프로드,449,251~500cc,가솔린,2016,2017,RW+NV,✅ RW+NV 일치,10176,https://auto.naver.com/bike/lineup.nhn?bikeNo=2937,,,
BKM006-0160,BKM006,가와사키,BKM006-G010,KX,KX250F,160,오프로드,249,126~250cc,가솔린,2017,2017,NV,🟡 유사 후보 확인,,https://auto.naver.com/bike/lineup.nhn?bikeNo=6493,,KX 250 / KX 450 F,
BKM006-0161,BKM006,가와사키,BKM006-G024,D-트랙커,D-트랙커,161,오프로드,144,126~250cc,가솔린,2016,2016,NV,✅ 네이버만(과거 모델),,https://auto.naver.com/bike/lineup.nhn?bikeNo=2577,,,
BKM006-0162,BKM006,가와사키,BKM006-G025,ER,ER-6f,162,스포츠,649,501~1000cc,가솔린,2016,2016,NV,✅ 네이버만(과거 모델),,https://auto.naver.com/bike/lineup.nhn?bikeNo=2775,,,
BKM006-0163,BKM006,가와사키,BKM006-G023,KLR,KLR650 카모,163,멀티퍼퍼스,651,501~1000cc,가솔린,2016,2016,NV,✅ 네이버만(과거 모델),,https://auto.naver.com/bike/lineup.nhn?bikeNo=2745,,,
BKM006-0164,BKM006,가와사키,BKM006-G003,Z,Z250SL,164,네이키드,249,126~250cc,가솔린,2015,2016,NV,🟡 유사 후보 확인,,https://auto.naver.com/bike/lineup.nhn?bikeNo=2575,,z250,
BKM006-0165,BKM006,가와사키,BKM006-G001,닌자,닌자 ZX-14R SE,165,투어러,1441,1001cc 이상,가솔린,2016,2016,NV,✅ 네이버만(과거 모델),,https://auto.naver.com/bike/lineup.nhn?bikeNo=2321,,,
BKM006-0166,BKM006,가와사키,BKM006-G001,닌자,닌자250,166,스포츠,248,126~250cc,가솔린,2016,2016,NV,🟡 유사 후보 확인,,https://auto.naver.com/bike/lineup.nhn?bikeNo=2201,,닌자 250 R / 닌자 650 ABS,
BKM006-0167,BKM006,가와사키,BKM006-G001,닌자,닌자250SL,167,스포츠,249,126~250cc,가솔린,2016,2016,NV,✅ 네이버만(과거 모델),,https://auto.naver.com/bike/lineup.nhn?bikeNo=2781,,,
BKM006-0168,BKM006,가와사키,BKM006-G003,Z,Z300,168,네이키드,296,251~500cc,가솔린,2015,2015,NV,✅ 네이버만(과거 모델),,https://auto.naver.com/bike/lineup.nhn?bikeNo=1645,,,
BKM006-0169,BKM006,가와사키,BKM006-G001,닌자,닌자300 SE,169,스포츠,296,251~500cc,가솔린,2015,2015,NV,🟡 유사 후보 확인,,https://auto.naver.com/bike/lineup.nhn?bikeNo=2046,,닌자 300 ABS,
BKM006-0170,BKM006,가와사키,BKM006-G019,브루트 포스,부르트 포스 750 4x4 EPS,170,ATV,749,501~1000cc,가솔린,2015,2015,NV,✅ 네이버만(과거 모델),,https://auto.naver.com/bike/lineup.nhn?bikeNo=1551,,,
BKM006-0171,BKM006,가와사키,BKM006-G026,에스트렐라,에스트렐라,171,네이키드,249,126~250cc,가솔린,2015,2015,NV,✅ 네이버만(과거 모델),,https://auto.naver.com/bike/lineup.nhn?bikeNo=2199,,,
BKM006-0172,BKM006,가와사키,BKM006-G003,Z,Z1,172,네이키드,903,501~1000cc,가솔린,1972,1972,NV,✅ 네이버만(과거 모델),,https://auto.naver.com/bike/lineup.nhn?bikeNo=2469,,,
BKM006-0173,BKM006,가와사키,BKM006-G025,ER,ER 6 N,173,네이키드,649,501~1000cc,가솔린,,,RW,✅ 라이트바겐만,10145,,,,🟡 연료 원천 없음→가솔린 추정
BKM006-0174,BKM006,가와사키,BKM006-G027,KLT 250,KLT 250,174,삼륜,250,126~250cc,가솔린,,,RW,✅ 라이트바겐만,13286,,,,🟡 연료 원천 없음→가솔린 추정
BKM006-0175,BKM006,가와사키,BKM006-G028,KSR,KSR 110,175,오프로드,111,51~125cc,가솔린,,,RW,✅ 라이트바겐만,10169,,,,🟡 연료 원천 없음→가솔린 추정
BKM006-0176,BKM006,가와사키,BKM006-G028,KSR,KSR 80,176,오프로드,79,51~125cc,가솔린,,,RW,✅ 라이트바겐만,10172,,,,🟡 연료 원천 없음→가솔린 추정
BKM006-0177,BKM006,가와사키,BKM006-G029,TR 250,TR 250,177,네이키드,249,126~250cc,가솔린,,,RW,✅ 라이트바겐만,10974,,,,🟡 연료 원천 없음→가솔린 추정
BKM006-0178,BKM006,가와사키,BKM006-G003,Z,z250,178,네이키드,249,126~250cc,가솔린,,,RW,✅ 라이트바겐만,13066,,,,🟡 연료 원천 없음→가솔린 추정
BKM006-0179,BKM006,가와사키,BKM006-G006,발칸,발칸 1500,179,크루저,1450,1001cc 이상,가솔린,,,RW,✅ 라이트바겐만,10909,,,,🟡 연료 원천 없음→가솔린 추정
BKM006-0180,BKM006,가와사키,BKM006-G006,발칸,발칸 1600 노매드,180,크루저,1552,1001cc 이상,가솔린,,,RW,✅ 라이트바겐만,10256,,,,🟡 연료 원천 없음→가솔린 추정
BKM006-0181,BKM006,가와사키,BKM006-G006,발칸,발칸 1600 민스트릭,181,크루저,1552,1001cc 이상,가솔린,,,RW,✅ 라이트바겐만,10257,,,,🟡 연료 원천 없음→가솔린 추정
BKM006-0182,BKM006,가와사키,BKM006-G006,발칸,발칸 1700 노매드,182,크루저,1700,1001cc 이상,가솔린,,,RW,✅ 라이트바겐만,10260,,,,🟡 연료 원천 없음→가솔린 추정
BKM006-0183,BKM006,가와사키,BKM006-G006,발칸,발칸 1700 보야져,183,크루저,1700,1001cc 이상,가솔린,,,RW,✅ 라이트바겐만,10259,,,,🟡 연료 원천 없음→가솔린 추정
BKM006-0184,BKM006,가와사키,BKM006-G005,버시스,버시스 X 250,184,멀티퍼퍼스,248,126~250cc,가솔린,,,RW,✅ 라이트바겐만,10283,,,,🟡 연료 원천 없음→가솔린 추정
BKM007-0001,BKM007,SYM,BKM007-G001,울프,울프 125,1,네이키드,124,51~125cc,가솔린,,,RW,✅ 라이트바겐만,10649,,,,🟡 연료 원천 없음→가솔린 추정
BKM007-0002,BKM007,SYM,BKM007-G002,크루심,크루심 125 ABS,2,스쿠터,124,51~125cc,가솔린,2019,2024,RW+NV+DN,✅ RW+NV+DN 일치,9729,https://auto.naver.com/bike/lineup.nhn?bikeNo=5419,13314767,,
BKM007-0003,BKM007,SYM,BKM007-G001,울프,울프 125 레전드,3,네이키드,124,51~125cc,가솔린,,,RW,✅ 라이트바겐만,10801,,,,🟡 연료 원천 없음→가솔린 추정
BKM007-0004,BKM007,SYM,BKM007-G003,보이져,보이져 125 S,4,스쿠터,124,51~125cc,가솔린,,,RW,✅ 라이트바겐만,10834,,,,🟡 연료 원천 없음→가솔린 추정
BKM007-0005,BKM007,SYM,BKM007-G004,맥심,맥심 TL 508 ABS,5,스쿠터,508,501~1000cc,가솔린,,,RW,✅ 라이트바겐만,11008,,,,🟡 연료 원천 없음→가솔린 추정
BKM007-0006,BKM007,SYM,BKM007-G001,울프,울프 125 클래식,6,네이키드,124,51~125cc,가솔린,,,RW,✅ 라이트바겐만,9706,,,,🟡 연료 원천 없음→가솔린 추정
BKM007-0007,BKM007,SYM,BKM007-G002,크루심,크루심 300 알파 ABS,7,스쿠터,278,251~500cc,가솔린,,,RW,✅ 라이트바겐만,12686,,,,🟡 연료 원천 없음→가솔린 추정
BKM007-0008,BKM007,SYM,BKM007-G002,크루심,크루심 300 ABS,8,스쿠터,278,251~500cc,가솔린,2018,2019,RW+NV+DN,✅ RW+NV+DN 일치,9730,https://auto.naver.com/bike/lineup.nhn?bikeNo=5423,9541653,,
BKM007-0009,BKM007,SYM,BKM007-G001,울프,울프 125 노스텔지아,9,네이키드,124,51~125cc,가솔린,,,RW,✅ 라이트바겐만,9705,,,,🟡 연료 원천 없음→가솔린 추정
BKM007-0010,BKM007,SYM,BKM007-G005,VSX 125 ABS,VSX 125 ABS,10,스쿠터,124,51~125cc,가솔린,2022,2022,RW,✅ 라이트바겐만,10868,,,,
BKM007-0011,BKM007,SYM,BKM007-G006,조이맥스,조이맥스 300 i,11,스쿠터,278,251~500cc,가솔린,2012,2018,RW+NV,✅ RW+NV 일치,9720,https://auto.naver.com/bike/lineup.nhn?bikeNo=4477,,,
BKM007-0012,BKM007,SYM,BKM007-G001,울프,울프 125 R,12,네이키드,124,51~125cc,가솔린,,,RW,✅ 라이트바겐만,9704,,,,🟡 연료 원천 없음→가솔린 추정
BKM007-0013,BKM007,SYM,BKM007-G006,조이맥스,조이맥스 Z 125 플러스,13,스쿠터,124,51~125cc,가솔린,,,RW,✅ 라이트바겐만,9723,,,,🟡 연료 원천 없음→가솔린 추정
BKM007-0014,BKM007,SYM,BKM007-G006,조이맥스,조이맥스 125 i,14,스쿠터,124,51~125cc,가솔린,2012,2015,RW+NV,✅ RW+NV 일치,9717,https://auto.naver.com/bike/lineup.nhn?bikeNo=1883,,,
BKM007-0015,BKM007,SYM,BKM007-G007,조이라이더,조이라이더 125,15,스쿠터,124,51~125cc,가솔린,2012,2014,RW+NV,✅ RW+NV 일치,9713,https://auto.naver.com/bike/lineup.nhn?bikeNo=1207,,,
BKM007-0016,BKM007,SYM,BKM007-G004,맥심,맥심 600 i ABS,16,스쿠터,600,501~1000cc,가솔린,2015,2015,RW+NV,✅ RW+NV 일치,9685,https://auto.naver.com/bike/lineup.nhn?bikeNo=1881,,,
BKM007-0017,BKM007,SYM,BKM007-G008,미오,미오 100,17,스쿠터,101,51~125cc,가솔린,2014,2015,RW+NV+DN,✅ RW+NV+DN 일치,10905,https://auto.naver.com/bike/lineup.nhn?bikeNo=1907,3312767,,
BKM007-0018,BKM007,SYM,BKM007-G008,미오,미오 50,18,스쿠터,49,50cc 이하,가솔린,2012,2015,RW+NV,✅ RW+NV 일치,9689,https://auto.naver.com/bike/lineup.nhn?bikeNo=1905,,,
BKM007-0019,BKM007,SYM,BKM007-G003,보이져,보이져 125 EVO,19,스쿠터,124,51~125cc,가솔린,,,RW,✅ 라이트바겐만,9692,,,,🟡 연료 원천 없음→가솔린 추정
BKM007-0020,BKM007,SYM,BKM007-G003,보이져,보이져 300 i EVO,20,스쿠터,300,251~500cc,가솔린,,,RW,✅ 라이트바겐만,9695,,,,🟡 연료 원천 없음→가솔린 추정
BKM007-0021,BKM007,SYM,BKM007-G009,와이드 에보,와이드 에보 125,21,스쿠터,124,51~125cc,가솔린,,,RW,✅ 라이트바겐만,9702,,,,🟡 연료 원천 없음→가솔린 추정
BKM007-0022,BKM007,SYM,BKM007-G001,울프,울프 SB 300 CR,22,네이키드,249,126~250cc,가솔린,,,RW,✅ 라이트바겐만,9707,,,,🟡 연료 원천 없음→가솔린 추정
BKM007-0023,BKM007,SYM,BKM007-G007,조이라이더,조이라이더 125 S CBS,23,스쿠터,124,51~125cc,가솔린,,,RW,✅ 라이트바겐만,9715,,,,🟡 연료 원천 없음→가솔린 추정
BKM007-0024,BKM007,SYM,BKM007-G006,조이맥스,조이맥스 Z 300 플러스 ABS,24,스쿠터,278,251~500cc,가솔린,,,RW,✅ 라이트바겐만,9725,,,,🟡 연료 원천 없음→가솔린 추정
BKM007-0025,BKM007,SYM,BKM007-G004,맥심,맥심 400 i ABS,25,스쿠터,399,251~500cc,가솔린,2012,2020,RW+NV,✅ RW+NV 일치,9684,https://auto.naver.com/bike/lineup.nhn?bikeNo=7355,,,
BKM007-0026,BKM007,SYM,BKM007-G010,WOO 100,WOO 100,26,스쿠터,99,51~125cc,가솔린,2018,2018,RW+NV,✅ RW+NV 일치,9678,https://auto.naver.com/bike/lineup.nhn?bikeNo=3919,,,
BKM007-0027,BKM007,SYM,BKM007-G011,GR 125,GR 125,27,스쿠터,124,51~125cc,가솔린,2012,2015,RW+NV,✅ RW+NV 일치,10889,https://auto.naver.com/bike/lineup.nhn?bikeNo=1901,,,
BKM007-0028,BKM007,SYM,BKM007-G007,조이라이더,조이라이더 200 I,28,스쿠터,176,126~250cc,가솔린,2012,2015,RW+NV,✅ RW+NV 일치,9716,https://auto.naver.com/bike/lineup.nhn?bikeNo=1893,,,
BKM007-0029,BKM007,SYM,BKM007-G012,GTS,GTS 125 S CBS,29,스쿠터,124,51~125cc,가솔린,,,RW,✅ 라이트바겐만,9677,,,,🟡 연료 원천 없음→가솔린 추정
BKM007-0030,BKM007,SYM,BKM007-G003,보이져,보이져 250,30,스쿠터,249,126~250cc,가솔린,,,RW,✅ 라이트바겐만,9694,,,,🟡 연료 원천 없음→가솔린 추정
BKM007-0031,BKM007,SYM,BKM007-G003,보이져,보이져 300 EFI,31,스쿠터,278,251~500cc,가솔린,,,RW,✅ 라이트바겐만,9696,,,,🟡 연료 원천 없음→가솔린 추정
BKM007-0032,BKM007,SYM,BKM007-G006,조이맥스,조이맥스 125 R,32,스쿠터,124,51~125cc,가솔린,,,RW,✅ 라이트바겐만,9719,,,,🟡 연료 원천 없음→가솔린 추정
BKM007-0033,BKM007,SYM,BKM007-G013,조이시티,조이시티 125,33,스쿠터,125,51~125cc,가솔린,2026,2026,RW,✅ 라이트바겐만,13301,,,,🟡 연료 원천 없음→가솔린 추정
BKM007-0034,BKM007,SYM,BKM007-G013,조이시티,조이시티 300,34,스쿠터,278,251~500cc,가솔린,2025,2025,RW,✅ 라이트바겐만,13202,,,,
BKM007-0035,BKM007,SYM,BKM007-G014,포미카 125,포미카 125,35,스쿠터,124,51~125cc,가솔린,2025,2025,RW+DN,✅ RW+DN 일치,13201,,108421022,,
BKM007-0036,BKM007,SYM,BKM007-G015,VF,VF3i 185 LE,36,스쿠터,183,126~250cc,가솔린,2020,2020,NV,✅ 네이버만(과거 모델),,https://auto.naver.com/bike/lineup.nhn?bikeNo=6595,,,
BKM007-0037,BKM007,SYM,BKM007-G016,e엑스프로,e엑스프로,37,스쿠터,,전기,전기,2020,2020,NV,✅ 네이버만(과거 모델),,https://auto.naver.com/bike/lineup.nhn?bikeNo=7307,,,"🟡 장르 ""전기""→연료 전기로 분리, 장르는 추정"
BKM007-0038,BKM007,SYM,BKM007-G017,심포니,심포니125,38,스쿠터,124.6,51~125cc,가솔린,2020,2020,NV,✅ 네이버만(과거 모델),,https://auto.naver.com/bike/lineup.nhn?bikeNo=6597,,,
BKM007-0039,BKM007,SYM,BKM007-G017,심포니,심포니200,39,스쿠터,169,126~250cc,가솔린,2020,2020,NV,✅ 네이버만(과거 모델),,https://auto.naver.com/bike/lineup.nhn?bikeNo=6599,,,
BKM007-0040,BKM007,SYM,BKM007-G018,피들,피들 125,40,스쿠터,124.6,51~125cc,가솔린,2020,2020,NV,🟡 유사 후보 확인,,https://auto.naver.com/bike/lineup.nhn?bikeNo=6601,,피들 3 125 / 피들엑스 125,
BKM007-0041,BKM007,SYM,BKM007-G019,FNX125,FNX125,41,스쿠터,124.6,51~125cc,가솔린,2019,2019,NV,✅ 네이버만(과거 모델),,https://auto.naver.com/bike/lineup.nhn?bikeNo=5627,,,
BKM007-0042,BKM007,SYM,BKM007-G020,HD300,HD300,42,스쿠터,278.3,251~500cc,가솔린,2019,2019,NV,✅ 네이버만(과거 모델),,https://auto.naver.com/bike/lineup.nhn?bikeNo=5629,,,
BKM007-0043,BKM007,SYM,BKM007-G021,NH,NH T125,43,멀티퍼퍼스,124.1,51~125cc,가솔린,2019,2019,NV,✅ 네이버만(과거 모델),,https://auto.naver.com/bike/lineup.nhn?bikeNo=5679,,,
BKM007-0044,BKM007,SYM,BKM007-G021,NH,NH X125,44,멀티퍼퍼스,124.1,51~125cc,가솔린,2019,2019,NV,✅ 네이버만(과거 모델),,https://auto.naver.com/bike/lineup.nhn?bikeNo=7289,,,
BKM007-0045,BKM007,SYM,BKM007-G015,VF,VF125,45,스쿠터,123,51~125cc,가솔린,2019,2019,NV,🟡 유사 후보 확인,,https://auto.naver.com/bike/lineup.nhn?bikeNo=6591,,VS125,
BKM007-0046,BKM007,SYM,BKM007-G015,VF,VF185,46,스쿠터,183,126~250cc,가솔린,2019,2019,NV,✅ 네이버만(과거 모델),,https://auto.naver.com/bike/lineup.nhn?bikeNo=5681,,,
BKM007-0047,BKM007,SYM,BKM007-G022,와이드스타,와이드스타,47,언더본·비즈니스,124.6,51~125cc,가솔린,2019,2019,NV,✅ 네이버만(과거 모델),,https://auto.naver.com/bike/lineup.nhn?bikeNo=4811,,,
BKM007-0048,BKM007,SYM,BKM007-G006,조이맥스,조이맥스 Z 300 ABS,48,스쿠터,278,251~500cc,가솔린,2019,2019,RW+NV,✅ RW+NV 일치,9724,https://auto.naver.com/bike/lineup.nhn?bikeNo=5684,,,
BKM007-0049,BKM007,SYM,BKM007-G023,조이맥스Z,조이맥스Z125,49,스쿠터,124.9,51~125cc,가솔린,2019,2019,NV,🟡 유사 후보 확인,,https://auto.naver.com/bike/lineup.nhn?bikeNo=5683,,조이맥스 125 i / 조이맥스 125 R / 조이맥스 Z 125 플러스,
BKM007-0050,BKM007,SYM,BKM007-G023,조이맥스Z,조이맥스Z250,50,스쿠터,249.4,126~250cc,가솔린,2019,2019,NV,🟡 유사 후보 확인,,https://auto.naver.com/bike/lineup.nhn?bikeNo=5685,,조이맥스 125 i,
BKM007-0051,BKM007,SYM,BKM007-G002,크루심,크루심250,51,스쿠터,249.4,126~250cc,가솔린,2019,2019,NV,🟡 유사 후보 확인,,https://auto.naver.com/bike/lineup.nhn?bikeNo=5421,,크루심 125 ABS,
BKM007-0052,BKM007,SYM,BKM007-G024,매직 SR125i,매직 SR125i,52,스쿠터,124.6,51~125cc,가솔린,2018,2018,NV,✅ 네이버만(과거 모델),,https://auto.naver.com/bike/lineup.nhn?bikeNo=5619,,,
BKM007-0053,BKM007,SYM,BKM007-G025,맥심TL,맥심TL,53,스쿠터,465,251~500cc,가솔린,2018,2018,NV,✅ 네이버만(과거 모델),,https://auto.naver.com/bike/lineup.nhn?bikeNo=3815,,,
BKM007-0054,BKM007,SYM,BKM007-G009,와이드 에보,와이드에보,54,언더본·비즈니스,124.6,51~125cc,가솔린,2012,2018,NV,✅ 네이버만(과거 모델),,https://auto.naver.com/bike/lineup.nhn?bikeNo=4547,,,
BKM007-0055,BKM007,SYM,BKM007-G026,제트,제트 14 ABS,55,스쿠터,124,51~125cc,가솔린,2018,2018,RW+NV,✅ RW+NV 일치,11009,https://auto.naver.com/bike/lineup.nhn?bikeNo=3917,,,
BKM007-0056,BKM007,SYM,BKM007-G027,조이라이드125-S,조이라이드125-S,56,스쿠터,124.9,51~125cc,가솔린,2018,2018,NV+DN,🟡 유사 후보 확인,,https://auto.naver.com/bike/lineup.nhn?bikeNo=4279,11149731,조이라이더 125,
BKM007-0057,BKM007,SYM,BKM007-G028,크록스,크록스 125,57,스쿠터,124,51~125cc,가솔린,2018,2018,RW+NV,✅ RW+NV 일치,9728,https://auto.naver.com/bike/lineup.nhn?bikeNo=5623,,,
BKM007-0058,BKM007,SYM,BKM007-G028,크록스,크록스150,58,스쿠터,151,126~250cc,가솔린,2018,2018,NV,🟡 유사 후보 확인,,https://auto.naver.com/bike/lineup.nhn?bikeNo=5625,,크록스 125,
BKM007-0059,BKM007,SYM,BKM007-G028,크록스,크록스50,59,스쿠터,49.5,50cc 이하,가솔린,2018,2018,NV,✅ 네이버만(과거 모델),,https://auto.naver.com/bike/lineup.nhn?bikeNo=5621,,,
BKM007-0060,BKM007,SYM,BKM007-G017,심포니,심포니 S50,60,스쿠터,49.4,50cc 이하,가솔린,2017,2017,NV,✅ 네이버만(과거 모델),,https://auto.naver.com/bike/lineup.nhn?bikeNo=5607,,,
BKM007-0061,BKM007,SYM,BKM007-G029,오르빗,오르빗 III 125,61,스쿠터,124.6,51~125cc,가솔린,2017,2017,NV,✅ 네이버만(과거 모델),,https://auto.naver.com/bike/lineup.nhn?bikeNo=5613,,,
BKM007-0062,BKM007,SYM,BKM007-G029,오르빗,오르빗 III 50,62,스쿠터,49.5,50cc 이하,가솔린,2017,2017,NV,✅ 네이버만(과거 모델),,https://auto.naver.com/bike/lineup.nhn?bikeNo=5611,,,
BKM007-0063,BKM007,SYM,BKM007-G018,피들,피들 III 200i,63,스쿠터,169,126~250cc,가솔린,2017,2017,NV,✅ 네이버만(과거 모델),,https://auto.naver.com/bike/lineup.nhn?bikeNo=5617,,,
BKM007-0064,BKM007,SYM,BKM007-G018,피들,피들 III 50,64,스쿠터,49.5,50cc 이하,가솔린,2017,2017,NV,✅ 네이버만(과거 모델),,https://auto.naver.com/bike/lineup.nhn?bikeNo=6221,,,
BKM007-0065,BKM007,SYM,BKM007-G030,Z1 125i,Z1 125i,65,스쿠터,124,51~125cc,가솔린,2014,2016,RW+NV,✅ RW+NV 일치,9681,https://auto.naver.com/bike/lineup.nhn?bikeNo=2409,,,
BKM007-0066,BKM007,SYM,BKM007-G031,노스텔지아 울프,노스텔지아 울프,66,네이키드,124,51~125cc,가솔린,2013,2016,NV,✅ 네이버만(과거 모델),,https://auto.naver.com/bike/lineup.nhn?bikeNo=2371,,,
BKM007-0067,BKM007,SYM,BKM007-G032,씨티콤 300 i,씨티콤 300 i,67,스쿠터,262,251~500cc,가솔린,2016,2016,RW+NV,✅ RW+NV 일치,9699,https://auto.naver.com/bike/lineup.nhn?bikeNo=2663,,,
BKM007-0068,BKM007,SYM,BKM007-G033,엑스프로,엑스프로125,68,스쿠터,124.6,51~125cc,가솔린,2016,2016,NV,✅ 네이버만(과거 모델),,https://auto.naver.com/bike/lineup.nhn?bikeNo=7309,,,
BKM007-0069,BKM007,SYM,BKM007-G033,엑스프로,엑스프로50,69,스쿠터,49.5,50cc 이하,가솔린,2016,2016,NV,✅ 네이버만(과거 모델),,https://auto.naver.com/bike/lineup.nhn?bikeNo=7311,,,
BKM007-0070,BKM007,SYM,BKM007-G001,울프,울프 300CR,70,네이키드,278.3,251~500cc,가솔린,2016,2016,NV,🟡 유사 후보 확인,,https://auto.naver.com/bike/lineup.nhn?bikeNo=7291,,울프 SB 300 CR,
BKM007-0071,BKM007,SYM,BKM007-G034,제트-S,제트-S,71,스쿠터,124.6,51~125cc,가솔린,2016,2016,NV,✅ 네이버만(과거 모델),,https://auto.naver.com/bike/lineup.nhn?bikeNo=2851,,,
BKM007-0072,BKM007,SYM,BKM007-G035,플라이,플라이 2 시리즈125,72,스쿠터,124.6,51~125cc,가솔린,2016,2016,NV,✅ 네이버만(과거 모델),,https://auto.naver.com/bike/lineup.nhn?bikeNo=7287,,,
BKM007-0073,BKM007,SYM,BKM007-G035,플라이,플라이 2 시리즈50,73,스쿠터,49.4,50cc 이하,가솔린,2016,2016,NV,✅ 네이버만(과거 모델),,https://auto.naver.com/bike/lineup.nhn?bikeNo=5603,,,
BKM007-0074,BKM007,SYM,BKM007-G012,GTS,GTS125 에보,74,스쿠터,124.5,51~125cc,가솔린,2012,2015,NV,✅ 네이버만(과거 모델),,https://auto.naver.com/bike/lineup.nhn?bikeNo=1891,,,
BKM007-0075,BKM007,SYM,BKM007-G012,GTS,GTS125i,75,스쿠터,124.5,51~125cc,가솔린,2013,2015,NV,🟡 유사 후보 확인,,https://auto.naver.com/bike/lineup.nhn?bikeNo=1890,,GTS 125 S CBS,
BKM007-0076,BKM007,SYM,BKM007-G012,GTS,GTS300i,76,스쿠터,263.7,251~500cc,가솔린,2012,2015,NV,✅ 네이버만(과거 모델),,https://auto.naver.com/bike/lineup.nhn?bikeNo=1892,,,
BKM007-0077,BKM007,SYM,BKM007-G017,심포니,심포니 ST125i,77,스쿠터,124.6,51~125cc,가솔린,2015,2015,NV,✅ 네이버만(과거 모델),,https://auto.naver.com/bike/lineup.nhn?bikeNo=5593,,,
BKM007-0078,BKM007,SYM,BKM007-G001,울프,울프 R,78,네이키드,124,51~125cc,가솔린,2013,2015,NV,✅ 네이버만(과거 모델),,https://auto.naver.com/bike/lineup.nhn?bikeNo=7303,,,
BKM007-0079,BKM007,SYM,BKM007-G001,울프,울프 클래식,79,네이키드,124,51~125cc,가솔린,2013,2015,NV,✅ 네이버만(과거 모델),,https://auto.naver.com/bike/lineup.nhn?bikeNo=7297,,,
BKM007-0080,BKM007,SYM,BKM007-G036,제트파워,제트파워 EVO 125i,80,스쿠터,124,51~125cc,가솔린,2014,2015,RW+NV,✅ RW+NV 일치,9712,https://auto.naver.com/bike/lineup.nhn?bikeNo=1897,,,
BKM007-0081,BKM007,SYM,BKM007-G037,티투스,티투스 125,81,네이키드,124,51~125cc,가솔린,2012,2015,RW+NV,✅ RW+NV 일치,9731,https://auto.naver.com/bike/lineup.nhn?bikeNo=1911,,,
BKM007-0082,BKM007,SYM,BKM007-G037,티투스,티투스 250,82,네이키드,249,126~250cc,가솔린,2012,2015,RW+NV,✅ RW+NV 일치,9733,https://auto.naver.com/bike/lineup.nhn?bikeNo=1913,,,
BKM007-0083,BKM007,SYM,BKM007-G018,피들,피들 III 125,83,스쿠터,124.6,51~125cc,가솔린,2015,2015,NV,✅ 네이버만(과거 모델),,https://auto.naver.com/bike/lineup.nhn?bikeNo=1909,,,
BKM007-0084,BKM007,SYM,BKM007-G017,심포니,심포니 SR125,84,스쿠터,124.6,51~125cc,가솔린,2014,2014,NV,✅ 네이버만(과거 모델),,https://auto.naver.com/bike/lineup.nhn?bikeNo=5589,,,
BKM007-0085,BKM007,SYM,BKM007-G017,심포니,심포니 SR50,85,스쿠터,49.6,50cc 이하,가솔린,2014,2014,NV,✅ 네이버만(과거 모델),,https://auto.naver.com/bike/lineup.nhn?bikeNo=5587,,,
BKM007-0086,BKM007,SYM,BKM007-G017,심포니,심포니 ST200i,86,스쿠터,168.9,126~250cc,가솔린,2014,2014,NV,✅ 네이버만(과거 모델),,https://auto.naver.com/bike/lineup.nhn?bikeNo=5595,,,
BKM007-0087,BKM007,SYM,BKM007-G017,심포니,심포니 ST50,87,스쿠터,49.4,50cc 이하,가솔린,2014,2014,NV,✅ 네이버만(과거 모델),,https://auto.naver.com/bike/lineup.nhn?bikeNo=5591,,,
BKM007-0088,BKM007,SYM,BKM007-G038,제트V125,제트V125,88,스쿠터,124.6,51~125cc,가솔린,2012,2014,NV,🟡 유사 후보 확인,,https://auto.naver.com/bike/lineup.nhn?bikeNo=1205,,제트 S 125,
BKM007-0089,BKM007,SYM,BKM007-G039,e-비리드,e-비리드,89,스쿠터,,전기,전기,2013,2013,NV,✅ 네이버만(과거 모델),,https://auto.naver.com/bike/lineup.nhn?bikeNo=5585,,,"🟡 장르 ""전기""→연료 전기로 분리, 장르는 추정"
BKM007-0090,BKM007,SYM,BKM007-G036,제트파워,제트파워 125,90,스쿠터,124,51~125cc,가솔린,2012,2013,RW+NV,✅ RW+NV 일치,9711,https://auto.naver.com/bike/lineup.nhn?bikeNo=597,,,
BKM007-0091,BKM007,SYM,BKM007-G029,오르빗,오르빗 II 50,91,스쿠터,49.4,50cc 이하,가솔린,2012,2012,NV,✅ 네이버만(과거 모델),,https://auto.naver.com/bike/lineup.nhn?bikeNo=5581,,,
BKM007-0092,BKM007,SYM,BKM007-G018,피들,피들 II 50,92,스쿠터,49.5,50cc 이하,가솔린,2012,2012,NV,✅ 네이버만(과거 모델),,https://auto.naver.com/bike/lineup.nhn?bikeNo=5583,,,
BKM007-0093,BKM007,SYM,BKM007-G040,ADX 125 (허스키 125),ADX 125 (허스키 125),93,스쿠터,124,51~125cc,가솔린,,,RW,✅ 라이트바겐만,13308,,,,🟡 연료 원천 없음→가솔린 추정
BKM007-0094,BKM007,SYM,BKM007-G041,VS,VS 300,94,스쿠터,,,가솔린,,,RW,✅ 라이트바겐만,13169,,,,🟡 연료 원천 없음→가솔린 추정
BKM007-0095,BKM007,SYM,BKM007-G041,VS,VS125,95,스쿠터,125,51~125cc,가솔린,,,RW,✅ 라이트바겐만,13281,,,,🟡 연료 원천 없음→가솔린 추정
BKM007-0096,BKM007,SYM,BKM007-G042,Z +,Z + 125 ABS,96,스쿠터,124,51~125cc,가솔린,,,RW,✅ 라이트바겐만,9679,,,,🟡 연료 원천 없음→가솔린 추정
BKM007-0097,BKM007,SYM,BKM007-G042,Z +,Z + 300 ABS/TCS,97,스쿠터,278,251~500cc,가솔린,,,RW,✅ 라이트바겐만,9680,,,,🟡 연료 원천 없음→가솔린 추정
BKM007-0098,BKM007,SYM,BKM007-G003,보이져,보이져 125 EFI,98,스쿠터,124,51~125cc,가솔린,,,RW,✅ 라이트바겐만,9691,,,,🟡 연료 원천 없음→가솔린 추정
BKM007-0099,BKM007,SYM,BKM007-G043,스팅거 VS 125,스팅거 VS 125,99,스쿠터,124,51~125cc,가솔린,,,RW,✅ 라이트바겐만,9698,,,,🟡 연료 원천 없음→가솔린 추정
BKM007-0100,BKM007,SYM,BKM007-G022,와이드스타,와이드스타 125,100,스쿠터,124,51~125cc,가솔린,,,RW,✅ 라이트바겐만,9703,,,,🟡 연료 원천 없음→가솔린 추정
BKM007-0101,BKM007,SYM,BKM007-G026,제트,제트 S 125,101,스쿠터,124,51~125cc,가솔린,,,RW,✅ 라이트바겐만,9709,,,,🟡 연료 원천 없음→가솔린 추정
BKM007-0102,BKM007,SYM,BKM007-G007,조이라이더,조이라이더 125 EVO,102,스쿠터,124,51~125cc,가솔린,,,RW,✅ 라이트바겐만,9714,,,,🟡 연료 원천 없음→가솔린 추정
BKM007-0103,BKM007,SYM,BKM007-G006,조이맥스,조이맥스 125 i CBS,103,스쿠터,124,51~125cc,가솔린,,,RW,✅ 라이트바겐만,9718,,,,🟡 연료 원천 없음→가솔린 추정
BKM007-0104,BKM007,SYM,BKM007-G006,조이맥스,조이맥스 Z 125 CBS,104,스쿠터,124,51~125cc,가솔린,,,RW,✅ 라이트바겐만,9722,,,,🟡 연료 원천 없음→가솔린 추정
BKM007-0105,BKM007,SYM,BKM007-G047,조이심 125,조이심 125,105,스쿠터,124.6,51~125cc,가솔린,,,DN,🟡 유사 후보 확인,,,108420899,조이시티 125 / 조이라이더 125,🟡 다나와에만 있음(현행 판매) · 🟡 같은 모델일 수 있음: 조이시티 125 / 조이라이더 125 · 🟡 모델그룹 없음→모델명으로 그룹 생성
BKM007-0106,BKM007,SYM,BKM007-G044,조이심 300,조이심 300,106,스쿠터,278,251~500cc,가솔린,,,RW,✅ 라이트바겐만,13258,,,,🟡 연료 원천 없음→가솔린 추정
BKM007-0107,BKM007,SYM,BKM007-G045,카미온,카미온,107,스쿠터,125,51~125cc,가솔린,,,RW,✅ 라이트바겐만,9726,,,,🟡 연료 원천 없음→가솔린 추정
BKM007-0108,BKM007,SYM,BKM007-G002,크루심,크루심 125 알파 ABS,108,스쿠터,125,51~125cc,가솔린,,,RW,✅ 라이트바겐만,13130,,,,🟡 연료 원천 없음→가솔린 추정
BKM007-0109,BKM007,SYM,BKM007-G018,피들,피들 3 125,109,스쿠터,124,51~125cc,가솔린,,,RW,✅ 라이트바겐만,9736,,,,🟡 연료 원천 없음→가솔린 추정
BKM007-0110,BKM007,SYM,BKM007-G018,피들,피들 4,110,스쿠터,,,가솔린,,,RW,✅ 라이트바겐만,13107,,,,🟡 연료 원천 없음→가솔린 추정
BKM007-0111,BKM007,SYM,BKM007-G046,피들엑스 125,피들엑스 125,111,스쿠터,124,51~125cc,가솔린,,,RW,✅ 라이트바겐만,9737,,,,🟡 연료 원천 없음→가솔린 추정
BKM008-0001,BKM008,베스파,BKM008-G001,LX,LX 125,1,스쿠터,124,51~125cc,가솔린,2012,2025,RW+NV+DN,✅ RW+NV+DN 일치,10933,https://auto.naver.com/bike/lineup.nhn?bikeNo=5765,13058966 10583139 15459545,,
BKM008-0002,BKM008,베스파,BKM008-G002,GTS,GTS 300 슈퍼테크,2,스쿠터,278,251~500cc,가솔린,2019,2024,RW+NV,✅ RW+NV 일치,9615,https://auto.naver.com/bike/lineup.nhn?bikeNo=5293,,,
BKM008-0003,BKM008,베스파,BKM008-G003,스프린트,스프린트 125 저스틴비버,3,스쿠터,124,51~125cc,가솔린,,,RW,✅ 라이트바겐만,11041,,,,🟡 연료 원천 없음→가솔린 추정
BKM008-0004,BKM008,베스파,BKM008-G002,GTS,GTS 300 슈퍼스포츠,4,스쿠터,278,251~500cc,가솔린,2018,2023,RW+NV+DN,✅ RW+NV+DN 일치,12673,https://auto.naver.com/bike/lineup.nhn?bikeNo=4553,10557051,,
BKM008-0005,BKM008,베스파,BKM008-G004,PX,PX 125,5,스쿠터,124,51~125cc,가솔린,2012,2013,RW+NV,✅ RW+NV 일치,9635,https://auto.naver.com/bike/lineup.nhn?bikeNo=565,,,
BKM008-0006,BKM008,베스파,BKM008-G002,GTS,GTS 125 슈퍼스포츠,6,스쿠터,125,51~125cc,가솔린,2024,2024,RW+DN,✅ RW+DN 일치,9604,,108447971,,
BKM008-0007,BKM008,베스파,BKM008-G005,GTV,GTV 300,7,스쿠터,278,251~500cc,가솔린,2013,2024,RW+NV,✅ RW+NV 일치,9619,https://auto.naver.com/bike/lineup.nhn?bikeNo=583,,,
BKM008-0008,BKM008,베스파,BKM008-G002,GTS,GTS 300 슈퍼,8,스쿠터,278,251~500cc,가솔린,2012,2018,RW+NV,✅ RW+NV 일치,9613,https://auto.naver.com/bike/lineup.nhn?bikeNo=4551,,,
BKM008-0009,BKM008,베스파,BKM008-G002,GTS,GTS 125 LQ ABS,9,스쿠터,278,251~500cc,가솔린,,,RW,✅ 라이트바겐만,9603,,,,🟡 연료 원천 없음→가솔린 추정
BKM008-0010,BKM008,베스파,BKM008-G006,프리마베라,프리마베라 125 션우더스푼,10,스쿠터,124,51~125cc,가솔린,,,RW,✅ 라이트바겐만,12677,,,,🟡 연료 원천 없음→가솔린 추정
BKM008-0011,BKM008,베스파,BKM008-G003,스프린트,스프린트 S 125,11,스쿠터,124,51~125cc,가솔린,2015,2025,RW+NV+DN,✅ RW+NV+DN 일치,10867,https://auto.naver.com/bike/lineup.nhn?bikeNo=1975,10552656,,
BKM008-0012,BKM008,베스파,BKM008-G006,프리마베라,프리마베라 125,12,스쿠터,124,51~125cc,가솔린,2014,2024,RW+NV+DN,✅ RW+NV+DN 일치,9656,https://auto.naver.com/bike/lineup.nhn?bikeNo=4563,5897318 79406585,,
BKM008-0013,BKM008,베스파,BKM008-G005,GTV,GTV 250,13,스쿠터,259,251~500cc,가솔린,2012,2013,RW+NV,✅ RW+NV 일치,9618,https://auto.naver.com/bike/lineup.nhn?bikeNo=573,,,
BKM008-0014,BKM008,베스파,BKM008-G002,GTS,GTS 125 HPE,14,스쿠터,125,51~125cc,가솔린,,,RW,✅ 라이트바겐만,10797,,,,🟡 연료 원천 없음→가솔린 추정
BKM008-0015,BKM008,베스파,BKM008-G005,GTV,GTV 300 세이조르니,15,스쿠터,278,251~500cc,가솔린,,,RW,✅ 라이트바겐만,11042,,,,🟡 연료 원천 없음→가솔린 추정
BKM008-0016,BKM008,베스파,BKM008-G006,프리마베라,프리마베라 125 피크닉 에디션,16,스쿠터,124,51~125cc,가솔린,,,RW,✅ 라이트바겐만,10818,,,,🟡 연료 원천 없음→가솔린 추정
BKM008-0017,BKM008,베스파,BKM008-G002,GTS,GTS 300 슈퍼 레이싱 식스티,17,스쿠터,286,251~500cc,가솔린,2021,2021,RW+NV,✅ RW+NV 일치,9614,https://auto.naver.com/bike/lineup.nhn?bikeNo=6607,,,
BKM008-0018,BKM008,베스파,BKM008-G003,스프린트,스프린트 125 레이싱 식스티,18,스쿠터,124,51~125cc,가솔린,2021,2021,RW+NV,✅ RW+NV 일치,9652,https://auto.naver.com/bike/lineup.nhn?bikeNo=6615,,,
BKM008-0019,BKM008,베스파,BKM008-G002,GTS,GTS 300 IE,19,스쿠터,286,251~500cc,가솔린,2018,2018,RW+NV,✅ RW+NV 일치,9609,https://auto.naver.com/bike/lineup.nhn?bikeNo=4283,,,
BKM008-0020,BKM008,베스파,BKM008-G007,50 S,50 S,20,스쿠터,49,50cc 이하,가솔린,,,RW,✅ 라이트바겐만,10923,,,,🟡 연료 원천 없음→가솔린 추정
BKM008-0021,BKM008,베스파,BKM008-G008,946 크리스찬 디올 에디션,946 크리스찬 디올 에디션,21,스쿠터,155,126~250cc,가솔린,,,RW,✅ 라이트바겐만,10881,,,,🟡 연료 원천 없음→가솔린 추정
BKM008-0022,BKM008,베스파,BKM008-G009,S,S 125 3V ie,22,스쿠터,124,51~125cc,가솔린,,,RW,✅ 라이트바겐만,9640,,,,🟡 연료 원천 없음→가솔린 추정
BKM008-0023,BKM008,베스파,BKM008-G006,프리마베라,프리마베라 125 V3,23,스쿠터,124,51~125cc,가솔린,,,RW,✅ 라이트바겐만,9657,,,,🟡 연료 원천 없음→가솔린 추정
BKM008-0024,BKM008,베스파,BKM008-G010,946 Dragon 150,946 Dragon 150,24,스쿠터,155,126~250cc,가솔린,2025,2025,RW,✅ 라이트바겐만,13189,,,,
BKM008-0025,BKM008,베스파,BKM008-G002,GTS,GTS 300 클래식,25,스쿠터,278,251~500cc,가솔린,2025,2025,RW+DN,✅ RW+DN 일치,13175,,41494730,,
BKM008-0026,BKM008,베스파,BKM008-G006,프리마베라,프리마베라 S 125,26,스쿠터,124,51~125cc,가솔린,2024,2025,RW+DN,✅ RW+DN 일치,13188,,79406855,,
BKM008-0027,BKM008,베스파,BKM008-G006,프리마베라,프리마베라 125 디즈니 미키마우스 에디션,27,스쿠터,124,51~125cc,가솔린,2024,2024,RW,✅ 라이트바겐만,12926,,,,
BKM008-0028,BKM008,베스파,BKM008-G003,스프린트,스프린트 125,28,스쿠터,125,51~125cc,가솔린,2014,2021,RW+NV+DN,✅ RW+NV+DN 일치,13115,https://auto.naver.com/bike/lineup.nhn?bikeNo=4285,13373939,,
BKM008-0029,BKM008,베스파,BKM008-G003,스프린트,스프린트 50,29,스쿠터,49,50cc 이하,가솔린,2015,2020,NV,✅ 네이버만(과거 모델),,https://auto.naver.com/bike/lineup.nhn?bikeNo=6613,,,
BKM008-0030,BKM008,베스파,BKM008-G011,일렉트리카,일렉트리카,30,스쿠터,,전기,전기,2020,2020,NV,✅ 네이버만(과거 모델),,https://auto.naver.com/bike/lineup.nhn?bikeNo=5888,,,"🟡 장르 ""전기""→연료 전기로 분리, 장르는 추정"
BKM008-0031,BKM008,베스파,BKM008-G025,프리마베라 125 S LED,프리마베라 125 S LED,31,스쿠터,125,51~125cc,가솔린,2020,2020,DN,🟡 유사 후보 확인,,,10552371,프리마베라 125 / 프리마베라 125 요트,🟡 다나와에만 있음(현행 판매) · 🟡 같은 모델일 수 있음: 프리마베라 125 / 프리마베라 125 요트 · 🟡 모델그룹 없음→모델명으로 그룹 생성
BKM008-0032,BKM008,베스파,BKM008-G006,프리마베라,프리마베라 125 레드,32,스쿠터,124,51~125cc,가솔린,2020,2020,NV,🟡 유사 후보 확인,,https://auto.naver.com/bike/lineup.nhn?bikeNo=5889,,프리마베라 125 / 프리마베라 S 125,
BKM008-0033,BKM008,베스파,BKM008-G006,프리마베라,프리마베라 150 션 우더스푼,33,스쿠터,155,126~250cc,가솔린,2020,2020,NV,🟡 유사 후보 확인,,https://auto.naver.com/bike/lineup.nhn?bikeNo=5892,,프리마베라 125 션우더스푼,
BKM008-0034,BKM008,베스파,BKM008-G006,프리마베라,프리마베라 50,34,스쿠터,49,50cc 이하,가솔린,2020,2020,NV,🟡 유사 후보 확인,,https://auto.naver.com/bike/lineup.nhn?bikeNo=5527,,프리마베라 125,
BKM008-0035,BKM008,베스파,BKM008-G012,946 레드,946 레드,35,스쿠터,155,126~250cc,가솔린,2019,2019,RW+NV,✅ RW+NV 일치,9596,https://auto.naver.com/bike/lineup.nhn?bikeNo=5102,,,🟡 연료 원천 없음→가솔린 추정
BKM008-0036,BKM008,베스파,BKM008-G002,GTS,GTS 125,36,스쿠터,125,51~125cc,가솔린,2017,2018,RW+NV+DN,✅ RW+NV+DN 일치,13114,https://auto.naver.com/bike/lineup.nhn?bikeNo=4565,10553046,,
BKM008-0037,BKM008,베스파,BKM008-G013,세이 조르니,세이 조르니,37,스쿠터,278,251~500cc,가솔린,2018,2018,NV,✅ 네이버만(과거 모델),,https://auto.naver.com/bike/lineup.nhn?bikeNo=4557,,,
BKM008-0038,BKM008,베스파,BKM008-G003,스프린트,스프린트 125 카본 룩,38,스쿠터,124,51~125cc,가솔린,2018,2018,NV,🟡 유사 후보 확인,,https://auto.naver.com/bike/lineup.nhn?bikeNo=4559,,스프린트 125,
BKM008-0039,BKM008,베스파,BKM008-G006,프리마베라,프리마베라 125 요트,39,스쿠터,124,51~125cc,가솔린,2018,2018,NV,🟡 유사 후보 확인,,https://auto.naver.com/bike/lineup.nhn?bikeNo=4561,,프리마베라 125 / 프리마베라 S 125,
BKM008-0040,BKM008,베스파,BKM008-G014,946 엠포리오 아르마니,946 엠포리오 아르마니,40,스쿠터,124,51~125cc,가솔린,2016,2016,NV,✅ 네이버만(과거 모델),,https://auto.naver.com/bike/lineup.nhn?bikeNo=2547,,,
BKM008-0041,BKM008,베스파,BKM008-G004,PX,PX125 투어링,41,스쿠터,123,51~125cc,가솔린,2016,2016,NV,🟡 유사 후보 확인,,https://auto.naver.com/bike/lineup.nhn?bikeNo=2560,,PX 125,
BKM008-0042,BKM008,베스파,BKM008-G006,프리마베라,프리마베라 150 투어링,42,스쿠터,155,126~250cc,가솔린,2016,2016,NV,✅ 네이버만(과거 모델),,https://auto.naver.com/bike/lineup.nhn?bikeNo=5689,,,
BKM008-0043,BKM008,베스파,BKM008-G015,946 벨리시마,946 벨리시마,43,스쿠터,155,126~250cc,가솔린,2015,2015,NV,✅ 네이버만(과거 모델),,https://auto.naver.com/bike/lineup.nhn?bikeNo=1593,,,
BKM008-0044,BKM008,베스파,BKM008-G002,GTS,GTS 300 투어링 ABS,44,스쿠터,278,251~500cc,가솔린,2015,2015,RW+NV,✅ RW+NV 일치,9616,https://auto.naver.com/bike/lineup.nhn?bikeNo=1599,,,
BKM008-0045,BKM008,베스파,BKM008-G016,스프린트S 150,스프린트S 150,45,스쿠터,154.8,126~250cc,가솔린,2015,2015,NV,🟡 유사 후보 확인,,https://auto.naver.com/bike/lineup.nhn?bikeNo=6609,,스프린트 S 125 / 스프린트 125,
BKM008-0046,BKM008,베스파,BKM008-G002,GTS,GTS125ie 3V,46,스쿠터,124,51~125cc,가솔린,2014,2014,NV,🟡 유사 후보 확인,,https://auto.naver.com/bike/lineup.nhn?bikeNo=1941,,GTS 125 3V,
BKM008-0047,BKM008,베스파,BKM008-G017,LT,LT125ie 3V,47,스쿠터,124,51~125cc,가솔린,2014,2014,NV,🟡 유사 후보 확인,,https://auto.naver.com/bike/lineup.nhn?bikeNo=1939,,LT 125 3V,
BKM008-0048,BKM008,베스파,BKM008-G004,PX,PX150,48,스쿠터,150,126~250cc,가솔린,2014,2014,NV,🟡 유사 후보 확인,,https://auto.naver.com/bike/lineup.nhn?bikeNo=1359,,PX 125 / LX 150,🟡 연료 원천 없음→가솔린 추정
BKM008-0049,BKM008,베스파,BKM008-G018,946 콰란타세이,946 콰란타세이,49,스쿠터,155,126~250cc,가솔린,2013,2013,RW+NV,✅ RW+NV 일치,9597,https://auto.naver.com/bike/lineup.nhn?bikeNo=575,,,
BKM008-0050,BKM008,베스파,BKM008-G002,GTS,GTS 250 ie,50,스쿠터,244,126~250cc,가솔린,2012,2013,RW+NV,✅ RW+NV 일치,9606,https://auto.naver.com/bike/lineup.nhn?bikeNo=569,,,
BKM008-0051,BKM008,베스파,BKM008-G002,GTS,GTS 300 IE 슈퍼스포츠,51,스쿠터,278,251~500cc,가솔린,2013,2013,RW+NV,✅ RW+NV 일치,9610,https://auto.naver.com/bike/lineup.nhn?bikeNo=579,,,
BKM008-0052,BKM008,베스파,BKM008-G002,GTS,GTS 300 IE 투어링,52,스쿠터,286,251~500cc,가솔린,2013,2013,RW+NV,✅ RW+NV 일치,9611,https://auto.naver.com/bike/lineup.nhn?bikeNo=581,,,
BKM008-0053,BKM008,베스파,BKM008-G002,GTS,GTS125ie 슈퍼,53,스쿠터,124,51~125cc,가솔린,2013,2013,NV,🟡 유사 후보 확인,,https://auto.naver.com/bike/lineup.nhn?bikeNo=577,,S 125 ie / GTS 125,
BKM008-0054,BKM008,베스파,BKM008-G001,LX,LX125ie 투어링,54,스쿠터,124,51~125cc,가솔린,2013,2013,NV,🟡 유사 후보 확인,,https://auto.naver.com/bike/lineup.nhn?bikeNo=585,,LX 125,
BKM008-0055,BKM008,베스파,BKM008-G019,LXV 125,LXV 125,55,스쿠터,124,51~125cc,가솔린,2012,2013,RW+NV,✅ RW+NV 일치,9631,https://auto.naver.com/bike/lineup.nhn?bikeNo=563,,,
BKM008-0056,BKM008,베스파,BKM008-G009,S,S 125 ie,56,스쿠터,124,51~125cc,가솔린,2012,2013,RW+NV,✅ RW+NV 일치,9641,https://auto.naver.com/bike/lineup.nhn?bikeNo=567,,,
BKM008-0057,BKM008,베스파,BKM008-G020,100 빈티지,100 빈티지,57,스쿠터,150,126~250cc,가솔린,,,RW,✅ 라이트바겐만,9590,,,,🟡 연료 원천 없음→가솔린 추정
BKM008-0058,BKM008,베스파,BKM008-G009,S,50 S 빈티지,58,스쿠터,49,50cc 이하,가솔린,,,RW,✅ 라이트바겐만,9595,,,,🟡 연료 원천 없음→가솔린 추정
BKM008-0059,BKM008,베스파,BKM008-G002,GTS,GTS 125 3V,59,스쿠터,125,51~125cc,가솔린,,,RW,✅ 라이트바겐만,9602,,,,🟡 연료 원천 없음→가솔린 추정
BKM008-0060,BKM008,베스파,BKM008-G002,GTS,GTS 300 75주년 스페셜 에디션,60,스쿠터,278,251~500cc,가솔린,,,RW,✅ 라이트바겐만,9608,,,,🟡 연료 원천 없음→가솔린 추정
BKM008-0061,BKM008,베스파,BKM008-G002,GTS,GTS 300 노떼 에디션,61,스쿠터,278,251~500cc,가솔린,,,RW,✅ 라이트바겐만,9612,,,,🟡 연료 원천 없음→가솔린 추정
BKM008-0062,BKM008,베스파,BKM008-G017,LT,LT 125 3V,62,스쿠터,124,51~125cc,가솔린,,,RW,✅ 라이트바겐만,9620,,,,🟡 연료 원천 없음→가솔린 추정
BKM008-0063,BKM008,베스파,BKM008-G001,LX,LX 150,63,스쿠터,154,126~250cc,가솔린,,,RW,✅ 라이트바겐만,13269,,,,🟡 연료 원천 없음→가솔린 추정
BKM008-0064,BKM008,베스파,BKM008-G001,LX,LX 50,64,스쿠터,49,50cc 이하,가솔린,,,RW,✅ 라이트바겐만,9628,,,,🟡 연료 원천 없음→가솔린 추정
BKM008-0065,BKM008,베스파,BKM008-G021,PK 50,PK 50,65,스쿠터,49,50cc 이하,가솔린,,,RW,✅ 라이트바겐만,9633,,,,🟡 연료 원천 없음→가솔린 추정
BKM008-0066,BKM008,베스파,BKM008-G022,SEI GIORNI,SEI GIORNI,66,스쿠터,278,251~500cc,가솔린,,,RW,✅ 라이트바겐만,9642,,,,🟡 연료 원천 없음→가솔린 추정
BKM008-0067,BKM008,베스파,BKM008-G023,SXL 125,SXL 125,67,스쿠터,125,51~125cc,가솔린,,,RW,✅ 라이트바겐만,13297,,,,🟡 연료 원천 없음→가솔린 추정
BKM008-0068,BKM008,베스파,BKM008-G024,VXL 125,VXL 125,68,스쿠터,124,51~125cc,가솔린,,,RW,✅ 라이트바겐만,9646,,,,🟡 연료 원천 없음→가솔린 추정
BKM008-0069,BKM008,베스파,BKM008-G003,스프린트,스프린트 125 3V,69,스쿠터,124,51~125cc,가솔린,,,RW,✅ 라이트바겐만,9649,,,,🟡 연료 원천 없음→가솔린 추정
BKM008-0070,BKM008,베스파,BKM008-G003,스프린트,스프린트 125 노떼 에디션,70,스쿠터,124,51~125cc,가솔린,,,RW,✅ 라이트바겐만,9651,,,,🟡 연료 원천 없음→가솔린 추정
BKM008-0071,BKM008,베스파,BKM008-G003,스프린트,스프린트 TFT,71,스쿠터,125,51~125cc,가솔린,,,RW,✅ 라이트바겐만,13273,,,,🟡 연료 원천 없음→가솔린 추정
BKM008-0072,BKM008,베스파,BKM008-G006,프리마베라,프리마베라 125 75주년 스페셜 에디션,72,스쿠터,124,51~125cc,가솔린,,,RW,✅ 라이트바겐만,9655,,,,🟡 연료 원천 없음→가솔린 추정
BKM008-0073,BKM008,베스파,BKM008-G006,프리마베라,프리마베라 125 칼라 바이브,73,,124,51~125cc,가솔린,,,RW,✅ 라이트바겐만,12925,,,,🟡 연료 원천 없음→가솔린 추정
BKM009-0001,BKM009,로얄엔필드,BKM009-G001,메테오 350,메테오 350,1,클래식,349,251~500cc,가솔린,2024,2024,RW,✅ 라이트바겐만,9665,,,,
BKM009-0002,BKM009,로얄엔필드,BKM009-G002,히말라얀,히말라얀,2,멀티퍼퍼스,411,251~500cc,가솔린,2016,2023,RW+NV,✅ RW+NV 일치,9674,https://auto.naver.com/bike/lineup.nhn?bikeNo=6237,,,
BKM009-0003,BKM009,로얄엔필드,BKM009-G003,인터셉터,인터셉터 650,3,클래식,648,501~1000cc,가솔린,2023,2023,RW,✅ 라이트바겐만,9667,,,,
BKM009-0004,BKM009,로얄엔필드,BKM009-G004,클래식,클래식 350,4,클래식,349,251~500cc,가솔린,2024,2024,RW,✅ 라이트바겐만,11033,,,,
BKM009-0005,BKM009,로얄엔필드,BKM009-G005,컨티넨탈,컨티넨탈 GT 650,5,클래식,648,501~1000cc,가솔린,2024,2024,RW,✅ 라이트바겐만,9670,,,,
BKM009-0006,BKM009,로얄엔필드,BKM009-G006,헌터 350,헌터 350,6,클래식,349,251~500cc,가솔린,2024,2024,RW,✅ 라이트바겐만,12687,,,,🟡 연료 원천 없음→가솔린 추정
BKM009-0007,BKM009,로얄엔필드,BKM009-G005,컨티넨탈,컨티넨탈 GT 535,7,네이키드,648,501~1000cc,가솔린,,,RW,✅ 라이트바겐만,9669,,,,🟡 연료 원천 없음→가솔린 추정
BKM009-0008,BKM009,로얄엔필드,BKM009-G004,클래식,클래식 500 EFI,8,네이키드,499,251~500cc,가솔린,2014,2020,RW+NV,✅ RW+NV 일치,9671,https://auto.naver.com/bike/lineup.nhn?bikeNo=6235,,,
BKM009-0009,BKM009,로얄엔필드,BKM009-G007,스크램 411,스크램 411,9,클래식,411,251~500cc,가솔린,2024,2024,RW,✅ 라이트바겐만,13117,,,,
BKM009-0010,BKM009,로얄엔필드,BKM009-G004,클래식,클래식 500 EFI 밀리터리,10,네이키드,499,251~500cc,가솔린,,,RW,✅ 라이트바겐만,9672,,,,🟡 연료 원천 없음→가솔린 추정
BKM009-0011,BKM009,로얄엔필드,BKM009-G008,고안 클래식 350,고안 클래식 350,11,클래식,349,251~500cc,가솔린,2026,2026,RW,✅ 라이트바겐만,13279,,,,🟡 연료 원천 없음→가솔린 추정
BKM009-0012,BKM009,로얄엔필드,BKM009-G004,클래식,클래식 650,12,클래식,648,501~1000cc,가솔린,2025,2025,RW,✅ 라이트바겐만,13262,,,,🟡 연료 원천 없음→가솔린 추정
BKM009-0013,BKM009,로얄엔필드,BKM009-G002,히말라얀,히말라얀 450,13,멀티퍼퍼스,411,251~500cc,가솔린,2025,2025,RW,✅ 라이트바겐만,13166,,,,
BKM009-0014,BKM009,로얄엔필드,BKM009-G009,게릴라 450,게릴라 450,14,네이키드,452,251~500cc,가솔린,2024,2024,RW,✅ 라이트바겐만,13165,,,,
BKM009-0015,BKM009,로얄엔필드,BKM009-G010,샷건 650,샷건 650,15,크루저,648,501~1000cc,가솔린,2024,2024,RW,✅ 라이트바겐만,13063,,,,
BKM009-0016,BKM009,로얄엔필드,BKM009-G011,슈퍼메테오 650,슈퍼메테오 650,16,클래식,648,501~1000cc,가솔린,2024,2024,RW,✅ 라이트바겐만,12859,,,,
BKM009-0017,BKM009,로얄엔필드,BKM009-G012,불렛,불렛 350,17,클래식,349,251~500cc,가솔린,2023,2023,RW,✅ 라이트바겐만,13070,,,,
BKM009-0018,BKM009,로얄엔필드,BKM009-G013,뷸릿 500,뷸릿 500,18,네이키드,499,251~500cc,가솔린,2014,2020,NV,✅ 네이버만(과거 모델),,https://auto.naver.com/bike/lineup.nhn?bikeNo=6229,,,
BKM009-0019,BKM009,로얄엔필드,BKM009-G003,인터셉터,인터셉터,19,네이키드,648,501~1000cc,가솔린,2019,2020,NV,✅ 네이버만(과거 모델),,https://auto.naver.com/bike/lineup.nhn?bikeNo=6231,,,
BKM009-0020,BKM009,로얄엔필드,BKM009-G005,컨티넨탈,컨티넨탈 GT,20,네이키드,648,501~1000cc,가솔린,2014,2020,NV,🟡 유사 후보 확인,,https://auto.naver.com/bike/lineup.nhn?bikeNo=6233,,컨티넨탈 GT 650 / 컨티넨탈 GT 535,
BKM009-0021,BKM009,로얄엔필드,BKM009-G014,선더버드,선더버드 350,21,크루저,346,251~500cc,가솔린,2019,2019,NV,✅ 네이버만(과거 모델),,https://auto.naver.com/bike/lineup.nhn?bikeNo=5507,,,
BKM009-0022,BKM009,로얄엔필드,BKM009-G014,선더버드,선더버드 500,22,크루저,499,251~500cc,가솔린,2019,2019,NV,✅ 네이버만(과거 모델),,https://auto.naver.com/bike/lineup.nhn?bikeNo=6225,,,
BKM009-0023,BKM009,로얄엔필드,BKM009-G014,선더버드,선더버드 X 350,23,크루저,346,251~500cc,가솔린,2019,2019,NV,✅ 네이버만(과거 모델),,https://auto.naver.com/bike/lineup.nhn?bikeNo=5511,,,
BKM009-0024,BKM009,로얄엔필드,BKM009-G014,선더버드,선더버드 X 500,24,크루저,499,251~500cc,가솔린,2019,2019,NV,✅ 네이버만(과거 모델),,https://auto.naver.com/bike/lineup.nhn?bikeNo=6227,,,
BKM009-0025,BKM009,로얄엔필드,BKM009-G004,클래식,클래식 500 EFI 크롬,25,네이키드,499,251~500cc,가솔린,2014,2019,RW+NV,✅ RW+NV 일치,9673,https://auto.naver.com/bike/lineup.nhn?bikeNo=4897,,,
BKM009-0026,BKM009,로얄엔필드,BKM009-G004,클래식,클래식 500 밀리,26,네이키드,499,251~500cc,가솔린,2014,2015,NV,🟡 유사 후보 확인,,https://auto.naver.com/bike/lineup.nhn?bikeNo=1727,,클래식 500 EFI,
BKM009-0027,BKM009,로얄엔필드,BKM009-G015,베어 650,베어 650,27,클래식,650,501~1000cc,가솔린,,,RW,✅ 라이트바겐만,13276,,,,🟡 연료 원천 없음→가솔린 추정
BKM009-0028,BKM009,로얄엔필드,BKM009-G012,불렛,불렛 500,28,클래식,499,251~500cc,가솔린,,,RW,✅ 라이트바겐만,13229,,,,🟡 연료 원천 없음→가솔린 추정
BKM009-0029,BKM009,로얄엔필드,BKM009-G016,뷸렛 350,뷸렛 350,29,크루저,349,251~500cc,가솔린,,,RW,✅ 라이트바겐만,13031,,,,🟡 연료 원천 없음→가솔린 추정
BKM010-0001,BKM010,두카티,BKM010-G001,디아벨,디아벨,1,네이키드,1262,1001cc 이상,가솔린,2012,2018,RW+NV,✅ RW+NV 일치,10918,https://auto.naver.com/bike/lineup.nhn?bikeNo=4357,,,
BKM010-0002,BKM010,두카티,BKM010-G002,스트리트파이터,스트리트파이터,2,네이키드,1103,1001cc 이상,가솔린,,,RW,✅ 라이트바겐만,9497,,,,🟡 연료 원천 없음→가솔린 추정
BKM010-0003,BKM010,두카티,BKM010-G003,몬스터,몬스터 821,3,네이키드,821,501~1000cc,가솔린,2015,2020,RW+NV,✅ RW+NV 일치,9470,https://auto.naver.com/bike/lineup.nhn?bikeNo=5729,,,
BKM010-0004,BKM010,두카티,BKM010-G004,파니갈레,파니갈레 V2,4,스포츠,955,501~1000cc,가솔린,2020,2021,RW+NV,✅ RW+NV 일치,9505,https://auto.naver.com/bike/lineup.nhn?bikeNo=7339,,,
BKM010-0005,BKM010,두카티,BKM010-G004,파니갈레,파니갈레 V4 S,5,스포츠,1103,1001cc 이상,가솔린,2018,2024,RW+NV,✅ RW+NV 일치,9508,https://auto.naver.com/bike/lineup.nhn?bikeNo=7343,,,
BKM010-0006,BKM010,두카티,BKM010-G003,몬스터,몬스터 937,6,네이키드,937,501~1000cc,가솔린,2025,2025,RW,✅ 라이트바겐만,11026,,,,🟡 연료 원천 없음→가솔린 추정
BKM010-0007,BKM010,두카티,BKM010-G005,슈퍼스포츠,슈퍼스포츠 950 S,7,스포츠,937,501~1000cc,가솔린,,,RW,✅ 라이트바겐만,11029,,,,🟡 연료 원천 없음→가솔린 추정
BKM010-0008,BKM010,두카티,BKM010-G004,파니갈레,파니갈레 V4,8,스포츠,1103,1001cc 이상,가솔린,2018,2021,RW+NV,✅ RW+NV 일치,9506,https://auto.naver.com/bike/lineup.nhn?bikeNo=7341,,,
BKM010-0009,BKM010,두카티,BKM010-G006,하이퍼모타드,하이퍼모타드 950 SP,9,멀티퍼퍼스,937,501~1000cc,가솔린,2019,2024,RW+NV,✅ RW+NV 일치,9518,https://auto.naver.com/bike/lineup.nhn?bikeNo=7347,,,
BKM010-0010,BKM010,두카티,BKM010-G003,몬스터,몬스터 1200 S,10,네이키드,1198,1001cc 이상,가솔린,2014,2020,RW+NV,✅ RW+NV 일치,9461,https://auto.naver.com/bike/lineup.nhn?bikeNo=5295,,,
BKM010-0011,BKM010,두카티,BKM010-G007,스크램블러,스크램블러 데저트 슬레드,11,네이키드,803,501~1000cc,가솔린,2018,2019,RW+NV,✅ RW+NV 일치,9488,https://auto.naver.com/bike/lineup.nhn?bikeNo=6921,,,
BKM010-0012,BKM010,두카티,BKM010-G008,X,X 디아벨,12,네이키드,1262,1001cc 이상,가솔린,2016,2018,RW+NV,✅ RW+NV 일치,9421,https://auto.naver.com/bike/lineup.nhn?bikeNo=6871,,,
BKM010-0013,BKM010,두카티,BKM010-G003,몬스터,몬스터 696,13,네이키드,696,501~1000cc,가솔린,2012,2012,RW+NV,✅ RW+NV 일치,9466,https://auto.naver.com/bike/lineup.nhn?bikeNo=110,,,
BKM010-0014,BKM010,두카티,BKM010-G003,몬스터,몬스터 796,14,네이키드,803,501~1000cc,가솔린,2012,2012,RW+NV,✅ RW+NV 일치,9467,https://auto.naver.com/bike/lineup.nhn?bikeNo=111,,,
BKM010-0015,BKM010,두카티,BKM010-G005,슈퍼스포츠,슈퍼스포츠 939 S,15,스포츠,937,501~1000cc,가솔린,,,RW,✅ 라이트바겐만,11028,,,,🟡 연료 원천 없음→가솔린 추정
BKM010-0016,BKM010,두카티,BKM010-G009,멀티스트라다,멀티스트라다 1200,16,멀티퍼퍼스,1198,1001cc 이상,가솔린,2012,2016,RW+NV,✅ RW+NV 일치,10892,https://auto.naver.com/bike/lineup.nhn?bikeNo=5703,,,
BKM010-0017,BKM010,두카티,BKM010-G007,스크램블러,스크램블러 1100 다크 프로,17,네이키드,1079,1001cc 이상,가솔린,,,RW,✅ 라이트바겐만,12672,,,,🟡 연료 원천 없음→가솔린 추정
BKM010-0018,BKM010,두카티,BKM010-G007,스크램블러,스크램블러 나이트시프트,18,네이키드,803,501~1000cc,가솔린,2024,2024,RW,✅ 라이트바겐만,9487,,,,
BKM010-0019,BKM010,두카티,BKM010-G007,스크램블러,스크램블러 아이콘,19,네이키드,803,501~1000cc,가솔린,2017,2024,RW+NV,✅ RW+NV 일치,9490,https://auto.naver.com/bike/lineup.nhn?bikeNo=7331,,,
BKM010-0020,BKM010,두카티,BKM010-G002,스트리트파이터,스트리트파이터 V4 S,20,네이키드,1103,1001cc 이상,가솔린,2020,2024,RW+NV,✅ RW+NV 일치,9501,https://auto.naver.com/bike/lineup.nhn?bikeNo=7337,,,
BKM010-0021,BKM010,두카티,BKM010-G009,멀티스트라다,멀티스트라다 950 S,21,멀티퍼퍼스,937,501~1000cc,가솔린,2019,2021,RW+NV,✅ RW+NV 일치,9452,https://auto.naver.com/bike/lineup.nhn?bikeNo=7325,,,
BKM010-0022,BKM010,두카티,BKM010-G005,슈퍼스포츠,슈퍼스포츠 S,22,스포츠,937,501~1000cc,가솔린,2017,2021,RW+NV,✅ RW+NV 일치,9482,https://auto.naver.com/bike/lineup.nhn?bikeNo=7327,,,
BKM010-0023,BKM010,두카티,BKM010-G002,스트리트파이터,스트리트파이터 V4,23,네이키드,1103,1001cc 이상,가솔린,2020,2021,RW+NV,✅ RW+NV 일치,9500,https://auto.naver.com/bike/lineup.nhn?bikeNo=7335,,,
BKM010-0024,BKM010,두카티,BKM010-G003,몬스터,몬스터 797,24,네이키드,803,501~1000cc,가솔린,2018,2020,RW+NV,✅ RW+NV 일치,9468,https://auto.naver.com/bike/lineup.nhn?bikeNo=5727,,,
BKM010-0025,BKM010,두카티,BKM010-G003,몬스터,몬스터 1200,25,네이키드,1198,1001cc 이상,가솔린,2016,2018,RW+NV,✅ RW+NV 일치,9459,https://auto.naver.com/bike/lineup.nhn?bikeNo=6907,,,
BKM010-0026,BKM010,두카티,BKM010-G005,슈퍼스포츠,슈퍼스포츠 939,26,스포츠,937,501~1000cc,가솔린,,,RW,✅ 라이트바겐만,11025,,,,🟡 연료 원천 없음→가솔린 추정
BKM010-0027,BKM010,두카티,BKM010-G006,하이퍼모타드,하이퍼모타드 950,27,멀티퍼퍼스,937,501~1000cc,가솔린,2019,2020,RW+NV,✅ RW+NV 일치,9517,https://auto.naver.com/bike/lineup.nhn?bikeNo=5753,,,
BKM010-0028,BKM010,두카티,BKM010-G007,스크램블러,스크램블러 1100,28,네이키드,1079,1001cc 이상,가솔린,2018,2019,RW+NV,✅ RW+NV 일치,9483,https://auto.naver.com/bike/lineup.nhn?bikeNo=4973,,,
BKM010-0029,BKM010,두카티,BKM010-G009,멀티스트라다,멀티스트라다 1260,29,멀티퍼퍼스,1262,1001cc 이상,가솔린,2018,2018,RW+NV,✅ RW+NV 일치,11027,https://auto.naver.com/bike/lineup.nhn?bikeNo=6895,,,
BKM010-0030,BKM010,두카티,BKM010-G010,1098,1098,30,스포츠,1098,1001cc 이상,가솔린,,,RW,✅ 라이트바겐만,9369,,,,🟡 연료 원천 없음→가솔린 추정
BKM010-0031,BKM010,두카티,BKM010-G007,스크램블러,스크램블러 카페 레이서,31,네이키드,803,501~1000cc,가솔린,2018,2019,RW+NV,✅ RW+NV 일치,9493,https://auto.naver.com/bike/lineup.nhn?bikeNo=6939,,,
BKM010-0032,BKM010,두카티,BKM010-G004,파니갈레,959 파니갈레,32,스포츠,955,501~1000cc,가솔린,2016,2018,RW+NV,✅ RW+NV 일치,9404,https://auto.naver.com/bike/lineup.nhn?bikeNo=4344,,,
BKM010-0033,BKM010,두카티,BKM010-G011,X 디아벨,X 디아벨 S,33,네이키드,1262,1001cc 이상,가솔린,2016,2018,RW+NV,✅ RW+NV 일치,9422,https://auto.naver.com/bike/lineup.nhn?bikeNo=6877,,,
BKM010-0034,BKM010,두카티,BKM010-G009,멀티스트라다,멀티스트라다 950,34,멀티퍼퍼스,937,501~1000cc,가솔린,2018,2018,RW+NV,✅ RW+NV 일치,9451,https://auto.naver.com/bike/lineup.nhn?bikeNo=6901,,,
BKM010-0035,BKM010,두카티,BKM010-G007,스크램블러,스크램블러 클래식,35,네이키드,803,501~1000cc,가솔린,2017,2018,RW+NV,✅ RW+NV 일치,9494,https://auto.naver.com/bike/lineup.nhn?bikeNo=6935,,,
BKM010-0036,BKM010,두카티,BKM010-G007,스크램블러,스크램블러 어반 엔듀로,36,멀티퍼퍼스,803,501~1000cc,가솔린,2017,2017,RW+NV,✅ RW+NV 일치,9491,https://auto.naver.com/bike/lineup.nhn?bikeNo=6923,,,
BKM010-0037,BKM010,두카티,BKM010-G001,디아벨,디아벨 1260 S,37,네이키드,1262,1001cc 이상,가솔린,2019,2021,RW+NV,✅ RW+NV 일치,9426,https://auto.naver.com/bike/lineup.nhn?bikeNo=7323,,,
BKM010-0038,BKM010,두카티,BKM010-G007,스크램블러,스크램블러 1100 스포츠 프로,38,네이키드,1079,1001cc 이상,가솔린,2020,2021,RW+NV,✅ RW+NV 일치,9486,https://auto.naver.com/bike/lineup.nhn?bikeNo=7329,,,
BKM010-0039,BKM010,두카티,BKM010-G004,파니갈레,파니갈레 V4 R,39,스포츠,1198,1001cc 이상,가솔린,2020,2020,RW+NV,✅ RW+NV 일치,9507,https://auto.naver.com/bike/lineup.nhn?bikeNo=5739,,,
BKM010-0040,BKM010,두카티,BKM010-G007,스크램블러,스크램블러 1100 스포츠,40,네이키드,1079,1001cc 이상,가솔린,2018,2019,RW+NV,✅ RW+NV 일치,9485,https://auto.naver.com/bike/lineup.nhn?bikeNo=4971,,,
BKM010-0041,BKM010,두카티,BKM010-G004,파니갈레,959 파니갈레 CORSE,41,스포츠,955,501~1000cc,가솔린,2018,2018,RW+NV,✅ RW+NV 일치,9405,https://auto.naver.com/bike/lineup.nhn?bikeNo=4345,,,
BKM010-0042,BKM010,두카티,BKM010-G006,하이퍼모타드,하이퍼모타드 939,42,멀티퍼퍼스,937,501~1000cc,가솔린,2016,2017,RW+NV,✅ RW+NV 일치,9516,https://auto.naver.com/bike/lineup.nhn?bikeNo=6958,,,
BKM010-0043,BKM010,두카티,BKM010-G003,몬스터,몬스터 821 스트라이프,43,네이키드,821,501~1000cc,가솔린,2016,2016,RW+NV,✅ RW+NV 일치,9472,https://auto.naver.com/bike/lineup.nhn?bikeNo=3015,,,
BKM010-0044,BKM010,두카티,BKM010-G006,하이퍼모타드,하이퍼모타드 821,44,멀티퍼퍼스,821,501~1000cc,가솔린,2014,2015,RW+NV,✅ RW+NV 일치,9515,https://auto.naver.com/bike/lineup.nhn?bikeNo=6955,,,
BKM010-0045,BKM010,두카티,BKM010-G012,848,848,45,스포츠,848,501~1000cc,가솔린,,,RW,✅ 라이트바겐만,9395,,,,🟡 연료 원천 없음→가솔린 추정
BKM010-0046,BKM010,두카티,BKM010-G008,X,X 디아벨 블랙스타,46,네이키드,1262,1001cc 이상,가솔린,,,RW,✅ 라이트바겐만,11024,,,,🟡 연료 원천 없음→가솔린 추정
BKM010-0047,BKM010,두카티,BKM010-G009,멀티스트라다,멀티스트라다 V4 S,47,멀티퍼퍼스,1158,1001cc 이상,가솔린,2021,2024,RW+NV,✅ RW+NV 일치,9453,https://auto.naver.com/bike/lineup.nhn?bikeNo=6969,,,
BKM010-0048,BKM010,두카티,BKM010-G007,스크램블러,스크램블러 풀 스로틀,48,네이키드,803,501~1000cc,가솔린,2017,2024,RW+NV,✅ RW+NV 일치,9495,https://auto.naver.com/bike/lineup.nhn?bikeNo=6945,,,
BKM010-0049,BKM010,두카티,BKM010-G009,멀티스트라다,멀티스트라다 1260 S,49,멀티퍼퍼스,1262,1001cc 이상,가솔린,2018,2020,RW+NV,✅ RW+NV 일치,9447,https://auto.naver.com/bike/lineup.nhn?bikeNo=5721,,,
BKM010-0050,BKM010,두카티,BKM010-G003,몬스터,몬스터 821 스텔스,50,네이키드,821,501~1000cc,가솔린,2019,2020,RW+NV,✅ RW+NV 일치,9471,https://auto.naver.com/bike/lineup.nhn?bikeNo=5731,,,
BKM010-0051,BKM010,두카티,BKM010-G007,스크램블러,스크램블러 1100 스페셜,51,네이키드,1079,1001cc 이상,가솔린,2018,2019,RW+NV,✅ RW+NV 일치,9484,https://auto.naver.com/bike/lineup.nhn?bikeNo=4969,,,
BKM010-0052,BKM010,두카티,BKM010-G004,파니갈레,파니갈레 V4 스페치알레,52,스포츠,1103,1001cc 이상,가솔린,2018,2019,RW+NV,✅ RW+NV 일치,9509,https://auto.naver.com/bike/lineup.nhn?bikeNo=4989,,,
BKM010-0053,BKM010,두카티,BKM010-G001,디아벨,디아벨 카본,53,네이키드,1198,1001cc 이상,가솔린,2012,2018,RW+NV,✅ RW+NV 일치,9432,https://auto.naver.com/bike/lineup.nhn?bikeNo=4359,,,
BKM010-0054,BKM010,두카티,BKM010-G004,파니갈레,1299 파니갈레 R,54,스포츠,1301,1001cc 이상,가솔린,2015,2016,RW+NV,✅ RW+NV 일치,9381,https://auto.naver.com/bike/lineup.nhn?bikeNo=6371,,,
BKM010-0055,BKM010,두카티,BKM010-G001,디아벨,디아벨 다크,55,네이키드,1262,1001cc 이상,가솔린,2014,2014,RW+NV,✅ RW+NV 일치,9428,https://auto.naver.com/bike/lineup.nhn?bikeNo=987,,,
BKM010-0056,BKM010,두카티,BKM010-G013,749,749,56,스포츠,749,501~1000cc,가솔린,,,RW,✅ 라이트바겐만,10919,,,,🟡 연료 원천 없음→가솔린 추정
BKM010-0057,BKM010,두카티,BKM010-G001,디아벨,디아벨 AMG 스페셜 에디션,57,네이키드,1198,1001cc 이상,가솔린,,,RW,✅ 라이트바겐만,9427,,,,🟡 연료 원천 없음→가솔린 추정
BKM010-0058,BKM010,두카티,BKM010-G009,멀티스트라다,멀티스트라다 1200 S 파익스 피크,58,멀티퍼퍼스,1198,1001cc 이상,가솔린,,,RW,✅ 라이트바겐만,9444,,,,🟡 연료 원천 없음→가솔린 추정
BKM010-0059,BKM010,두카티,BKM010-G003,몬스터,몬스터 900,59,네이키드,904,501~1000cc,가솔린,,,RW,✅ 라이트바겐만,10917,,,,🟡 연료 원천 없음→가솔린 추정
BKM010-0060,BKM010,두카티,BKM010-G003,몬스터,몬스터 S4 R,60,네이키드,998,501~1000cc,가솔린,,,RW,✅ 라이트바겐만,9478,,,,🟡 연료 원천 없음→가솔린 추정
BKM010-0061,BKM010,두카티,BKM010-G007,스크램블러,스크램블러 어반 모타드,61,클래식,803,501~1000cc,가솔린,,,RW,✅ 라이트바겐만,13141,,,,🟡 연료 원천 없음→가솔린 추정
BKM010-0062,BKM010,두카티,BKM010-G011,X 디아벨,X 디아벨 V4,62,크루저,1158,1001cc 이상,가솔린,2025,2025,RW,✅ 라이트바겐만,13242,,,,🟡 연료 원천 없음→가솔린 추정
BKM010-0063,BKM010,두카티,BKM010-G014,데저트,데저트 X,63,멀티퍼퍼스,937,501~1000cc,가솔린,2025,2025,RW,✅ 라이트바겐만,12892,,,,
BKM010-0064,BKM010,두카티,BKM010-G001,디아벨,디아벨 V4,64,네이키드,1158,1001cc 이상,가솔린,2025,2025,RW,✅ 라이트바겐만,12894,,,,
BKM010-0065,BKM010,두카티,BKM010-G003,몬스터,몬스터,65,네이키드,937,501~1000cc,가솔린,2025,2025,RW,✅ 라이트바겐만,13244,,,,🟡 연료 원천 없음→가솔린 추정
BKM010-0066,BKM010,두카티,BKM010-G002,스트리트파이터,스트리트파이터 V2,66,네이키드,955,501~1000cc,가솔린,2025,2025,RW,✅ 라이트바겐만,13098,,,,
BKM010-0067,BKM010,두카티,BKM010-G002,스트리트파이터,스트리트파이터 V2 S,67,네이키드,890,501~1000cc,가솔린,2025,2025,RW,✅ 라이트바겐만,13243,,,,🟡 연료 원천 없음→가솔린 추정
BKM010-0068,BKM010,두카티,BKM010-G004,파니갈레,파니갈레 V2 S,68,스포츠,890,501~1000cc,가솔린,2025,2025,RW,✅ 라이트바겐만,13168,,,,
BKM010-0069,BKM010,두카티,BKM010-G014,데저트,데저트 X 랠리,69,멀티퍼퍼스,937,501~1000cc,가솔린,2024,2024,RW,✅ 라이트바겐만,13170,,,,
BKM010-0070,BKM010,두카티,BKM010-G009,멀티스트라다,멀티스트라다 V2 S,70,멀티퍼퍼스,937,501~1000cc,가솔린,2024,2024,RW,✅ 라이트바겐만,13177,,,,
BKM010-0071,BKM010,두카티,BKM010-G009,멀티스트라다,멀티스트라다 V4 RS,71,멀티퍼퍼스,1103,1001cc 이상,가솔린,2024,2024,RW,✅ 라이트바겐만,13179,,,,
BKM010-0072,BKM010,두카티,BKM010-G009,멀티스트라다,멀티스트라다 V4 랠리,72,멀티퍼퍼스,1158,1001cc 이상,가솔린,2024,2024,RW,✅ 라이트바겐만,13178,,,,
BKM010-0073,BKM010,두카티,BKM010-G003,몬스터,몬스터 SP,73,네이키드,937,501~1000cc,가솔린,2024,2024,RW,✅ 라이트바겐만,13180,,,,
BKM010-0074,BKM010,두카티,BKM010-G007,스크램블러,스크램블러 아이콘 다크,74,네이키드,803,501~1000cc,가솔린,2021,2024,RW+NV,✅ RW+NV 일치,13234,https://auto.naver.com/bike/lineup.nhn?bikeNo=7333,,,
BKM010-0075,BKM010,두카티,BKM010-G006,하이퍼모타드,하이퍼모타드 698 Mono RVE,75,오프로드,659,501~1000cc,가솔린,2024,2024,RW,✅ 라이트바겐만,13181,,,,
BKM010-0076,BKM010,두카티,BKM010-G001,디아벨,디아벨 1260,76,크루저,1262,1001cc 이상,가솔린,2019,2021,RW+NV,✅ RW+NV 일치,13227,https://auto.naver.com/bike/lineup.nhn?bikeNo=7321,,,
BKM010-0077,BKM010,두카티,BKM010-G009,멀티스트라다,멀티스트라다 V4,77,멀티퍼퍼스,1158,1001cc 이상,가솔린,2021,2021,NV,🟡 유사 후보 확인,,https://auto.naver.com/bike/lineup.nhn?bikeNo=6967,,멀티스트라다 V4 S / 멀티스트라다 V4 랠리 / 멀티스트라다 V4 RS,
BKM010-0078,BKM010,두카티,BKM010-G009,멀티스트라다,멀티스트라다 V4 S 스포츠,78,멀티퍼퍼스,1158,1001cc 이상,가솔린,2021,2021,NV,🟡 유사 후보 확인,,https://auto.naver.com/bike/lineup.nhn?bikeNo=6971,,멀티스트라다 V4 S / 멀티스트라다 V4 RS,
BKM010-0079,BKM010,두카티,BKM010-G006,하이퍼모타드,하이퍼모타드 950 RVE,79,오프로드,937,501~1000cc,가솔린,2020,2021,NV,🟡 유사 후보 확인,,https://auto.naver.com/bike/lineup.nhn?bikeNo=7345,,하이퍼모타드 950,
BKM010-0080,BKM010,두카티,BKM010-G009,멀티스트라다,멀티스트라다 1260 S 그랜드투어,80,멀티퍼퍼스,1262,1001cc 이상,가솔린,2020,2020,NV,🟡 유사 후보 확인,,https://auto.naver.com/bike/lineup.nhn?bikeNo=5723,,멀티스트라다 1260 S / 멀티스트라다 1200 S 투어링 / 멀티스트라다 1260,
BKM010-0081,BKM010,두카티,BKM010-G009,멀티스트라다,멀티스트라다 1260 엔듀로,81,멀티퍼퍼스,1262,1001cc 이상,가솔린,2019,2020,RW+NV,✅ RW+NV 일치,9448,https://auto.naver.com/bike/lineup.nhn?bikeNo=6899,,,
BKM010-0082,BKM010,두카티,BKM010-G009,멀티스트라다,멀티스트라다 1260 파익스 피크,82,멀티퍼퍼스,1262,1001cc 이상,가솔린,2018,2020,RW+NV,✅ RW+NV 일치,9449,https://auto.naver.com/bike/lineup.nhn?bikeNo=5757,,,
BKM010-0083,BKM010,두카티,BKM010-G015,슈퍼레제라 V4,슈퍼레제라 V4,83,스포츠,998,501~1000cc,가솔린,2020,2020,NV,✅ 네이버만(과거 모델),,https://auto.naver.com/bike/lineup.nhn?bikeNo=5803,,,
BKM010-0084,BKM010,두카티,BKM010-G007,스크램블러,스크램블러 1100 프로,84,네이키드,1079,1001cc 이상,가솔린,2020,2020,NV,🟡 유사 후보 확인,,https://auto.naver.com/bike/lineup.nhn?bikeNo=5805,,스크램블러 1100 다크 프로 / 스크램블러 1100,
BKM010-0085,BKM010,두카티,BKM010-G004,파니갈레,파니갈레 V4 25 애니버서리오 916,85,스포츠,1103,1001cc 이상,가솔린,2019,2019,NV,✅ 네이버만(과거 모델),,https://auto.naver.com/bike/lineup.nhn?bikeNo=5147,,,
BKM010-0086,BKM010,두카티,BKM010-G004,파니갈레,파니갈레 V4 S 코르세,86,스포츠,1103,1001cc 이상,가솔린,2019,2019,NV,🟡 유사 후보 확인,,https://auto.naver.com/bike/lineup.nhn?bikeNo=6377,,파니갈레 V4 S / 파니갈레 V4,
BKM010-0087,BKM010,두카티,BKM010-G009,멀티스트라다,멀티스트라다 1200 엔듀로,87,멀티퍼퍼스,1198,1001cc 이상,가솔린,2016,2018,RW+NV,✅ RW+NV 일치,9445,https://auto.naver.com/bike/lineup.nhn?bikeNo=5711,,,
BKM010-0088,BKM010,두카티,BKM010-G005,슈퍼스포츠,슈퍼스포츠,88,스포츠,937,501~1000cc,가솔린,2017,2018,NV,🟡 유사 후보 확인,,https://auto.naver.com/bike/lineup.nhn?bikeNo=6911,,슈퍼스포츠 S,
BKM010-0089,BKM010,두카티,BKM010-G007,스크램블러,스크램블러 마하2.0,89,네이키드,803,501~1000cc,가솔린,2018,2018,NV,✅ 네이버만(과거 모델),,https://auto.naver.com/bike/lineup.nhn?bikeNo=6925,,,
BKM010-0090,BKM010,두카티,BKM010-G006,하이퍼모타드,하이퍼모타드 SP 939,90,멀티퍼퍼스,937,501~1000cc,가솔린,2016,2018,RW+NV,✅ RW+NV 일치,9520,https://auto.naver.com/bike/lineup.nhn?bikeNo=5749,,,
BKM010-0091,BKM010,두카티,BKM010-G004,파니갈레,1299 파니갈레,91,스포츠,1285,1001cc 이상,가솔린,2015,2017,NV,🟡 유사 후보 확인,,https://auto.naver.com/bike/lineup.nhn?bikeNo=3197,,1299 파니갈레 R / 1199 파니갈레,
BKM010-0092,BKM010,두카티,BKM010-G004,파니갈레,1299 파니갈레 S,92,스포츠,1285,1001cc 이상,가솔린,2015,2017,NV,🟡 유사 후보 확인,,https://auto.naver.com/bike/lineup.nhn?bikeNo=6367,,1299 파니갈레 R / 1199 파니갈레 S,
BKM010-0093,BKM010,두카티,BKM010-G007,스크램블러,스크램블러 식스티2,93,네이키드,399,251~500cc,가솔린,2016,2017,RW+NV,✅ RW+NV 일치,9489,https://auto.naver.com/bike/lineup.nhn?bikeNo=6931,,,
BKM010-0094,BKM010,두카티,BKM010-G007,스크램블러,스크램블러 플랫트랙 프로,94,네이키드,803,501~1000cc,가솔린,2017,2017,RW+NV,✅ RW+NV 일치,9496,https://auto.naver.com/bike/lineup.nhn?bikeNo=6927,,,
BKM010-0095,BKM010,두카티,BKM010-G004,파니갈레,파니갈레 R,95,스포츠,1198,1001cc 이상,가솔린,2017,2017,NV,🟡 유사 후보 확인,,https://auto.naver.com/bike/lineup.nhn?bikeNo=6239,,파니갈레 V4 R,
BKM010-0096,BKM010,두카티,BKM010-G009,멀티스트라다,멀티스트라다 1200 S,96,멀티퍼퍼스,1198,1001cc 이상,가솔린,2012,2016,RW+NV,✅ RW+NV 일치,9440,https://auto.naver.com/bike/lineup.nhn?bikeNo=6891,,,
BKM010-0097,BKM010,두카티,BKM010-G009,멀티스트라다,멀티스트라다 1200 파이크스피크,97,멀티퍼퍼스,1198.4,1001cc 이상,가솔린,2016,2016,NV,🟡 유사 후보 확인,,https://auto.naver.com/bike/lineup.nhn?bikeNo=3003,,멀티스트라다 1200 S 파익스 피크 / 멀티스트라다 1260 파익스 피크 / 멀티스트라다 1200,
BKM010-0098,BKM010,두카티,BKM010-G003,몬스터,몬스터 1200 R,98,네이키드,1198,1001cc 이상,가솔린,2016,2016,RW+NV,✅ RW+NV 일치,9460,https://auto.naver.com/bike/lineup.nhn?bikeNo=6903,,,
BKM010-0099,BKM010,두카티,BKM010-G003,몬스터,몬스터 1200 S 스트라이프,99,네이키드,1198.4,1001cc 이상,가솔린,2016,2016,NV,🟡 유사 후보 확인,,https://auto.naver.com/bike/lineup.nhn?bikeNo=3021,,몬스터 1200 S / 몬스터 1200,
BKM010-0100,BKM010,두카티,BKM010-G003,몬스터,몬스터 821 다크,100,네이키드,821,501~1000cc,가솔린,2016,2016,NV,🟡 유사 후보 확인,,https://auto.naver.com/bike/lineup.nhn?bikeNo=3013,,몬스터 821,
BKM010-0101,BKM010,두카티,BKM010-G016,하이퍼스트라다,하이퍼스트라다 939,101,오프로드,937,501~1000cc,가솔린,2016,2016,NV,✅ 네이버만(과거 모델),,https://auto.naver.com/bike/lineup.nhn?bikeNo=6949,,,
BKM010-0102,BKM010,두카티,BKM010-G001,디아벨,디아벨 티타늄,102,크루저,1198.4,1001cc 이상,가솔린,2015,2015,NV,🟡 유사 후보 확인,,https://auto.naver.com/bike/lineup.nhn?bikeNo=1629,,디아벨,
BKM010-0103,BKM010,두카티,BKM010-G003,몬스터,몬스터 S2R,103,네이키드,803,501~1000cc,가솔린,2015,2015,NV,🟡 유사 후보 확인,,https://auto.naver.com/bike/lineup.nhn?bikeNo=2073,,몬스터 S4 R,
BKM010-0104,BKM010,두카티,BKM010-G007,스크램블러,스크램블러,104,네이키드,803,501~1000cc,가솔린,2015,2015,NV,🟡 유사 후보 확인,,https://auto.naver.com/bike/lineup.nhn?bikeNo=6917,,스크램블러 데저트 슬레드 / 스크램블러 나이트시프트,
BKM010-0105,BKM010,두카티,BKM010-G002,스트리트파이터,스트리트파이터 848,105,네이키드,849,501~1000cc,가솔린,2012,2015,RW+NV,✅ RW+NV 일치,9498,https://auto.naver.com/bike/lineup.nhn?bikeNo=1606,,,
BKM010-0106,BKM010,두카티,BKM010-G006,하이퍼모타드,하이퍼모타드 SP 821,106,멀티퍼퍼스,821,501~1000cc,가솔린,2015,2015,RW+NV,✅ RW+NV 일치,9519,https://auto.naver.com/bike/lineup.nhn?bikeNo=6951,,,
BKM010-0107,BKM010,두카티,BKM010-G016,하이퍼스트라다,하이퍼스트라다 821,107,멀티퍼퍼스,821,501~1000cc,가솔린,2014,2015,RW+NV,✅ RW+NV 일치,9521,https://auto.naver.com/bike/lineup.nhn?bikeNo=1662,,,
BKM010-0108,BKM010,두카티,BKM010-G004,파니갈레,899 파니갈레,108,스포츠,898,501~1000cc,가솔린,2014,2014,RW+NV,✅ RW+NV 일치,9398,https://auto.naver.com/bike/lineup.nhn?bikeNo=982,,,
BKM010-0109,BKM010,두카티,BKM010-G017,데스모세디치,데스모세디치 GP14,109,스포츠,1000,501~1000cc,가솔린,2014,2014,NV,✅ 네이버만(과거 모델),,https://auto.naver.com/bike/lineup.nhn?bikeNo=1334,,,
BKM010-0110,BKM010,두카티,BKM010-G017,데스모세디치,데스모세디치 GP13,110,스포츠,1000,501~1000cc,가솔린,2013,2013,NV,✅ 네이버만(과거 모델),,https://auto.naver.com/bike/lineup.nhn?bikeNo=1332,,,
BKM010-0111,BKM010,두카티,BKM010-G004,파니갈레,1199 파니갈레,111,스포츠,1199,1001cc 이상,가솔린,2012,2012,RW+NV,✅ RW+NV 일치,9376,https://auto.naver.com/bike/lineup.nhn?bikeNo=105,,,
BKM010-0112,BKM010,두카티,BKM010-G004,파니갈레,1199 파니갈레 S,112,스포츠,1199,1001cc 이상,가솔린,2012,2012,RW+NV,✅ RW+NV 일치,9378,https://auto.naver.com/bike/lineup.nhn?bikeNo=107,,,
BKM010-0113,BKM010,두카티,BKM010-G018,848 에보,848 에보,113,스포츠,849,501~1000cc,가솔린,2012,2012,NV,🟡 유사 후보 확인,,https://auto.naver.com/bike/lineup.nhn?bikeNo=106,,848,
BKM010-0114,BKM010,두카티,BKM010-G019,848 에보 코르세 SE,848 에보 코르세 SE,114,스포츠,849,501~1000cc,가솔린,2012,2012,NV,🟡 유사 후보 확인,,https://auto.naver.com/bike/lineup.nhn?bikeNo=6381,,848,
BKM010-0115,BKM010,두카티,BKM010-G001,디아벨,디아벨 AMG SE,115,크루저,1198,1001cc 이상,가솔린,2012,2012,NV,🟡 유사 후보 확인,,https://auto.naver.com/bike/lineup.nhn?bikeNo=122,,디아벨,
BKM010-0116,BKM010,두카티,BKM010-G001,디아벨,디아벨 크로모,116,네이키드,1198,1001cc 이상,가솔린,2012,2012,RW+NV,✅ RW+NV 일치,9433,https://auto.naver.com/bike/lineup.nhn?bikeNo=120,,,
BKM010-0117,BKM010,두카티,BKM010-G009,멀티스트라다,멀티스트라다 1200 S 파익스피크 SE,117,멀티퍼퍼스,1198,1001cc 이상,가솔린,2012,2012,NV,🟡 유사 후보 확인,,https://auto.naver.com/bike/lineup.nhn?bikeNo=6893,,멀티스트라다 1200 S 파익스 피크 / 멀티스트라다 1260 파익스 피크 / 멀티스트라다 1200,
BKM010-0118,BKM010,두카티,BKM010-G003,몬스터,몬스터 1100 에보,118,네이키드,1078,1001cc 이상,가솔린,2012,2012,NV,🟡 유사 후보 확인,,https://auto.naver.com/bike/lineup.nhn?bikeNo=112,,몬스터 1100 S,
BKM010-0119,BKM010,두카티,BKM010-G002,스트리트파이터,스트리트파이터 S,119,네이키드,1103,1001cc 이상,가솔린,2012,2012,RW+NV,✅ RW+NV 일치,9499,https://auto.naver.com/bike/lineup.nhn?bikeNo=124,,,
BKM010-0120,BKM010,두카티,BKM010-G006,하이퍼모타드,하이퍼모타드 1100 에보,120,오프로드,1078,1001cc 이상,가솔린,2012,2012,NV,✅ 네이버만(과거 모델),,https://auto.naver.com/bike/lineup.nhn?bikeNo=114,,,
BKM010-0121,BKM010,두카티,BKM010-G006,하이퍼모타드,하이퍼모타드 1100 에보 SP,121,오프로드,1078,1001cc 이상,가솔린,2012,2012,NV,✅ 네이버만(과거 모델),,https://auto.naver.com/bike/lineup.nhn?bikeNo=115,,,
BKM010-0122,BKM010,두카티,BKM010-G010,1098,1098 S,122,스포츠,1098,1001cc 이상,가솔린,2008,2008,RW+NV,✅ RW+NV 일치,9372,https://auto.naver.com/bike/lineup.nhn?bikeNo=1535,,,
BKM010-0123,BKM010,두카티,BKM010-G017,데스모세디치,데스모세디치 RR,123,스포츠,989,501~1000cc,가솔린,2008,2008,NV,✅ 네이버만(과거 모델),,https://auto.naver.com/bike/lineup.nhn?bikeNo=2191,,,
BKM010-0124,BKM010,두카티,BKM010-G010,1098,1098 R,124,스포츠,1098,1001cc 이상,가솔린,,,RW,✅ 라이트바겐만,9370,,,,
BKM010-0125,BKM010,두카티,BKM010-G020,1098 R 베일리스 리미티드 에디션,1098 R 베일리스 리미티드 에디션,125,스포츠,1098,1001cc 이상,가솔린,,,RW,✅ 라이트바겐만,9371,,,,🟡 연료 원천 없음→가솔린 추정
BKM010-0126,BKM010,두카티,BKM010-G021,1198 S,1198 S,126,스포츠,1198,1001cc 이상,가솔린,,,RW,✅ 라이트바겐만,9374,,,,🟡 연료 원천 없음→가솔린 추정
BKM010-0127,BKM010,두카티,BKM010-G022,SP,1198 SP,127,스포츠,1198,1001cc 이상,가솔린,,,RW,✅ 라이트바겐만,9375,,,,🟡 연료 원천 없음→가솔린 추정
BKM010-0128,BKM010,두카티,BKM010-G004,파니갈레,1199 파니갈레 R,128,스포츠,1199,1001cc 이상,가솔린,,,RW,✅ 라이트바겐만,9377,,,,🟡 연료 원천 없음→가솔린 추정
BKM010-0129,BKM010,두카티,BKM010-G023,1199 파니갈레 S 트리콜로,1199 파니갈레 S 트리콜로,129,스포츠,1199,1001cc 이상,가솔린,,,RW,✅ 라이트바겐만,9379,,,,🟡 연료 원천 없음→가솔린 추정
BKM010-0130,BKM010,두카티,BKM010-G022,SP,748 SP,130,스포츠,748,501~1000cc,가솔린,,,RW,✅ 라이트바겐만,9389,,,,🟡 연료 원천 없음→가솔린 추정
BKM010-0131,BKM010,두카티,BKM010-G013,749,749 R,131,스포츠,749,501~1000cc,가솔린,,,RW,✅ 라이트바겐만,9391,,,,🟡 연료 원천 없음→가솔린 추정
BKM010-0132,BKM010,두카티,BKM010-G024,EVO,848 EVO,132,스포츠,849,501~1000cc,가솔린,,,RW,✅ 라이트바겐만,9396,,,,🟡 연료 원천 없음→가솔린 추정
BKM010-0133,BKM010,두카티,BKM010-G024,EVO,848 EVO CORSE SE,133,스포츠,849,501~1000cc,가솔린,,,RW,✅ 라이트바겐만,9397,,,,🟡 연료 원천 없음→가솔린 추정
BKM010-0134,BKM010,두카티,BKM010-G025,998 S,998 S,134,스포츠,998,501~1000cc,가솔린,,,RW,✅ 라이트바겐만,9409,,,,🟡 연료 원천 없음→가솔린 추정
BKM010-0135,BKM010,두카티,BKM010-G026,999 S,999 S,135,스포츠,999,501~1000cc,가솔린,,,RW,✅ 라이트바겐만,9413,,,,🟡 연료 원천 없음→가솔린 추정
BKM010-0136,BKM010,두카티,BKM010-G027,GT 1000,GT 1000,136,네이키드,992,501~1000cc,가솔린,,,RW,✅ 라이트바겐만,10978,,,,🟡 연료 원천 없음→가솔린 추정
BKM010-0137,BKM010,두카티,BKM010-G028,MH 900 E,MH 900 E,137,네이키드,904,501~1000cc,가솔린,,,RW,✅ 라이트바겐만,9416,,,,🟡 연료 원천 없음→가솔린 추정
BKM010-0138,BKM010,두카티,BKM010-G029,Monster SP,Monster SP,138,,937,501~1000cc,가솔린,,,RW,✅ 라이트바겐만,12893,,,,🟡 연료 원천 없음→가솔린 추정
BKM010-0139,BKM010,두카티,BKM010-G001,디아벨,디아벨 디젤,139,네이키드,1198,1001cc 이상,가솔린,,,RW,✅ 라이트바겐만,9429,,,,🟡 연료 원천 없음→가솔린 추정
BKM010-0140,BKM010,두카티,BKM010-G001,디아벨,디아벨 스트라다,140,네이키드,1262,1001cc 이상,가솔린,,,RW,✅ 라이트바겐만,9430,,,,🟡 연료 원천 없음→가솔린 추정
BKM010-0141,BKM010,두카티,BKM010-G001,디아벨,디아벨 스트라이프,141,네이키드,1262,1001cc 이상,가솔린,,,RW,✅ 라이트바겐만,9431,,,,🟡 연료 원천 없음→가솔린 추정
BKM010-0142,BKM010,두카티,BKM010-G009,멀티스트라다,멀티스트라다 1200 S 그란투리스모,142,멀티퍼퍼스,1198,1001cc 이상,가솔린,,,RW,✅ 라이트바겐만,9441,,,,🟡 연료 원천 없음→가솔린 추정
BKM010-0143,BKM010,두카티,BKM010-G009,멀티스트라다,멀티스트라다 1200 S 스포츠,143,멀티퍼퍼스,1198,1001cc 이상,가솔린,,,RW,✅ 라이트바겐만,9442,,,,🟡 연료 원천 없음→가솔린 추정
BKM010-0144,BKM010,두카티,BKM010-G009,멀티스트라다,멀티스트라다 1200 S 투어링,144,멀티퍼퍼스,1198,1001cc 이상,가솔린,,,RW,✅ 라이트바겐만,9443,,,,🟡 연료 원천 없음→가솔린 추정
BKM010-0145,BKM010,두카티,BKM010-G009,멀티스트라다,멀티스트라다 V4 파익스 피크,145,멀티퍼퍼스,1158,1001cc 이상,가솔린,,,RW,✅ 라이트바겐만,13219,,,,🟡 연료 원천 없음→가솔린 추정
BKM010-0146,BKM010,두카티,BKM010-G003,몬스터,몬스터 1100 EVO,146,네이키드,1078,1001cc 이상,가솔린,,,RW,✅ 라이트바겐만,9456,,,,🟡 연료 원천 없음→가솔린 추정
BKM010-0147,BKM010,두카티,BKM010-G003,몬스터,몬스터 1100 EVO 디젤,147,네이키드,1078,1001cc 이상,가솔린,,,RW,✅ 라이트바겐만,9457,,,,🟡 연료 원천 없음→가솔린 추정
BKM010-0148,BKM010,두카티,BKM010-G003,몬스터,몬스터 1100 S,148,네이키드,1078,1001cc 이상,가솔린,,,RW,✅ 라이트바겐만,9458,,,,🟡 연료 원천 없음→가솔린 추정
BKM010-0149,BKM010,두카티,BKM010-G003,몬스터,몬스터 695,149,네이키드,696,501~1000cc,가솔린,,,RW,✅ 라이트바겐만,9465,,,,🟡 연료 원천 없음→가솔린 추정
BKM010-0150,BKM010,두카티,BKM010-G003,몬스터,몬스터 S2R 1000,150,네이키드,803,501~1000cc,가솔린,,,RW,✅ 라이트바겐만,9476,,,,🟡 연료 원천 없음→가솔린 추정
BKM010-0151,BKM010,두카티,BKM010-G003,몬스터,몬스터 S4Rs 테스타스트레타,151,네이키드,998,501~1000cc,가솔린,,,RW,✅ 라이트바겐만,9480,,,,🟡 연료 원천 없음→가솔린 추정
BKM010-0152,BKM010,두카티,BKM010-G002,스트리트파이터,스트리트파이터 V4 람보르기니,152,스포츠,1103,1001cc 이상,가솔린,,,RW,✅ 라이트바겐만,13217,,,,🟡 연료 원천 없음→가솔린 추정
BKM010-0153,BKM010,두카티,BKM010-G030,스포츠 1000 S 스포츠클래식,스포츠 1000 S 스포츠클래식,153,네이키드,992,501~1000cc,가솔린,,,RW,✅ 라이트바겐만,9503,,,,🟡 연료 원천 없음→가솔린 추정
BKM010-0154,BKM010,두카티,BKM010-G006,하이퍼모타드,하이퍼모타드 796,154,멀티퍼퍼스,803,501~1000cc,가솔린,,,RW,✅ 라이트바겐만,9514,,,,🟡 연료 원천 없음→가솔린 추정
BKM011-0001,BKM011,AJS,,,캐드웰 125,1,클래식,124,51~125cc,가솔린,2023,2023,RW,✅ 라이트바겐만,10870,,,,
BKM011-0002,BKM011,AJS,,,캐드웰 125 크롬,2,클래식,124,51~125cc,가솔린,2023,2023,RW,✅ 라이트바겐만,12678,,,,
BKM011-0003,BKM011,AJS,,,모데나 125,3,스쿠터,124,51~125cc,가솔린,2021,2021,RW,✅ 라이트바겐만,12378,,,,
BKM011-0004,BKM011,AJS,,,71 데저트 스크램블러 125,4,네이키드,124,51~125cc,가솔린,2024,2024,RW,✅ 라이트바겐만,12764,,,,
BKM012-0001,BKM012,CF모토,BKM012-G001,MT,800 MT,1,멀티퍼퍼스,799,501~1000cc,가솔린,,,RW,✅ 라이트바겐만,10993,,,,🟡 연료 원천 없음→가솔린 추정
BKM012-0002,BKM012,CF모토,BKM012-G002,SR,675 SR R,2,스포츠,674,501~1000cc,가솔린,2026,2026,RW,✅ 라이트바겐만,13212,,,,🟡 연료 원천 없음→가솔린 추정
BKM012-0003,BKM012,CF모토,BKM012-G002,SR,450 SR,3,스포츠,449,251~500cc,가솔린,2024,2024,RW,✅ 라이트바겐만,13026,,,,
BKM012-0004,BKM012,CF모토,BKM012-G003,맥퀴엄 125,맥퀴엄 125,4,스쿠터,125,51~125cc,가솔린,2007,2007,RW,✅ 라이트바겐만,13314,,,,🟡 연료 원천 없음→가솔린 추정
BKM012-0005,BKM012,CF모토,BKM012-G004,250 CL-C,250 CL-C,5,크루저,249,126~250cc,가솔린,,,RW+DN,✅ RW+DN 일치,13207,,79250366,,🟡 연료 원천 없음→가솔린 추정
BKM012-0006,BKM012,CF모토,BKM012-G002,SR,300 SR,6,스포츠,292,251~500cc,가솔린,,,RW,✅ 라이트바겐만,13057,,,,🟡 연료 원천 없음→가솔린 추정
BKM012-0007,BKM012,CF모토,BKM012-G001,MT,450 MT,7,투어러,449,251~500cc,가솔린,,,RW,✅ 라이트바겐만,13214,,,,
BKM012-0008,BKM012,CF모토,BKM012-G005,NK,450 NK,8,네이키드,449,251~500cc,가솔린,,,RW,✅ 라이트바겐만,13213,,,,
BKM012-0009,BKM012,CF모토,BKM012-G006,650GT,650GT,9,투어러,649,501~1000cc,가솔린,,,RW,✅ 라이트바겐만,13082,,,,
BKM012-0010,BKM012,CF모토,BKM012-G005,NK,675 NK,10,네이키드,675,501~1000cc,가솔린,,,RW,✅ 라이트바겐만,13210,,,,
BKM012-0011,BKM012,CF모토,BKM012-G001,MT,700 MT,11,투어러,693,501~1000cc,가솔린,,,RW,✅ 라이트바겐만,13208,,,,
BKM012-0012,BKM012,CF모토,BKM012-G001,MT,800 MT EXPLORE,12,멀티퍼퍼스,799,501~1000cc,가솔린,,,RW,✅ 라이트바겐만,13099,,,,🟡 연료 원천 없음→가솔린 추정
BKM012-0013,BKM012,CF모토,BKM012-G001,MT,800 MT 투어링,13,멀티퍼퍼스,800,501~1000cc,가솔린,,,RW,✅ 라이트바겐만,10995,,,,🟡 연료 원천 없음→가솔린 추정
BKM012-0014,BKM012,CF모토,BKM012-G007,CL-C,CL-C 450,14,크루저,449,251~500cc,가솔린,,,RW,✅ 라이트바겐만,13209,,,,
BKM012-0015,BKM012,CF모토,BKM012-G007,CL-C,CL-C 450 바버,15,크루저,449,251~500cc,가솔린,,,RW,✅ 라이트바겐만,13211,,,,
BKM012-0016,BKM012,CF모토,BKM012-G008,CLX,CLX 300,16,네이키드,292,251~500cc,가솔린,,,RW,✅ 라이트바겐만,13081,,,,
BKM012-0017,BKM012,CF모토,BKM012-G008,CLX,CLX 700 스포츠,17,스포츠,693,501~1000cc,가솔린,,,RW,✅ 라이트바겐만,13083,,,,
BKM012-0018,BKM012,CF모토,BKM012-G008,CLX,CLX 700 어드벤처,18,오프로드,693,501~1000cc,가솔린,,,RW,✅ 라이트바겐만,13085,,,,
BKM012-0019,BKM012,CF모토,BKM012-G008,CLX,CLX 700 헤리티지,19,네이키드,693,501~1000cc,가솔린,,,RW,✅ 라이트바겐만,13084,,,,🟡 연료 원천 없음→가솔린 추정
BKM012-0020,BKM012,CF모토,BKM012-G009,파피오,파피오 XO-1,20,네이키드,124,51~125cc,가솔린,,,RW,✅ 라이트바겐만,13062,,,,🟡 연료 원천 없음→가솔린 추정
BKM012-0021,BKM012,CF모토,BKM012-G009,파피오,파피오 XO-2,21,네이키드,124,51~125cc,가솔린,,,RW,✅ 라이트바겐만,13080,,,,
BKM014-0001,BKM014,GASGAS,,,EC 250 F,1,오프로드,250,126~250cc,가솔린,,,RW,✅ 라이트바겐만,13264,,,,🟡 연료 원천 없음→가솔린 추정
BKM015-0001,BKM015,KR모터스(효성),BKM015-G001,아퀼라,아퀼라 300 S,1,크루저,296,251~500cc,가솔린,2020,2022,RW+NV+DN,✅ RW+NV+DN 일치,10366,https://auto.naver.com/bike/lineup.nhn?bikeNo=5871,11275431,,
BKM015-0002,BKM015,KR모터스(효성),BKM015-G001,아퀼라,아퀼라 125,2,크루저,124,51~125cc,가솔린,2019,2024,RW+NV+DN,✅ RW+NV+DN 일치,10365,https://auto.naver.com/bike/lineup.nhn?bikeNo=4809,10783380 16772273,,
BKM015-0003,BKM015,KR모터스(효성),BKM015-G002,코멧,코멧 125,3,네이키드,124,51~125cc,가솔린,,,RW,✅ 라이트바겐만,10388,,,,🟡 연료 원천 없음→가솔린 추정
BKM015-0004,BKM015,KR모터스(효성),BKM015-G001,아퀼라,아퀼라 300 SS,4,크루저,296,251~500cc,가솔린,,,RW+DN,✅ RW+DN 일치,12674,,17917265,,🟡 연료 원천 없음→가솔린 추정
BKM015-0005,BKM015,KR모터스(효성),BKM015-G003,미라쥬,미라쥬 650,5,크루저,647,501~1000cc,가솔린,,,RW,✅ 라이트바겐만,10347,,,,🟡 연료 원천 없음→가솔린 추정
BKM015-0006,BKM015,KR모터스(효성),BKM015-G002,코멧,코멧 125 R,6,스포츠,124,51~125cc,가솔린,2012,2014,RW+NV,✅ RW+NV 일치,10389,https://auto.naver.com/bike/lineup.nhn?bikeNo=1124,,,
BKM015-0007,BKM015,KR모터스(효성),BKM015-G004,케이윈 125,케이윈 125,7,스쿠터,125,51~125cc,가솔린,2023,2023,RW+DN,✅ RW+DN 일치,12679,,19161197,,🟡 연료 원천 없음→가솔린 추정
BKM015-0008,BKM015,KR모터스(효성),BKM015-G002,코멧,코멧 650,8,네이키드,647,501~1000cc,가솔린,2012,2014,RW+NV,✅ RW+NV 일치,10971,https://auto.naver.com/bike/lineup.nhn?bikeNo=1126,,,
BKM015-0009,BKM015,KR모터스(효성),BKM015-G003,미라쥬,미라쥬 250,9,크루저,249,126~250cc,가솔린,2012,2012,RW+NV,✅ RW+NV 일치,10345,https://auto.naver.com/bike/lineup.nhn?bikeNo=61,,,
BKM015-0010,BKM015,KR모터스(효성),BKM015-G002,코멧,코멧 250,10,네이키드,249,126~250cc,가솔린,2012,2012,RW+NV,✅ RW+NV 일치,10391,https://auto.naver.com/bike/lineup.nhn?bikeNo=58,,,
BKM015-0011,BKM015,KR모터스(효성),BKM015-G003,미라쥬,미라쥬 650 프로,11,크루저,647,501~1000cc,가솔린,2012,2019,RW+NV,✅ RW+NV 일치,10349,https://auto.naver.com/bike/lineup.nhn?bikeNo=4807,,,
BKM015-0012,BKM015,KR모터스(효성),BKM015-G005,ST7,ST7,12,크루저,678,501~1000cc,가솔린,2012,2014,RW+NV,✅ RW+NV 일치,10323,https://auto.naver.com/bike/lineup.nhn?bikeNo=1117,,,
BKM015-0013,BKM015,KR모터스(효성),BKM015-G006,트로이,트로이,13,스쿠터,124,51~125cc,가솔린,,,RW,✅ 라이트바겐만,10407,,,,🟡 연료 원천 없음→가솔린 추정
BKM015-0014,BKM015,KR모터스(효성),BKM015-G003,미라쥬,미라쥬 250 DR ABS,14,크루저,249,126~250cc,가솔린,2018,2019,RW+NV,✅ RW+NV 일치,10346,https://auto.naver.com/bike/lineup.nhn?bikeNo=7083,,,
BKM015-0015,BKM015,KR모터스(효성),BKM015-G002,코멧,코멧 125 RC,15,스포츠,124,51~125cc,가솔린,,,RW,✅ 라이트바겐만,10390,,,,🟡 연료 원천 없음→가솔린 추정
BKM015-0016,BKM015,KR모터스(효성),BKM015-G003,미라쥬,미라쥬 125,16,크루저,125,51~125cc,가솔린,2012,2012,RW+NV,✅ RW+NV 일치,10344,https://auto.naver.com/bike/lineup.nhn?bikeNo=62,,,
BKM015-0017,BKM015,KR모터스(효성),BKM015-G003,미라쥬,미라쥬 650 스페셜,17,크루저,647,501~1000cc,가솔린,,,RW,✅ 라이트바겐만,10348,,,,🟡 연료 원천 없음→가솔린 추정
BKM015-0018,BKM015,KR모터스(효성),BKM015-G007,크루즈,크루즈,18,크루저,125,51~125cc,가솔린,,,RW,✅ 라이트바겐만,10900,,,,🟡 연료 원천 없음→가솔린 추정
BKM015-0019,BKM015,KR모터스(효성),BKM015-G008,엑시브,엑시브 250 R,19,스포츠,249,126~250cc,가솔린,2015,2015,RW+NV,✅ RW+NV 일치,10376,https://auto.naver.com/bike/lineup.nhn?bikeNo=7085,,,
BKM015-0020,BKM015,KR모터스(효성),BKM015-G002,코멧,코멧 250 R,20,스포츠,249,126~250cc,가솔린,2012,2012,RW+NV,✅ RW+NV 일치,10393,https://auto.naver.com/bike/lineup.nhn?bikeNo=57,,,
BKM015-0021,BKM015,KR모터스(효성),BKM015-G002,코멧,코멧 650 RC,21,스포츠,647,501~1000cc,가솔린,2014,2014,RW+NV,✅ RW+NV 일치,10399,https://auto.naver.com/bike/lineup.nhn?bikeNo=1665,,,
BKM015-0022,BKM015,KR모터스(효성),BKM015-G002,코멧,코멧 650 R,22,스포츠,647,501~1000cc,가솔린,2012,2012,RW+NV,✅ RW+NV 일치,10398,https://auto.naver.com/bike/lineup.nhn?bikeNo=54,,,
BKM015-0023,BKM015,KR모터스(효성),BKM015-G009,티니 110,티니 110,23,스쿠터,111,51~125cc,가솔린,2012,2012,RW+NV,✅ RW+NV 일치,10409,https://auto.naver.com/bike/lineup.nhn?bikeNo=66,,,
BKM015-0024,BKM015,KR모터스(효성),BKM015-G008,엑시브,엑시브 250 N,24,네이키드,249,126~250cc,가솔린,2014,2015,RW+NV,✅ RW+NV 일치,10375,https://auto.naver.com/bike/lineup.nhn?bikeNo=2145,,,
BKM015-0025,BKM015,KR모터스(효성),BKM015-G010,채트 110,채트 110,25,스쿠터,108,51~125cc,가솔린,2017,2017,RW+NV,✅ RW+NV 일치,10387,https://auto.naver.com/bike/lineup.nhn?bikeNo=6013,,,
BKM015-0026,BKM015,KR모터스(효성),BKM015-G002,코멧,코멧 250 RC,26,스포츠,249,126~250cc,가솔린,,,RW,✅ 라이트바겐만,10394,,,,🟡 연료 원천 없음→가솔린 추정
BKM015-0027,BKM015,KR모터스(효성),BKM015-G011,델리로드 100,델리로드 100,27,스쿠터,99,51~125cc,가솔린,2016,2018,RW+NV,✅ RW+NV 일치,10331,https://auto.naver.com/bike/lineup.nhn?bikeNo=4235,,,
BKM015-0028,BKM015,KR모터스(효성),BKM015-G012,비버,비버 125,28,스쿠터,124,51~125cc,가솔린,2012,2012,RW+NV,✅ RW+NV 일치,10353,https://auto.naver.com/bike/lineup.nhn?bikeNo=69,,,
BKM015-0029,BKM015,KR모터스(효성),BKM015-G013,그란투스 125,그란투스 125,29,스쿠터,124,51~125cc,가솔린,2019,2025,RW+NV+DN,✅ RW+NV+DN 일치,10326,https://auto.naver.com/bike/lineup.nhn?bikeNo=5143,75600263 14225081,,
BKM015-0030,BKM015,KR모터스(효성),BKM015-G014,요타 80,요타 80,30,스쿠터,71,51~125cc,가솔린,2015,2015,RW+NV,✅ RW+NV 일치,10383,https://auto.naver.com/bike/lineup.nhn?bikeNo=2112,,,
BKM015-0031,BKM015,KR모터스(효성),BKM015-G015,메가젯,메가젯,31,스쿠터,124,51~125cc,가솔린,,,RW,✅ 라이트바겐만,10343,,,,🟡 연료 원천 없음→가솔린 추정
BKM015-0032,BKM015,KR모터스(효성),BKM015-G016,파트너 100,파트너 100,32,스쿠터,99,51~125cc,가솔린,2020,2020,RW+NV+DN,✅ RW+NV+DN 일치,10410,https://auto.naver.com/bike/lineup.nhn?bikeNo=6793,12723086,,
BKM015-0033,BKM015,KR모터스(효성),BKM015-G006,트로이,트로이 RT 125,33,스쿠터,124,51~125cc,가솔린,2012,2014,RW+NV,✅ RW+NV 일치,10408,https://auto.naver.com/bike/lineup.nhn?bikeNo=1129,,,
BKM015-0034,BKM015,KR모터스(효성),BKM015-G012,비버,비버 125 V 스탠다드,34,스쿠터,124,51~125cc,가솔린,2022,2022,RW+DN,✅ RW+DN 일치,10357,,13339652,,
BKM015-0035,BKM015,KR모터스(효성),BKM015-G002,코멧,코멧 650 P,35,네이키드,647,501~1000cc,가솔린,2015,2015,RW+NV,✅ RW+NV 일치,10397,https://auto.naver.com/bike/lineup.nhn?bikeNo=2143,,,
BKM015-0036,BKM015,KR모터스(효성),BKM015-G017,토리,토리 125,36,스쿠터,124,51~125cc,가솔린,2012,2012,RW+NV,✅ RW+NV 일치,10405,https://auto.naver.com/bike/lineup.nhn?bikeNo=71,,,
BKM015-0037,BKM015,KR모터스(효성),BKM015-G002,코멧,코멧 250 S,37,네이키드,249,126~250cc,가솔린,,,RW,✅ 라이트바겐만,10395,,,,🟡 연료 원천 없음→가솔린 추정
BKM015-0038,BKM015,KR모터스(효성),BKM015-G001,아퀼라,아퀼라 GV 300 B,38,크루저,296,251~500cc,가솔린,2026,2026,RW,✅ 라이트바겐만,13320,,,,🟡 연료 원천 없음→가솔린 추정
BKM015-0039,BKM015,KR모터스(효성),BKM015-G001,아퀼라,아퀼라 GV 300 BS,39,크루저,296,251~500cc,가솔린,2026,2026,RW,✅ 라이트바겐만,13321,,,,🟡 연료 원천 없음→가솔린 추정
BKM015-0040,BKM015,KR모터스(효성),BKM015-G018,아이탱고,아이탱고,40,스쿠터,,전기,전기,2019,2019,NV,✅ 네이버만(과거 모델),,https://auto.naver.com/bike/lineup.nhn?bikeNo=5497,,,"🟡 장르 ""전기""→연료 전기로 분리, 장르는 추정"
BKM015-0041,BKM015,KR모터스(효성),BKM015-G019,에이글125,에이글125,41,ATV,124.6,51~125cc,가솔린,2019,2019,NV,🟡 유사 후보 확인,,https://auto.naver.com/bike/lineup.nhn?bikeNo=5499,,에이온 125,
BKM015-0042,BKM015,KR모터스(효성),BKM015-G020,와우,와우100 2,42,ATV,95.6,51~125cc,가솔린,2019,2019,NV,✅ 네이버만(과거 모델),,https://auto.naver.com/bike/lineup.nhn?bikeNo=5503,,,
BKM015-0043,BKM015,KR모터스(효성),BKM015-G021,DD,DD 100,43,스쿠터,99,51~125cc,가솔린,2018,2018,RW+NV,✅ RW+NV 일치,10307,https://auto.naver.com/bike/lineup.nhn?bikeNo=4231,,,
BKM015-0044,BKM015,KR모터스(효성),BKM015-G021,DD,DD 110,44,스쿠터,108,51~125cc,가솔린,2016,2018,RW+NV,✅ RW+NV 일치,10308,https://auto.naver.com/bike/lineup.nhn?bikeNo=4233,,,
BKM015-0045,BKM015,KR모터스(효성),BKM015-G012,비버,비버 125V,45,스쿠터,124,51~125cc,가솔린,2018,2018,RW+NV,✅ RW+NV 일치,13103,https://auto.naver.com/bike/lineup.nhn?bikeNo=7079,,,
BKM015-0046,BKM015,KR모터스(효성),BKM015-G020,와우,와우100,46,ATV,95,51~125cc,가솔린,2014,2017,NV,✅ 네이버만(과거 모델),,https://auto.naver.com/bike/lineup.nhn?bikeNo=4327,,,
BKM015-0047,BKM015,KR모터스(효성),BKM015-G022,아띠100,아띠100,47,스쿠터,99,51~125cc,가솔린,2016,2016,NV,✅ 네이버만(과거 모델),,https://auto.naver.com/bike/lineup.nhn?bikeNo=2561,,,
BKM015-0048,BKM015,KR모터스(효성),BKM015-G023,에이온 125,에이온 125,48,스쿠터,124,51~125cc,가솔린,2016,2016,RW+NV,✅ RW+NV 일치,10370,https://auto.naver.com/bike/lineup.nhn?bikeNo=3111,,,
BKM015-0049,BKM015,KR모터스(효성),BKM015-G024,RT 125 D,RT 125 D,49,멀티퍼퍼스,124,51~125cc,가솔린,2015,2015,RW+NV,✅ RW+NV 일치,10320,https://auto.naver.com/bike/lineup.nhn?bikeNo=2111,,,
BKM015-0050,BKM015,KR모터스(효성),BKM015-G025,라온 100,라온 100,50,스쿠터,99,51~125cc,가솔린,2015,2015,RW+NV,✅ RW+NV 일치,10332,https://auto.naver.com/bike/lineup.nhn?bikeNo=2167,,,
BKM015-0051,BKM015,KR모터스(효성),BKM015-G026,에스코트 110,에스코트 110,51,스쿠터,113,51~125cc,가솔린,2012,2015,RW+NV,✅ RW+NV 일치,10369,https://auto.naver.com/bike/lineup.nhn?bikeNo=2113,,,
BKM015-0052,BKM015,KR모터스(효성),BKM015-G015,메가젯,메가젯125,52,스쿠터,124,51~125cc,가솔린,2012,2014,NV,✅ 네이버만(과거 모델),,https://auto.naver.com/bike/lineup.nhn?bikeNo=1131,,,
BKM015-0053,BKM015,KR모터스(효성),BKM015-G027,뉴티,뉴티 50,53,스쿠터,49,50cc 이하,가솔린,2012,2012,RW+NV,✅ RW+NV 일치,10329,https://auto.naver.com/bike/lineup.nhn?bikeNo=73,,,
BKM015-0054,BKM015,KR모터스(효성),BKM015-G028,레브 125,레브 125,54,스쿠터,125,51~125cc,가솔린,2012,2012,RW+NV,✅ RW+NV 일치,10335,https://auto.naver.com/bike/lineup.nhn?bikeNo=68,,,
BKM015-0055,BKM015,KR모터스(효성),BKM015-G029,아이미125,아이미125,55,스쿠터,124,51~125cc,가솔린,2012,2012,NV,✅ 네이버만(과거 모델),,https://auto.naver.com/bike/lineup.nhn?bikeNo=72,,,
BKM015-0056,BKM015,KR모터스(효성),BKM015-G030,엑스피드50,엑스피드50,56,스쿠터,49,50cc 이하,가솔린,2012,2012,NV,✅ 네이버만(과거 모델),,https://auto.naver.com/bike/lineup.nhn?bikeNo=70,,,
BKM015-0057,BKM015,KR모터스(효성),BKM015-G031,RX125SM,RX125SM,57,오프로드,124,51~125cc,가솔린,2010,2010,NV,✅ 네이버만(과거 모델),,https://auto.naver.com/bike/lineup.nhn?bikeNo=64,,,
BKM015-0058,BKM015,KR모터스(효성),BKM015-G032,슈퍼캡 50,슈퍼캡 50,58,스쿠터,49,50cc 이하,가솔린,1999,1999,RW+NV,✅ RW+NV 일치,10361,https://auto.naver.com/bike/lineup.nhn?bikeNo=5855,,,
BKM015-0059,BKM015,KR모터스(효성),BKM015-G033,프리마50,프리마50,59,스쿠터,49,50cc 이하,가솔린,1999,1999,NV,✅ 네이버만(과거 모델),,https://auto.naver.com/bike/lineup.nhn?bikeNo=5857,,,
BKM015-0060,BKM015,KR모터스(효성),BKM015-G034,그랑프리125,그랑프리125,60,스쿠터,124,51~125cc,가솔린,1997,1997,NV,✅ 네이버만(과거 모델),,https://auto.naver.com/bike/lineup.nhn?bikeNo=5853,,,
BKM015-0061,BKM015,KR모터스(효성),BKM015-G008,엑시브,엑시브125,61,스포츠,124,51~125cc,가솔린,1995,1995,NV,✅ 네이버만(과거 모델),,https://auto.naver.com/bike/lineup.nhn?bikeNo=5851,,,
BKM015-0062,BKM015,KR모터스(효성),BKM015-G035,AX 100,AX 100,62,네이키드,100,51~125cc,가솔린,,,RW,✅ 라이트바겐만,10306,,,,🟡 연료 원천 없음→가솔린 추정
BKM015-0063,BKM015,KR모터스(효성),BKM015-G036,MS3 125,MS3 125,63,스쿠터,125,51~125cc,가솔린,,,RW,✅ 라이트바겐만,10318,,,,🟡 연료 원천 없음→가솔린 추정
BKM015-0064,BKM015,KR모터스(효성),BKM015-G027,뉴티,뉴티 50 업,64,스쿠터,49,50cc 이하,가솔린,,,RW,✅ 라이트바겐만,10330,,,,🟡 연료 원천 없음→가솔린 추정
BKM015-0065,BKM015,KR모터스(효성),BKM015-G037,래피드,래피드,65,스쿠터,125,51~125cc,가솔린,,,RW,✅ 라이트바겐만,10333,,,,🟡 연료 원천 없음→가솔린 추정
BKM015-0066,BKM015,KR모터스(효성),BKM015-G038,로디 125,로디 125,66,스쿠터,124.6,51~125cc,가솔린,,,DN,🟡 유사 후보 확인,,,108419552,욜로 125,🟡 연료 원천 없음→가솔린 추정
BKM015-0067,BKM015,KR모터스(효성),BKM015-G039,마스터 110 DLX,마스터 110 DLX,67,스쿠터,108,51~125cc,가솔린,,,RW,✅ 라이트바겐만,10340,,,,🟡 연료 원천 없음→가솔린 추정
BKM015-0068,BKM015,KR모터스(효성),BKM015-G012,비버,비버 125 UP 디럭스,68,스쿠터,124,51~125cc,가솔린,,,RW,✅ 라이트바겐만,10354,,,,🟡 연료 원천 없음→가솔린 추정
BKM015-0069,BKM015,KR모터스(효성),BKM015-G012,비버,비버 125 UP 스탠다드,69,스쿠터,124,51~125cc,가솔린,,,RW,✅ 라이트바겐만,10355,,,,🟡 연료 원천 없음→가솔린 추정
BKM015-0070,BKM015,KR모터스(효성),BKM015-G012,비버,비버 125 V 디럭스,70,스쿠터,124,51~125cc,가솔린,,,RW+DN,✅ RW+DN 일치,10356,,6167490,,🟡 연료 원천 없음→가솔린 추정
BKM015-0071,BKM015,KR모터스(효성),BKM015-G040,에바,에바,71,스쿠터,49,50cc 이하,가솔린,,,RW,✅ 라이트바겐만,10368,,,,🟡 연료 원천 없음→가솔린 추정
BKM015-0072,BKM015,KR모터스(효성),BKM015-G041,욜로 125,욜로 125,72,스쿠터,125,51~125cc,가솔린,,,RW+DN,✅ RW+DN 일치,13040,,17917544,,🟡 연료 원천 없음→가솔린 추정
BKM015-0073,BKM015,KR모터스(효성),BKM015-G002,코멧,코멧 250 P,73,네이키드,249,126~250cc,가솔린,,,RW,✅ 라이트바겐만,10392,,,,🟡 연료 원천 없음→가솔린 추정
BKM015-0074,BKM015,KR모터스(효성),BKM015-G017,토리,토리 50,74,스쿠터,49,50cc 이하,가솔린,,,RW,✅ 라이트바겐만,10406,,,,🟡 연료 원천 없음→가솔린 추정
BKM015-0075,BKM015,KR모터스(효성),BKM015-G042,하이캡,하이캡,75,스쿠터,49,50cc 이하,가솔린,,,RW,✅ 라이트바겐만,10415,,,,🟡 연료 원천 없음→가솔린 추정
BKM016-0001,BKM016,KTM,BKM016-G001,듀크,390 듀크,1,네이키드,398,251~500cc,가솔린,2014,2024,RW+NV,✅ RW+NV 일치,9775,https://auto.naver.com/bike/lineup.nhn?bikeNo=4748,,,
BKM016-0002,BKM016,KTM,BKM016-G002,RC,RC 390,2,스포츠,373,251~500cc,가솔린,2014,2024,RW+NV,✅ RW+NV 일치,9828,https://auto.naver.com/bike/lineup.nhn?bikeNo=4751,,,
BKM016-0003,BKM016,KTM,BKM016-G001,듀크,125 듀크,3,네이키드,124,51~125cc,가솔린,2012,2023,RW+NV,✅ RW+NV 일치,9746,https://auto.naver.com/bike/lineup.nhn?bikeNo=4747,,,
BKM016-0004,BKM016,KTM,BKM016-G003,어드벤처,390 어드벤처,4,멀티퍼퍼스,349,251~500cc,가솔린,2020,2023,RW+NV,✅ RW+NV 일치,9776,https://auto.naver.com/bike/lineup.nhn?bikeNo=5797,,,
BKM016-0005,BKM016,KTM,BKM016-G004,슈퍼듀크,1290 슈퍼듀크 R,5,네이키드,1301,1001cc 이상,가솔린,2014,2024,RW+NV,✅ RW+NV 일치,10929,https://auto.naver.com/bike/lineup.nhn?bikeNo=5801,,,
BKM016-0006,BKM016,KTM,BKM016-G001,듀크,790 듀크,6,네이키드,799,501~1000cc,가솔린,2018,2019,RW+NV,✅ RW+NV 일치,9807,https://auto.naver.com/bike/lineup.nhn?bikeNo=5101,,,
BKM016-0007,BKM016,KTM,BKM016-G004,슈퍼듀크,1290 슈퍼듀크 GT,7,투어러,1301,1001cc 이상,가솔린,2016,2022,RW+NV,✅ RW+NV 일치,9747,https://auto.naver.com/bike/lineup.nhn?bikeNo=4749,,,
BKM016-0008,BKM016,KTM,BKM016-G003,어드벤처,790 어드벤처,8,멀티퍼퍼스,799,501~1000cc,가솔린,2019,2019,RW+NV,✅ RW+NV 일치,9808,https://auto.naver.com/bike/lineup.nhn?bikeNo=4881,,,
BKM016-0009,BKM016,KTM,BKM016-G001,듀크,890 듀크 GP,9,네이키드,889,501~1000cc,가솔린,2022,2022,RW,✅ 라이트바겐만,11005,,,,🟡 연료 원천 없음→가솔린 추정
BKM016-0010,BKM016,KTM,BKM016-G001,듀크,890 듀크 R,10,네이키드,889,501~1000cc,가솔린,2022,2022,RW,✅ 라이트바겐만,9811,,,,
BKM016-0011,BKM016,KTM,BKM016-G003,어드벤처,890 어드벤처 R,11,멀티퍼퍼스,889,501~1000cc,가솔린,2024,2024,RW,✅ 라이트바겐만,9813,,,,🟡 연료 원천 없음→가솔린 추정
BKM016-0012,BKM016,KTM,BKM016-G005,EXC,450 EXC,12,오프로드,449,251~500cc,가솔린,2012,2017,RW+NV,✅ RW+NV 일치,9779,https://auto.naver.com/bike/lineup.nhn?bikeNo=3367,,,
BKM016-0013,BKM016,KTM,BKM016-G001,듀크,690 듀크,13,네이키드,654,501~1000cc,가솔린,2012,2017,RW+NV,✅ RW+NV 일치,9802,https://auto.naver.com/bike/lineup.nhn?bikeNo=3373,,,
BKM016-0014,BKM016,KTM,BKM016-G001,듀크,690 듀크 R,14,네이키드,654,501~1000cc,가솔린,2014,2017,RW+NV,✅ RW+NV 일치,9803,https://auto.naver.com/bike/lineup.nhn?bikeNo=3374,,,
BKM016-0015,BKM016,KTM,BKM016-G003,어드벤처,890 어드벤처,15,멀티퍼퍼스,889,501~1000cc,가솔린,2023,2023,RW,✅ 라이트바겐만,9812,,,,🟡 연료 원천 없음→가솔린 추정
BKM016-0016,BKM016,KTM,BKM016-G006,450 SMR,450 SMR,16,오프로드,449,251~500cc,가솔린,2012,2024,RW+NV,✅ RW+NV 일치,12897,https://auto.naver.com/bike/lineup.nhn?bikeNo=1245,,,
BKM016-0017,BKM016,KTM,BKM016-G005,EXC,250 EXC,17,오프로드,249,126~250cc,가솔린,2012,2017,RW+NV,✅ RW+NV 일치,10901,https://auto.naver.com/bike/lineup.nhn?bikeNo=3360,,,
BKM016-0018,BKM016,KTM,BKM016-G007,SMC,690 SMC,18,오프로드,654,501~1000cc,가솔린,,,RW,✅ 라이트바겐만,9800,,,,🟡 연료 원천 없음→가솔린 추정
BKM016-0019,BKM016,KTM,BKM016-G003,어드벤처,790 어드벤처 S,19,멀티퍼퍼스,799,501~1000cc,가솔린,,,RW,✅ 라이트바겐만,10880,,,,🟡 연료 원천 없음→가솔린 추정
BKM016-0020,BKM016,KTM,BKM016-G008,SMT,890 SMT,20,멀티퍼퍼스,889,501~1000cc,가솔린,2023,2023,RW,✅ 라이트바겐만,12896,,,,
BKM016-0021,BKM016,KTM,BKM016-G009,슈퍼 어드벤처,1290 슈퍼 어드벤처 S,21,멀티퍼퍼스,1301,1001cc 이상,가솔린,2017,2022,RW+NV,✅ RW+NV 일치,9752,https://auto.naver.com/bike/lineup.nhn?bikeNo=4889,,,
BKM016-0022,BKM016,KTM,BKM016-G003,어드벤처,790 어드벤처 R,22,멀티퍼퍼스,799,501~1000cc,가솔린,2019,2019,RW+NV,✅ RW+NV 일치,9809,https://auto.naver.com/bike/lineup.nhn?bikeNo=4883,,,
BKM016-0023,BKM016,KTM,BKM016-G003,어드벤처,1090 어드벤처,23,멀티퍼퍼스,1050,1001cc 이상,가솔린,2017,2017,RW+NV,✅ RW+NV 일치,9738,https://auto.naver.com/bike/lineup.nhn?bikeNo=3379,,,
BKM016-0024,BKM016,KTM,BKM016-G001,듀크,200 듀크,24,멀티퍼퍼스,199,126~250cc,가솔린,2012,2015,RW+NV,✅ RW+NV 일치,9757,https://auto.naver.com/bike/lineup.nhn?bikeNo=1952,,,
BKM016-0025,BKM016,KTM,BKM016-G005,EXC,450 EXC 식스데이,25,오프로드,449,251~500cc,가솔린,,,RW,✅ 라이트바겐만,9780,,,,🟡 연료 원천 없음→가솔린 추정
BKM016-0026,BKM016,KTM,BKM016-G007,SMC,390 SMC R,26,오프로드,399,251~500cc,가솔린,2025,2025,RW,✅ 라이트바겐만,13311,,,,🟡 연료 원천 없음→가솔린 추정
BKM016-0027,BKM016,KTM,BKM016-G004,슈퍼듀크,1390 슈퍼듀크 R,27,네이키드,1350,1001cc 이상,가솔린,2024,2024,RW,✅ 라이트바겐만,13163,,,,
BKM016-0028,BKM016,KTM,BKM016-G004,슈퍼듀크,1390 슈퍼듀크 R EVO,28,네이키드,1350,1001cc 이상,가솔린,2024,2024,RW,✅ 라이트바겐만,13162,,,,
BKM016-0029,BKM016,KTM,BKM016-G001,듀크,990 듀크,29,네이키드,947,501~1000cc,가솔린,2024,2024,RW,✅ 라이트바겐만,13160,,,,🟡 연료 원천 없음→가솔린 추정
BKM016-0030,BKM016,KTM,BKM016-G004,슈퍼듀크,1290 슈퍼듀크 R EVO,30,네이키드,1301,1001cc 이상,가솔린,2023,2023,RW,✅ 라이트바겐만,13161,,,,🟡 연료 원천 없음→가솔린 추정
BKM016-0031,BKM016,KTM,BKM016-G003,어드벤처,390 어드벤처 SW,31,멀티퍼퍼스,373,251~500cc,가솔린,2023,2023,RW,✅ 라이트바겐만,13159,,,,
BKM016-0032,BKM016,KTM,BKM016-G007,SMC,690 SMC R,32,오프로드,692,501~1000cc,가솔린,2012,2023,RW+NV,✅ RW+NV 일치,9801,https://auto.naver.com/bike/lineup.nhn?bikeNo=4877,,,
BKM016-0033,BKM016,KTM,BKM016-G010,엔듀로,690 엔듀로 R,33,오프로드,692,501~1000cc,가솔린,2012,2023,RW+NV,✅ RW+NV 일치,12895,https://auto.naver.com/bike/lineup.nhn?bikeNo=4879,,,
BKM016-0034,BKM016,KTM,BKM016-G009,슈퍼 어드벤처,1290 슈퍼 어드벤처 R,34,멀티퍼퍼스,1301,1001cc 이상,가솔린,2017,2022,RW+NV,✅ RW+NV 일치,9751,https://auto.naver.com/bike/lineup.nhn?bikeNo=4887,,,
BKM016-0035,BKM016,KTM,BKM016-G011,450 랠리 레플리카,450 랠리 레플리카,35,멀티퍼퍼스,449.3,251~500cc,가솔린,2017,2021,NV,✅ 네이버만(과거 모델),,https://auto.naver.com/bike/lineup.nhn?bikeNo=6803,,,
BKM016-0036,BKM016,KTM,BKM016-G012,SX,125 SX,36,오프로드,124.8,51~125cc,가솔린,2012,2020,NV,✅ 네이버만(과거 모델),,https://auto.naver.com/bike/lineup.nhn?bikeNo=5021,,,
BKM016-0037,BKM016,KTM,BKM016-G005,EXC,150 EXC TPI,37,오프로드,144,126~250cc,가솔린,2020,2020,NV,✅ 네이버만(과거 모델),,https://auto.naver.com/bike/lineup.nhn?bikeNo=5033,,,
BKM016-0038,BKM016,KTM,BKM016-G012,SX,150 SX,38,오프로드,144,126~250cc,가솔린,2012,2020,NV,✅ 네이버만(과거 모델),,https://auto.naver.com/bike/lineup.nhn?bikeNo=5023,,,
BKM016-0039,BKM016,KTM,BKM016-G005,EXC,250 EXC TPI,39,오프로드,249,126~250cc,가솔린,2018,2020,NV,🟡 유사 후보 확인,,https://auto.naver.com/bike/lineup.nhn?bikeNo=5035,,250 EXC,
BKM016-0040,BKM016,KTM,BKM016-G005,EXC,250 EXC-F,40,오프로드,249.9,126~250cc,가솔린,2012,2020,NV,🟡 유사 후보 확인,,https://auto.naver.com/bike/lineup.nhn?bikeNo=5041,,250 EXC / 350 EXC F / 250 EXC F 식스데이,
BKM016-0041,BKM016,KTM,BKM016-G012,SX,250 SX,41,오프로드,249,126~250cc,가솔린,2012,2020,NV,🟡 유사 후보 확인,,https://auto.naver.com/bike/lineup.nhn?bikeNo=5025,,250 SX F,
BKM016-0042,BKM016,KTM,BKM016-G012,SX,250 SX F,42,오프로드,249,126~250cc,가솔린,2012,2020,RW+NV,✅ RW+NV 일치,9764,https://auto.naver.com/bike/lineup.nhn?bikeNo=5027,,,
BKM016-0043,BKM016,KTM,BKM016-G005,EXC,300 EXC TPI,43,오프로드,293.2,251~500cc,가솔린,2018,2020,NV,🟡 유사 후보 확인,,https://auto.naver.com/bike/lineup.nhn?bikeNo=5037,,300 EXC,
BKM016-0044,BKM016,KTM,BKM016-G005,EXC,350 EXC F,44,오프로드,349,251~500cc,가솔린,2012,2020,RW+NV,✅ RW+NV 일치,9770,https://auto.naver.com/bike/lineup.nhn?bikeNo=5039,,,🟡 연료 원천 없음→가솔린 추정
BKM016-0045,BKM016,KTM,BKM016-G012,SX,350 SX-F,45,오프로드,349.7,251~500cc,가솔린,2012,2020,NV,🟡 유사 후보 확인,,https://auto.naver.com/bike/lineup.nhn?bikeNo=5029,,350 XC F / 250 SX F,
BKM016-0046,BKM016,KTM,BKM016-G005,EXC,450 EXC-F,46,오프로드,449.9,251~500cc,가솔린,2017,2020,NV,🟡 유사 후보 확인,,https://auto.naver.com/bike/lineup.nhn?bikeNo=5043,,450 EXC / 350 EXC F,
BKM016-0047,BKM016,KTM,BKM016-G012,SX,450 SX-F,47,오프로드,449.9,251~500cc,가솔린,2012,2020,NV,🟡 유사 후보 확인,,https://auto.naver.com/bike/lineup.nhn?bikeNo=5031,,250 SX F,
BKM016-0048,BKM016,KTM,BKM016-G012,SX,50 SX,48,오프로드,49,50cc 이하,가솔린,2012,2020,NV,🟡 유사 후보 확인,,https://auto.naver.com/bike/lineup.nhn?bikeNo=5015,,250 SX F,
BKM016-0049,BKM016,KTM,BKM016-G005,EXC,500 EXC-F,49,오프로드,510.9,501~1000cc,가솔린,2018,2020,NV,🟡 유사 후보 확인,,https://auto.naver.com/bike/lineup.nhn?bikeNo=5045,,500 EXC / 350 EXC F,
BKM016-0050,BKM016,KTM,BKM016-G012,SX,65 SX,50,오프로드,64.9,51~125cc,가솔린,2012,2020,NV,✅ 네이버만(과거 모델),,https://auto.naver.com/bike/lineup.nhn?bikeNo=5017,,,
BKM016-0051,BKM016,KTM,BKM016-G012,SX,85 SX,51,오프로드,84.9,51~125cc,가솔린,2012,2020,NV,✅ 네이버만(과거 모델),,https://auto.naver.com/bike/lineup.nhn?bikeNo=5019,,,
BKM016-0052,BKM016,KTM,BKM016-G004,슈퍼듀크,890 슈퍼듀크 R,52,네이키드,890,501~1000cc,가솔린,2020,2020,NV,🟡 유사 후보 확인,,https://auto.naver.com/bike/lineup.nhn?bikeNo=5799,,990 슈퍼듀크 R / 890 듀크 R,
BKM016-0053,BKM016,KTM,BKM016-G003,어드벤처,1090 어드벤처 R,53,멀티퍼퍼스,1050,1001cc 이상,가솔린,2017,2019,NV,🟡 유사 후보 확인,,https://auto.naver.com/bike/lineup.nhn?bikeNo=4885,,1090 어드벤처 / 890 어드벤처 R,
BKM016-0054,BKM016,KTM,BKM016-G009,슈퍼 어드벤처,1290 슈퍼 어드벤처 T,54,멀티퍼퍼스,1301,1001cc 이상,가솔린,2017,2019,NV,🟡 유사 후보 확인,,https://auto.naver.com/bike/lineup.nhn?bikeNo=4891,,1290 슈퍼 어드벤처 / 1290 슈퍼 어드벤처 S,
BKM016-0055,BKM016,KTM,BKM016-G013,XC,125 XC-W,55,오프로드,124.8,51~125cc,가솔린,2017,2018,NV,✅ 네이버만(과거 모델),,https://auto.naver.com/bike/lineup.nhn?bikeNo=3481,,,
BKM016-0056,BKM016,KTM,BKM016-G013,XC,150 XC-W,56,오프로드,144,126~250cc,가솔린,2017,2018,NV,✅ 네이버만(과거 모델),,https://auto.naver.com/bike/lineup.nhn?bikeNo=3483,,,
BKM016-0057,BKM016,KTM,BKM016-G014,프리라이드,프리라이드 250 F,57,오프로드,249.9,126~250cc,가솔린,2018,2018,NV,🟡 유사 후보 확인,,https://auto.naver.com/bike/lineup.nhn?bikeNo=3733,,프리라이드 250 R / 프리라이드 350,
BKM016-0058,BKM016,KTM,BKM016-G003,어드벤처,1050 어드벤처,58,멀티퍼퍼스,1050,1001cc 이상,가솔린,2015,2017,RW+NV,✅ RW+NV 일치,10866,https://auto.naver.com/bike/lineup.nhn?bikeNo=3375,,,
BKM016-0059,BKM016,KTM,BKM016-G001,듀크,250 듀크,59,네이키드,248.8,126~250cc,가솔린,2017,2017,NV,🟡 유사 후보 확인,,https://auto.naver.com/bike/lineup.nhn?bikeNo=3213,,200 듀크 / 125 듀크,
BKM016-0060,BKM016,KTM,BKM016-G005,EXC,300 EXC,60,오프로드,293,251~500cc,가솔린,2012,2017,RW+NV,✅ RW+NV 일치,9768,https://auto.naver.com/bike/lineup.nhn?bikeNo=3363,,,
BKM016-0061,BKM016,KTM,BKM016-G005,EXC,500 EXC,61,오프로드,510,501~1000cc,가솔린,2012,2017,RW+NV,✅ RW+NV 일치,9784,https://auto.naver.com/bike/lineup.nhn?bikeNo=3369,,,
BKM016-0062,BKM016,KTM,BKM016-G002,RC,RC125,62,스포츠,124.7,51~125cc,가솔린,2014,2017,NV,✅ 네이버만(과거 모델),,https://auto.naver.com/bike/lineup.nhn?bikeNo=3227,,,
BKM016-0063,BKM016,KTM,BKM016-G002,RC,RC200,63,스포츠,199.5,126~250cc,가솔린,2014,2017,NV,✅ 네이버만(과거 모델),,https://auto.naver.com/bike/lineup.nhn?bikeNo=3229,,,
BKM016-0064,BKM016,KTM,BKM016-G002,RC,RC250,64,스포츠,248.8,126~250cc,가솔린,2017,2017,NV,✅ 네이버만(과거 모델),,https://auto.naver.com/bike/lineup.nhn?bikeNo=3231,,,
BKM016-0065,BKM016,KTM,BKM016-G014,프리라이드,프리라이드 250 R,65,오프로드,249,126~250cc,가솔린,2014,2017,RW+NV,✅ RW+NV 일치,9830,https://auto.naver.com/bike/lineup.nhn?bikeNo=3385,,,
BKM016-0066,BKM016,KTM,BKM016-G014,프리라이드,프리라이드 350,66,오프로드,349,251~500cc,가솔린,2012,2017,RW+NV,✅ RW+NV 일치,9831,https://auto.naver.com/bike/lineup.nhn?bikeNo=3387,,,
BKM016-0067,BKM016,KTM,BKM016-G015,1190,1190 RC8 R,67,스포츠,1195,1001cc 이상,가솔린,2012,2015,NV,🟡 유사 후보 확인,,https://auto.naver.com/bike/lineup.nhn?bikeNo=2003,,1190 RC8,
BKM016-0068,BKM016,KTM,BKM016-G003,어드벤처,1190 어드벤처,68,멀티퍼퍼스,1195,1001cc 이상,가솔린,2014,2015,RW+NV,✅ RW+NV 일치,9741,https://auto.naver.com/bike/lineup.nhn?bikeNo=2005,,,
BKM016-0069,BKM016,KTM,BKM016-G003,어드벤처,1190 어드벤처 R,69,멀티퍼퍼스,1195,1001cc 이상,가솔린,2014,2015,NV,🟡 유사 후보 확인,,https://auto.naver.com/bike/lineup.nhn?bikeNo=2007,,1190 어드벤처 / 890 어드벤처 R,
BKM016-0070,BKM016,KTM,BKM016-G005,EXC,125 EXC,70,오프로드,124.8,51~125cc,가솔린,2012,2015,NV,🟡 유사 후보 확인,,https://auto.naver.com/bike/lineup.nhn?bikeNo=1834,,250 EXC,
BKM016-0071,BKM016,KTM,BKM016-G009,슈퍼 어드벤처,1290 슈퍼 어드벤처,71,멀티퍼퍼스,1301,1001cc 이상,가솔린,2015,2015,RW+NV,✅ RW+NV 일치,9750,https://auto.naver.com/bike/lineup.nhn?bikeNo=1561,,,
BKM016-0072,BKM016,KTM,BKM016-G014,프리라이드,프리라이드 E-SX,72,오프로드,,전기,전기,2015,2015,NV,✅ 네이버만(과거 모델),,https://auto.naver.com/bike/lineup.nhn?bikeNo=1793,,,
BKM016-0073,BKM016,KTM,BKM016-G016,1190 RC8 R 트랙,1190 RC8 R 트랙,73,스포츠,1195,1001cc 이상,가솔린,2012,2013,NV,🟡 유사 후보 확인,,https://auto.naver.com/bike/lineup.nhn?bikeNo=1259,,1190 RC8,
BKM016-0074,BKM016,KTM,BKM016-G005,EXC,200 EXC,74,오프로드,199,126~250cc,가솔린,2012,2013,RW+NV,✅ RW+NV 일치,9756,https://auto.naver.com/bike/lineup.nhn?bikeNo=1227,,,
BKM016-0075,BKM016,KTM,BKM016-G008,SMT,990 SMT,75,오프로드,999,501~1000cc,가솔린,2012,2013,NV,🟡 유사 후보 확인,,https://auto.naver.com/bike/lineup.nhn?bikeNo=1247,,890 SMT,
BKM016-0076,BKM016,KTM,BKM016-G004,슈퍼듀크,990 슈퍼듀크 R,76,네이키드,999,501~1000cc,가솔린,2012,2013,RW+NV,✅ RW+NV 일치,9820,https://auto.naver.com/bike/lineup.nhn?bikeNo=1257,,,
BKM016-0077,BKM016,KTM,BKM016-G017,슈퍼모토,990 슈퍼모토 R,77,오프로드,999,501~1000cc,가솔린,2012,2013,NV,🟡 유사 후보 확인,,https://auto.naver.com/bike/lineup.nhn?bikeNo=1249,,990 슈퍼모토 / 690 슈퍼모토 R,
BKM016-0078,BKM016,KTM,BKM016-G003,어드벤처,990 어드벤처,78,멀티퍼퍼스,999,501~1000cc,가솔린,2012,2013,RW+NV,✅ RW+NV 일치,9821,https://auto.naver.com/bike/lineup.nhn?bikeNo=1250,,,
BKM016-0079,BKM016,KTM,BKM016-G003,어드벤처,990 어드벤처 R,79,멀티퍼퍼스,999,501~1000cc,가솔린,2012,2013,NV,🟡 유사 후보 확인,,https://auto.naver.com/bike/lineup.nhn?bikeNo=1251,,990 어드벤처 / 890 어드벤처 R,🟡 연료 원천 없음→가솔린 추정
BKM016-0080,BKM016,KTM,BKM016-G015,1190,1190 RC8,80,스포츠,1195,1001cc 이상,가솔린,,,RW,✅ 라이트바겐만,10902,,,,🟡 연료 원천 없음→가솔린 추정
BKM016-0081,BKM016,KTM,BKM016-G009,슈퍼 어드벤처,1390 슈퍼 어드벤처 S EVO,81,멀티퍼퍼스,1350,1001cc 이상,가솔린,,,RW,✅ 라이트바겐만,13096,,,,🟡 연료 원천 없음→가솔린 추정
BKM016-0082,BKM016,KTM,BKM016-G005,EXC,250 EXC F 식스데이,82,오프로드,249,126~250cc,가솔린,,,RW,✅ 라이트바겐만,9761,,,,🟡 연료 원천 없음→가솔린 추정
BKM016-0083,BKM016,KTM,BKM016-G005,EXC,250 EXC 식스데이,83,오프로드,249,126~250cc,가솔린,,,RW,✅ 라이트바겐만,9762,,,,🟡 연료 원천 없음→가솔린 추정
BKM016-0084,BKM016,KTM,BKM016-G010,엔듀로,250 엔듀로,84,오프로드,249,126~250cc,가솔린,,,RW,✅ 라이트바겐만,9767,,,,🟡 연료 원천 없음→가솔린 추정
BKM016-0085,BKM016,KTM,BKM016-G005,EXC,300 EXC 식스데이,85,오프로드,293,251~500cc,가솔린,,,RW,✅ 라이트바겐만,11004,,,,🟡 연료 원천 없음→가솔린 추정
BKM016-0086,BKM016,KTM,BKM016-G005,EXC,350 EXC F 식스데이,86,오프로드,349,251~500cc,가솔린,,,RW,✅ 라이트바겐만,9771,,,,🟡 연료 원천 없음→가솔린 추정
BKM016-0087,BKM016,KTM,BKM016-G013,XC,350 XC F,87,오프로드,349,251~500cc,가솔린,,,RW,✅ 라이트바겐만,9773,,,,🟡 연료 원천 없음→가솔린 추정
BKM016-0088,BKM016,KTM,BKM016-G018,690 SM,690 SM,88,오프로드,654,501~1000cc,가솔린,,,RW,✅ 라이트바겐만,9799,,,,🟡 연료 원천 없음→가솔린 추정
BKM016-0089,BKM016,KTM,BKM016-G017,슈퍼모토,690 슈퍼모토 R,89,오프로드,654,501~1000cc,가솔린,,,RW,✅ 라이트바겐만,9804,,,,🟡 연료 원천 없음→가솔린 추정
BKM016-0090,BKM016,KTM,BKM016-G003,어드벤처,890 어드벤처 S,90,멀티퍼퍼스,889,501~1000cc,가솔린,,,RW,✅ 라이트바겐만,10883,,,,🟡 연료 원천 없음→가솔린 추정
BKM016-0091,BKM016,KTM,BKM016-G017,슈퍼모토,990 슈퍼모토,91,멀티퍼퍼스,999,501~1000cc,가솔린,,,RW,✅ 라이트바겐만,9818,,,,🟡 연료 원천 없음→가솔린 추정
BKM016-0092,BKM016,KTM,BKM016-G019,990 어드벤처 다카르,990 어드벤처 다카르,92,멀티퍼퍼스,999,501~1000cc,가솔린,,,RW,✅ 라이트바겐만,9823,,,,🟡 연료 원천 없음→가솔린 추정
BKM017-0001,BKM017,LML스타,,,스타 오토매틱 125,1,스쿠터,125,51~125cc,가솔린,,,RW,✅ 라이트바겐만,10727,,,,🟡 연료 원천 없음→가솔린 추정
BKM018-0001,BKM018,MBK모터스,,,싸이클론 RT1,1,스쿠터,125,51~125cc,가솔린,2025,2025,RW,✅ 라이트바겐만,13315,,,,🟡 연료 원천 없음→가솔린 추정
BKM018-0002,BKM018,MBK모터스,,,벤쿱 125,2,스쿠터,124,51~125cc,가솔린,,,RW,✅ 라이트바겐만,13256,,,,🟡 연료 원천 없음→가솔린 추정
BKM019-0001,BKM019,MV아구스타,BKM019-G001,브루탈레,브루탈레 675,1,네이키드,675,501~1000cc,가솔린,2013,2015,RW+NV,✅ RW+NV 일치,10758,https://auto.naver.com/bike/lineup.nhn?bikeNo=1863,,,
BKM019-0002,BKM019,MV아구스타,BKM019-G002,F,F3 675,2,스포츠,675,501~1000cc,가솔린,2013,2020,RW+NV,✅ RW+NV 일치,10928,https://auto.naver.com/bike/lineup.nhn?bikeNo=5649,,,
BKM019-0003,BKM019,MV아구스타,BKM019-G003,드랙스터,드랙스터 800 RR,3,네이키드,798,501~1000cc,가솔린,2020,2020,RW+NV,✅ RW+NV 일치,10750,https://auto.naver.com/bike/lineup.nhn?bikeNo=5577,,,
BKM019-0004,BKM019,MV아구스타,BKM019-G004,러쉬 1000,러쉬 1000,4,네이키드,998,501~1000cc,가솔린,2020,2020,RW+NV,✅ RW+NV 일치,10752,https://auto.naver.com/bike/lineup.nhn?bikeNo=5575,,,
BKM019-0005,BKM019,MV아구스타,BKM019-G005,슈퍼벨로체,슈퍼벨로체 800,5,스포츠,798,501~1000cc,가솔린,2020,2020,RW+NV,✅ RW+NV 일치,10767,https://auto.naver.com/bike/lineup.nhn?bikeNo=5667,,,
BKM019-0006,BKM019,MV아구스타,BKM019-G002,F,F3,6,스포츠,675,501~1000cc,가솔린,,,RW,✅ 라이트바겐만,10903,,,,🟡 연료 원천 없음→가솔린 추정
BKM019-0007,BKM019,MV아구스타,BKM019-G003,드랙스터,드랙스터 800 RR SCS,7,네이키드,798,501~1000cc,가솔린,2020,2020,RW+NV,✅ RW+NV 일치,10751,https://auto.naver.com/bike/lineup.nhn?bikeNo=5579,,,
BKM019-0008,BKM019,MV아구스타,BKM019-G001,브루탈레,브루탈레 1000 RR,8,네이키드,998,501~1000cc,가솔린,2020,2020,RW+NV,✅ RW+NV 일치,10754,https://auto.naver.com/bike/lineup.nhn?bikeNo=5573,,,
BKM019-0009,BKM019,MV아구스타,BKM019-G001,브루탈레,브루탈레 800,9,네이키드,798,501~1000cc,가솔린,2014,2016,RW+NV,✅ RW+NV 일치,10888,https://auto.naver.com/bike/lineup.nhn?bikeNo=4197,,,
BKM019-0010,BKM019,MV아구스타,BKM019-G006,리발레 800,리발레 800,10,네이키드,798,501~1000cc,가솔린,2013,2015,RW+NV,✅ RW+NV 일치,10753,https://auto.naver.com/bike/lineup.nhn?bikeNo=1889,,,
BKM019-0011,BKM019,MV아구스타,BKM019-G002,F,F4 1000 RR,11,스포츠,998,501~1000cc,가솔린,,,RW,✅ 라이트바겐만,10737,,,,🟡 연료 원천 없음→가솔린 추정
BKM019-0012,BKM019,MV아구스타,BKM019-G007,TURISMO VELOCE LUSSO SCS,TURISMO VELOCE LUSSO SCS,12,투어러,798,501~1000cc,가솔린,,,RW,✅ 라이트바겐만,13045,,,,🟡 연료 원천 없음→가솔린 추정
BKM019-0013,BKM019,MV아구스타,BKM019-G003,드랙스터,드랙스터 800 RC SCS,13,네이키드,798,501~1000cc,가솔린,,,RW,✅ 라이트바겐만,10749,,,,🟡 연료 원천 없음→가솔린 추정
BKM019-0014,BKM019,MV아구스타,BKM019-G002,F,F3 675 RC,14,스포츠,675,501~1000cc,가솔린,2020,2020,NV,🟡 유사 후보 확인,,https://auto.naver.com/bike/lineup.nhn?bikeNo=6011,,F3 675,
BKM019-0015,BKM019,MV아구스타,BKM019-G002,F,F3 800,15,스포츠,798,501~1000cc,가솔린,2014,2020,RW+NV,✅ RW+NV 일치,10732,https://auto.naver.com/bike/lineup.nhn?bikeNo=5651,,,
BKM019-0016,BKM019,MV아구스타,BKM019-G002,F,F3 800 RC,16,스포츠,798,501~1000cc,가솔린,2020,2020,NV,🟡 유사 후보 확인,,https://auto.naver.com/bike/lineup.nhn?bikeNo=5653,,F3 800,
BKM019-0017,BKM019,MV아구스타,BKM019-G003,드랙스터,드래그스터 800 RR RC,17,네이키드,798,501~1000cc,가솔린,2020,2020,NV,✅ 네이버만(과거 모델),,https://auto.naver.com/bike/lineup.nhn?bikeNo=5655,,,
BKM019-0018,BKM019,MV아구스타,BKM019-G003,드랙스터,드래그스터 800 로쏘,18,네이키드,798,501~1000cc,가솔린,2020,2020,NV,✅ 네이버만(과거 모델),,https://auto.naver.com/bike/lineup.nhn?bikeNo=5657,,,
BKM019-0019,BKM019,MV아구스타,BKM019-G001,브루탈레,브루탈레 1000 Serie Oro,19,네이키드,998,501~1000cc,가솔린,2020,2020,NV,✅ 네이버만(과거 모델),,https://auto.naver.com/bike/lineup.nhn?bikeNo=5665,,,
BKM019-0020,BKM019,MV아구스타,BKM019-G001,브루탈레,브루탈레 800 RR,20,네이키드,798,501~1000cc,가솔린,2015,2020,RW+NV,✅ RW+NV 일치,10898,https://auto.naver.com/bike/lineup.nhn?bikeNo=5659,,,
BKM019-0021,BKM019,MV아구스타,BKM019-G001,브루탈레,브루탈레 800 RR SCS,21,네이키드,798,501~1000cc,가솔린,2020,2020,NV,🟡 유사 후보 확인,,https://auto.naver.com/bike/lineup.nhn?bikeNo=5661,,브루탈레 800 RR / 브루탈레 800,
BKM019-0022,BKM019,MV아구스타,BKM019-G001,브루탈레,브루탈레 800 루쏘,22,네이키드,798,501~1000cc,가솔린,2020,2020,NV,🟡 유사 후보 확인,,https://auto.naver.com/bike/lineup.nhn?bikeNo=5663,,브루탈레 800,
BKM019-0023,BKM019,MV아구스타,BKM019-G005,슈퍼벨로체,슈퍼벨로체 800 Serie Oro,23,스포츠,798,501~1000cc,가솔린,2020,2020,NV,🟡 유사 후보 확인,,https://auto.naver.com/bike/lineup.nhn?bikeNo=5580,,슈퍼벨로체 800,
BKM019-0024,BKM019,MV아구스타,BKM019-G008,투리스모 벨로체,투리스모 벨로체 800 RC SCS,24,투어러,798,501~1000cc,가솔린,2020,2020,NV,🟡 유사 후보 확인,,https://auto.naver.com/bike/lineup.nhn?bikeNo=5671,,투리스모 벨로체 RC SCS / 투리스모 벨로체 800,
BKM019-0025,BKM019,MV아구스타,BKM019-G008,투리스모 벨로체,투리스모 벨로체 800 로쏘,25,투어러,798,501~1000cc,가솔린,2020,2020,NV,🟡 유사 후보 확인,,https://auto.naver.com/bike/lineup.nhn?bikeNo=5673,,투리스모 벨로체 800 / 투리스모 벨로체 루쏘 800,
BKM019-0026,BKM019,MV아구스타,BKM019-G008,투리스모 벨로체,투리스모 벨로체 800 루쏘 SCS,26,투어러,798,501~1000cc,가솔린,2020,2020,NV,🟡 유사 후보 확인,,https://auto.naver.com/bike/lineup.nhn?bikeNo=5677,,투리스모 벨로체 800,
BKM019-0027,BKM019,MV아구스타,BKM019-G009,투리스모 벨로체 루쏘 800,투리스모 벨로체 루쏘 800,27,멀티퍼퍼스,798,501~1000cc,가솔린,2014,2020,RW+NV,✅ RW+NV 일치,10771,https://auto.naver.com/bike/lineup.nhn?bikeNo=5675,,,
BKM019-0028,BKM019,MV아구스타,BKM019-G002,F,F4 LH44,28,스포츠,,,가솔린,2018,2018,NV,✅ 네이버만(과거 모델),,https://auto.naver.com/bike/lineup.nhn?bikeNo=4129,,,🟡 연료 원천 없음→가솔린 추정
BKM019-0029,BKM019,MV아구스타,BKM019-G002,F,F4 RC,29,스포츠,,,가솔린,2016,2018,NV,✅ 네이버만(과거 모델),,https://auto.naver.com/bike/lineup.nhn?bikeNo=4131,,,
BKM019-0030,BKM019,MV아구스타,BKM019-G002,F,F4,30,스포츠,998,501~1000cc,가솔린,2013,2016,RW+NV,✅ RW+NV 일치,10904,https://auto.naver.com/bike/lineup.nhn?bikeNo=2330,,,
BKM019-0031,BKM019,MV아구스타,BKM019-G002,F,F4 RR,31,스포츠,998,501~1000cc,가솔린,2013,2016,NV,✅ 네이버만(과거 모델),,https://auto.naver.com/bike/lineup.nhn?bikeNo=2331,,,
BKM019-0032,BKM019,MV아구스타,BKM019-G002,F,F3 800 AGO,32,스포츠,698,501~1000cc,가솔린,2015,2015,RW+NV,✅ RW+NV 일치,10733,https://auto.naver.com/bike/lineup.nhn?bikeNo=1874,,,
BKM019-0033,BKM019,MV아구스타,BKM019-G002,F,F4 R,33,스포츠,998,501~1000cc,가솔린,2013,2015,NV,🟡 유사 후보 확인,,https://auto.naver.com/bike/lineup.nhn?bikeNo=1845,,F4,
BKM019-0034,BKM019,MV아구스타,BKM019-G001,브루탈레,브루탈레 1090 RR,34,네이키드,1078,1001cc 이상,가솔린,2013,2015,RW+NV,✅ RW+NV 일치,10757,https://auto.naver.com/bike/lineup.nhn?bikeNo=1869,,,
BKM019-0035,BKM019,MV아구스타,BKM019-G001,브루탈레,브루탈레 800 드래그스터 RR,35,네이키드,798,501~1000cc,가솔린,2015,2015,NV,🟡 유사 후보 확인,,https://auto.naver.com/bike/lineup.nhn?bikeNo=1871,,브루탈레 800 드랙스터 / 브루탈레 800,
BKM019-0036,BKM019,MV아구스타,BKM019-G001,브루탈레,브루탈레 800 드랙스터,36,네이키드,798,501~1000cc,가솔린,2015,2015,RW+NV,✅ RW+NV 일치,10763,https://auto.naver.com/bike/lineup.nhn?bikeNo=1873,,,
BKM019-0037,BKM019,MV아구스타,BKM019-G010,스트라달레 800,스트라달레 800,37,멀티퍼퍼스,798,501~1000cc,가솔린,2015,2015,RW+NV,✅ RW+NV 일치,10769,https://auto.naver.com/bike/lineup.nhn?bikeNo=1923,,,
BKM019-0038,BKM019,MV아구스타,BKM019-G001,브루탈레,브루탈레 코르사,38,네이키드,1078,1001cc 이상,가솔린,2014,2014,NV,✅ 네이버만(과거 모델),,https://auto.naver.com/bike/lineup.nhn?bikeNo=658,,,
BKM019-0039,BKM019,MV아구스타,BKM019-G008,투리스모 벨로체,투리스모 벨로체 800,39,멀티퍼퍼스,798,501~1000cc,가솔린,2014,2014,RW+NV,✅ RW+NV 일치,10770,https://auto.naver.com/bike/lineup.nhn?bikeNo=935,,,
BKM019-0040,BKM019,MV아구스타,BKM019-G001,브루탈레,브루탈레 1090,40,네이키드,1078,1001cc 이상,가솔린,2013,2013,NV,🟡 유사 후보 확인,,https://auto.naver.com/bike/lineup.nhn?bikeNo=654,,브루탈레 1090 RR / 브루탈레 910,
BKM019-0041,BKM019,MV아구스타,BKM019-G001,브루탈레,브루탈레 1090R,41,네이키드,1078,1001cc 이상,가솔린,2013,2013,NV,🟡 유사 후보 확인,,https://auto.naver.com/bike/lineup.nhn?bikeNo=655,,브루탈레 1090 RR / 브루탈레 1000 RS,
BKM019-0042,BKM019,MV아구스타,BKM019-G011,비알베로,비알베로,42,스포츠,348.6,251~500cc,가솔린,1965,1965,NV,✅ 네이버만(과거 모델),,https://auto.naver.com/bike/lineup.nhn?bikeNo=1384,,,
BKM019-0043,BKM019,MV아구스타,BKM019-G012,175 CSS 디스코 볼란테,175 CSS 디스코 볼란테,43,네이키드,172.3,126~250cc,가솔린,1954,1954,NV,✅ 네이버만(과거 모델),,https://auto.naver.com/bike/lineup.nhn?bikeNo=1379,,,
BKM019-0044,BKM019,MV아구스타,BKM019-G013,모노모토 수퍼레제라,모노모토 수퍼레제라,44,스포츠,60,51~125cc,가솔린,1954,1954,NV,✅ 네이버만(과거 모델),,https://auto.naver.com/bike/lineup.nhn?bikeNo=1381,,,
BKM019-0045,BKM019,MV아구스타,BKM019-G014,BRUTALE 1000 RS,BRUTALE 1000 RS,45,네이키드,998,501~1000cc,가솔린,,,RW,✅ 라이트바겐만,13044,,,,🟡 연료 원천 없음→가솔린 추정
BKM019-0046,BKM019,MV아구스타,BKM019-G002,F,F3 RR,46,스포츠,798,501~1000cc,가솔린,,,RW,✅ 라이트바겐만,13049,,,,🟡 연료 원천 없음→가솔린 추정
BKM019-0047,BKM019,MV아구스타,BKM019-G002,F,F4 1000 R,47,스포츠,998,501~1000cc,가솔린,,,RW,✅ 라이트바겐만,10736,,,,🟡 연료 원천 없음→가솔린 추정
BKM019-0048,BKM019,MV아구스타,BKM019-G002,F,F4 1078 RR,48,스포츠,1078,1001cc 이상,가솔린,,,RW,✅ 라이트바겐만,10972,,,,🟡 연료 원천 없음→가솔린 추정
BKM019-0049,BKM019,MV아구스타,BKM019-G002,F,F4 312 R,49,스포츠,998,501~1000cc,가솔린,,,RW,✅ 라이트바겐만,10740,,,,🟡 연료 원천 없음→가솔린 추정
BKM019-0050,BKM019,MV아구스타,BKM019-G002,F,F4 S SENNA,50,스포츠,998,501~1000cc,가솔린,,,RW,✅ 라이트바겐만,10746,,,,🟡 연료 원천 없음→가솔린 추정
BKM019-0051,BKM019,MV아구스타,BKM019-G015,TURISMOVELOCE R,TURISMOVELOCE R,51,,798,501~1000cc,가솔린,,,RW,✅ 라이트바겐만,13059,,,,
BKM019-0052,BKM019,MV아구스타,BKM019-G001,브루탈레,브루탈레 1000 RR 아센,52,네이키드,998,501~1000cc,가솔린,,,RW,✅ 라이트바겐만,13139,,,,🟡 연료 원천 없음→가솔린 추정
BKM019-0053,BKM019,MV아구스타,BKM019-G001,브루탈레,브루탈레 1000 RS,53,네이키드,998,501~1000cc,가솔린,,,RW,✅ 라이트바겐만,13138,,,,🟡 연료 원천 없음→가솔린 추정
BKM019-0054,BKM019,MV아구스타,BKM019-G001,브루탈레,브루탈레 1078 RR,54,네이키드,1078,1001cc 이상,가솔린,,,RW,✅ 라이트바겐만,10755,,,,🟡 연료 원천 없음→가솔린 추정
BKM019-0055,BKM019,MV아구스타,BKM019-G001,브루탈레,브루탈레 910,55,네이키드,909,501~1000cc,가솔린,,,RW,✅ 라이트바겐만,10764,,,,🟡 연료 원천 없음→가솔린 추정
BKM019-0056,BKM019,MV아구스타,BKM019-G001,브루탈레,브루탈레 990 R,56,네이키드,998,501~1000cc,가솔린,,,RW,✅ 라이트바겐만,10766,,,,🟡 연료 원천 없음→가솔린 추정
BKM019-0057,BKM019,MV아구스타,BKM019-G005,슈퍼벨로체,슈퍼벨로체 800 세리에 오로,57,네이키드,798,501~1000cc,가솔린,,,RW,✅ 라이트바겐만,10768,,,,🟡 연료 원천 없음→가솔린 추정
BKM019-0058,BKM019,MV아구스타,BKM019-G005,슈퍼벨로체,슈퍼벨로체 S,58,스포츠,798,501~1000cc,가솔린,,,RW,✅ 라이트바겐만,13048,,,,🟡 연료 원천 없음→가솔린 추정
BKM019-0059,BKM019,MV아구스타,BKM019-G008,투리스모 벨로체,투리스모 벨로체 RC SCS,59,투어러,798,501~1000cc,가솔린,,,RW,✅ 라이트바겐만,13051,,,,🟡 연료 원천 없음→가솔린 추정
BKM020-0001,BKM020,QJ모터,,,SRK 421 RR,1,스포츠,421,251~500cc,가솔린,2026,2026,RW,✅ 라이트바겐만,13306,,,,🟡 연료 원천 없음→가솔린 추정
BKM020-0002,BKM020,QJ모터,,,SRV 300 AMT,2,크루저,296,251~500cc,가솔린,2026,2026,RW,✅ 라이트바겐만,13305,,,,🟡 연료 원천 없음→가솔린 추정
BKM020-0003,BKM020,QJ모터,,,ATR 125,3,스쿠터,125,51~125cc,가솔린,,,RW,✅ 라이트바겐만,13267,,,,🟡 연료 원천 없음→가솔린 추정
BKM021-0001,BKM021,SSR모터스포츠,,,부캐너 125,1,클래식,124,51~125cc,가솔린,2025,2025,RW,✅ 라이트바겐만,9832,,,,
BKM021-0002,BKM021,SSR모터스포츠,,,부캐너 250,2,네이키드,249,126~250cc,가솔린,,,RW,✅ 라이트바겐만,9833,,,,🟡 연료 원천 없음→가솔린 추정
BKM022-0001,BKM022,TARO,,,익스플로러 300,1,스쿠터,276,251~500cc,가솔린,,,RW,✅ 라이트바겐만,13266,,,,🟡 연료 원천 없음→가솔린 추정
BKM023-0001,BKM023,TIME,,,F9,1,오프로드,,,가솔린,,,RW,✅ 라이트바겐만,13289,,,,🟡 연료 원천 없음→가솔린 추정
BKM024-0001,BKM024,UM모터스,,,레니게이드 코만도125,1,크루저,125,51~125cc,가솔린,,,RW,✅ 라이트바겐만,13176,,,,🟡 연료 원천 없음→가솔린 추정
BKM025-0001,BKM025,ZEEHO,,,AE8 S+,1,스쿠터,,전기,전기,,,RW,✅ 라이트바겐만,13278,,,,"🟡 장르 ""전기""→연료 전기로 분리, 장르는 추정"
BKM026-0001,BKM026,고고로,,,2 유틸리티,1,스쿠터,,전기,전기,2020,2020,NV,✅ 네이버만(과거 모델),,https://auto.naver.com/bike/lineup.nhn?bikeNo=6031,,,"🟡 장르 ""전기""→연료 전기로 분리, 장르는 추정"
BKM026-0002,BKM026,고고로,,,비바,2,스쿠터,,전기,전기,2020,2020,NV,✅ 네이버만(과거 모델),,https://auto.naver.com/bike/lineup.nhn?bikeNo=6047,,,"🟡 장르 ""전기""→연료 전기로 분리, 장르는 추정"
BKM026-0003,BKM026,고고로,,,2 럼블,3,스쿠터,,전기,전기,2019,2019,NV,✅ 네이버만(과거 모델),,https://auto.naver.com/bike/lineup.nhn?bikeNo=6029,,,"🟡 장르 ""전기""→연료 전기로 분리, 장르는 추정"
BKM026-0004,BKM026,고고로,,,3,4,스쿠터,,전기,전기,2019,2019,NV,✅ 네이버만(과거 모델),,https://auto.naver.com/bike/lineup.nhn?bikeNo=6045,,,"🟡 장르 ""전기""→연료 전기로 분리, 장르는 추정"
BKM026-0005,BKM026,고고로,,,2 딜라이트,5,스쿠터,,전기,전기,2018,2018,NV,✅ 네이버만(과거 모델),,https://auto.naver.com/bike/lineup.nhn?bikeNo=6027,,,"🟡 장르 ""전기""→연료 전기로 분리, 장르는 추정"
BKM026-0006,BKM026,고고로,,,S2,6,스쿠터,,전기,전기,2018,2018,NV,✅ 네이버만(과거 모델),,https://auto.naver.com/bike/lineup.nhn?bikeNo=6039,,,"🟡 장르 ""전기""→연료 전기로 분리, 장르는 추정"
BKM026-0007,BKM026,고고로,,,S2 어드벤처,7,스쿠터,,전기,전기,2018,2018,NV,✅ 네이버만(과거 모델),,https://auto.naver.com/bike/lineup.nhn?bikeNo=6041,,,"🟡 장르 ""전기""→연료 전기로 분리, 장르는 추정"
BKM026-0008,BKM026,고고로,,,S2 카페레이서,8,스쿠터,,전기,전기,2018,2018,NV,✅ 네이버만(과거 모델),,https://auto.naver.com/bike/lineup.nhn?bikeNo=6043,,,"🟡 장르 ""전기""→연료 전기로 분리, 장르는 추정"
BKM026-0009,BKM026,고고로,,,2,9,스쿠터,,전기,전기,2017,2017,NV,✅ 네이버만(과거 모델),,https://auto.naver.com/bike/lineup.nhn?bikeNo=6025,,,"🟡 장르 ""전기""→연료 전기로 분리, 장르는 추정"
BKM026-0010,BKM026,고고로,,,S1,10,스쿠터,,전기,전기,2016,2016,NV,✅ 네이버만(과거 모델),,https://auto.naver.com/bike/lineup.nhn?bikeNo=6037,,,"🟡 장르 ""전기""→연료 전기로 분리, 장르는 추정"
BKM026-0011,BKM026,고고로,,,1,11,스쿠터,,전기,전기,2015,2015,NV,✅ 네이버만(과거 모델),,https://auto.naver.com/bike/lineup.nhn?bikeNo=6033,,,"🟡 장르 ""전기""→연료 전기로 분리, 장르는 추정"
BKM026-0012,BKM026,고고로,,,라이트,12,스쿠터,,전기,전기,2015,2015,NV,✅ 네이버만(과거 모델),,https://auto.naver.com/bike/lineup.nhn?bikeNo=6035,,,"🟡 장르 ""전기""→연료 전기로 분리, 장르는 추정"
BKM026-0013,BKM026,고고로,,,2 플러스,13,스쿠터,,전기,전기,,,RW,✅ 라이트바겐만,13285,,,,"🟡 장르 ""전기""→연료 전기로 분리, 장르는 추정"
BKM026-0014,BKM026,고고로,,,EV-C1,14,스쿠터,,전기,전기,,,RW,✅ 라이트바겐만,13277,,,,"🟡 장르 ""전기""→연료 전기로 분리, 장르는 추정"
BKM027-0001,BKM027,니우,,,U GT,1,스쿠터,,전기,전기,2020,2020,NV,✅ 네이버만(과거 모델),,https://auto.naver.com/bike/lineup.nhn?bikeNo=6053,,,"🟡 장르 ""전기""→연료 전기로 분리, 장르는 추정"
BKM027-0002,BKM027,니우,,,M+,2,스쿠터,,전기,전기,2019,2019,NV,✅ 네이버만(과거 모델),,https://auto.naver.com/bike/lineup.nhn?bikeNo=6051,,,"🟡 장르 ""전기""→연료 전기로 분리, 장르는 추정"
BKM027-0003,BKM027,니우,,,M시리즈,3,스쿠터,,전기,전기,2019,2019,NV,✅ 네이버만(과거 모델),,https://auto.naver.com/bike/lineup.nhn?bikeNo=5505,,,"🟡 장르 ""전기""→연료 전기로 분리, 장르는 추정"
BKM027-0004,BKM027,니우,,,N카고,4,스쿠터,,전기,전기,2019,2019,NV,✅ 네이버만(과거 모델),,https://auto.naver.com/bike/lineup.nhn?bikeNo=6049,,,"🟡 장르 ""전기""→연료 전기로 분리, 장르는 추정"
BKM027-0005,BKM027,니우,,,N프로,5,스쿠터,,전기,전기,2019,2019,NV,✅ 네이버만(과거 모델),,https://auto.naver.com/bike/lineup.nhn?bikeNo=5235,,,"🟡 장르 ""전기""→연료 전기로 분리, 장르는 추정"
BKM027-0006,BKM027,니우,,,U시리즈,6,스쿠터,,전기,전기,2019,2019,NV,✅ 네이버만(과거 모델),,https://auto.naver.com/bike/lineup.nhn?bikeNo=5236,,,"🟡 장르 ""전기""→연료 전기로 분리, 장르는 추정"
BKM027-0007,BKM027,니우,,,NQI PRO,7,스쿠터,,전기,전기,,,RW,✅ 라이트바겐만,13220,,,,"🟡 장르 ""전기""→연료 전기로 분리, 장르는 추정"
BKM027-0008,BKM027,니우,,,NQi GTS,8,스쿠터,,,가솔린,,,RW,✅ 라이트바겐만,12682,,,,🟡 연료 원천 없음→가솔린 추정
BKM028-0001,BKM028,대동모빌리티,,,GS 100,1,스쿠터,,전기,전기,2024,2024,RW,✅ 라이트바겐만,13146,,,,"🟡 장르 ""전기""→연료 전기로 분리, 장르는 추정"
BKM029-0001,BKM029,디앤에이모터스(대림),BKM029-G001,VF,VF 100,1,스쿠터,99,51~125cc,가솔린,2016,2016,RW+NV,✅ RW+NV 일치,8255,https://auto.naver.com/bike/lineup.nhn?bikeNo=2961,,,
BKM029-0002,BKM029,디앤에이모터스(대림),BKM029-G002,UHR,UHR 125,2,스쿠터,124,51~125cc,가솔린,2025,2025,RW+DN,✅ RW+DN 일치,11023,,17434046,,
BKM029-0003,BKM029,디앤에이모터스(대림),BKM029-G003,데이스타,데이스타 125,3,크루저,124,51~125cc,가솔린,2014,2023,RW+NV+DN,✅ RW+NV+DN 일치,8273,https://auto.naver.com/bike/lineup.nhn?bikeNo=1035,3358325,,
BKM029-0004,BKM029,디앤에이모터스(대림),BKM029-G004,XQ,XQ 250,4,스쿠터,249,126~250cc,가솔린,2019,2019,RW+NV+DN,✅ RW+NV+DN 일치,8268,https://auto.naver.com/bike/lineup.nhn?bikeNo=5353,10385451,,
BKM029-0005,BKM029,디앤에이모터스(대림),BKM029-G005,로드윈,로드윈 125,5,네이키드,124,51~125cc,가솔린,2014,2014,RW+NV,✅ RW+NV 일치,8281,https://auto.naver.com/bike/lineup.nhn?bikeNo=6023,,,
BKM029-0006,BKM029,디앤에이모터스(대림),BKM029-G001,VF,VF 125,6,스포츠,124,51~125cc,가솔린,,,RW,✅ 라이트바겐만,8258,,,,🟡 연료 원천 없음→가솔린 추정
BKM029-0007,BKM029,디앤에이모터스(대림),BKM029-G006,Q,Q2,7,스쿠터,124,51~125cc,가솔린,,,RW,✅ 라이트바겐만,8246,,,,🟡 연료 원천 없음→가솔린 추정
BKM029-0008,BKM029,디앤에이모터스(대림),BKM029-G001,VF,VF 100 P,8,스쿠터,102,51~125cc,가솔린,2021,2023,RW+DN,✅ RW+DN 일치,8257,,13303802 17639369,,
BKM029-0009,BKM029,디앤에이모터스(대림),BKM029-G007,마그마,마그마,9,크루저,124,51~125cc,가솔린,,,RW,✅ 라이트바겐만,8285,,,,🟡 연료 원천 없음→가솔린 추정
BKM029-0010,BKM029,디앤에이모터스(대림),BKM029-G004,XQ,XQ 125,10,스쿠터,124,51~125cc,가솔린,2019,2019,RW+NV,✅ RW+NV 일치,8267,https://auto.naver.com/bike/lineup.nhn?bikeNo=5351,,,
BKM029-0011,BKM029,디앤에이모터스(대림),BKM029-G008,CA,CA 100 (시티에이스),11,언더본·비즈니스,99,51~125cc,가솔린,,,RW,✅ 라이트바겐만,8308,,,,🟡 연료 원천 없음→가솔린 추정
BKM029-0012,BKM029,디앤에이모터스(대림),BKM029-G009,비본,비본,12,스쿠터,124,51~125cc,가솔린,,,RW,✅ 라이트바겐만,8299,,,,🟡 연료 원천 없음→가솔린 추정
BKM029-0013,BKM029,디앤에이모터스(대림),BKM029-G010,CB 115 (시티베스트),CB 115 (시티베스트),13,언더본·비즈니스,114,51~125cc,가솔린,2024,2024,RW,✅ 라이트바겐만,8240,,,,🟡 연료 원천 없음→가솔린 추정
BKM029-0014,BKM029,디앤에이모터스(대림),BKM029-G006,Q,Q2 다이나믹,14,스쿠터,124,51~125cc,가솔린,2012,2016,RW+NV,✅ RW+NV 일치,8247,https://auto.naver.com/bike/lineup.nhn?bikeNo=2593,,,
BKM029-0015,BKM029,디앤에이모터스(대림),BKM029-G006,Q,Q3,15,스쿠터,124,51~125cc,가솔린,2012,2014,RW+NV,✅ RW+NV 일치,8248,https://auto.naver.com/bike/lineup.nhn?bikeNo=1027,,,
BKM029-0016,BKM029,디앤에이모터스(대림),BKM029-G005,로드윈,로드윈 VJF-I,16,스포츠,124,51~125cc,가솔린,,,RW,✅ 라이트바겐만,8284,,,,🟡 연료 원천 없음→가솔린 추정
BKM029-0017,BKM029,디앤에이모터스(대림),BKM029-G011,씨티,씨티 100,17,스쿠터,109,51~125cc,가솔린,,,RW,✅ 라이트바겐만,8307,,,,🟡 연료 원천 없음→가솔린 추정
BKM029-0018,BKM029,디앤에이모터스(대림),BKM029-G012,네오포르테,네오포르테,18,스쿠터,124,51~125cc,가솔린,,,RW,✅ 라이트바겐만,8269,,,,🟡 연료 원천 없음→가솔린 추정
BKM029-0019,BKM029,디앤에이모터스(대림),BKM029-G013,MCT 125,MCT 125,19,스포츠,124,51~125cc,가솔린,,,RW,✅ 라이트바겐만,8245,,,,🟡 연료 원천 없음→가솔린 추정
BKM029-0020,BKM029,디앤에이모터스(대림),BKM029-G014,택트,택트,20,스쿠터,49,50cc 이하,가솔린,,,RW,✅ 라이트바겐만,10914,,,,🟡 연료 원천 없음→가솔린 추정
BKM029-0021,BKM029,디앤에이모터스(대림),BKM029-G015,UCR 100,UCR 100,21,스쿠터,99,51~125cc,가솔린,2022,2022,RW+DN,✅ RW+DN 일치,11022,,21530402 16506188,,🟡 연료 원천 없음→가솔린 추정
BKM029-0022,BKM029,디앤에이모터스(대림),BKM029-G003,데이스타,데이스타 250,22,크루저,247,126~250cc,가솔린,2014,2014,RW+NV,✅ RW+NV 일치,8275,https://auto.naver.com/bike/lineup.nhn?bikeNo=1037,,,
BKM029-0023,BKM029,디앤에이모터스(대림),BKM029-G016,DX 250,DX 250,23,멀티퍼퍼스,249,126~250cc,가솔린,,,RW,✅ 라이트바겐만,10911,,,,🟡 연료 원천 없음→가솔린 추정
BKM029-0024,BKM029,디앤에이모터스(대림),BKM029-G001,VF,VF 125 F,24,스포츠,124,51~125cc,가솔린,,,RW,✅ 라이트바겐만,8259,,,,🟡 연료 원천 없음→가솔린 추정
BKM029-0025,BKM029,디앤에이모터스(대림),BKM029-G017,엠보이,엠보이 125,25,스쿠터,124,51~125cc,가솔린,2019,2024,RW+NV+DN,✅ RW+NV+DN 일치,8323,https://auto.naver.com/bike/lineup.nhn?bikeNo=5345,13321514,,
BKM029-0026,BKM029,디앤에이모터스(대림),BKM029-G018,TR 150,TR 150,26,크루저,149,126~250cc,가솔린,,,RW,✅ 라이트바겐만,8251,,,,🟡 연료 원천 없음→가솔린 추정
BKM029-0027,BKM029,디앤에이모터스(대림),BKM029-G019,씨티 에이스,씨티 에이스 II,27,스쿠터,108,51~125cc,가솔린,,,RW,✅ 라이트바겐만,8310,,,,🟡 연료 원천 없음→가솔린 추정
BKM029-0028,BKM029,디앤에이모터스(대림),BKM029-G020,FC 125,FC 125,28,스쿠터,124,51~125cc,가솔린,2016,2016,RW+NV,✅ RW+NV 일치,8243,https://auto.naver.com/bike/lineup.nhn?bikeNo=2837,,,
BKM029-0029,BKM029,디앤에이모터스(대림),BKM029-G005,로드윈,로드윈 VJF 250,29,스포츠,249,126~250cc,가솔린,2012,2014,RW+NV,✅ RW+NV 일치,8283,https://auto.naver.com/bike/lineup.nhn?bikeNo=1031,,,
BKM029-0030,BKM029,디앤에이모터스(대림),BKM029-G001,VF,VF 100 F,30,스쿠터,102,51~125cc,가솔린,,,RW,✅ 라이트바겐만,8256,,,,🟡 연료 원천 없음→가솔린 추정
BKM029-0031,BKM029,디앤에이모터스(대림),BKM029-G021,VS 125,VS 125,31,크루저,124,51~125cc,가솔린,,,RW,✅ 라이트바겐만,10977,,,,🟡 연료 원천 없음→가솔린 추정
BKM029-0032,BKM029,디앤에이모터스(대림),BKM029-G022,베스비,베스비 2,32,스쿠터,124,51~125cc,가솔린,,,RW,✅ 라이트바겐만,8293,,,,🟡 연료 원천 없음→가솔린 추정
BKM029-0033,BKM029,디앤에이모터스(대림),BKM029-G001,VF,VF 100 R,33,스쿠터,99,51~125cc,가솔린,2024,2024,RW+DN,✅ RW+DN 일치,13036,,108463292,,
BKM029-0034,BKM029,디앤에이모터스(대림),BKM029-G023,VX 125,VX 125,34,스쿠터,124,51~125cc,가솔린,2024,2024,RW+DN,✅ RW+DN 일치,13122,,97904894,,
BKM029-0035,BKM029,디앤에이모터스(대림),BKM029-G001,VF,VF 125 H,35,스포츠,124,51~125cc,가솔린,,,RW,✅ 라이트바겐만,8260,,,,🟡 연료 원천 없음→가솔린 추정
BKM029-0036,BKM029,디앤에이모터스(대림),BKM029-G024,VR 125,VR 125,36,스쿠터,124,51~125cc,가솔린,,,RW,✅ 라이트바겐만,8262,,,,🟡 연료 원천 없음→가솔린 추정
BKM029-0037,BKM029,디앤에이모터스(대림),BKM029-G025,슈퍼리드,슈퍼리드 90,37,스쿠터,89,51~125cc,가솔린,,,RW,✅ 라이트바겐만,8301,,,,🟡 연료 원천 없음→가솔린 추정
BKM029-0038,BKM029,디앤에이모터스(대림),BKM029-G026,스티져,스티져 E 125,38,스쿠터,124,51~125cc,가솔린,,,RW,✅ 라이트바겐만,8303,,,,🟡 연료 원천 없음→가솔린 추정
BKM029-0039,BKM029,디앤에이모터스(대림),BKM029-G002,UHR,UHR 150,39,스쿠터,149,126~250cc,가솔린,2025,2025,RW,✅ 라이트바겐만,13222,,,,
BKM029-0040,BKM029,디앤에이모터스(대림),BKM029-G027,EM,EM-1,40,스쿠터,,전기,전기,2020,2020,NV,🟡 유사 후보 확인,,https://auto.naver.com/bike/lineup.nhn?bikeNo=6583,,EM-1S,"🟡 장르 ""전기""→연료 전기로 분리, 장르는 추정"
BKM029-0041,BKM029,디앤에이모터스(대림),BKM029-G028,재피,재피,41,스쿠터,49,전기,전기,2019,2020,RW+NV,✅ RW+NV 일치,8335,https://auto.naver.com/bike/lineup.nhn?bikeNo=6017,,,
BKM029-0042,BKM029,디앤에이모터스(대림),BKM029-G029,VD 125,VD 125,42,스쿠터,124,51~125cc,가솔린,2019,2019,RW+NV,✅ RW+NV 일치,8254,https://auto.naver.com/bike/lineup.nhn?bikeNo=5347,,,
BKM029-0043,BKM029,디앤에이모터스(대림),BKM029-G012,네오포르테,네오포르테 125,43,스쿠터,124,51~125cc,가솔린,2012,2019,RW+NV,✅ RW+NV 일치,13087,https://auto.naver.com/bike/lineup.nhn?bikeNo=5355,,,
BKM029-0044,BKM029,디앤에이모터스(대림),BKM029-G030,씨티베스트,씨티베스트,44,언더본·비즈니스,113.6,51~125cc,가솔린,2019,2019,NV+DN,✅ NV+DN 일치,,https://auto.naver.com/bike/lineup.nhn?bikeNo=6021,10779027,,
BKM029-0045,BKM029,디앤에이모터스(대림),BKM029-G031,VA125,VA125,45,스쿠터,124,51~125cc,가솔린,2016,2016,NV,🟡 유사 후보 확인,,https://auto.naver.com/bike/lineup.nhn?bikeNo=2959,,VX 125 / VS 125,
BKM029-0046,BKM029,디앤에이모터스(대림),BKM029-G032,VN 100,VN 100,46,스쿠터,102,51~125cc,가솔린,2016,2016,RW+NV,✅ RW+NV 일치,8261,https://auto.naver.com/bike/lineup.nhn?bikeNo=2963,,,
BKM029-0047,BKM029,디앤에이모터스(대림),BKM029-G026,스티져,스티져125,47,스쿠터,124.9,51~125cc,가솔린,2015,2016,NV,🟡 유사 후보 확인,,https://auto.naver.com/bike/lineup.nhn?bikeNo=2603,,스티져 S 125 / 스티져 L 125,
BKM029-0048,BKM029,디앤에이모터스(대림),BKM029-G033,올코트,올코트125T,48,ATV,124,51~125cc,가솔린,2016,2016,NV,✅ 네이버만(과거 모델),,https://auto.naver.com/bike/lineup.nhn?bikeNo=2979,,,
BKM029-0049,BKM029,디앤에이모터스(대림),BKM029-G034,위티,위티 100,49,스쿠터,99,51~125cc,가솔린,2015,2016,RW+NV,✅ RW+NV 일치,8328,https://auto.naver.com/bike/lineup.nhn?bikeNo=2717,,,
BKM029-0050,BKM029,디앤에이모터스(대림),BKM029-G035,비글 50,비글 50,50,스쿠터,49,50cc 이하,가솔린,2015,2015,RW+NV,✅ RW+NV 일치,8298,https://auto.naver.com/bike/lineup.nhn?bikeNo=1989,,,
BKM029-0051,BKM029,디앤에이모터스(대림),BKM029-G036,아로마 125,아로마 125,51,스쿠터,125,51~125cc,가솔린,2015,2015,RW+NV,✅ RW+NV 일치,8314,https://auto.naver.com/bike/lineup.nhn?bikeNo=1990,,,
BKM029-0052,BKM029,디앤에이모터스(대림),BKM029-G034,위티,위티 50,52,스쿠터,49,50cc 이하,가솔린,2015,2015,RW+NV,✅ RW+NV 일치,8329,https://auto.naver.com/bike/lineup.nhn?bikeNo=7087,,,
BKM029-0053,BKM029,디앤에이모터스(대림),BKM029-G034,위티,위티 80,53,스쿠터,72,51~125cc,가솔린,2015,2015,RW+NV,✅ RW+NV 일치,8330,https://auto.naver.com/bike/lineup.nhn?bikeNo=7089,,,
BKM029-0054,BKM029,디앤에이모터스(대림),BKM029-G037,ATV 올코트125,ATV 올코트125,54,ATV,124,51~125cc,가솔린,2014,2014,NV,✅ 네이버만(과거 모델),,https://auto.naver.com/bike/lineup.nhn?bikeNo=1024,,,
BKM029-0055,BKM029,디앤에이모터스(대림),BKM029-G038,VJF125,VJF125,55,스포츠,124,51~125cc,가솔린,2014,2014,NV,🟡 유사 후보 확인,,https://auto.naver.com/bike/lineup.nhn?bikeNo=1029,,VF 125 / VF 125 H,
BKM029-0056,BKM029,디앤에이모터스(대림),BKM029-G039,다트,다트125,56,스쿠터,124.6,51~125cc,가솔린,2014,2014,NV,🟡 유사 후보 확인,,https://auto.naver.com/bike/lineup.nhn?bikeNo=1319,,다트 NC 125,
BKM029-0057,BKM029,디앤에이모터스(대림),BKM029-G022,베스비,베스비125,57,스쿠터,124,51~125cc,가솔린,2012,2014,NV,🟡 유사 후보 확인,,https://auto.naver.com/bike/lineup.nhn?bikeNo=1041,,베스비 2,
BKM029-0058,BKM029,디앤에이모터스(대림),BKM029-G009,비본,비본125,58,스쿠터,124,51~125cc,가솔린,2012,2014,NV,✅ 네이버만(과거 모델),,https://auto.naver.com/bike/lineup.nhn?bikeNo=1043,,,
BKM029-0059,BKM029,디앤에이모터스(대림),BKM029-G025,슈퍼리드,슈퍼리드 125,59,스쿠터,124,51~125cc,가솔린,2014,2014,RW+NV,✅ RW+NV 일치,8302,https://auto.naver.com/bike/lineup.nhn?bikeNo=1045,,,
BKM029-0060,BKM029,디앤에이모터스(대림),BKM029-G019,씨티 에이스,씨티에이스,60,언더본·비즈니스,109,51~125cc,가솔린,2012,2014,NV,🟡 유사 후보 확인,,https://auto.naver.com/bike/lineup.nhn?bikeNo=6019,,씨티 에이스 II / 씨티 에이스 II 디스크 / 씨티 에이스 II 이코노믹,
BKM029-0061,BKM029,디앤에이모터스(대림),BKM029-G040,에디,에디50,61,스쿠터,49,50cc 이하,가솔린,2014,2014,NV,✅ 네이버만(과거 모델),,https://auto.naver.com/bike/lineup.nhn?bikeNo=1051,,,
BKM029-0062,BKM029,디앤에이모터스(대림),BKM029-G033,올코트,올코트 100,62,ATV,96,51~125cc,가솔린,2014,2014,RW+NV+DN,✅ RW+NV+DN 일치,13137,https://auto.naver.com/bike/lineup.nhn?bikeNo=1022,21530108,,
BKM029-0063,BKM029,디앤에이모터스(대림),BKM029-G041,윌리 80,윌리 80,63,스쿠터,80,51~125cc,가솔린,2014,2014,RW+NV,✅ RW+NV 일치,8332,https://auto.naver.com/bike/lineup.nhn?bikeNo=1052,,,
BKM029-0064,BKM029,디앤에이모터스(대림),BKM029-G042,커플 50,커플 50,64,스쿠터,49,50cc 이하,가솔린,2014,2014,RW+NV+DN,✅ RW+NV+DN 일치,8338,https://auto.naver.com/bike/lineup.nhn?bikeNo=1053,3312467,,
BKM029-0065,BKM029,디앤에이모터스(대림),BKM029-G043,프리윙 125,프리윙 125,65,스쿠터,124,51~125cc,가솔린,2014,2014,RW+NV,✅ RW+NV 일치,8343,https://auto.naver.com/bike/lineup.nhn?bikeNo=1054,,,
BKM029-0066,BKM029,디앤에이모터스(대림),BKM029-G022,베스비,베스비 클래식125,66,스쿠터,124,51~125cc,가솔린,2012,2012,NV,✅ 네이버만(과거 모델),,https://auto.naver.com/bike/lineup.nhn?bikeNo=93,,,
BKM029-0067,BKM029,디앤에이모터스(대림),BKM029-G044,카이트 125,카이트 125,67,스쿠터,125,51~125cc,가솔린,2012,2012,RW+NV,✅ RW+NV 일치,8337,https://auto.naver.com/bike/lineup.nhn?bikeNo=91,,,
BKM029-0068,BKM029,디앤에이모터스(대림),BKM029-G045,A4,A4,68,스쿠터,49,50cc 이하,가솔린,2010,2010,NV,✅ 네이버만(과거 모델),,https://auto.naver.com/bike/lineup.nhn?bikeNo=5411,,,
BKM029-0069,BKM029,디앤에이모터스(대림),BKM029-G007,마그마,마그마125,69,크루저,124.1,51~125cc,가솔린,1997,1997,NV,✅ 네이버만(과거 모델),,https://auto.naver.com/bike/lineup.nhn?bikeNo=5847,,,
BKM029-0070,BKM029,디앤에이모터스(대림),BKM029-G046,트랜스RV125,트랜스RV125,70,스쿠터,124,51~125cc,가솔린,1997,1997,NV,✅ 네이버만(과거 모델),,https://auto.naver.com/bike/lineup.nhn?bikeNo=5849,,,
BKM029-0071,BKM029,디앤에이모터스(대림),BKM029-G047,아피아50,아피아50,71,스쿠터,49,50cc 이하,가솔린,1994,1994,NV,✅ 네이버만(과거 모델),,https://auto.naver.com/bike/lineup.nhn?bikeNo=5845,,,
BKM029-0072,BKM029,디앤에이모터스(대림),BKM029-G014,택트,택트50,72,스쿠터,49,50cc 이하,가솔린,1990,1990,NV,✅ 네이버만(과거 모델),,https://auto.naver.com/bike/lineup.nhn?bikeNo=5841,,,
BKM029-0073,BKM029,디앤에이모터스(대림),BKM029-G048,GL125,GL125,73,네이키드,124,51~125cc,가솔린,1981,1981,NV,✅ 네이버만(과거 모델),,https://auto.naver.com/bike/lineup.nhn?bikeNo=5843,,,
BKM029-0074,BKM029,디앤에이모터스(대림),BKM029-G049,ATS,ATS,74,스쿠터,49,50cc 이하,가솔린,,,RW,✅ 라이트바겐만,8239,,,,🟡 연료 원천 없음→가솔린 추정
BKM029-0075,BKM029,디앤에이모터스(대림),BKM029-G008,CA,CA 100 F,75,스쿠터,99,51~125cc,가솔린,,,RW,✅ 라이트바겐만,10799,,,,🟡 연료 원천 없음→가솔린 추정
BKM029-0076,BKM029,디앤에이모터스(대림),BKM029-G050,DH 88,DH 88,76,스쿠터,85,51~125cc,가솔린,,,RW,✅ 라이트바겐만,8241,,,,🟡 연료 원천 없음→가솔린 추정
BKM029-0077,BKM029,디앤에이모터스(대림),BKM029-G027,EM,EM-1S,77,스쿠터,,전기,전기,,,RW,✅ 라이트바겐만,13147,,,,"🟡 장르 ""전기""→연료 전기로 분리, 장르는 추정"
BKM029-0078,BKM029,디앤에이모터스(대림),BKM029-G051,UH 115,UH 115,78,스쿠터,113,51~125cc,가솔린,,,RW,✅ 라이트바겐만,8252,,,,🟡 연료 원천 없음→가솔린 추정
BKM029-0079,BKM029,디앤에이모터스(대림),BKM029-G052,VT 250,VT 250,79,네이키드,249,126~250cc,가솔린,,,RW,✅ 라이트바겐만,8265,,,,🟡 연료 원천 없음→가솔린 추정
BKM029-0080,BKM029,디앤에이모터스(대림),BKM029-G004,XQ,XQ 300,80,스쿠터,288,251~500cc,가솔린,,,RW,✅ 라이트바겐만,12701,,,,🟡 연료 원천 없음→가솔린 추정
BKM029-0081,BKM029,디앤에이모터스(대림),BKM029-G053,e CITI,e CITI,81,스쿠터,,전기,전기,,,RW,✅ 라이트바겐만,13254,,,,"🟡 장르 ""전기""→연료 전기로 분리, 장르는 추정"
BKM029-0082,BKM029,디앤에이모터스(대림),BKM029-G039,다트,다트 NC 125,82,스쿠터,125,51~125cc,가솔린,,,RW,✅ 라이트바겐만,8272,,,,🟡 연료 원천 없음→가솔린 추정
BKM029-0083,BKM029,디앤에이모터스(대림),BKM029-G054,델피노,델피노 100,83,스쿠터,100,51~125cc,가솔린,,,RW,✅ 라이트바겐만,8276,,,,🟡 연료 원천 없음→가솔린 추정
BKM029-0084,BKM029,디앤에이모터스(대림),BKM029-G054,델피노,델피노 125,84,스쿠터,125,51~125cc,가솔린,,,RW,✅ 라이트바겐만,8277,,,,🟡 연료 원천 없음→가솔린 추정
BKM029-0085,BKM029,디앤에이모터스(대림),BKM029-G054,델피노,델피노 비지니스,85,스쿠터,100,51~125cc,가솔린,,,RW,✅ 라이트바겐만,8279,,,,🟡 연료 원천 없음→가솔린 추정
BKM029-0086,BKM029,디앤에이모터스(대림),BKM029-G055,마리오 125,마리오 125,86,스쿠터,124,51~125cc,가솔린,,,RW,✅ 라이트바겐만,13253,,,,🟡 연료 원천 없음→가솔린 추정
BKM029-0087,BKM029,디앤에이모터스(대림),BKM029-G056,메세지,메세지,87,스쿠터,49,50cc 이하,가솔린,,,RW,✅ 라이트바겐만,10916,,,,🟡 연료 원천 없음→가솔린 추정
BKM029-0088,BKM029,디앤에이모터스(대림),BKM029-G057,메이저,메이저 50,88,스쿠터,49,50cc 이하,가솔린,,,RW,✅ 라이트바겐만,10915,,,,🟡 연료 원천 없음→가솔린 추정
BKM029-0089,BKM029,디앤에이모터스(대림),BKM029-G057,메이저,메이저 ATS,89,스쿠터,49,50cc 이하,가솔린,,,RW,✅ 라이트바겐만,8290,,,,🟡 연료 원천 없음→가솔린 추정
BKM029-0090,BKM029,디앤에이모터스(대림),BKM029-G058,보니따,보니따,90,스쿠터,49,50cc 이하,가솔린,,,RW,✅ 라이트바겐만,8296,,,,🟡 연료 원천 없음→가솔린 추정
BKM029-0091,BKM029,디앤에이모터스(대림),BKM029-G059,솔루션 125,솔루션 125,91,크루저,125,51~125cc,가솔린,,,RW,✅ 라이트바겐만,8300,,,,🟡 연료 원천 없음→가솔린 추정
BKM029-0092,BKM029,디앤에이모터스(대림),BKM029-G026,스티져,스티져 L 125,92,스쿠터,124,51~125cc,가솔린,,,RW,✅ 라이트바겐만,8304,,,,🟡 연료 원천 없음→가솔린 추정
BKM029-0093,BKM029,디앤에이모터스(대림),BKM029-G026,스티져,스티져 S 125,93,스쿠터,124,51~125cc,가솔린,,,RW,✅ 라이트바겐만,8305,,,,🟡 연료 원천 없음→가솔린 추정
BKM029-0094,BKM029,디앤에이모터스(대림),BKM029-G060,시티에이스 100,시티에이스 100,94,언더본·비즈니스,99.7,51~125cc,가솔린,,,DN,🟡 다나와만(현행 신규),,,10779201,,🟡 연료 원천 없음→가솔린 추정
BKM029-0095,BKM029,디앤에이모터스(대림),BKM029-G019,씨티 에이스,씨티 에이스 110 이코노믹,95,스쿠터,108,51~125cc,가솔린,,,RW,✅ 라이트바겐만,8309,,,,🟡 연료 원천 없음→가솔린 추정
BKM029-0096,BKM029,디앤에이모터스(대림),BKM029-G011,씨티,씨티 에이스 II 디스크,96,스쿠터,108,51~125cc,가솔린,,,RW,✅ 라이트바겐만,8311,,,,🟡 연료 원천 없음→가솔린 추정
BKM029-0097,BKM029,디앤에이모터스(대림),BKM029-G011,씨티,씨티 에이스 II 이코노믹,97,스쿠터,108,51~125cc,가솔린,,,RW,✅ 라이트바겐만,8312,,,,🟡 연료 원천 없음→가솔린 추정
BKM029-0098,BKM029,디앤에이모터스(대림),BKM029-G011,씨티,씨티 플러스,98,스쿠터,108,51~125cc,가솔린,,,RW,✅ 라이트바겐만,8313,,,,🟡 연료 원천 없음→가솔린 추정
BKM029-0099,BKM029,디앤에이모터스(대림),BKM029-G061,어드벤스 125,어드벤스 125,99,크루저,124,51~125cc,가솔린,,,RW,✅ 라이트바겐만,8318,,,,🟡 연료 원천 없음→가솔린 추정
BKM029-0100,BKM029,디앤에이모터스(대림),BKM029-G062,어필,어필,100,스쿠터,49,50cc 이하,가솔린,,,RW,✅ 라이트바겐만,8319,,,,🟡 연료 원천 없음→가솔린 추정
BKM029-0101,BKM029,디앤에이모터스(대림),BKM029-G040,에디,에디,101,스쿠터,49,50cc 이하,가솔린,,,RW,✅ 라이트바겐만,10912,,,,🟡 연료 원천 없음→가솔린 추정
BKM029-0102,BKM029,디앤에이모터스(대림),BKM029-G063,에이포,에이포,102,스쿠터,49,50cc 이하,가솔린,,,RW,✅ 라이트바겐만,8321,,,,🟡 연료 원천 없음→가솔린 추정
BKM029-0103,BKM029,디앤에이모터스(대림),BKM029-G063,에이포,에이포 비지니스,103,스쿠터,49,50cc 이하,가솔린,,,RW,✅ 라이트바겐만,8322,,,,🟡 연료 원천 없음→가솔린 추정
BKM029-0104,BKM029,디앤에이모터스(대림),BKM029-G017,엠보이,엠보이 미니,104,스쿠터,124.8,51~125cc,가솔린,,,DN,🟡 다나와만(현행 신규),,,17434187,,🟡 연료 원천 없음→가솔린 추정
BKM029-0105,BKM029,디앤에이모터스(대림),BKM029-G064,코디,코디,105,스쿠터,49,50cc 이하,가솔린,,,RW,✅ 라이트바겐만,10913,,,,🟡 연료 원천 없음→가솔린 추정
BKM029-0106,BKM029,디앤에이모터스(대림),BKM029-G065,포르테 125,포르테 125,106,스쿠터,124,51~125cc,가솔린,,,RW,✅ 라이트바겐만,8342,,,,🟡 연료 원천 없음→가솔린 추정
BKM029-0107,BKM029,디앤에이모터스(대림),BKM029-G066,핸디,핸디,107,스쿠터,49,50cc 이하,가솔린,,,RW,✅ 라이트바겐만,8345,,,,🟡 연료 원천 없음→가솔린 추정
BKM030-0001,BKM030,람브레타,,,V 125,1,스쿠터,124,51~125cc,가솔린,,,RW+DN,✅ RW+DN 일치,10893,,10604013,,🟡 연료 원천 없음→가솔린 추정
BKM030-0002,BKM030,람브레타,,,LD 150,2,스쿠터,148,126~250cc,가솔린,,,RW,✅ 라이트바겐만,10809,,,,🟡 연료 원천 없음→가솔린 추정
BKM030-0003,BKM030,람브레타,,,V 200,3,스쿠터,168,126~250cc,가솔린,,,RW,✅ 라이트바겐만,10979,,,,🟡 연료 원천 없음→가솔린 추정
BKM030-0004,BKM030,람브레타,,,X 300,4,스쿠터,275,251~500cc,가솔린,,,RW,✅ 라이트바겐만,13156,,,,🟡 연료 원천 없음→가솔린 추정
BKM031-0001,BKM031,로얄알로이,,,GP 125 LC,1,스쿠터,124,51~125cc,가솔린,,,RW,✅ 라이트바겐만,11031,,,,🟡 연료 원천 없음→가솔린 추정
BKM031-0002,BKM031,로얄알로이,,,GP125,2,스쿠터,123,51~125cc,가솔린,,,RW,✅ 라이트바겐만,10832,,,,🟡 연료 원천 없음→가솔린 추정
BKM031-0003,BKM031,로얄알로이,,,GP 125 AC,3,스쿠터,124,51~125cc,가솔린,,,RW,✅ 라이트바겐만,11030,,,,🟡 연료 원천 없음→가솔린 추정
BKM031-0004,BKM031,로얄알로이,,,GT 125 i,4,스쿠터,124,51~125cc,가솔린,,,RW,✅ 라이트바겐만,11032,,,,🟡 연료 원천 없음→가솔린 추정
BKM032-0001,BKM032,마이클블라스트,,,E 30,1,스쿠터,,전기,전기,,,RW,✅ 라이트바겐만,13270,,,,"🟡 장르 ""전기""→연료 전기로 분리, 장르는 추정"
BKM033-0001,BKM033,맥모터스,,,몬스터 S,1,스쿠터,,전기,전기,,,RW,✅ 라이트바겐만,13228,,,,"🟡 장르 ""전기""→연료 전기로 분리, 장르는 추정"
BKM035-0001,BKM035,모토구찌,BKM035-G001,V,V7 스톤,1,네이키드,853,501~1000cc,가솔린,2013,2014,RW+NV,✅ RW+NV 일치,9855,https://auto.naver.com/bike/lineup.nhn?bikeNo=1376,,,
BKM035-0002,BKM035,모토구찌,BKM035-G001,V,V7,2,네이키드,853,501~1000cc,가솔린,,,RW,✅ 라이트바겐만,10920,,,,🟡 연료 원천 없음→가솔린 추정
BKM035-0003,BKM035,모토구찌,BKM035-G001,V,V7 클래식,3,네이키드,853,501~1000cc,가솔린,,,RW,✅ 라이트바겐만,9857,,,,🟡 연료 원천 없음→가솔린 추정
BKM035-0004,BKM035,모토구찌,BKM035-G001,V,V7III 레이서,4,네이키드,744,501~1000cc,가솔린,2020,2020,NV,🟡 유사 후보 확인,,https://auto.naver.com/bike/lineup.nhn?bikeNo=5515,,V7 II 레이서 / V7 II,
BKM035-0005,BKM035,모토구찌,BKM035-G001,V,V85 TT 트레블,5,멀티퍼퍼스,853,501~1000cc,가솔린,2020,2020,NV,🟡 유사 후보 확인,,https://auto.naver.com/bike/lineup.nhn?bikeNo=5633,,V85 TT,
BKM035-0006,BKM035,모토구찌,BKM035-G001,V,V7III,6,네이키드,744,501~1000cc,가솔린,2019,2019,NV,🟡 유사 후보 확인,,https://auto.naver.com/bike/lineup.nhn?bikeNo=5149,,V7 II / V7 III 카본 / V7 III 스톤,
BKM035-0007,BKM035,모토구찌,BKM035-G001,V,V85 TT,7,멀티퍼퍼스,853,501~1000cc,가솔린,2019,2019,RW+NV,✅ RW+NV 일치,13024,https://auto.naver.com/bike/lineup.nhn?bikeNo=4901,,,
BKM035-0008,BKM035,모토구찌,BKM035-G001,V,V9 바버 스포츠,8,네이키드,853,501~1000cc,가솔린,2019,2019,NV,🟡 유사 후보 확인,,https://auto.naver.com/bike/lineup.nhn?bikeNo=4900,,V9 바버,
BKM035-0009,BKM035,모토구찌,BKM035-G001,V,V7lll 레이서,9,네이키드,744,501~1000cc,가솔린,2017,2018,NV,✅ 네이버만(과거 모델),,https://auto.naver.com/bike/lineup.nhn?bikeNo=4289,,,
BKM035-0010,BKM035,모토구찌,BKM035-G001,V,V7lll 스톤,10,네이키드,744,501~1000cc,가솔린,2017,2018,NV,✅ 네이버만(과거 모델),,https://auto.naver.com/bike/lineup.nhn?bikeNo=4291,,,
BKM035-0011,BKM035,모토구찌,BKM035-G001,V,V7lll 스페셜,11,네이키드,744,501~1000cc,가솔린,2017,2018,NV,✅ 네이버만(과거 모델),,https://auto.naver.com/bike/lineup.nhn?bikeNo=4293,,,
BKM035-0012,BKM035,모토구찌,BKM035-G001,V,V7lll 애니버사리오,12,네이키드,744,501~1000cc,가솔린,2018,2018,NV,✅ 네이버만(과거 모델),,https://auto.naver.com/bike/lineup.nhn?bikeNo=4295,,,
BKM035-0013,BKM035,모토구찌,BKM035-G001,V,V9 롬머,13,네이키드,850,501~1000cc,가솔린,2016,2018,RW+NV,✅ RW+NV 일치,9858,https://auto.naver.com/bike/lineup.nhn?bikeNo=4297,,,
BKM035-0014,BKM035,모토구찌,BKM035-G001,V,V9 바버,14,네이키드,850,501~1000cc,가솔린,2016,2018,RW+NV,✅ RW+NV 일치,9859,https://auto.naver.com/bike/lineup.nhn?bikeNo=3731,,,
BKM035-0015,BKM035,모토구찌,BKM035-G002,오다체,오다체 카본,15,크루저,1380,1001cc 이상,가솔린,2017,2017,NV,✅ 네이버만(과거 모델),,https://auto.naver.com/bike/lineup.nhn?bikeNo=3049,,,
BKM035-0016,BKM035,모토구찌,BKM035-G003,캘리포니아,캘리포니아 1400 투어링,16,투어러,1380,1001cc 이상,가솔린,2013,2017,NV,✅ 네이버만(과거 모델),,https://auto.naver.com/bike/lineup.nhn?bikeNo=3051,,,
BKM035-0017,BKM035,모토구찌,BKM035-G004,노르게,노르게 1200GT,17,투어러,1151,1001cc 이상,가솔린,2016,2016,NV,✅ 네이버만(과거 모델),,https://auto.naver.com/bike/lineup.nhn?bikeNo=2559,,,
BKM035-0018,BKM035,모토구찌,BKM035-G005,엘도라도,엘도라도,18,크루저,1380,1001cc 이상,가솔린,2015,2016,NV,✅ 네이버만(과거 모델),,https://auto.naver.com/bike/lineup.nhn?bikeNo=2725,,,
BKM035-0019,BKM035,모토구찌,BKM035-G002,오다체,오다체,19,크루저,1380,1001cc 이상,가솔린,2015,2016,NV,✅ 네이버만(과거 모델),,https://auto.naver.com/bike/lineup.nhn?bikeNo=2727,,,
BKM035-0020,BKM035,모토구찌,BKM035-G001,V,V7 II 레이서,20,네이키드,853,501~1000cc,가솔린,2015,2015,RW+NV,✅ RW+NV 일치,9841,https://auto.naver.com/bike/lineup.nhn?bikeNo=1967,,,
BKM035-0021,BKM035,모토구찌,BKM035-G001,V,V7 II 스톤 ABS,21,네이키드,853,501~1000cc,가솔린,2015,2015,RW+NV,✅ RW+NV 일치,9848,https://auto.naver.com/bike/lineup.nhn?bikeNo=1523,,,
BKM035-0022,BKM035,모토구찌,BKM035-G001,V,V7 II 스페셜 ABS,22,네이키드,853,501~1000cc,가솔린,2015,2015,RW+NV,✅ RW+NV 일치,9847,https://auto.naver.com/bike/lineup.nhn?bikeNo=1966,,,
BKM035-0023,BKM035,모토구찌,BKM035-G006,그리소,그리소 8V SE,23,네이키드,1151,1001cc 이상,가솔린,2015,2015,NV,✅ 네이버만(과거 모델),,https://auto.naver.com/bike/lineup.nhn?bikeNo=1577,,,
BKM035-0024,BKM035,모토구찌,BKM035-G007,스텔비오,스텔비오 1200 8V,24,멀티퍼퍼스,1151,1001cc 이상,가솔린,2015,2015,NV,🟡 유사 후보 확인,,https://auto.naver.com/bike/lineup.nhn?bikeNo=1953,,스텔비오 1200 4V,
BKM035-0025,BKM035,모토구찌,BKM035-G003,캘리포니아,캘리포니아 1400 투어링 SE,25,크루저,1380,1001cc 이상,가솔린,2015,2015,NV,✅ 네이버만(과거 모델),,https://auto.naver.com/bike/lineup.nhn?bikeNo=1970,,,
BKM035-0026,BKM035,모토구찌,BKM035-G001,V,V7 스페셜,26,네이키드,853,501~1000cc,가솔린,2013,2014,RW+NV,✅ RW+NV 일치,9856,https://auto.naver.com/bike/lineup.nhn?bikeNo=1375,,,
BKM035-0027,BKM035,모토구찌,BKM035-G006,그리소,그리소,27,네이키드,1151,1001cc 이상,가솔린,2014,2014,NV,✅ 네이버만(과거 모델),,https://auto.naver.com/bike/lineup.nhn?bikeNo=958,,,
BKM035-0028,BKM035,모토구찌,BKM035-G004,노르게,노르게,28,투어러,1151,1001cc 이상,가솔린,2013,2014,NV,✅ 네이버만(과거 모델),,https://auto.naver.com/bike/lineup.nhn?bikeNo=959,,,
BKM035-0029,BKM035,모토구찌,BKM035-G007,스텔비오,스텔비오,29,멀티퍼퍼스,1151,1001cc 이상,가솔린,2013,2014,NV,✅ 네이버만(과거 모델),,https://auto.naver.com/bike/lineup.nhn?bikeNo=960,,,
BKM035-0030,BKM035,모토구찌,BKM035-G003,캘리포니아,캘리포니아 1400 커스텀,30,네이키드,1400,1001cc 이상,가솔린,2013,2014,NV,✅ 네이버만(과거 모델),,https://auto.naver.com/bike/lineup.nhn?bikeNo=956,,,
BKM035-0031,BKM035,모토구찌,BKM035-G001,V,V7 레이서,31,네이키드,853,501~1000cc,가솔린,2013,2013,RW+NV,✅ RW+NV 일치,9854,https://auto.naver.com/bike/lineup.nhn?bikeNo=691,,,
BKM035-0032,BKM035,모토구찌,BKM035-G008,AUDACE,AUDACE,32,크루저,1380,1001cc 이상,가솔린,,,RW,✅ 라이트바겐만,9835,,,,🟡 연료 원천 없음→가솔린 추정
BKM035-0033,BKM035,모토구찌,BKM035-G001,V,V100 만델로,33,투어러,1042,1001cc 이상,가솔린,,,RW,✅ 라이트바겐만,13252,,,,🟡 연료 원천 없음→가솔린 추정
BKM035-0034,BKM035,모토구찌,BKM035-G001,V,V7 II,34,네이키드,853,501~1000cc,가솔린,,,RW,✅ 라이트바겐만,9845,,,,🟡 연료 원천 없음→가솔린 추정
BKM035-0035,BKM035,모토구찌,BKM035-G001,V,V7 III 스톤,35,네이키드,853,501~1000cc,가솔린,,,RW,✅ 라이트바겐만,9851,,,,🟡 연료 원천 없음→가솔린 추정
BKM035-0036,BKM035,모토구찌,BKM035-G001,V,V7 III 스페셜,36,네이키드,744,501~1000cc,가솔린,,,RW,✅ 라이트바겐만,9852,,,,🟡 연료 원천 없음→가솔린 추정
BKM035-0037,BKM035,모토구찌,BKM035-G001,V,V7 III 카본,37,네이키드,853,501~1000cc,가솔린,,,RW,✅ 라이트바겐만,9844,,,,🟡 연료 원천 없음→가솔린 추정
BKM035-0038,BKM035,모토구찌,BKM035-G001,V,V7 까페 클래식,38,네이키드,853,501~1000cc,가솔린,,,RW,✅ 라이트바겐만,9853,,,,🟡 연료 원천 없음→가솔린 추정
BKM035-0039,BKM035,모토구찌,BKM035-G009,브레바 1100,브레바 1100,39,네이키드,1064,1001cc 이상,가솔린,,,RW,✅ 라이트바겐만,9865,,,,🟡 연료 원천 없음→가솔린 추정
BKM035-0040,BKM035,모토구찌,BKM035-G007,스텔비오,스텔비오 1200 4V,40,멀티퍼퍼스,1151,1001cc 이상,가솔린,,,RW,✅ 라이트바겐만,9868,,,,🟡 연료 원천 없음→가솔린 추정
BKM036-0001,BKM036,모헤닉,,,UB46E,1,스쿠터,,전기,전기,2020,2020,NV,✅ 네이버만(과거 모델),,https://auto.naver.com/bike/lineup.nhn?bikeNo=7359,,,"🟡 장르 ""전기""→연료 전기로 분리, 장르는 추정"
BKM037-0001,BKM037,몬디알,,,힙스터 125,1,클래식,124,51~125cc,가솔린,2022,2022,RW,✅ 라이트바겐만,10795,,,,
BKM037-0002,BKM037,몬디알,,,파가니 125,2,네이키드,124,51~125cc,가솔린,,,RW,✅ 라이트바겐만,10794,,,,🟡 연료 원천 없음→가솔린 추정
BKM037-0003,BKM037,몬디알,,,피에가 125,3,크루저,124,51~125cc,가솔린,,,RW,✅ 라이트바겐만,13061,,,,🟡 연료 원천 없음→가솔린 추정
BKM038-0001,BKM038,바이드코리아,,,시리오125,1,클래식,124,51~125cc,가솔린,,,DN,🟡 다나와만(현행 신규),,,100387160,,🟡 다나와에만 있음(현행 판매)
BKM038-0002,BKM038,바이드코리아,,,크로니125,2,클래식,124,51~125cc,가솔린,,,DN,🟡 다나와만(현행 신규),,,100386962,,🟡 다나와에만 있음(현행 판매)
BKM039-0001,BKM039,베넬리,BKM039-G001,502 C,502 C,1,크루저,499,251~500cc,가솔린,2020,2020,RW+NV+DN,✅ RW+NV+DN 일치,9874,https://auto.naver.com/bike/lineup.nhn?bikeNo=6605,15021545,,
BKM039-0002,BKM039,베넬리,BKM039-G002,레온치노,레온치노 500,2,네이키드,499,251~500cc,가솔린,2017,2021,RW+NV+DN,✅ RW+NV+DN 일치,9885,https://auto.naver.com/bike/lineup.nhn?bikeNo=3883,15021761 12752753,,
BKM039-0003,BKM039,베넬리,BKM039-G003,RKF 125,RKF 125,3,네이키드,124,51~125cc,가솔린,,,RW,✅ 라이트바겐만,11040,,,,🟡 연료 원천 없음→가솔린 추정
BKM039-0004,BKM039,베넬리,BKM039-G004,TNT,TNT 125,4,네이키드,124,51~125cc,가솔린,2019,2019,RW+NV+DN,✅ RW+NV+DN 일치,9875,https://auto.naver.com/bike/lineup.nhn?bikeNo=5519,15022682,,
BKM039-0005,BKM039,베넬리,BKM039-G005,임페리알레 400 ABS,임페리알레 400 ABS,5,네이키드,373,251~500cc,가솔린,2018,2020,RW+NV,✅ RW+NV 일치,9888,https://auto.naver.com/bike/lineup.nhn?bikeNo=5645,,,
BKM039-0006,BKM039,베넬리,BKM039-G006,TRK,TRK 502 X,6,멀티퍼퍼스,499,251~500cc,가솔린,2018,2018,RW+NV,✅ RW+NV 일치,9883,https://auto.naver.com/bike/lineup.nhn?bikeNo=3880,,,
BKM039-0007,BKM039,베넬리,BKM039-G006,TRK,TRK 502,7,멀티퍼퍼스,499,251~500cc,가솔린,2017,2018,RW+NV,✅ RW+NV 일치,9882,https://auto.naver.com/bike/lineup.nhn?bikeNo=3879,,,
BKM039-0008,BKM039,베넬리,BKM039-G004,TNT,TNT 600 I,8,네이키드,600,501~1000cc,가솔린,2017,2017,RW+NV,✅ RW+NV 일치,9881,https://auto.naver.com/bike/lineup.nhn?bikeNo=3643,,,
BKM039-0009,BKM039,베넬리,BKM039-G002,레온치노,레온치노 250,9,네이키드,249,126~250cc,가솔린,2018,2018,RW+NV,✅ RW+NV 일치,9884,https://auto.naver.com/bike/lineup.nhn?bikeNo=6547,,,
BKM039-0010,BKM039,베넬리,BKM039-G004,TNT,TNT 135,10,네이키드,124,51~125cc,가솔린,2019,2019,RW+NV,✅ RW+NV 일치,9876,https://auto.naver.com/bike/lineup.nhn?bikeNo=5521,,,
BKM039-0011,BKM039,베넬리,BKM039-G007,토네이도,토네이도 302 R,11,네이키드,300,251~500cc,가솔린,2017,2017,RW+NV,✅ RW+NV 일치,9890,https://auto.naver.com/bike/lineup.nhn?bikeNo=3639,,,
BKM039-0012,BKM039,베넬리,BKM039-G004,TNT,TNT 250,12,네이키드,249,126~250cc,가솔린,2019,2019,RW+NV,✅ RW+NV 일치,9877,https://auto.naver.com/bike/lineup.nhn?bikeNo=5517,,,
BKM039-0013,BKM039,베넬리,BKM039-G004,TNT,TNT 600 GT,13,네이키드,600,501~1000cc,가솔린,2014,2019,RW+NV,✅ RW+NV 일치,9880,https://auto.naver.com/bike/lineup.nhn?bikeNo=5523,,,
BKM039-0014,BKM039,베넬리,BKM039-G008,402S,402S,14,크루저,399.3,251~500cc,가솔린,2018,2018,NV,✅ 네이버만(과거 모델),,https://auto.naver.com/bike/lineup.nhn?bikeNo=3873,,,
BKM039-0015,BKM039,베넬리,BKM039-G009,752S,752S,15,네이키드,754,501~1000cc,가솔린,2018,2018,NV,✅ 네이버만(과거 모델),,https://auto.naver.com/bike/lineup.nhn?bikeNo=3874,,,
BKM039-0016,BKM039,베넬리,BKM039-G010,BN,BN125,16,네이키드,124,51~125cc,가솔린,2018,2018,NV,✅ 네이버만(과거 모델),,https://auto.naver.com/bike/lineup.nhn?bikeNo=3875,,,
BKM039-0017,BKM039,베넬리,BKM039-G010,BN,BN251,17,네이키드,249,126~250cc,가솔린,2018,2018,NV,✅ 네이버만(과거 모델),,https://auto.naver.com/bike/lineup.nhn?bikeNo=3876,,,
BKM039-0018,BKM039,베넬리,BKM039-G010,BN,BN302,18,네이키드,300,251~500cc,가솔린,2014,2018,NV,✅ 네이버만(과거 모델),,https://auto.naver.com/bike/lineup.nhn?bikeNo=3877,,,
BKM039-0019,BKM039,베넬리,BKM039-G006,TRK,TRK 251,19,멀티퍼퍼스,249,126~250cc,가솔린,2018,2018,NV,✅ 네이버만(과거 모델),,https://auto.naver.com/bike/lineup.nhn?bikeNo=3878,,,
BKM039-0020,BKM039,베넬리,BKM039-G002,레온치노,레온치노 500 스포츠,20,네이키드,500,251~500cc,가솔린,2018,2018,NV,🟡 유사 후보 확인,,https://auto.naver.com/bike/lineup.nhn?bikeNo=3881,,레온치노 500,
BKM039-0021,BKM039,베넬리,BKM039-G002,레온치노,레온치노 500 트레일,21,클래식,500,251~500cc,가솔린,2018,2018,RW+NV,✅ RW+NV 일치,13133,https://auto.naver.com/bike/lineup.nhn?bikeNo=3882,,,
BKM039-0022,BKM039,베넬리,BKM039-G004,TNT,TNT 300 ABS,22,네이키드,300,251~500cc,가솔린,2017,2017,RW+NV,✅ RW+NV 일치,9879,https://auto.naver.com/bike/lineup.nhn?bikeNo=3641,,,
BKM039-0023,BKM039,베넬리,BKM039-G010,BN,BN600R,23,네이키드,600,501~1000cc,가솔린,2014,2014,NV,✅ 네이버만(과거 모델),,https://auto.naver.com/bike/lineup.nhn?bikeNo=2076,,,
BKM039-0024,BKM039,베넬리,BKM039-G004,TNT,TNT 899,24,네이키드,898,501~1000cc,가솔린,2012,2014,NV,✅ 네이버만(과거 모델),,https://auto.naver.com/bike/lineup.nhn?bikeNo=1095,,,
BKM039-0025,BKM039,베넬리,BKM039-G011,TRE,TRE 1130 K,25,멀티퍼퍼스,1131,1001cc 이상,가솔린,2012,2014,NV,✅ 네이버만(과거 모델),,https://auto.naver.com/bike/lineup.nhn?bikeNo=1097,,,
BKM039-0026,BKM039,베넬리,BKM039-G011,TRE,TRE 1130 K아마조네스,26,멀티퍼퍼스,1131,1001cc 이상,가솔린,2012,2014,NV,✅ 네이버만(과거 모델),,https://auto.naver.com/bike/lineup.nhn?bikeNo=1098,,,
BKM039-0027,BKM039,베넬리,BKM039-G012,X,X125,27,스쿠터,124,51~125cc,가솔린,2014,2014,NV,✅ 네이버만(과거 모델),,https://auto.naver.com/bike/lineup.nhn?bikeNo=1103,,,
BKM039-0028,BKM039,베넬리,BKM039-G012,X,X150,28,스쿠터,150,126~250cc,가솔린,2014,2014,NV,✅ 네이버만(과거 모델),,https://auto.naver.com/bike/lineup.nhn?bikeNo=1104,,,
BKM039-0029,BKM039,베넬리,BKM039-G013,메시스,메시스 150,29,스쿠터,151,126~250cc,가솔린,2012,2014,NV,✅ 네이버만(과거 모델),,https://auto.naver.com/bike/lineup.nhn?bikeNo=1101,,,
BKM039-0030,BKM039,베넬리,BKM039-G014,젠제로,젠제로 350,30,스쿠터,313,251~500cc,가솔린,2014,2014,NV,✅ 네이버만(과거 모델),,https://auto.naver.com/bike/lineup.nhn?bikeNo=1105,,,
BKM039-0031,BKM039,베넬리,BKM039-G015,카페네로,카페네로 125,31,스쿠터,124,51~125cc,가솔린,2012,2014,NV,✅ 네이버만(과거 모델),,https://auto.naver.com/bike/lineup.nhn?bikeNo=1099,,,
BKM039-0032,BKM039,베넬리,BKM039-G015,카페네로,카페네로 250,32,스쿠터,249,126~250cc,가솔린,2014,2014,NV,✅ 네이버만(과거 모델),,https://auto.naver.com/bike/lineup.nhn?bikeNo=6545,,,
BKM039-0033,BKM039,베넬리,BKM039-G016,페페 50,페페 50,33,스쿠터,50,50cc 이하,가솔린,2012,2014,NV,✅ 네이버만(과거 모델),,https://auto.naver.com/bike/lineup.nhn?bikeNo=1102,,,
BKM039-0034,BKM039,베넬리,BKM039-G004,TNT,TNT 1130 R,34,네이키드,1131,1001cc 이상,가솔린,2012,2012,NV,✅ 네이버만(과거 모델),,https://auto.naver.com/bike/lineup.nhn?bikeNo=1096,,,
BKM039-0035,BKM039,베넬리,BKM039-G004,TNT,TNT R160,35,네이키드,1131,1001cc 이상,가솔린,2012,2012,NV,✅ 네이버만(과거 모델),,https://auto.naver.com/bike/lineup.nhn?bikeNo=1067,,,
BKM039-0036,BKM039,베넬리,BKM039-G013,메시스,메시스 125,36,스쿠터,124,51~125cc,가솔린,2012,2012,NV,✅ 네이버만(과거 모델),,https://auto.naver.com/bike/lineup.nhn?bikeNo=6541,,,
BKM039-0037,BKM039,베넬리,BKM039-G017,벨벳 125,벨벳 125,37,스쿠터,124,51~125cc,가솔린,2012,2012,NV,✅ 네이버만(과거 모델),,https://auto.naver.com/bike/lineup.nhn?bikeNo=1087,,,
BKM039-0038,BKM039,베넬리,BKM039-G018,센츄리 레이서,센츄리 레이서 1130,38,네이키드,1131,1001cc 이상,가솔린,2012,2012,NV,✅ 네이버만(과거 모델),,https://auto.naver.com/bike/lineup.nhn?bikeNo=1063,,,
BKM039-0039,BKM039,베넬리,BKM039-G018,센츄리 레이서,센츄리 레이서 899,39,네이키드,898,501~1000cc,가솔린,2012,2012,NV,✅ 네이버만(과거 모델),,https://auto.naver.com/bike/lineup.nhn?bikeNo=1061,,,
BKM039-0040,BKM039,베넬리,BKM039-G019,카페 레이서,카페 레이서 1130,40,투어러,1131,1001cc 이상,가솔린,2012,2012,NV,✅ 네이버만(과거 모델),,https://auto.naver.com/bike/lineup.nhn?bikeNo=1059,,,
BKM039-0041,BKM039,베넬리,BKM039-G019,카페 레이서,카페 레이서 899,41,투어러,899,501~1000cc,가솔린,2012,2012,NV,✅ 네이버만(과거 모델),,https://auto.naver.com/bike/lineup.nhn?bikeNo=1057,,,
BKM039-0042,BKM039,베넬리,BKM039-G015,카페네로,카페네로 150,42,스쿠터,151,126~250cc,가솔린,2012,2012,NV,✅ 네이버만(과거 모델),,https://auto.naver.com/bike/lineup.nhn?bikeNo=6543,,,
BKM039-0043,BKM039,베넬리,BKM039-G020,콰트로노백스,콰트로노백스 오프로드,43,스쿠터,49,50cc 이하,가솔린,2012,2012,NV,✅ 네이버만(과거 모델),,https://auto.naver.com/bike/lineup.nhn?bikeNo=1083,,,
BKM039-0044,BKM039,베넬리,BKM039-G020,콰트로노백스,콰트로노백스 온로드,44,스쿠터,49,50cc 이하,가솔린,2012,2012,NV,✅ 네이버만(과거 모델),,https://auto.naver.com/bike/lineup.nhn?bikeNo=1085,,,
BKM039-0045,BKM039,베넬리,BKM039-G021,900 SEI,900 SEI,45,스포츠,906,501~1000cc,가솔린,1979,1979,NV,✅ 네이버만(과거 모델),,https://auto.naver.com/bike/lineup.nhn?bikeNo=1373,,,
BKM039-0046,BKM039,베넬리,BKM039-G007,토네이도,토네이도 650 S,46,네이키드,643,501~1000cc,가솔린,1973,1973,NV,✅ 네이버만(과거 모델),,https://auto.naver.com/bike/lineup.nhn?bikeNo=1374,,,
BKM039-0047,BKM039,베넬리,BKM039-G002,레온치노,레온치노 125,47,클래식,125,51~125cc,가솔린,,,RW,✅ 라이트바겐만,13131,,,,🟡 연료 원천 없음→가솔린 추정
BKM039-0048,BKM039,베넬리,BKM039-G022,아디바 250,아디바 250,48,스쿠터,249,126~250cc,가솔린,,,RW,✅ 라이트바겐만,9887,,,,🟡 연료 원천 없음→가솔린 추정
BKM039-0049,BKM039,베넬리,BKM039-G014,젠제로,젠제로 125,49,스쿠터,125,51~125cc,가솔린,,,RW,✅ 라이트바겐만,9889,,,,🟡 연료 원천 없음→가솔린 추정
BKM040-0001,BKM040,베타,BKM040-G001,엔듀로,125RR 엔듀로 LC,1,오프로드,124.6,51~125cc,가솔린,2020,2020,NV,✅ 네이버만(과거 모델),,https://auto.naver.com/bike/lineup.nhn?bikeNo=5933,,,
BKM040-0002,BKM040,베타,BKM040-G001,엔듀로,250RR 엔듀로,2,오프로드,249,126~250cc,가솔린,2015,2020,NV,✅ 네이버만(과거 모델),,https://auto.naver.com/bike/lineup.nhn?bikeNo=5401,,,
BKM040-0003,BKM040,베타,BKM040-G002,레이싱,300RR 레이싱,3,오프로드,293.1,251~500cc,가솔린,2015,2020,NV,✅ 네이버만(과거 모델),,https://auto.naver.com/bike/lineup.nhn?bikeNo=5921,,,
BKM040-0004,BKM040,베타,BKM040-G001,엔듀로,300RR 엔듀로,4,오프로드,293.1,251~500cc,가솔린,2016,2020,NV,✅ 네이버만(과거 모델),,https://auto.naver.com/bike/lineup.nhn?bikeNo=5907,,,
BKM040-0005,BKM040,베타,BKM040-G001,엔듀로,50RR 엔듀로,5,오프로드,49.7,50cc 이하,가솔린,2020,2020,NV,✅ 네이버만(과거 모델),,https://auto.naver.com/bike/lineup.nhn?bikeNo=5927,,,
BKM040-0006,BKM040,베타,BKM040-G003,50RR 엔듀로 스포츠,50RR 엔듀로 스포츠,6,오프로드,49.7,50cc 이하,가솔린,2020,2020,NV,✅ 네이버만(과거 모델),,https://auto.naver.com/bike/lineup.nhn?bikeNo=5929,,,
BKM040-0007,BKM040,베타,BKM040-G004,50RR 엔듀로 팩토리,50RR 엔듀로 팩토리,7,오프로드,49.7,50cc 이하,가솔린,2020,2020,NV,✅ 네이버만(과거 모델),,https://auto.naver.com/bike/lineup.nhn?bikeNo=5931,,,
BKM040-0008,BKM040,베타,BKM040-G005,크로스,크로스 트레이너250,8,오프로드,249,126~250cc,가솔린,2020,2020,NV,✅ 네이버만(과거 모델),,https://auto.naver.com/bike/lineup.nhn?bikeNo=5935,,,
BKM040-0009,BKM040,베타,BKM040-G001,엔듀로,125RR 엔듀로,9,오프로드,124.8,51~125cc,가솔린,2019,2019,NV,✅ 네이버만(과거 모델),,https://auto.naver.com/bike/lineup.nhn?bikeNo=5900,,,
BKM040-0010,BKM040,베타,BKM040-G001,엔듀로,200RR 엔듀로,10,오프로드,190.2,126~250cc,가솔린,2019,2019,NV,✅ 네이버만(과거 모델),,https://auto.naver.com/bike/lineup.nhn?bikeNo=5901,,,
BKM040-0011,BKM040,베타,BKM040-G006,EVO,EVO80,11,오프로드,79.6,51~125cc,가솔린,2019,2019,NV,✅ 네이버만(과거 모델),,https://auto.naver.com/bike/lineup.nhn?bikeNo=5923,,,
BKM040-0012,BKM040,베타,BKM040-G006,EVO,EVO80 주니어,12,오프로드,79.6,51~125cc,가솔린,2019,2019,NV,✅ 네이버만(과거 모델),,https://auto.naver.com/bike/lineup.nhn?bikeNo=5925,,,
BKM040-0013,BKM040,베타,BKM040-G005,크로스,크로스 트레이너300,13,오프로드,293.1,251~500cc,가솔린,2015,2019,NV,✅ 네이버만(과거 모델),,https://auto.naver.com/bike/lineup.nhn?bikeNo=5407,,,
BKM040-0014,BKM040,베타,BKM040-G002,레이싱,350RR 레이싱,14,오프로드,349.1,251~500cc,가솔린,2015,2018,NV,✅ 네이버만(과거 모델),,https://auto.naver.com/bike/lineup.nhn?bikeNo=5404,,,
BKM040-0015,BKM040,베타,BKM040-G001,엔듀로,350RR 엔듀로,15,오프로드,349.1,251~500cc,가솔린,2015,2018,NV,✅ 네이버만(과거 모델),,https://auto.naver.com/bike/lineup.nhn?bikeNo=5912,,,
BKM040-0016,BKM040,베타,BKM040-G002,레이싱,250RR 레이싱,16,오프로드,249,126~250cc,가솔린,2016,2016,NV,✅ 네이버만(과거 모델),,https://auto.naver.com/bike/lineup.nhn?bikeNo=5915,,,
BKM040-0017,BKM040,베타,BKM040-G001,엔듀로,390RR 엔듀로,17,오프로드,386,251~500cc,가솔린,2016,2016,NV,✅ 네이버만(과거 모델),,https://auto.naver.com/bike/lineup.nhn?bikeNo=5904,,,
BKM040-0018,BKM040,베타,BKM040-G002,레이싱,430RR 레이싱,18,오프로드,430,251~500cc,가솔린,2016,2016,NV,✅ 네이버만(과거 모델),,https://auto.naver.com/bike/lineup.nhn?bikeNo=5913,,,
BKM040-0019,BKM040,베타,BKM040-G001,엔듀로,430RR 엔듀로,19,오프로드,430.9,251~500cc,가솔린,2016,2016,NV,✅ 네이버만(과거 모델),,https://auto.naver.com/bike/lineup.nhn?bikeNo=5902,,,
BKM040-0020,BKM040,베타,BKM040-G007,430RS,430RS,20,오프로드,431,251~500cc,가솔린,2016,2016,NV,✅ 네이버만(과거 모델),,https://auto.naver.com/bike/lineup.nhn?bikeNo=2695,,,
BKM040-0021,BKM040,베타,BKM040-G002,레이싱,480RR 레이싱,21,오프로드,477,251~500cc,가솔린,2016,2016,NV,✅ 네이버만(과거 모델),,https://auto.naver.com/bike/lineup.nhn?bikeNo=5914,,,
BKM040-0022,BKM040,베타,BKM040-G001,엔듀로,480RR 엔듀로,22,오프로드,477.5,251~500cc,가솔린,2016,2016,NV,✅ 네이버만(과거 모델),,https://auto.naver.com/bike/lineup.nhn?bikeNo=5903,,,
BKM040-0023,BKM040,베타,BKM040-G008,500RS,500RS,23,오프로드,478,251~500cc,가솔린,2016,2016,NV,✅ 네이버만(과거 모델),,https://auto.naver.com/bike/lineup.nhn?bikeNo=5893,,,
BKM040-0024,BKM040,베타,BKM040-G006,EVO,EVO125,24,오프로드,124,51~125cc,가솔린,2016,2016,NV,✅ 네이버만(과거 모델),,https://auto.naver.com/bike/lineup.nhn?bikeNo=5895,,,
BKM040-0025,BKM040,베타,BKM040-G006,EVO,EVO200,25,오프로드,194.6,126~250cc,가솔린,2016,2016,NV,✅ 네이버만(과거 모델),,https://auto.naver.com/bike/lineup.nhn?bikeNo=5896,,,
BKM040-0026,BKM040,베타,BKM040-G006,EVO,EVO250,26,오프로드,249,126~250cc,가솔린,2015,2016,NV,✅ 네이버만(과거 모델),,https://auto.naver.com/bike/lineup.nhn?bikeNo=2767,,,
BKM040-0027,BKM040,베타,BKM040-G006,EVO,EVO300,27,오프로드,297,251~500cc,가솔린,2015,2016,NV,✅ 네이버만(과거 모델),,https://auto.naver.com/bike/lineup.nhn?bikeNo=5899,,,
BKM040-0028,BKM040,베타,BKM040-G009,ALP,ALP200,28,오프로드,199,126~250cc,가솔린,2015,2015,NV,✅ 네이버만(과거 모델),,https://auto.naver.com/bike/lineup.nhn?bikeNo=2149,,,
BKM040-0029,BKM040,베타,BKM040-G009,ALP,ALP4.0,29,오프로드,349,251~500cc,가솔린,2015,2015,NV,✅ 네이버만(과거 모델),,https://auto.naver.com/bike/lineup.nhn?bikeNo=5894,,,
BKM041-0001,BKM041,벡트릭스,,,VX-3,1,네이키드,,전기,전기,2019,2019,NV,✅ 네이버만(과거 모델),,https://auto.naver.com/bike/lineup.nhn?bikeNo=5529,,,"🟡 장르 ""전기""→연료 전기로 분리, 장르는 추정"
BKM041-0002,BKM041,벡트릭스,,,VX-1Li+,2,네이키드,,전기,전기,2013,2013,NV,✅ 네이버만(과거 모델),,https://auto.naver.com/bike/lineup.nhn?bikeNo=388,,,"🟡 장르 ""전기""→연료 전기로 분리, 장르는 추정"
BKM041-0003,BKM041,벡트릭스,,,VX-2,3,네이키드,,전기,전기,2013,2013,NV,✅ 네이버만(과거 모델),,https://auto.naver.com/bike/lineup.nhn?bikeNo=389,,,"🟡 장르 ""전기""→연료 전기로 분리, 장르는 추정"
BKM042-0001,BKM042,벤다,,,KDX300,1,크루저,298,251~500cc,가솔린,,,RW,✅ 라이트바겐만,13072,,,,🟡 연료 원천 없음→가솔린 추정
BKM043-0001,BKM043,보그,,,SR4MAX,1,스쿠터,349,251~500cc,가솔린,,,RW,✅ 라이트바겐만,13073,,,,🟡 연료 원천 없음→가솔린 추정
BKM043-0002,BKM043,보그,,,300 랠리,2,멀티퍼퍼스,299,251~500cc,가솔린,,,RW,✅ 라이트바겐만,13078,,,,🟡 연료 원천 없음→가솔린 추정
BKM043-0003,BKM043,보그,,,SR 1 ADV,3,스쿠터,125,51~125cc,가솔린,2026,2026,RW,✅ 라이트바겐만,13231,,,,
BKM043-0004,BKM043,보그,,,SR 125 GT,4,스쿠터,125,51~125cc,가솔린,2025,2025,RW+DN,✅ RW+DN 일치,13093,,108463328,,
BKM043-0005,BKM043,보그,,,300ACX,5,네이키드,292,251~500cc,가솔린,,,RW,✅ 라이트바겐만,13042,,,,🟡 연료 원천 없음→가솔린 추정
BKM043-0006,BKM043,보그,,,500AC,6,네이키드,471,251~500cc,가솔린,,,RW,✅ 라이트바겐만,13041,,,,🟡 연료 원천 없음→가솔린 추정
BKM044-0001,BKM044,부캐너,,,V BOB 250,1,클래식,250,126~250cc,가솔린,,,RW,✅ 라이트바겐만,13126,,,,🟡 연료 원천 없음→가솔린 추정
BKM045-0001,BKM045,브라모,,,앰플러스 R,1,네이키드,,전기,전기,2013,2013,NV,✅ 네이버만(과거 모델),,https://auto.naver.com/bike/lineup.nhn?bikeNo=789,,,"🟡 장르 ""전기""→연료 전기로 분리, 장르는 추정"
BKM045-0002,BKM045,브라모,,,에너티아 플러스,2,네이키드,,전기,전기,2013,2013,NV,✅ 네이버만(과거 모델),,https://auto.naver.com/bike/lineup.nhn?bikeNo=793,,,"🟡 장르 ""전기""→연료 전기로 분리, 장르는 추정"
BKM046-0001,BKM046,브릭스톤,,,펠스버그 125 XC,1,네이키드,125,51~125cc,가솔린,,,RW+DN,✅ RW+DN 일치,11050,,53417396,,🟡 연료 원천 없음→가솔린 추정
BKM046-0002,BKM046,브릭스톤,,,크로스파이어 125 XS,2,네이키드,125,51~125cc,가솔린,,,RW+DN,✅ RW+DN 일치,11049,,53417639,,🟡 연료 원천 없음→가솔린 추정
BKM046-0003,BKM046,브릭스톤,,,BX 125,3,네이키드,125,51~125cc,가솔린,,,RW,✅ 라이트바겐만,11046,,,,🟡 연료 원천 없음→가솔린 추정
BKM046-0004,BKM046,브릭스톤,,,크롬웰 1200,4,클래식,1222,1001cc 이상,가솔린,,,RW,✅ 라이트바겐만,12760,,,,🟡 연료 원천 없음→가솔린 추정
BKM046-0005,BKM046,브릭스톤,,,크로스파이어 125,5,네이키드,124,51~125cc,가솔린,2024,2024,RW,✅ 라이트바겐만,13261,,,,
BKM046-0006,BKM046,브릭스톤,,,BX 125 R,6,네이키드,125,51~125cc,가솔린,,,RW,✅ 라이트바겐만,11047,,,,🟡 연료 원천 없음→가솔린 추정
BKM046-0007,BKM046,브릭스톤,,,BX 125 X,7,네이키드,125,51~125cc,가솔린,,,RW,✅ 라이트바겐만,11048,,,,🟡 연료 원천 없음→가솔린 추정
BKM046-0008,BKM046,브릭스톤,,,크로스파이어 500 X,8,네이키드,486,251~500cc,가솔린,,,RW,✅ 라이트바겐만,12762,,,,🟡 연료 원천 없음→가솔린 추정
BKM046-0009,BKM046,브릭스톤,,,크로스파이어 500 XC,9,네이키드,486,251~500cc,가솔린,,,RW,✅ 라이트바겐만,12763,,,,🟡 연료 원천 없음→가솔린 추정
BKM046-0010,BKM046,브릭스톤,,,펠스버그 125 ABS,10,클래식,125,51~125cc,가솔린,,,RW+DN,✅ RW+DN 일치,12761,,53417519,,🟡 연료 원천 없음→가솔린 추정
BKM047-0001,BKM047,블루샤크,,,블루샤크 R1,1,스쿠터,125,51~125cc,가솔린,,,RW,✅ 라이트바겐만,10858,,,,🟡 연료 원천 없음→가솔린 추정
BKM047-0002,BKM047,블루샤크,,,R1,2,스쿠터,,전기,전기,2020,2020,NV,✅ 네이버만(과거 모델),,https://auto.naver.com/bike/lineup.nhn?bikeNo=6087,,,"🟡 장르 ""전기""→연료 전기로 분리, 장르는 추정"
BKM048-0001,BKM048,비모타,,,KB4,1,스포츠,1043,1001cc 이상,가솔린,,,RW,✅ 라이트바겐만,11052,,,,
BKM048-0002,BKM048,비모타,,,테지 H2,2,스포츠,998,501~1000cc,가솔린,2020,2020,NV,✅ 네이버만(과거 모델),,https://auto.naver.com/bike/lineup.nhn?bikeNo=5807,,,
BKM048-0003,BKM048,비모타,,,BB3,3,스포츠,999,501~1000cc,가솔린,2014,2014,NV,✅ 네이버만(과거 모델),,https://auto.naver.com/bike/lineup.nhn?bikeNo=5635,,,
BKM048-0004,BKM048,비모타,,,DB10 비모타드,4,멀티퍼퍼스,1078,1001cc 이상,가솔린,2013,2013,NV,✅ 네이버만(과거 모델),,https://auto.naver.com/bike/lineup.nhn?bikeNo=759,,,
BKM048-0005,BKM048,비모타,,,DB10R,5,멀티퍼퍼스,1078,1001cc 이상,가솔린,2013,2013,NV,✅ 네이버만(과거 모델),,https://auto.naver.com/bike/lineup.nhn?bikeNo=761,,,
BKM048-0006,BKM048,비모타,,,DB11,6,스포츠,1198,1001cc 이상,가솔린,2013,2013,NV,✅ 네이버만(과거 모델),,https://auto.naver.com/bike/lineup.nhn?bikeNo=763,,,
BKM048-0007,BKM048,비모타,,,DB11 VLX,7,스포츠,1198,1001cc 이상,가솔린,2013,2013,NV,✅ 네이버만(과거 모델),,https://auto.naver.com/bike/lineup.nhn?bikeNo=765,,,
BKM048-0008,BKM048,비모타,,,DB12 B.투어리스트,8,스포츠,1198,1001cc 이상,가솔린,2013,2013,NV,✅ 네이버만(과거 모델),,https://auto.naver.com/bike/lineup.nhn?bikeNo=767,,,
BKM048-0009,BKM048,비모타,,,DB5 E 데시데리오,9,스포츠,1078,1001cc 이상,가솔린,2013,2013,NV,✅ 네이버만(과거 모델),,https://auto.naver.com/bike/lineup.nhn?bikeNo=745,,,
BKM048-0010,BKM048,비모타,,,DB5 RE,10,스포츠,1078,1001cc 이상,가솔린,2013,2013,NV,✅ 네이버만(과거 모델),,https://auto.naver.com/bike/lineup.nhn?bikeNo=747,,,
BKM048-0011,BKM048,비모타,,,DB6 E,11,네이키드,1078,1001cc 이상,가솔린,2013,2013,NV,✅ 네이버만(과거 모델),,https://auto.naver.com/bike/lineup.nhn?bikeNo=749,,,
BKM048-0012,BKM048,비모타,,,DB6 RE,12,네이키드,1078,1001cc 이상,가솔린,2013,2013,NV,✅ 네이버만(과거 모델),,https://auto.naver.com/bike/lineup.nhn?bikeNo=751,,,
BKM048-0013,BKM048,비모타,,,DB8 이탈리아,13,스포츠,1198,1001cc 이상,가솔린,2013,2013,NV,✅ 네이버만(과거 모델),,https://auto.naver.com/bike/lineup.nhn?bikeNo=753,,,
BKM048-0014,BKM048,비모타,,,DB9 브리비도,14,스포츠,1198,1001cc 이상,가솔린,2013,2013,NV,✅ 네이버만(과거 모델),,https://auto.naver.com/bike/lineup.nhn?bikeNo=755,,,
BKM048-0015,BKM048,비모타,,,DB9 브리비도 이탈리아,15,스포츠,1198,1001cc 이상,가솔린,2013,2013,NV,✅ 네이버만(과거 모델),,https://auto.naver.com/bike/lineup.nhn?bikeNo=757,,,
BKM048-0016,BKM048,비모타,,,DBX 1100,16,멀티퍼퍼스,1078,1001cc 이상,가솔린,2013,2013,NV,✅ 네이버만(과거 모델),,https://auto.naver.com/bike/lineup.nhn?bikeNo=769,,,
BKM048-0017,BKM048,비모타,,,테지 3D 네이키드,17,네이키드,1078,1001cc 이상,가솔린,2013,2013,NV,✅ 네이버만(과거 모델),,https://auto.naver.com/bike/lineup.nhn?bikeNo=773,,,
BKM048-0018,BKM048,비모타,,,테지 3D 에보,18,스포츠,1078,1001cc 이상,가솔린,2013,2013,NV,✅ 네이버만(과거 모델),,https://auto.naver.com/bike/lineup.nhn?bikeNo=771,,,
BKM049-0001,BKM049,빅토리,BKM049-G001,알렌,알렌 네스 잭팟,1,크루저,1731,1001cc 이상,가솔린,,,RW,✅ 라이트바겐만,10884,,,,🟡 연료 원천 없음→가솔린 추정
BKM049-0002,BKM049,빅토리,BKM049-G002,거너,거너,2,크루저,1731,1001cc 이상,가솔린,2015,2017,NV,✅ 네이버만(과거 모델),,https://auto.naver.com/bike/lineup.nhn?bikeNo=3345,,,
BKM049-0003,BKM049,빅토리,BKM049-G003,옥테인,옥테인,3,크루저,1179,1001cc 이상,가솔린,2016,2017,RW+NV,✅ RW+NV 일치,11059,https://auto.naver.com/bike/lineup.nhn?bikeNo=3347,,,
BKM049-0004,BKM049,빅토리,BKM049-G004,저지,저지,4,크루저,1731,1001cc 이상,가솔린,2013,2017,RW+NV,✅ RW+NV 일치,11058,https://auto.naver.com/bike/lineup.nhn?bikeNo=3343,,,
BKM049-0005,BKM049,빅토리,BKM049-G005,하이볼,하이볼,5,크루저,1731,1001cc 이상,가솔린,2012,2017,NV,✅ 네이버만(과거 모델),,https://auto.naver.com/bike/lineup.nhn?bikeNo=3344,,,
BKM049-0006,BKM049,빅토리,BKM049-G006,매그넘,매그넘,6,투어러,1731,1001cc 이상,가솔린,2015,2016,NV,✅ 네이버만(과거 모델),,https://auto.naver.com/bike/lineup.nhn?bikeNo=2343,,,
BKM049-0007,BKM049,빅토리,BKM049-G006,매그넘,매그넘 X1,7,투어러,1731,1001cc 이상,가솔린,2015,2016,NV,✅ 네이버만(과거 모델),,https://auto.naver.com/bike/lineup.nhn?bikeNo=2627,,,
BKM049-0008,BKM049,빅토리,BKM049-G007,베가스,베가스,8,크루저,1731,1001cc 이상,가솔린,2012,2016,NV,🟡 유사 후보 확인,,https://auto.naver.com/bike/lineup.nhn?bikeNo=2250,,베가스 잭팟,
BKM049-0009,BKM049,빅토리,BKM049-G007,베가스,베가스 8 볼,9,크루저,1731,1001cc 이상,가솔린,2012,2016,RW+NV,✅ RW+NV 일치,11053,https://auto.naver.com/bike/lineup.nhn?bikeNo=2241,,,
BKM049-0010,BKM049,빅토리,BKM049-G007,베가스,베가스 잭팟,10,크루저,1731,1001cc 이상,가솔린,2012,2016,RW+NV,✅ RW+NV 일치,11054,https://auto.naver.com/bike/lineup.nhn?bikeNo=2339,,,
BKM049-0011,BKM049,빅토리,BKM049-G008,비전,비전,11,투어러,1731,1001cc 이상,가솔린,2016,2016,NV,✅ 네이버만(과거 모델),,https://auto.naver.com/bike/lineup.nhn?bikeNo=7009,,,
BKM049-0012,BKM049,빅토리,BKM049-G009,엠펄스 TT,엠펄스 TT,12,스쿠터,,전기,전기,2016,2016,NV,✅ 네이버만(과거 모델),,https://auto.naver.com/bike/lineup.nhn?bikeNo=2387,,,"🟡 장르 ""전기""→연료 전기로 분리, 장르는 추정"
BKM049-0013,BKM049,빅토리,BKM049-G010,크로스컨트리,크로스컨트리,13,투어러,1731,1001cc 이상,가솔린,2012,2016,NV,🟡 유사 후보 확인,,https://auto.naver.com/bike/lineup.nhn?bikeNo=2242,,크로스컨트리 투어,
BKM049-0014,BKM049,빅토리,BKM049-G010,크로스컨트리,크로스컨트리 8볼,14,투어러,1731,1001cc 이상,가솔린,2016,2016,NV,✅ 네이버만(과거 모델),,https://auto.naver.com/bike/lineup.nhn?bikeNo=2251,,,
BKM049-0015,BKM049,빅토리,BKM049-G010,크로스컨트리,크로스컨트리 투어,15,투어러,1731,1001cc 이상,가솔린,2012,2016,RW+NV,✅ RW+NV 일치,13290,https://auto.naver.com/bike/lineup.nhn?bikeNo=2245,,,
BKM049-0016,BKM049,빅토리,BKM049-G011,헤머,헤머 8 볼,16,크루저,1731,1001cc 이상,가솔린,2012,2016,RW+NV,✅ RW+NV 일치,11065,https://auto.naver.com/bike/lineup.nhn?bikeNo=2337,,,
BKM049-0017,BKM049,빅토리,BKM049-G011,헤머,헤머 S,17,크루저,124,51~125cc,가솔린,2012,2016,RW+NV,✅ RW+NV 일치,11066,https://auto.naver.com/bike/lineup.nhn?bikeNo=2248,,,
BKM049-0018,BKM049,빅토리,BKM049-G008,비전,비전 투어,18,크루저,1731,1001cc 이상,가솔린,2012,2015,RW+NV,✅ RW+NV 일치,11056,https://auto.naver.com/bike/lineup.nhn?bikeNo=1514,,,
BKM049-0019,BKM049,빅토리,BKM049-G012,네스 크로스 컨트리,네스 크로스 컨트리,19,투어러,,,가솔린,2014,2014,NV,✅ 네이버만(과거 모델),,https://auto.naver.com/bike/lineup.nhn?bikeNo=1173,,,🟡 연료 원천 없음→가솔린 추정
BKM049-0020,BKM049,빅토리,BKM049-G013,보드워크,보드워크,20,크루저,1731,1001cc 이상,가솔린,2013,2014,NV,✅ 네이버만(과거 모델),,https://auto.naver.com/bike/lineup.nhn?bikeNo=1181,,,
BKM049-0021,BKM049,빅토리,BKM049-G014,크로스로드,크로스로드 클래식,21,투어러,1731,1001cc 이상,가솔린,2014,2014,NV,✅ 네이버만(과거 모델),,https://auto.naver.com/bike/lineup.nhn?bikeNo=1171,,,
BKM049-0022,BKM049,빅토리,BKM049-G001,알렌,알렌 네스 비전,22,크루저,1731,1001cc 이상,가솔린,2012,2013,RW+NV,✅ RW+NV 일치,11057,https://auto.naver.com/bike/lineup.nhn?bikeNo=639,,,
BKM049-0023,BKM049,빅토리,BKM049-G015,잭네스,잭네스 크로스컨트리,23,투어러,1731,1001cc 이상,가솔린,2013,2013,NV,✅ 네이버만(과거 모델),,https://auto.naver.com/bike/lineup.nhn?bikeNo=647,,,
BKM049-0024,BKM049,빅토리,BKM049-G016,코리네스 크로스컨트리,코리네스 크로스컨트리,24,투어러,1731,1001cc 이상,가솔린,2012,2013,NV,✅ 네이버만(과거 모델),,https://auto.naver.com/bike/lineup.nhn?bikeNo=637,,,
BKM049-0025,BKM049,빅토리,BKM049-G014,크로스로드,크로스로드,25,투어러,1731,1001cc 이상,가솔린,2012,2013,NV,✅ 네이버만(과거 모델),,https://auto.naver.com/bike/lineup.nhn?bikeNo=629,,,
BKM049-0026,BKM049,빅토리,BKM049-G017,하드볼,하드볼,26,크루저,1731,1001cc 이상,가솔린,2013,2013,RW+NV,✅ RW+NV 일치,11063,https://auto.naver.com/bike/lineup.nhn?bikeNo=645,,,
BKM049-0027,BKM049,빅토리,BKM049-G015,잭네스,잭네스 베가스,27,크루저,1731,1001cc 이상,가솔린,2012,2012,NV,✅ 네이버만(과거 모델),,https://auto.naver.com/bike/lineup.nhn?bikeNo=143,,,
BKM049-0028,BKM049,빅토리,BKM049-G014,크로스로드,크로스로드 LE,28,투어러,1731,1001cc 이상,가솔린,2012,2012,NV,✅ 네이버만(과거 모델),,https://auto.naver.com/bike/lineup.nhn?bikeNo=135,,,
BKM049-0029,BKM049,빅토리,BKM049-G018,V92C,V92C,29,크루저,1507,1001cc 이상,가솔린,2000,2000,NV,✅ 네이버만(과거 모델),,https://auto.naver.com/bike/lineup.nhn?bikeNo=5571,,,
BKM049-0030,BKM049,빅토리,BKM049-G008,비전,비전 8 볼,30,크루저,1731,1001cc 이상,가솔린,,,RW,✅ 라이트바겐만,11055,,,,🟡 연료 원천 없음→가솔린 추정
BKM049-0031,BKM049,빅토리,BKM049-G019,코리 네스 잭팟,코리 네스 잭팟,31,크루저,1731,1001cc 이상,가솔린,,,RW,✅ 라이트바겐만,11060,,,,🟡 연료 원천 없음→가솔린 추정
BKM049-0032,BKM049,빅토리,BKM049-G020,킹핀,킹핀,32,크루저,1634,1001cc 이상,가솔린,,,RW,✅ 라이트바겐만,11062,,,,🟡 연료 원천 없음→가솔린 추정
BKM049-0033,BKM049,빅토리,BKM049-G020,킹핀,킹핀 8 볼,33,크루저,1731,1001cc 이상,가솔린,,,RW,✅ 라이트바겐만,11061,,,,🟡 연료 원천 없음→가솔린 추정
BKM049-0034,BKM049,빅토리,BKM049-G011,헤머,헤머,34,크루저,1731,1001cc 이상,가솔린,,,RW,✅ 라이트바겐만,11064,,,,🟡 연료 원천 없음→가솔린 추정
BKM050-0001,BKM050,빅토리아,,,니키 125,1,스쿠터,124,51~125cc,가솔린,,,RW+DN,✅ RW+DN 일치,10800,,14907428,,🟡 연료 원천 없음→가솔린 추정
BKM050-0002,BKM050,빅토리아,,,니키 300,2,스쿠터,278,251~500cc,가솔린,,,RW,✅ 라이트바겐만,10808,,,,🟡 연료 원천 없음→가솔린 추정
BKM050-0003,BKM050,빅토리아,,,비키 125,3,클래식,125,51~125cc,가솔린,,,RW,✅ 라이트바겐만,11067,,,,🟡 연료 원천 없음→가솔린 추정
BKM050-0004,BKM050,빅토리아,,,XDV 300,4,스쿠터,278,251~500cc,가솔린,,,RW,✅ 라이트바겐만,12698,,,,🟡 연료 원천 없음→가솔린 추정
BKM051-0001,BKM051,슈퍼쏘코,,,TC,1,스쿠터,,전기,전기,2022,2022,RW,✅ 라이트바겐만,13060,,,,"🟡 장르 ""전기""→연료 전기로 분리, 장르는 추정"
BKM051-0002,BKM051,슈퍼쏘코,,,TC MAX,2,스쿠터,,전기,전기,2022,2022,RW,✅ 라이트바겐만,13105,,,,"🟡 장르 ""전기""→연료 전기로 분리, 장르는 추정"
BKM052-0001,BKM052,스코마디,,,TL 125,1,스쿠터,124,51~125cc,가솔린,,,RW,✅ 라이트바겐만,9891,,,,🟡 연료 원천 없음→가솔린 추정
BKM053-0001,BKM053,아이휠,,,미니쿠 듀얼 울트라,1,스쿠터,,전기,전기,,,RW,✅ 라이트바겐만,13280,,,,"🟡 장르 ""전기""→연료 전기로 분리, 장르는 추정"
BKM054-0001,BKM054,아치,,,1s,1,네이키드,2032,1001cc 이상,가솔린,2017,2017,NV,✅ 네이버만(과거 모델),,https://auto.naver.com/bike/lineup.nhn?bikeNo=5531,,,
BKM054-0002,BKM054,아치,,,메소드 143,2,네이키드,2302,1001cc 이상,가솔린,2017,2017,NV,✅ 네이버만(과거 모델),,https://auto.naver.com/bike/lineup.nhn?bikeNo=5535,,,
BKM054-0003,BKM054,아치,,,KRGT-1,3,네이키드,2032,1001cc 이상,가솔린,2014,2014,NV,✅ 네이버만(과거 모델),,https://auto.naver.com/bike/lineup.nhn?bikeNo=5533,,,
BKM055-0001,BKM055,아프릴리아,BKM055-G001,RS,RS 660,1,네이키드,659,501~1000cc,가솔린,2021,2021,RW+NV,✅ RW+NV 일치,10874,https://auto.naver.com/bike/lineup.nhn?bikeNo=7361,,,
BKM055-0002,BKM055,아프릴리아,BKM055-G002,SRV 850,SRV 850,2,스쿠터,839,501~1000cc,가솔린,2013,2015,RW+NV,✅ RW+NV 일치,9550,https://auto.naver.com/bike/lineup.nhn?bikeNo=1925,,,
BKM055-0003,BKM055,아프릴리아,BKM055-G001,RS,RS 125,3,스포츠,124,51~125cc,가솔린,2017,2017,RW+NV,✅ RW+NV 일치,10932,https://auto.naver.com/bike/lineup.nhn?bikeNo=3077,,,
BKM055-0004,BKM055,아프릴리아,BKM055-G003,SR GT,SR GT 125,4,스쿠터,124,51~125cc,가솔린,,,RW,✅ 라이트바겐만,10875,,,,🟡 연료 원천 없음→가솔린 추정
BKM055-0005,BKM055,아프릴리아,BKM055-G001,RS,RS4 125,5,스포츠,124,51~125cc,가솔린,2014,2015,RW+NV,✅ RW+NV 일치,10981,https://auto.naver.com/bike/lineup.nhn?bikeNo=1942,,,
BKM055-0006,BKM055,아프릴리아,BKM055-G004,마나 850,마나 850,6,네이키드,839,501~1000cc,가솔린,2009,2009,RW+NV,✅ RW+NV 일치,9559,https://auto.naver.com/bike/lineup.nhn?bikeNo=5865,,,
BKM055-0007,BKM055,아프릴리아,BKM055-G005,RSV,RSV 4 RF,7,스포츠,999,501~1000cc,가솔린,2015,2017,RW+NV,✅ RW+NV 일치,9536,https://auto.naver.com/bike/lineup.nhn?bikeNo=3067,,,
BKM055-0008,BKM055,아프릴리아,BKM055-G003,SR GT,SR GT 125 S,8,스쿠터,124,51~125cc,가솔린,,,RW,✅ 라이트바겐만,11073,,,,🟡 연료 원천 없음→가솔린 추정
BKM055-0009,BKM055,아프릴리아,BKM055-G006,쉬버,쉬버 900,9,네이키드,896,501~1000cc,가솔린,2017,2019,RW+NV,✅ RW+NV 일치,9566,https://auto.naver.com/bike/lineup.nhn?bikeNo=4915,,,
BKM055-0010,BKM055,아프릴리아,BKM055-G005,RSV,RSV 4 RR,10,스포츠,999,501~1000cc,가솔린,2015,2019,RW+NV,✅ RW+NV 일치,9537,https://auto.naver.com/bike/lineup.nhn?bikeNo=4909,,,
BKM055-0011,BKM055,아프릴리아,BKM055-G007,SR 모타드,SR 모타드 125,11,스쿠터,124,51~125cc,가솔린,2014,2015,RW+NV,✅ RW+NV 일치,9549,https://auto.naver.com/bike/lineup.nhn?bikeNo=1929,,,
BKM055-0012,BKM055,아프릴리아,BKM055-G005,RSV,RSV 4 R,12,스포츠,999,501~1000cc,가솔린,2014,2014,RW+NV,✅ RW+NV 일치,9533,https://auto.naver.com/bike/lineup.nhn?bikeNo=945,,,
BKM055-0013,BKM055,아프릴리아,BKM055-G005,RSV,RSV 1000 R,13,스포츠,997,501~1000cc,가솔린,,,RW,✅ 라이트바겐만,9532,,,,🟡 연료 원천 없음→가솔린 추정
BKM055-0014,BKM055,아프릴리아,BKM055-G008,RX,RX 125,14,오프로드,124,51~125cc,가솔린,,,RW,✅ 라이트바겐만,10934,,,,🟡 연료 원천 없음→가솔린 추정
BKM055-0015,BKM055,아프릴리아,BKM055-G009,투오노,투오노 V 4 1100 팩토리,15,네이키드,1077,1001cc 이상,가솔린,2015,2019,RW+NV,✅ RW+NV 일치,9587,https://auto.naver.com/bike/lineup.nhn?bikeNo=4919,,,
BKM055-0016,BKM055,아프릴리아,BKM055-G010,도루소두로,도루소두로 1200,16,오프로드,1197,1001cc 이상,가솔린,2013,2015,RW+NV,✅ RW+NV 일치,9554,https://auto.naver.com/bike/lineup.nhn?bikeNo=1936,,,
BKM055-0017,BKM055,아프릴리아,BKM055-G011,투아렉 660,투아렉 660,17,멀티퍼퍼스,659,501~1000cc,가솔린,2022,2022,RW,✅ 라이트바겐만,13307,,,,🟡 연료 원천 없음→가솔린 추정
BKM055-0018,BKM055,아프릴리아,BKM055-G009,투오노,투오노 V4 X,18,네이키드,1077,1001cc 이상,가솔린,2021,2021,NV,✅ 네이버만(과거 모델),,https://auto.naver.com/bike/lineup.nhn?bikeNo=7363,,,
BKM055-0019,BKM055,아프릴리아,BKM055-G005,RSV,RSV4 X,19,스포츠,1100,1001cc 이상,가솔린,2020,2020,NV,🟡 유사 후보 확인,,https://auto.naver.com/bike/lineup.nhn?bikeNo=5377,,RSV 4 R,
BKM055-0020,BKM055,아프릴리아,BKM055-G005,RSV,RSV4 팩토리,20,스포츠,1077,1001cc 이상,가솔린,2014,2019,NV,✅ 네이버만(과거 모델),,https://auto.naver.com/bike/lineup.nhn?bikeNo=5939,,,
BKM055-0021,BKM055,아프릴리아,BKM055-G012,SX 50,SX 50,21,오프로드,50,50cc 이하,가솔린,2014,2019,NV,✅ 네이버만(과거 모델),,https://auto.naver.com/bike/lineup.nhn?bikeNo=4913,,,
BKM055-0022,BKM055,아프릴리아,BKM055-G009,투오노,투오노 V4 1100 RR,22,네이키드,1077,1001cc 이상,가솔린,2015,2019,NV,✅ 네이버만(과거 모델),,https://auto.naver.com/bike/lineup.nhn?bikeNo=5103,,,
BKM055-0023,BKM055,아프릴리아,BKM055-G009,투오노,투오노 V4 RR,23,네이키드,1077,1001cc 이상,가솔린,2019,2019,NV,✅ 네이버만(과거 모델),,https://auto.naver.com/bike/lineup.nhn?bikeNo=4923,,,
BKM055-0024,BKM055,아프릴리아,BKM055-G013,도르소두로 900,도르소두로 900,24,오프로드,896.1,501~1000cc,가솔린,2017,2017,NV,✅ 네이버만(과거 모델),,https://auto.naver.com/bike/lineup.nhn?bikeNo=3177,,,
BKM055-0025,BKM055,아프릴리아,BKM055-G009,투오노,투오노 125,25,네이키드,124,51~125cc,가솔린,2017,2017,NV,✅ 네이버만(과거 모델),,https://auto.naver.com/bike/lineup.nhn?bikeNo=3079,,,
BKM055-0026,BKM055,아프릴리아,BKM055-G005,RSV,RSV4 R-FW,26,스포츠,999.6,501~1000cc,가솔린,2016,2016,NV,🟡 유사 후보 확인,,https://auto.naver.com/bike/lineup.nhn?bikeNo=2389,,RSV 4 RF / RSV 4 R,
BKM055-0027,BKM055,아프릴리아,BKM055-G014,SR,SR 50R,27,스쿠터,49,50cc 이하,가솔린,2014,2016,NV,✅ 네이버만(과거 모델),,https://auto.naver.com/bike/lineup.nhn?bikeNo=2631,,,
BKM055-0028,BKM055,아프릴리아,BKM055-G007,SR 모타드,SR모타드 50,28,스쿠터,49,50cc 이하,가솔린,2016,2016,NV,🟡 유사 후보 확인,,https://auto.naver.com/bike/lineup.nhn?bikeNo=2635,,SR 모타드 125,
BKM055-0029,BKM055,아프릴리아,BKM055-G001,RS,RS4 50,29,스포츠,49.9,50cc 이하,가솔린,2014,2015,NV,✅ 네이버만(과거 모델),,https://auto.naver.com/bike/lineup.nhn?bikeNo=1701,,,
BKM055-0030,BKM055,아프릴리아,BKM055-G005,RSV,RSV4 RR 레이스 팩,30,스포츠,999.6,501~1000cc,가솔린,2015,2015,NV,🟡 유사 후보 확인,,https://auto.naver.com/bike/lineup.nhn?bikeNo=1931,,RSV 4 R / RSV 4 RR,
BKM055-0031,BKM055,아프릴리아,BKM055-G014,SR,SR MAX,31,스쿠터,278,251~500cc,가솔린,2014,2015,NV,✅ 네이버만(과거 모델),,https://auto.naver.com/bike/lineup.nhn?bikeNo=1927,,,
BKM055-0032,BKM055,아프릴리아,BKM055-G010,도루소두로,도루소두로 750,32,오프로드,749,501~1000cc,가솔린,2015,2015,RW+NV,✅ RW+NV 일치,10938,https://auto.naver.com/bike/lineup.nhn?bikeNo=2839,,,
BKM055-0033,BKM055,아프릴리아,BKM055-G006,쉬버,쉬버 750,33,네이키드,749,501~1000cc,가솔린,2012,2015,RW+NV,✅ RW+NV 일치,10937,https://auto.naver.com/bike/lineup.nhn?bikeNo=1937,,,
BKM055-0034,BKM055,아프릴리아,BKM055-G015,스카라베오,스카라베오 200 ie,34,스쿠터,180,126~250cc,가솔린,2015,2015,RW+NV,✅ RW+NV 일치,9569,https://auto.naver.com/bike/lineup.nhn?bikeNo=1992,,,
BKM055-0035,BKM055,아프릴리아,BKM055-G015,스카라베오,스카라베오 50 2T,35,스쿠터,49.4,50cc 이하,가솔린,2015,2015,NV,✅ 네이버만(과거 모델),,https://auto.naver.com/bike/lineup.nhn?bikeNo=1993,,,
BKM055-0036,BKM055,아프릴리아,BKM055-G016,카포노드 1200,카포노드 1200,36,멀티퍼퍼스,1197,1001cc 이상,가솔린,2013,2015,RW+NV,✅ RW+NV 일치,9579,https://auto.naver.com/bike/lineup.nhn?bikeNo=1943,,,
BKM055-0037,BKM055,아프릴리아,BKM055-G017,카포노르드 1200 랠리,카포노르드 1200 랠리,37,멀티퍼퍼스,1197,1001cc 이상,가솔린,2015,2015,NV,🟡 유사 후보 확인,,https://auto.naver.com/bike/lineup.nhn?bikeNo=1935,,카포노드 1200,
BKM055-0038,BKM055,아프릴리아,BKM055-G008,RX,RX 50,38,오프로드,49.9,50cc 이하,가솔린,2014,2014,NV,✅ 네이버만(과거 모델),,https://auto.naver.com/bike/lineup.nhn?bikeNo=1345,,,🟡 연료 원천 없음→가솔린 추정
BKM055-0039,BKM055,아프릴리아,BKM055-G009,투오노,투오노 V4 R,39,네이키드,,,가솔린,2014,2014,NV,✅ 네이버만(과거 모델),,https://auto.naver.com/bike/lineup.nhn?bikeNo=947,,,
BKM055-0040,BKM055,아프릴리아,BKM055-G005,RSV,RSV4,40,스포츠,999.6,501~1000cc,가솔린,2013,2013,NV,🟡 유사 후보 확인,,https://auto.naver.com/bike/lineup.nhn?bikeNo=677,,RSV 4 R / RSV 4 RR / RSV 4 RF,
BKM055-0041,BKM055,아프릴리아,BKM055-G005,RSV,RSV4 팩토리 SBK,41,스포츠,999,501~1000cc,가솔린,2013,2013,NV,✅ 네이버만(과거 모델),,https://auto.naver.com/bike/lineup.nhn?bikeNo=1333,,,
BKM055-0042,BKM055,아프릴리아,BKM055-G009,투오노,투오노 V4 R APRC,42,네이키드,,,가솔린,2013,2013,NV,✅ 네이버만(과거 모델),,https://auto.naver.com/bike/lineup.nhn?bikeNo=673,,,
BKM055-0043,BKM055,아프릴리아,BKM055-G005,RSV,RSV4 팩토리 APRC SE,43,스포츠,999,501~1000cc,가솔린,2012,2012,NV,✅ 네이버만(과거 모델),,https://auto.naver.com/bike/lineup.nhn?bikeNo=168,,,
BKM055-0044,BKM055,아프릴리아,BKM055-G005,RSV,RSV 4 R APRC,44,스포츠,999,501~1000cc,가솔린,,,RW,✅ 라이트바겐만,9534,,,,🟡 연료 원천 없음→가솔린 추정
BKM055-0045,BKM055,아프릴리아,BKM055-G018,SL 1000 팔코,SL 1000 팔코,45,스포츠,997,501~1000cc,가솔린,,,RW,✅ 라이트바겐만,9544,,,,🟡 연료 원천 없음→가솔린 추정
BKM055-0046,BKM055,아프릴리아,BKM055-G023,SR GT 레플리카 125,SR GT 레플리카 125,46,스쿠터,125,51~125cc,가솔린,,,DN,🟡 유사 후보 확인,,,108462869,SR GT 125 / SR GT 125 S,🟡 다나와에만 있음(현행 판매) · 🟡 같은 모델일 수 있음: SR GT 125 / SR GT 125 S · 🟡 모델그룹 없음→모델명으로 그룹 생성
BKM055-0047,BKM055,아프릴리아,BKM055-G019,SR MAX,SR MAX 125,47,스쿠터,124,51~125cc,가솔린,,,RW,✅ 라이트바겐만,9547,,,,🟡 연료 원천 없음→가솔린 추정
BKM055-0048,BKM055,아프릴리아,BKM055-G019,SR MAX,SR MAX 300,48,스쿠터,278,251~500cc,가솔린,,,RW,✅ 라이트바겐만,9548,,,,🟡 연료 원천 없음→가솔린 추정
BKM055-0049,BKM055,아프릴리아,BKM055-G020,스포츠씨티 큐브 300,스포츠씨티 큐브 300,49,스쿠터,278,251~500cc,가솔린,,,RW,✅ 라이트바겐만,9574,,,,🟡 연료 원천 없음→가솔린 추정
BKM055-0050,BKM055,아프릴리아,BKM055-G021,아틀란틱 300,아틀란틱 300,50,스쿠터,278,251~500cc,가솔린,,,RW+DN,✅ RW+DN 일치,9577,,14845574,,🟡 연료 원천 없음→가솔린 추정
BKM055-0051,BKM055,아프릴리아,BKM055-G009,투오노,투오노 660,51,네이키드,660,501~1000cc,가솔린,,,RW,✅ 라이트바겐만,13239,,,,🟡 연료 원천 없음→가솔린 추정
BKM055-0052,BKM055,아프릴리아,BKM055-G022,하바나 50,하바나 50,52,스쿠터,49,50cc 이하,가솔린,,,RW,✅ 라이트바겐만,9589,,,,🟡 연료 원천 없음→가솔린 추정
BKM056-0001,BKM056,에릭,,,고비 125,1,스쿠터,125,51~125cc,가솔린,,,RW,✅ 라이트바겐만,13292,,,,🟡 연료 원천 없음→가솔린 추정
BKM056-0002,BKM056,에릭,,,젬마 125,2,스쿠터,117,51~125cc,가솔린,,,RW,✅ 라이트바겐만,13054,,,,🟡 연료 원천 없음→가솔린 추정
BKM057-0001,BKM057,엘로이모터스,,,팬텀 125 S,1,네이키드,125,51~125cc,가솔린,,,RW,✅ 라이트바겐만,10774,,,,🟡 연료 원천 없음→가솔린 추정
BKM057-0002,BKM057,엘로이모터스,,,헌터 125 S,2,네이키드,125,51~125cc,가솔린,,,RW,✅ 라이트바겐만,10775,,,,🟡 연료 원천 없음→가솔린 추정
BKM057-0003,BKM057,엘로이모터스,,,트랙커 125 R,3,네이키드,125,51~125cc,가솔린,,,RW,✅ 라이트바겐만,10773,,,,🟡 연료 원천 없음→가솔린 추정
BKM057-0004,BKM057,엘로이모터스,,,이모션,4,스쿠터,49,50cc 이하,가솔린,,,RW,✅ 라이트바겐만,10772,,,,🟡 연료 원천 없음→가솔린 추정
BKM057-0005,BKM057,엘로이모터스,,,헌터 125,5,클래식,,,가솔린,,,RW,✅ 라이트바겐만,13232,,,,🟡 연료 원천 없음→가솔린 추정
BKM058-0001,BKM058,와코모터스,,,E7S,1,스쿠터,,,가솔린,,,RW,✅ 라이트바겐만,13298,,,,🟡 연료 원천 없음→가솔린 추정
BKM058-0002,BKM058,와코모터스,,,X 10,2,스쿠터,,전기,전기,,,RW,✅ 라이트바겐만,13230,,,,"🟡 장르 ""전기""→연료 전기로 분리, 장르는 추정"
BKM059-0001,BKM059,우랄,,,CT,1,삼륜,749,501~1000cc,가솔린,2015,2020,NV,✅ 네이버만(과거 모델),,https://auto.naver.com/bike/lineup.nhn?bikeNo=6103,,,
BKM059-0002,BKM059,우랄,,,기어업,2,삼륜,749,501~1000cc,가솔린,2015,2020,NV,✅ 네이버만(과거 모델),,https://auto.naver.com/bike/lineup.nhn?bikeNo=6101,,,
BKM059-0003,BKM059,우랄,,,레트로,3,삼륜,749,501~1000cc,가솔린,2013,2013,NV,✅ 네이버만(과거 모델),,https://auto.naver.com/bike/lineup.nhn?bikeNo=6093,,,
BKM059-0004,BKM059,우랄,,,솔로,4,크루저,745,501~1000cc,가솔린,2013,2013,NV,✅ 네이버만(과거 모델),,https://auto.naver.com/bike/lineup.nhn?bikeNo=6095,,,
BKM059-0005,BKM059,우랄,,,울프,5,크루저,749,501~1000cc,가솔린,2007,2007,NV,✅ 네이버만(과거 모델),,https://auto.naver.com/bike/lineup.nhn?bikeNo=6091,,,
BKM059-0006,BKM059,우랄,,,M-72,6,삼륜,746,501~1000cc,가솔린,1942,1942,NV,✅ 네이버만(과거 모델),,https://auto.naver.com/bike/lineup.nhn?bikeNo=6089,,,
BKM059-0007,BKM059,우랄,,,URAL RETRO,7,삼륜,749,501~1000cc,가솔린,,,RW,✅ 라이트바겐만,13246,,,,🟡 연료 원천 없음→가솔린 추정
BKM060-0001,BKM060,이누리,,,OK1 KooRoo Pro,1,스쿠터,,전기,전기,,,RW,✅ 라이트바겐만,13271,,,,"🟡 장르 ""전기""→연료 전기로 분리, 장르는 추정"
BKM061-0001,BKM061,이지베이션,,,BS 슬릭 팻바이크,1,스쿠터,,전기,전기,,,RW,✅ 라이트바겐만,13268,,,,"🟡 장르 ""전기""→연료 전기로 분리, 장르는 추정"
BKM061-0002,BKM061,이지베이션,,,타우러스 ES,2,스쿠터,,전기,전기,,,RW,✅ 라이트바겐만,13145,,,,"🟡 장르 ""전기""→연료 전기로 분리, 장르는 추정"
BKM062-0001,BKM062,이쿠터,,,E1S,1,스쿠터,,전기,전기,,,RW,✅ 라이트바겐만,13123,,,,"🟡 장르 ""전기""→연료 전기로 분리, 장르는 추정"
BKM062-0002,BKM062,이쿠터,,,E2,2,스쿠터,,전기,전기,,,RW,✅ 라이트바겐만,13216,,,,"🟡 장르 ""전기""→연료 전기로 분리, 장르는 추정"
BKM063-0001,BKM063,이탈젯,BKM063-G001,그리폰,그리폰 125,1,클래식,124,51~125cc,가솔린,2017,2018,RW+NV+DN,✅ RW+NV+DN 일치,9894,https://auto.naver.com/bike/lineup.nhn?bikeNo=5951,13303025,,
BKM063-0002,BKM063,이탈젯,BKM063-G001,그리폰,그리폰 400,2,네이키드,400,251~500cc,가솔린,2017,2017,RW+NV,✅ RW+NV 일치,9895,https://auto.naver.com/bike/lineup.nhn?bikeNo=5953,,,
BKM063-0003,BKM063,이탈젯,BKM063-G002,필그림,필그림 SP,3,스쿠터,108,51~125cc,가솔린,,,RW,✅ 라이트바겐만,9914,,,,🟡 연료 원천 없음→가솔린 추정
BKM063-0004,BKM063,이탈젯,BKM063-G003,네오,네오 125,4,스쿠터,124,51~125cc,가솔린,2014,2015,RW+NV,✅ RW+NV 일치,9896,https://auto.naver.com/bike/lineup.nhn?bikeNo=1851,,,
BKM063-0005,BKM063,이탈젯,BKM063-G002,필그림,필그림 125 에볼루션,5,스쿠터,123,51~125cc,가솔린,,,RW,✅ 라이트바겐만,9913,,,,🟡 연료 원천 없음→가솔린 추정
BKM063-0006,BKM063,이탈젯,BKM063-G004,드랙스터,드랙스터 125,6,스쿠터,124,51~125cc,가솔린,2019,2019,RW+NV,✅ RW+NV 일치,9899,https://auto.naver.com/bike/lineup.nhn?bikeNo=5955,,,
BKM063-0007,BKM063,이탈젯,BKM063-G004,드랙스터,드랙스터 200 ABS,7,스쿠터,200,126~250cc,가솔린,2019,2019,RW+NV,✅ RW+NV 일치,11084,https://auto.naver.com/bike/lineup.nhn?bikeNo=5957,,,
BKM063-0008,BKM063,이탈젯,BKM063-G005,포뮬라 125,포뮬라 125,8,스쿠터,124,51~125cc,가솔린,2016,2016,RW+NV,✅ RW+NV 일치,9906,https://auto.naver.com/bike/lineup.nhn?bikeNo=5947,,,
BKM063-0009,BKM063,이탈젯,BKM063-G002,필그림,필그림 125 EVO,9,스쿠터,124,51~125cc,가솔린,2016,2016,RW+NV,✅ RW+NV 일치,9911,https://auto.naver.com/bike/lineup.nhn?bikeNo=5949,,,
BKM063-0010,BKM063,이탈젯,BKM063-G006,벨로시페로,벨로시페로,10,스쿠터,124.6,51~125cc,가솔린,2013,2015,NV,✅ 네이버만(과거 모델),,https://auto.naver.com/bike/lineup.nhn?bikeNo=1855,,,
BKM063-0011,BKM063,이탈젯,BKM063-G007,엔틱,엔틱,11,스쿠터,124,51~125cc,가솔린,2013,2015,NV,✅ 네이버만(과거 모델),,https://auto.naver.com/bike/lineup.nhn?bikeNo=1922,,,
BKM063-0012,BKM063,이탈젯,BKM063-G008,폭스,폭스100,12,스쿠터,102,51~125cc,가솔린,2012,2015,NV,✅ 네이버만(과거 모델),,https://auto.naver.com/bike/lineup.nhn?bikeNo=1853,,,
BKM063-0013,BKM063,이탈젯,BKM063-G002,필그림,필그림 125 i,13,스쿠터,124,51~125cc,가솔린,2014,2014,RW+NV,✅ RW+NV 일치,9912,https://auto.naver.com/bike/lineup.nhn?bikeNo=5945,,,
BKM063-0014,BKM063,이탈젯,BKM063-G003,네오,네오,14,스쿠터,124,51~125cc,가솔린,2013,2013,NV,✅ 네이버만(과거 모델),,https://auto.naver.com/bike/lineup.nhn?bikeNo=381,,,
BKM063-0015,BKM063,이탈젯,BKM063-G003,네오,네오 모터,15,스쿠터,,전기,전기,2013,2013,NV,✅ 네이버만(과거 모델),,https://auto.naver.com/bike/lineup.nhn?bikeNo=386,,,"🟡 장르 ""전기""→연료 전기로 분리, 장르는 추정"
BKM063-0016,BKM063,이탈젯,BKM063-G006,벨로시페로,벨로시페로 모터,16,스쿠터,,전기,전기,2013,2013,NV,✅ 네이버만(과거 모델),,https://auto.naver.com/bike/lineup.nhn?bikeNo=387,,,"🟡 장르 ""전기""→연료 전기로 분리, 장르는 추정"
BKM063-0017,BKM063,이탈젯,BKM063-G007,엔틱,엔틱 모터,17,스쿠터,,전기,전기,2013,2013,NV,✅ 네이버만(과거 모델),,https://auto.naver.com/bike/lineup.nhn?bikeNo=6669,,,"🟡 장르 ""전기""→연료 전기로 분리, 장르는 추정"
BKM063-0018,BKM063,이탈젯,BKM063-G009,테슬러 모터,테슬러 모터,18,스쿠터,,전기,전기,2013,2013,NV,✅ 네이버만(과거 모델),,https://auto.naver.com/bike/lineup.nhn?bikeNo=385,,,"🟡 장르 ""전기""→연료 전기로 분리, 장르는 추정"
BKM063-0019,BKM063,이탈젯,BKM063-G008,폭스,폭스50,19,스쿠터,49,50cc 이하,가솔린,2013,2013,NV,✅ 네이버만(과거 모델),,https://auto.naver.com/bike/lineup.nhn?bikeNo=379,,,
BKM063-0020,BKM063,이탈젯,BKM063-G010,데이토나 350 i,데이토나 350 i,20,크루저,320,251~500cc,가솔린,,,RW,✅ 라이트바겐만,9898,,,,🟡 연료 원천 없음→가솔린 추정
BKM063-0021,BKM063,이탈젯,BKM063-G004,드랙스터,드랙스터 50,21,스쿠터,49,50cc 이하,가솔린,,,RW,✅ 라이트바겐만,9901,,,,🟡 연료 원천 없음→가솔린 추정
BKM064-0001,BKM064,인디언모터사이클,BKM064-G001,스카우트,스카우트 바버,1,크루저,1868,1001cc 이상,가솔린,2018,2025,RW+NV,✅ RW+NV 일치,10697,https://auto.naver.com/bike/lineup.nhn?bikeNo=7035,,,
BKM064-0002,BKM064,인디언모터사이클,BKM064-G002,치프,치프 빈티지,2,크루저,1811,1001cc 이상,가솔린,2012,2020,RW+NV,✅ RW+NV 일치,10708,https://auto.naver.com/bike/lineup.nhn?bikeNo=5311,,,
BKM064-0003,BKM064,인디언모터사이클,BKM064-G003,FTR,FTR 1200,3,네이키드,1203,1001cc 이상,가솔린,,,RW,✅ 라이트바겐만,10693,,,,🟡 연료 원천 없음→가솔린 추정
BKM064-0004,BKM064,인디언모터사이클,BKM064-G002,치프,치프 다크 호스,4,크루저,1890,1001cc 이상,가솔린,2013,2025,RW+NV,✅ RW+NV 일치,10702,https://auto.naver.com/bike/lineup.nhn?bikeNo=5493,,,
BKM064-0005,BKM064,인디언모터사이클,BKM064-G003,FTR,FTR 1200 S,5,네이키드,1203,1001cc 이상,가솔린,,,RW,✅ 라이트바겐만,10694,,,,
BKM064-0006,BKM064,인디언모터사이클,BKM064-G002,치프,치프 바버,6,크루저,1890,1001cc 이상,가솔린,,,RW,✅ 라이트바겐만,10705,,,,🟡 연료 원천 없음→가솔린 추정
BKM064-0007,BKM064,인디언모터사이클,BKM064-G001,스카우트,스카우트 식스티,7,크루저,999,501~1000cc,가솔린,2016,2020,RW+NV,✅ RW+NV 일치,10699,https://auto.naver.com/bike/lineup.nhn?bikeNo=7029,,,
BKM064-0008,BKM064,인디언모터사이클,BKM064-G004,스프링필드,스프링필드,8,크루저,1890,1001cc 이상,가솔린,2016,2020,RW+NV,✅ RW+NV 일치,10700,https://auto.naver.com/bike/lineup.nhn?bikeNo=5491,,,
BKM064-0009,BKM064,인디언모터사이클,BKM064-G001,스카우트,101 스카우트,9,크루저,1250,1001cc 이상,가솔린,2025,2025,RW,✅ 라이트바겐만,13194,,,,
BKM064-0010,BKM064,인디언모터사이클,BKM064-G001,스카우트,스카우트 클래식,10,크루저,1250,1001cc 이상,가솔린,2025,2025,RW,✅ 라이트바겐만,13196,,,,
BKM064-0011,BKM064,인디언모터사이클,BKM064-G005,스포츠,스포츠 스카우트,11,크루저,1250,1001cc 이상,가솔린,2025,2025,RW,✅ 라이트바겐만,13195,,,,
BKM064-0012,BKM064,인디언모터사이클,BKM064-G002,치프,치프 바버 다크 호스,12,크루저,1890,1001cc 이상,가솔린,2025,2025,RW,✅ 라이트바겐만,13197,,,,
BKM064-0013,BKM064,인디언모터사이클,BKM064-G006,슈퍼 치프 리미티드,슈퍼 치프 리미티드,13,크루저,1890,1001cc 이상,가솔린,2024,2024,RW,✅ 라이트바겐만,13199,,,,
BKM064-0014,BKM064,인디언모터사이클,BKM064-G005,스포츠,스포츠 치프,14,크루저,1890,1001cc 이상,가솔린,2024,2024,RW,✅ 라이트바겐만,13198,,,,
BKM064-0015,BKM064,인디언모터사이클,BKM064-G003,FTR,FTR 랠리,15,네이키드,1203,1001cc 이상,가솔린,2020,2020,NV,✅ 네이버만(과거 모델),,https://auto.naver.com/bike/lineup.nhn?bikeNo=7353,,,
BKM064-0016,BKM064,인디언모터사이클,BKM064-G003,FTR,FTR 카본,16,네이키드,1203,1001cc 이상,가솔린,2020,2020,NV,✅ 네이버만(과거 모델),,https://auto.naver.com/bike/lineup.nhn?bikeNo=7354,,,
BKM064-0017,BKM064,인디언모터사이클,BKM064-G007,로드마스터,로드마스터 다크호스,17,투어러,1901,1001cc 이상,가솔린,2020,2020,NV,✅ 네이버만(과거 모델),,https://auto.naver.com/bike/lineup.nhn?bikeNo=7017,,,
BKM064-0018,BKM064,인디언모터사이클,BKM064-G001,스카우트,스카우트 100th 애니버서리,18,크루저,1133,1001cc 이상,가솔린,2020,2020,NV,✅ 네이버만(과거 모델),,https://auto.naver.com/bike/lineup.nhn?bikeNo=5299,,,
BKM064-0019,BKM064,인디언모터사이클,BKM064-G001,스카우트,스카우트 ABS,19,크루저,1133,1001cc 이상,가솔린,2015,2020,RW+NV,✅ RW+NV 일치,10696,https://auto.naver.com/bike/lineup.nhn?bikeNo=5303,,,
BKM064-0020,BKM064,인디언모터사이클,BKM064-G001,스카우트,스카우트 바버 식스티,20,크루저,999,501~1000cc,가솔린,2020,2020,NV,🟡 유사 후보 확인,,https://auto.naver.com/bike/lineup.nhn?bikeNo=7019,,스카우트 식스티 / 스카우트 바버 / 스카우트 ABS,
BKM064-0021,BKM064,인디언모터사이클,BKM064-G001,스카우트,스카우트 바버 트웬티,21,크루저,1133,1001cc 이상,가솔린,2020,2020,RW+NV,✅ RW+NV 일치,10698,https://auto.naver.com/bike/lineup.nhn?bikeNo=7181,,,
BKM064-0022,BKM064,인디언모터사이클,BKM064-G004,스프링필드,스프링필드 다크호스,22,크루저,1901,1001cc 이상,가솔린,2018,2020,NV,🟡 유사 후보 확인,,https://auto.naver.com/bike/lineup.nhn?bikeNo=7043,,스프링필드,
BKM064-0023,BKM064,인디언모터사이클,BKM064-G008,챌린저,챌린저,23,크루저,1768,1001cc 이상,가솔린,2020,2020,RW+NV,✅ RW+NV 일치,10701,https://auto.naver.com/bike/lineup.nhn?bikeNo=5639,,,
BKM064-0024,BKM064,인디언모터사이클,BKM064-G008,챌린저,챌린저 리미티드,24,투어러,1768,1001cc 이상,가솔린,2020,2020,NV,🟡 유사 후보 확인,,https://auto.naver.com/bike/lineup.nhn?bikeNo=5641,,챌린저,
BKM064-0025,BKM064,인디언모터사이클,BKM064-G002,치프,치프,25,크루저,1811,1001cc 이상,가솔린,2018,2020,NV,✅ 네이버만(과거 모델),,https://auto.naver.com/bike/lineup.nhn?bikeNo=7047,,,
BKM064-0026,BKM064,인디언모터사이클,BKM064-G002,치프,치프 로드마스터,26,투어러,1901,1001cc 이상,가솔린,2015,2020,RW+NV,✅ RW+NV 일치,10704,https://auto.naver.com/bike/lineup.nhn?bikeNo=5305,,,
BKM064-0027,BKM064,인디언모터사이클,BKM064-G009,치프테인,치프테인,27,크루저,1811,1001cc 이상,가솔린,2016,2020,RW+NV,✅ RW+NV 일치,10966,https://auto.naver.com/bike/lineup.nhn?bikeNo=5317,,,
BKM064-0028,BKM064,인디언모터사이클,BKM064-G009,치프테인,치프테인 다크호스,28,크루저,1901,1001cc 이상,가솔린,2017,2020,NV,🟡 유사 후보 확인,,https://auto.naver.com/bike/lineup.nhn?bikeNo=5313,,치프 다크 호스 / 치프테인,
BKM064-0029,BKM064,인디언모터사이클,BKM064-G009,치프테인,치프테인 리미티드,29,크루저,1901,1001cc 이상,가솔린,2018,2020,NV,🟡 유사 후보 확인,,https://auto.naver.com/bike/lineup.nhn?bikeNo=5315,,치프테인,
BKM064-0030,BKM064,인디언모터사이클,BKM064-G003,FTR,FTR,30,네이키드,1203,1001cc 이상,가솔린,2019,2019,NV,✅ 네이버만(과거 모델),,https://auto.naver.com/bike/lineup.nhn?bikeNo=4633,,,
BKM064-0031,BKM064,인디언모터사이클,BKM064-G003,FTR,FTR S,31,네이키드,1203,1001cc 이상,가솔린,2019,2019,NV,✅ 네이버만(과거 모델),,https://auto.naver.com/bike/lineup.nhn?bikeNo=7061,,,
BKM064-0032,BKM064,인디언모터사이클,BKM064-G009,치프테인,치프테인 클래식,32,크루저,1811,1001cc 이상,가솔린,2018,2019,NV,🟡 유사 후보 확인,,https://auto.naver.com/bike/lineup.nhn?bikeNo=4652,,치프 클래식 / 치프테인,
BKM064-0033,BKM064,인디언모터사이클,BKM064-G007,로드마스터,로드마스터 엘리트,33,투어러,1811,1001cc 이상,가솔린,2018,2018,NV,✅ 네이버만(과거 모델),,https://auto.naver.com/bike/lineup.nhn?bikeNo=7015,,,
BKM064-0034,BKM064,인디언모터사이클,BKM064-G007,로드마스터,로드마스터 클래식,34,투어러,1811,1001cc 이상,가솔린,2017,2018,NV,✅ 네이버만(과거 모델),,https://auto.naver.com/bike/lineup.nhn?bikeNo=7013,,,
BKM064-0035,BKM064,인디언모터사이클,BKM064-G002,치프,치프 클래식,35,크루저,1712,1001cc 이상,가솔린,2013,2018,RW+NV,✅ RW+NV 일치,10709,https://auto.naver.com/bike/lineup.nhn?bikeNo=7059,,,
BKM064-0036,BKM064,인디언모터사이클,BKM064-G002,치프,치프 디럭스,36,크루저,1720,1001cc 이상,가솔린,2012,2012,NV,✅ 네이버만(과거 모델),,https://auto.naver.com/bike/lineup.nhn?bikeNo=235,,,
BKM064-0037,BKM064,인디언모터사이클,BKM064-G002,치프,치프 스탠다드,37,크루저,1720,1001cc 이상,가솔린,2012,2012,NV,✅ 네이버만(과거 모델),,https://auto.naver.com/bike/lineup.nhn?bikeNo=234,,,
BKM064-0038,BKM064,인디언모터사이클,BKM064-G002,치프,치프 블랙호크 다크,38,크루저,1720,1001cc 이상,가솔린,,,RW,✅ 라이트바겐만,10707,,,,🟡 연료 원천 없음→가솔린 추정
BKM065-0001,BKM065,제로,,,SR/S,1,네이키드,,전기,전기,2021,2021,NV,✅ 네이버만(과거 모델),,https://auto.naver.com/bike/lineup.nhn?bikeNo=7285,,,"🟡 장르 ""전기""→연료 전기로 분리, 장르는 추정"
BKM065-0002,BKM065,제로,,,S ZF7.2,2,네이키드,,전기,전기,2020,2020,NV,✅ 네이버만(과거 모델),,https://auto.naver.com/bike/lineup.nhn?bikeNo=5553,,,"🟡 장르 ""전기""→연료 전기로 분리, 장르는 추정"
BKM065-0003,BKM065,제로,,,SR/F,3,네이키드,,전기,전기,2020,2020,NV,✅ 네이버만(과거 모델),,https://auto.naver.com/bike/lineup.nhn?bikeNo=5385,,,"🟡 장르 ""전기""→연료 전기로 분리, 장르는 추정"
BKM065-0004,BKM065,제로,,,DS ZF7.2,4,네이키드,,전기,전기,2019,2019,NV,✅ 네이버만(과거 모델),,https://auto.naver.com/bike/lineup.nhn?bikeNo=5539,,,"🟡 장르 ""전기""→연료 전기로 분리, 장르는 추정"
BKM065-0005,BKM065,제로,,,DSR ZF14.4,5,네이키드,,전기,전기,2019,2019,NV,✅ 네이버만(과거 모델),,https://auto.naver.com/bike/lineup.nhn?bikeNo=5543,,,"🟡 장르 ""전기""→연료 전기로 분리, 장르는 추정"
BKM065-0006,BKM065,제로,,,DSR 블랙포레스트,6,네이키드,,전기,전기,2019,2019,NV,✅ 네이버만(과거 모델),,https://auto.naver.com/bike/lineup.nhn?bikeNo=5541,,,"🟡 장르 ""전기""→연료 전기로 분리, 장르는 추정"
BKM065-0007,BKM065,제로,,,FX ZF3.6,7,네이키드,,전기,전기,2019,2019,NV,✅ 네이버만(과거 모델),,https://auto.naver.com/bike/lineup.nhn?bikeNo=5545,,,"🟡 장르 ""전기""→연료 전기로 분리, 장르는 추정"
BKM065-0008,BKM065,제로,,,FX ZF7.2,8,네이키드,,전기,전기,2019,2019,NV,✅ 네이버만(과거 모델),,https://auto.naver.com/bike/lineup.nhn?bikeNo=5547,,,"🟡 장르 ""전기""→연료 전기로 분리, 장르는 추정"
BKM065-0009,BKM065,제로,,,FXS ZF3.6,9,네이키드,,전기,전기,2019,2019,NV,✅ 네이버만(과거 모델),,https://auto.naver.com/bike/lineup.nhn?bikeNo=5549,,,"🟡 장르 ""전기""→연료 전기로 분리, 장르는 추정"
BKM065-0010,BKM065,제로,,,FXS ZF7.2,10,네이키드,,전기,전기,2019,2019,NV,✅ 네이버만(과거 모델),,https://auto.naver.com/bike/lineup.nhn?bikeNo=5551,,,"🟡 장르 ""전기""→연료 전기로 분리, 장르는 추정"
BKM065-0011,BKM065,제로,,,DS ZF13,11,네이키드,,전기,전기,2016,2016,NV,✅ 네이버만(과거 모델),,https://auto.naver.com/bike/lineup.nhn?bikeNo=2609,,,"🟡 장르 ""전기""→연료 전기로 분리, 장르는 추정"
BKM065-0012,BKM065,제로,,,FXS ZF6.5,12,네이키드,,전기,전기,2016,2016,NV,✅ 네이버만(과거 모델),,https://auto.naver.com/bike/lineup.nhn?bikeNo=2613,,,"🟡 장르 ""전기""→연료 전기로 분리, 장르는 추정"
BKM065-0013,BKM065,제로,,,S ZF9.4,13,네이키드,,전기,전기,2015,2015,NV,✅ 네이버만(과거 모델),,https://auto.naver.com/bike/lineup.nhn?bikeNo=2074,,,"🟡 장르 ""전기""→연료 전기로 분리, 장르는 추정"
BKM065-0014,BKM065,제로,,,SR ZF12.5,14,네이키드,,전기,전기,2015,2015,NV,✅ 네이버만(과거 모델),,https://auto.naver.com/bike/lineup.nhn?bikeNo=2075,,,"🟡 장르 ""전기""→연료 전기로 분리, 장르는 추정"
BKM065-0015,BKM065,제로,,,DS ZF11.4,15,네이키드,,전기,전기,2014,2014,NV,✅ 네이버만(과거 모델),,https://auto.naver.com/bike/lineup.nhn?bikeNo=1106,,,"🟡 장르 ""전기""→연료 전기로 분리, 장르는 추정"
BKM065-0016,BKM065,제로,,,FX ZF2.8,16,네이키드,,전기,전기,2014,2014,NV,✅ 네이버만(과거 모델),,https://auto.naver.com/bike/lineup.nhn?bikeNo=1108,,,"🟡 장르 ""전기""→연료 전기로 분리, 장르는 추정"
BKM065-0017,BKM065,제로,,,FX ZF5.7,17,네이키드,,전기,전기,2014,2014,NV,✅ 네이버만(과거 모델),,https://auto.naver.com/bike/lineup.nhn?bikeNo=1107,,,"🟡 장르 ""전기""→연료 전기로 분리, 장르는 추정"
BKM065-0018,BKM065,제로,,,S ZF11.4,18,네이키드,,전기,전기,2014,2014,NV,✅ 네이버만(과거 모델),,https://auto.naver.com/bike/lineup.nhn?bikeNo=1110,,,"🟡 장르 ""전기""→연료 전기로 분리, 장르는 추정"
BKM065-0019,BKM065,제로,,,S ZF8.5,19,네이키드,,전기,전기,2014,2014,NV,✅ 네이버만(과거 모델),,https://auto.naver.com/bike/lineup.nhn?bikeNo=1109,,,"🟡 장르 ""전기""→연료 전기로 분리, 장르는 추정"
BKM066-0001,BKM066,젠트로피,,,젠트로피 Z,1,스쿠터,,전기,전기,2024,2024,RW,✅ 라이트바겐만,13144,,,,"🟡 장르 ""전기""→연료 전기로 분리, 장르는 추정"
BKM067-0001,BKM067,존테스,,,310 R,1,네이키드,313,251~500cc,가솔린,,,RW,✅ 라이트바겐만,10802,,,,🟡 연료 원천 없음→가솔린 추정
BKM067-0002,BKM067,존테스,,,125 G1,2,네이키드,124,51~125cc,가솔린,2025,2025,RW,✅ 라이트바겐만,10806,,,,
BKM067-0003,BKM067,존테스,,,310 M,3,스쿠터,309,251~500cc,가솔린,,,RW,✅ 라이트바겐만,11085,,,,🟡 연료 원천 없음→가솔린 추정
BKM067-0004,BKM067,존테스,,,125 U1,4,멀티퍼퍼스,124,51~125cc,가솔린,,,RW,✅ 라이트바겐만,10807,,,,🟡 연료 원천 없음→가솔린 추정
BKM067-0005,BKM067,존테스,,,ZT 310 X,5,네이키드,312,251~500cc,가솔린,,,RW,✅ 라이트바겐만,10829,,,,🟡 연료 원천 없음→가솔린 추정
BKM067-0006,BKM067,존테스,,,125 E,6,스쿠터,125,51~125cc,가솔린,2025,2025,RW+DN,✅ RW+DN 일치,13203,,108421217,,
BKM067-0007,BKM067,존테스,,,125 M,7,스쿠터,124,51~125cc,가솔린,2025,2025,RW+DN,✅ RW+DN 일치,13039,,108463436,,
BKM067-0008,BKM067,존테스,,,368 E,8,스쿠터,367,251~500cc,가솔린,2025,2025,RW,✅ 라이트바겐만,13204,,,,
BKM067-0009,BKM067,존테스,,,350 D,9,스쿠터,349,251~500cc,가솔린,2024,2024,RW+DN,✅ RW+DN 일치,13027,,31984646,,
BKM067-0010,BKM067,존테스,,,350 GK,10,네이키드,349,251~500cc,가솔린,2024,2024,RW,✅ 라이트바겐만,13248,,,,🟡 연료 원천 없음→가솔린 추정
BKM067-0011,BKM067,존테스,,,125 D,11,스쿠터,125,51~125cc,가솔린,,,RW+DN,✅ RW+DN 일치,13140,,108421154,,🟡 연료 원천 없음→가솔린 추정
BKM067-0012,BKM067,존테스,,,350 R,12,네이키드,349,251~500cc,가솔린,,,RW,✅ 라이트바겐만,13247,,,,🟡 연료 원천 없음→가솔린 추정
BKM067-0013,BKM067,존테스,,,350 T,13,네이키드,349,251~500cc,가솔린,,,RW,✅ 라이트바겐만,13029,,,,🟡 연료 원천 없음→가솔린 추정
BKM067-0014,BKM067,존테스,,,368 G,14,스쿠터,367,251~500cc,가솔린,,,RW,✅ 라이트바겐만,13193,,,,🟡 연료 원천 없음→가솔린 추정
BKM067-0015,BKM067,존테스,,,울프 125 C,15,크루저,125,51~125cc,가솔린,,,RW,✅ 라이트바겐만,13215,,,,🟡 연료 원천 없음→가솔린 추정
BKM068-0001,BKM068,질레라,,,푸오코 500,1,스쿠터,492,251~500cc,가솔린,2012,2012,RW+NV,✅ RW+NV 일치,9928,https://auto.naver.com/bike/lineup.nhn?bikeNo=238,,,
BKM068-0002,BKM068,질레라,,,러너50,2,스쿠터,49,50cc 이하,가솔린,2015,2015,NV,✅ 네이버만(과거 모델),,https://auto.naver.com/bike/lineup.nhn?bikeNo=1696,,,
BKM068-0003,BKM068,질레라,,,푸오코500 IE LT,3,삼륜,492.7,251~500cc,가솔린,2013,2015,NV,🟡 유사 후보 확인,,https://auto.naver.com/bike/lineup.nhn?bikeNo=1694,,푸오코 500,
BKM068-0004,BKM068,질레라,,,GP800,4,스쿠터,839,501~1000cc,가솔린,2012,2012,NV,✅ 네이버만(과거 모델),,https://auto.naver.com/bike/lineup.nhn?bikeNo=237,,,
BKM068-0005,BKM068,질레라,,,넥서스300,5,스쿠터,278,251~500cc,가솔린,2012,2012,NV,✅ 네이버만(과거 모델),,https://auto.naver.com/bike/lineup.nhn?bikeNo=240,,,
BKM068-0006,BKM068,질레라,,,넥서스500,6,스쿠터,460,251~500cc,가솔린,2012,2012,NV,✅ 네이버만(과거 모델),,https://auto.naver.com/bike/lineup.nhn?bikeNo=239,,,
BKM068-0007,BKM068,질레라,,,러너 ST 200,7,스쿠터,198,126~250cc,가솔린,2012,2012,RW+NV,✅ RW+NV 일치,9923,https://auto.naver.com/bike/lineup.nhn?bikeNo=241,,,
BKM069-0001,BKM069,착한스쿠터,,,레트로 125,1,네이키드,125,51~125cc,가솔린,,,RW,✅ 라이트바겐만,10864,,,,🟡 연료 원천 없음→가솔린 추정
BKM069-0002,BKM069,착한스쿠터,,,아이맥스 125,2,스쿠터,124,51~125cc,가솔린,2025,2025,RW,✅ 라이트바겐만,11087,,,,
BKM069-0003,BKM069,착한스쿠터,,,야르스 125 GT 2,3,스쿠터,124,51~125cc,가솔린,,,RW,✅ 라이트바겐만,9930,,,,🟡 연료 원천 없음→가솔린 추정
BKM069-0004,BKM069,착한스쿠터,,,야르스 125 GT,4,스쿠터,124,51~125cc,가솔린,,,RW,✅ 라이트바겐만,9929,,,,🟡 연료 원천 없음→가솔린 추정
BKM069-0005,BKM069,착한스쿠터,,,야르스 125 럭셔리,5,스쿠터,124,51~125cc,가솔린,,,RW,✅ 라이트바겐만,9931,,,,🟡 연료 원천 없음→가솔린 추정
BKM069-0006,BKM069,착한스쿠터,,,야르스 125 럭셔리 2,6,스쿠터,124,51~125cc,가솔린,,,RW,✅ 라이트바겐만,9932,,,,🟡 연료 원천 없음→가솔린 추정
BKM069-0007,BKM069,착한스쿠터,,,줄리 50,7,스쿠터,49,50cc 이하,가솔린,,,RW,✅ 라이트바겐만,10865,,,,🟡 연료 원천 없음→가솔린 추정
BKM069-0008,BKM069,착한스쿠터,,,나나 125,8,스쿠터,124,51~125cc,가솔린,,,RW,✅ 라이트바겐만,13241,,,,🟡 연료 원천 없음→가솔린 추정
BKM069-0009,BKM069,착한스쿠터,,,보스 125,9,스쿠터,125,51~125cc,가솔린,,,RW,✅ 라이트바겐만,13300,,,,🟡 연료 원천 없음→가솔린 추정
BKM069-0010,BKM069,착한스쿠터,,,보스 250,10,스쿠터,244,126~250cc,가솔린,,,RW,✅ 라이트바겐만,13265,,,,🟡 연료 원천 없음→가솔린 추정
BKM069-0011,BKM069,착한스쿠터,,,비비 125,11,스쿠터,125,51~125cc,가솔린,,,RW,✅ 라이트바겐만,13192,,,,🟡 연료 원천 없음→가솔린 추정
BKM069-0012,BKM069,착한스쿠터,,,아이맥스 스페셜 125,12,스쿠터,125,51~125cc,가솔린,,,RW,✅ 라이트바겐만,13275,,,,🟡 연료 원천 없음→가솔린 추정
BKM069-0013,BKM069,착한스쿠터,,,아이언 125,13,네이키드,124,51~125cc,가솔린,,,RW,✅ 라이트바겐만,12991,,,,🟡 연료 원천 없음→가솔린 추정
BKM069-0014,BKM069,착한스쿠터,,,쥴리 50,14,스쿠터,49,50cc 이하,가솔린,,,RW,✅ 라이트바겐만,13074,,,,🟡 연료 원천 없음→가솔린 추정
BKM069-0015,BKM069,착한스쿠터,,,토르 125,15,멀티퍼퍼스,125,51~125cc,가솔린,,,RW,✅ 라이트바겐만,13075,,,,🟡 연료 원천 없음→가솔린 추정
BKM070-0001,BKM070,카요,,,AU125,1,ATV,125,51~125cc,가솔린,,,DN,🟡 다나와만(현행 신규),,,23625131,,🟡 다나와에만 있음(현행 판매)
BKM070-0002,BKM070,카요,,,AU180,2,ATV,180,126~250cc,가솔린,,,DN,🟡 유사 후보 확인,,,15699281 12798950,AU125,🟡 다나와에만 있음(현행 판매) · 🟡 같은 모델일 수 있음: AU125
BKM070-0003,BKM070,카요,,,TD125,3,오프로드,125,51~125cc,가솔린,,,DN,🟡 유사 후보 확인,,,26037008,AU125,🟡 다나와에만 있음(현행 판매) · 🟡 같은 모델일 수 있음: AU125
BKM071-0001,BKM071,캔암,BKM071-G001,BRP 라이커,BRP 라이커 600,1,삼륜,600,501~1000cc,가솔린,2020,2020,NV,✅ 네이버만(과거 모델),,https://auto.naver.com/bike/lineup.nhn?bikeNo=6795,,,
BKM071-0002,BKM071,캔암,BKM071-G001,BRP 라이커,BRP 라이커 900,2,삼륜,900,501~1000cc,가솔린,2020,2020,NV,✅ 네이버만(과거 모델),,https://auto.naver.com/bike/lineup.nhn?bikeNo=5809,,,
BKM071-0003,BKM071,캔암,BKM071-G002,BRP 디펜더,BRP 디펜더 1000 MAX DPS,3,ATV,976,501~1000cc,가솔린,2017,2017,NV,✅ 네이버만(과거 모델),,https://auto.naver.com/bike/lineup.nhn?bikeNo=3275,,,
BKM071-0004,BKM071,캔암,BKM071-G002,BRP 디펜더,BRP 디펜더 1000 XT,4,ATV,976,501~1000cc,가솔린,2017,2017,NV,✅ 네이버만(과거 모델),,https://auto.naver.com/bike/lineup.nhn?bikeNo=3277,,,
BKM071-0005,BKM071,캔암,BKM071-G002,BRP 디펜더,BRP 디펜더 1000 XT CAB,5,ATV,976,501~1000cc,가솔린,2017,2017,NV,✅ 네이버만(과거 모델),,https://auto.naver.com/bike/lineup.nhn?bikeNo=3279,,,
BKM071-0006,BKM071,캔암,BKM071-G002,BRP 디펜더,BRP 디펜더 800 DPS,6,ATV,799.9,501~1000cc,가솔린,2017,2017,NV,✅ 네이버만(과거 모델),,https://auto.naver.com/bike/lineup.nhn?bikeNo=6523,,,
BKM071-0007,BKM071,캔암,BKM071-G003,BRP 레니게이드,BRP 레니게이드 1000R STD,7,ATV,976,501~1000cc,가솔린,2017,2017,NV,✅ 네이버만(과거 모델),,https://auto.naver.com/bike/lineup.nhn?bikeNo=3299,,,
BKM071-0008,BKM071,캔암,BKM071-G003,BRP 레니게이드,BRP 레니게이드 1000R X MR,8,ATV,976,501~1000cc,가솔린,2017,2017,NV,✅ 네이버만(과거 모델),,https://auto.naver.com/bike/lineup.nhn?bikeNo=3301,,,
BKM071-0009,BKM071,캔암,BKM071-G003,BRP 레니게이드,BRP 레니게이드 1000R X XC,9,ATV,976,501~1000cc,가솔린,2017,2017,NV,✅ 네이버만(과거 모델),,https://auto.naver.com/bike/lineup.nhn?bikeNo=3303,,,
BKM071-0010,BKM071,캔암,BKM071-G004,BRP 매버릭,BRP 매버릭 X3 XDS,10,ATV,900,501~1000cc,가솔린,2017,2017,NV,✅ 네이버만(과거 모델),,https://auto.naver.com/bike/lineup.nhn?bikeNo=3281,,,
BKM071-0011,BKM071,캔암,BKM071-G004,BRP 매버릭,BRP 매버릭 X3 XRS,11,ATV,900,501~1000cc,가솔린,2017,2017,NV,✅ 네이버만(과거 모델),,https://auto.naver.com/bike/lineup.nhn?bikeNo=3283,,,
BKM071-0012,BKM071,캔암,BKM071-G005,BRP 스파이더,BRP 스파이더 F3,12,삼륜,1330,1001cc 이상,가솔린,2015,2017,NV,🟡 유사 후보 확인,,https://auto.naver.com/bike/lineup.nhn?bikeNo=3311,,스파이더 F3-T / 스파이더 F3-S / 스파이더 F3-LTD,
BKM071-0013,BKM071,캔암,BKM071-G005,BRP 스파이더,BRP 스파이더 F3-S 데이토나 500,13,삼륜,1330,1001cc 이상,가솔린,2017,2017,NV,✅ 네이버만(과거 모델),,https://auto.naver.com/bike/lineup.nhn?bikeNo=3315,,,
BKM071-0014,BKM071,캔암,BKM071-G005,BRP 스파이더,BRP 스파이더 RT,14,삼륜,1330,1001cc 이상,가솔린,2014,2017,NV,🟡 유사 후보 확인,,https://auto.naver.com/bike/lineup.nhn?bikeNo=3305,,스파이더 RT 리미티드,
BKM071-0015,BKM071,캔암,BKM071-G005,BRP 스파이더,BRP 스파이더 RT-S,15,삼륜,1330,1001cc 이상,가솔린,2014,2017,NV,✅ 네이버만(과거 모델),,https://auto.naver.com/bike/lineup.nhn?bikeNo=3309,,,
BKM071-0016,BKM071,캔암,BKM071-G006,BRP 아웃랜더,BRP 아웃랜더 1000R 맥스 X MR,16,ATV,976,501~1000cc,가솔린,2017,2017,NV,✅ 네이버만(과거 모델),,https://auto.naver.com/bike/lineup.nhn?bikeNo=3295,,,
BKM071-0017,BKM071,캔암,BKM071-G006,BRP 아웃랜더,BRP 아웃랜더 1000R 맥스 XT,17,ATV,976,501~1000cc,가솔린,2017,2017,NV,✅ 네이버만(과거 모델),,https://auto.naver.com/bike/lineup.nhn?bikeNo=3291,,,
BKM071-0018,BKM071,캔암,BKM071-G006,BRP 아웃랜더,BRP 아웃랜더 1000R 맥스 XT-P,18,ATV,976,501~1000cc,가솔린,2017,2017,NV,✅ 네이버만(과거 모델),,https://auto.naver.com/bike/lineup.nhn?bikeNo=3293,,,
BKM071-0019,BKM071,캔암,BKM071-G006,BRP 아웃랜더,BRP 아웃랜더 1000XT 6X6,19,ATV,976,501~1000cc,가솔린,2017,2017,NV,✅ 네이버만(과거 모델),,https://auto.naver.com/bike/lineup.nhn?bikeNo=3297,,,
BKM071-0020,BKM071,캔암,BKM071-G006,BRP 아웃랜더,BRP 아웃랜더 570 XMR,20,ATV,570,501~1000cc,가솔린,2017,2017,NV,✅ 네이버만(과거 모델),,https://auto.naver.com/bike/lineup.nhn?bikeNo=6533,,,
BKM071-0021,BKM071,캔암,BKM071-G006,BRP 아웃랜더,BRP 아웃랜더 570 맥스 XT,21,ATV,570,501~1000cc,가솔린,2017,2017,NV,✅ 네이버만(과거 모델),,https://auto.naver.com/bike/lineup.nhn?bikeNo=6535,,,
BKM071-0022,BKM071,캔암,BKM071-G007,스파이더,스파이더 F3-S,22,삼륜,1330,1001cc 이상,가솔린,2016,2017,RW+NV,✅ RW+NV 일치,13064,https://auto.naver.com/bike/lineup.nhn?bikeNo=3313,,,🟡 연료 원천 없음→가솔린 추정
BKM071-0023,BKM071,캔암,BKM071-G007,스파이더,스파이더 F3-T,23,삼륜,1330,1001cc 이상,가솔린,2016,2017,RW+NV,✅ RW+NV 일치,13119,https://auto.naver.com/bike/lineup.nhn?bikeNo=3319,,,
BKM071-0024,BKM071,캔암,BKM071-G005,BRP 스파이더,BRP 스파이더 RS,24,삼륜,998,501~1000cc,가솔린,2014,2016,NV,✅ 네이버만(과거 모델),,https://auto.naver.com/bike/lineup.nhn?bikeNo=2800,,,
BKM071-0025,BKM071,캔암,BKM071-G005,BRP 스파이더,BRP 스파이더 RS-S,25,삼륜,998,501~1000cc,가솔린,2014,2016,NV,✅ 네이버만(과거 모델),,https://auto.naver.com/bike/lineup.nhn?bikeNo=2801,,,
BKM071-0026,BKM071,캔암,BKM071-G005,BRP 스파이더,BRP 스파이더 ST-S,26,삼륜,998,501~1000cc,가솔린,2014,2016,NV,✅ 네이버만(과거 모델),,https://auto.naver.com/bike/lineup.nhn?bikeNo=2809,,,
BKM071-0027,BKM071,캔암,BKM071-G008,BRP DS,BRP DS 250,27,ATV,249.4,126~250cc,가솔린,2015,2015,NV,✅ 네이버만(과거 모델),,https://auto.naver.com/bike/lineup.nhn?bikeNo=6521,,,
BKM071-0028,BKM071,캔암,BKM071-G008,BRP DS,BRP DS 450 X mx,28,ATV,449.3,251~500cc,가솔린,2015,2015,NV,✅ 네이버만(과거 모델),,https://auto.naver.com/bike/lineup.nhn?bikeNo=1447,,,
BKM071-0029,BKM071,캔암,BKM071-G008,BRP DS,BRP DS 450 X xc,29,ATV,449.3,251~500cc,가솔린,2015,2015,NV,✅ 네이버만(과거 모델),,https://auto.naver.com/bike/lineup.nhn?bikeNo=1445,,,
BKM071-0030,BKM071,캔암,BKM071-G008,BRP DS,BRP DS 70,30,ATV,69,51~125cc,가솔린,2015,2015,NV,✅ 네이버만(과거 모델),,https://auto.naver.com/bike/lineup.nhn?bikeNo=6519,,,
BKM071-0031,BKM071,캔암,BKM071-G008,BRP DS,BRP DS 90,31,ATV,89.5,51~125cc,가솔린,2015,2015,NV,✅ 네이버만(과거 모델),,https://auto.naver.com/bike/lineup.nhn?bikeNo=6515,,,
BKM071-0032,BKM071,캔암,BKM071-G008,BRP DS,BRP DS 90 X,32,ATV,89.5,51~125cc,가솔린,2015,2015,NV,✅ 네이버만(과거 모델),,https://auto.naver.com/bike/lineup.nhn?bikeNo=6517,,,
BKM071-0033,BKM071,캔암,BKM071-G003,BRP 레니게이드,BRP 레니게이드 1000,33,ATV,976,501~1000cc,가솔린,2015,2015,NV,✅ 네이버만(과거 모델),,https://auto.naver.com/bike/lineup.nhn?bikeNo=1449,,,
BKM071-0034,BKM071,캔암,BKM071-G003,BRP 레니게이드,BRP 레니게이드 X xc 1000,34,ATV,976,501~1000cc,가솔린,2015,2015,NV,✅ 네이버만(과거 모델),,https://auto.naver.com/bike/lineup.nhn?bikeNo=1451,,,
BKM071-0035,BKM071,캔암,BKM071-G004,BRP 매버릭,BRP 매버릭 X mr DPS,35,ATV,976,501~1000cc,가솔린,2015,2015,NV,✅ 네이버만(과거 모델),,https://auto.naver.com/bike/lineup.nhn?bikeNo=1459,,,
BKM071-0036,BKM071,캔암,BKM071-G006,BRP 아웃랜더,BRP 아웃랜더 1000 X mr,36,ATV,976,501~1000cc,가솔린,2015,2015,NV,✅ 네이버만(과거 모델),,https://auto.naver.com/bike/lineup.nhn?bikeNo=1453,,,
BKM071-0037,BKM071,캔암,BKM071-G006,BRP 아웃랜더,BRP 아웃랜더 6X6B 1000 XT,37,ATV,976,501~1000cc,가솔린,2015,2015,NV,✅ 네이버만(과거 모델),,https://auto.naver.com/bike/lineup.nhn?bikeNo=1455,,,
BKM071-0038,BKM071,캔암,BKM071-G006,BRP 아웃랜더,BRP 아웃랜더 800R,38,ATV,799.9,501~1000cc,가솔린,2015,2015,NV,✅ 네이버만(과거 모델),,https://auto.naver.com/bike/lineup.nhn?bikeNo=6529,,,
BKM071-0039,BKM071,캔암,BKM071-G006,BRP 아웃랜더,BRP 아웃랜더 L 500,39,ATV,499.6,251~500cc,가솔린,2015,2015,NV,✅ 네이버만(과거 모델),,https://auto.naver.com/bike/lineup.nhn?bikeNo=6525,,,
BKM071-0040,BKM071,캔암,BKM071-G009,BRP 아웃랜더 L 맥스 500 DPS,BRP 아웃랜더 L 맥스 500 DPS,40,ATV,499.6,251~500cc,가솔린,2015,2015,NV,✅ 네이버만(과거 모델),,https://auto.naver.com/bike/lineup.nhn?bikeNo=6527,,,
BKM071-0041,BKM071,캔암,BKM071-G006,BRP 아웃랜더,BRP 아웃랜더 XT-P 800R,41,ATV,799.9,501~1000cc,가솔린,2015,2015,NV,✅ 네이버만(과거 모델),,https://auto.naver.com/bike/lineup.nhn?bikeNo=6531,,,
BKM071-0042,BKM071,캔암,BKM071-G010,BRP 아웃랜더 맥스 1000 XT-P,BRP 아웃랜더 맥스 1000 XT-P,42,ATV,976,501~1000cc,가솔린,2015,2015,NV,✅ 네이버만(과거 모델),,https://auto.naver.com/bike/lineup.nhn?bikeNo=1457,,,
BKM071-0043,BKM071,캔암,BKM071-G011,BRP 커맨더 XT-P,BRP 커맨더 XT-P,43,ATV,976,501~1000cc,가솔린,2015,2015,NV,✅ 네이버만(과거 모델),,https://auto.naver.com/bike/lineup.nhn?bikeNo=1485,,,
BKM071-0044,BKM071,캔암,BKM071-G012,BRP 커맨터 맥스 XT,BRP 커맨터 맥스 XT,44,ATV,976,501~1000cc,가솔린,2015,2015,NV,✅ 네이버만(과거 모델),,https://auto.naver.com/bike/lineup.nhn?bikeNo=1487,,,
BKM071-0045,BKM071,캔암,BKM071-G005,BRP 스파이더,BRP 스파이더 ST,45,삼륜,998,501~1000cc,가솔린,2014,2014,NV,✅ 네이버만(과거 모델),,https://auto.naver.com/bike/lineup.nhn?bikeNo=1428,,,
BKM071-0046,BKM071,캔암,BKM071-G013,라이커,라이커 랠리,46,삼륜,900,501~1000cc,가솔린,,,RW,✅ 라이트바겐만,13173,,,,🟡 연료 원천 없음→가솔린 추정
BKM071-0047,BKM071,캔암,BKM071-G013,라이커,라이커 스포츠,47,삼륜,900,501~1000cc,가솔린,,,RW,✅ 라이트바겐만,13174,,,,🟡 연료 원천 없음→가솔린 추정
BKM071-0048,BKM071,캔암,BKM071-G007,스파이더,스파이더 F3-LTD,48,삼륜,1330,1001cc 이상,가솔린,,,RW,✅ 라이트바겐만,13124,,,,🟡 연료 원천 없음→가솔린 추정
BKM071-0049,BKM071,캔암,BKM071-G007,스파이더,스파이더 RT 리미티드,49,삼륜,1330,1001cc 이상,가솔린,,,RW,✅ 라이트바겐만,13206,,,,🟡 연료 원천 없음→가솔린 추정
BKM072-0001,BKM072,케이앤씨모터스,,,샤크 125,1,스쿠터,124,51~125cc,가솔린,,,RW,✅ 라이트바겐만,10717,,,,🟡 연료 원천 없음→가솔린 추정
BKM072-0002,BKM072,케이앤씨모터스,,,에릭 300,2,스쿠터,276,251~500cc,가솔린,,,RW,✅ 라이트바겐만,10718,,,,🟡 연료 원천 없음→가솔린 추정
BKM072-0003,BKM072,케이앤씨모터스,,,이지맥스 300 ABS,3,스쿠터,278,251~500cc,가솔린,,,RW,✅ 라이트바겐만,10720,,,,🟡 연료 원천 없음→가솔린 추정
BKM072-0004,BKM072,케이앤씨모터스,,,미니 125,4,네이키드,125,51~125cc,가솔린,,,RW,✅ 라이트바겐만,10716,,,,🟡 연료 원천 없음→가솔린 추정
BKM072-0005,BKM072,케이앤씨모터스,,,이지맥스 125,5,스쿠터,124,51~125cc,가솔린,,,RW,✅ 라이트바겐만,10719,,,,🟡 연료 원천 없음→가솔린 추정
BKM072-0006,BKM072,케이앤씨모터스,,,뉴 카빙 125,6,스쿠터,124,51~125cc,가솔린,,,RW,✅ 라이트바겐만,10713,,,,🟡 연료 원천 없음→가솔린 추정
BKM072-0007,BKM072,케이앤씨모터스,,,뉴 카빙 II 125,7,스쿠터,124,51~125cc,가솔린,,,RW,✅ 라이트바겐만,10714,,,,🟡 연료 원천 없음→가솔린 추정
BKM072-0008,BKM072,케이앤씨모터스,,,올뉴카빙 125,8,스쿠터,125,51~125cc,가솔린,,,RW,✅ 라이트바겐만,13295,,,,🟡 연료 원천 없음→가솔린 추정
BKM072-0009,BKM072,케이앤씨모터스,,,카빙 스페셜 125,9,스쿠터,124,51~125cc,가솔린,,,RW,✅ 라이트바겐만,10722,,,,🟡 연료 원천 없음→가솔린 추정
BKM072-0010,BKM072,케이앤씨모터스,,,프리 100,10,스쿠터,99,51~125cc,가솔린,,,RW,✅ 라이트바겐만,10724,,,,🟡 연료 원천 없음→가솔린 추정
BKM073-0001,BKM073,쿠팝,,,GS,1,스쿠터,,전기,전기,2024,2024,RW,✅ 라이트바겐만,13167,,,,"🟡 장르 ""전기""→연료 전기로 분리, 장르는 추정"
BKM074-0001,BKM074,키웨이,,,SR 125,1,클래식,125,51~125cc,가솔린,,,RW,✅ 라이트바겐만,13132,,,,🟡 연료 원천 없음→가솔린 추정
BKM074-0002,BKM074,키웨이,,,VIESTE 125 LX,2,스쿠터,124,51~125cc,가솔린,,,RW,✅ 라이트바겐만,13127,,,,🟡 연료 원천 없음→가솔린 추정
BKM074-0003,BKM074,키웨이,,,VIESTE XDV,3,스쿠터,278,251~500cc,가솔린,,,RW,✅ 라이트바겐만,13128,,,,🟡 연료 원천 없음→가솔린 추정
BKM074-0004,BKM074,키웨이,,,XDV 250,4,스쿠터,244,126~250cc,가솔린,,,RW,✅ 라이트바겐만,13101,,,,🟡 연료 원천 없음→가솔린 추정
BKM074-0005,BKM074,키웨이,,,플로라 125,5,스쿠터,125,51~125cc,가솔린,,,RW,✅ 라이트바겐만,13067,,,,🟡 연료 원천 없음→가솔린 추정
BKM075-0001,BKM075,킴스트,,,다이스,1,스쿠터,,전기,전기,,,RW,✅ 라이트바겐만,13284,,,,"🟡 장르 ""전기""→연료 전기로 분리, 장르는 추정"
BKM076-0001,BKM076,킴코,BKM076-G001,AK 550 i,AK 550 i,1,스쿠터,550,501~1000cc,가솔린,2018,2018,RW+NV,✅ RW+NV 일치,9933,https://auto.naver.com/bike/lineup.nhn?bikeNo=3913,,,
BKM076-0002,BKM076,킴코,BKM076-G002,익사이팅,익사이팅 S 400,2,스쿠터,399,251~500cc,가솔린,2018,2018,RW+NV+DN,✅ RW+NV+DN 일치,10004,https://auto.naver.com/bike/lineup.nhn?bikeNo=3851,12450437,,
BKM076-0003,BKM076,킴코,BKM076-G003,다운타운,다운타운 ST 125 i ABS,3,스쿠터,124,51~125cc,가솔린,2018,2021,RW+NV+DN,✅ RW+NV+DN 일치,9979,https://auto.naver.com/bike/lineup.nhn?bikeNo=4567,13410917 10420983,,
BKM076-0004,BKM076,킴코,BKM076-G003,다운타운,다운타운 125 i,4,스쿠터,124,51~125cc,가솔린,2012,2014,RW+NV,✅ RW+NV 일치,9975,https://auto.naver.com/bike/lineup.nhn?bikeNo=1292,,,
BKM076-0005,BKM076,킴코,BKM076-G004,DT X,DT X 125,5,스쿠터,124,51~125cc,가솔린,,,RW,✅ 라이트바겐만,11089,,,,🟡 연료 원천 없음→가솔린 추정
BKM076-0006,BKM076,킴코,BKM076-G004,DT X,DT X 360,6,스쿠터,321,251~500cc,가솔린,,,RW+DN,✅ RW+DN 일치,11091,,17055584,,🟡 연료 원천 없음→가솔린 추정
BKM076-0007,BKM076,킴코,BKM076-G005,레이싱킹 180 i,레이싱킹 180 i,7,스쿠터,175,126~250cc,가솔린,,,RW,✅ 라이트바겐만,9988,,,,🟡 연료 원천 없음→가솔린 추정
BKM076-0008,BKM076,킴코,BKM076-G003,다운타운,다운타운 ST 350 i ABS,8,스쿠터,349,251~500cc,가솔린,,,RW,✅ 라이트바겐만,9980,,,,🟡 연료 원천 없음→가솔린 추정
BKM076-0009,BKM076,킴코,BKM076-G006,필리 125 ABS,필리 125 ABS,9,스쿠터,125,51~125cc,가솔린,2018,2018,RW+NV,✅ RW+NV 일치,10011,https://auto.naver.com/bike/lineup.nhn?bikeNo=4481,,,
BKM076-0010,BKM076,킴코,BKM076-G007,X 타운,X 타운 125 i,10,스쿠터,124,51~125cc,가솔린,2016,2016,RW+NV,✅ RW+NV 일치,9967,https://auto.naver.com/bike/lineup.nhn?bikeNo=2619,,,
BKM076-0011,BKM076,킴코,BKM076-G008,GP,GP 125,11,스쿠터,124,51~125cc,가솔린,2012,2014,RW+NV,✅ RW+NV 일치,10985,https://auto.naver.com/bike/lineup.nhn?bikeNo=1298,,,
BKM076-0012,BKM076,킴코,BKM076-G009,그랜드딩크,그랜드딩크 125,12,스쿠터,124,51~125cc,가솔린,2012,2014,RW+NV+DN,✅ RW+NV+DN 일치,10968,https://auto.naver.com/bike/lineup.nhn?bikeNo=1293,12760676,,
BKM076-0013,BKM076,킴코,BKM076-G010,G 딩크,G 딩크 125 CBS,13,스쿠터,124,51~125cc,가솔린,,,RW,✅ 라이트바겐만,9937,,,,🟡 연료 원천 없음→가솔린 추정
BKM076-0014,BKM076,킴코,BKM076-G002,익사이팅,익사이팅 250,14,스쿠터,249,126~250cc,가솔린,,,RW,✅ 라이트바겐만,9996,,,,🟡 연료 원천 없음→가솔린 추정
BKM076-0015,BKM076,킴코,BKM076-G002,익사이팅,익사이팅 500 Ri,15,스쿠터,498,251~500cc,가솔린,,,RW,✅ 라이트바겐만,10002,,,,🟡 연료 원천 없음→가솔린 추정
BKM076-0016,BKM076,킴코,BKM076-G011,X-타운,X-타운 CT 125,16,스쿠터,124.8,51~125cc,가솔린,2020,2020,NV,🟡 유사 후보 확인,,https://auto.naver.com/bike/lineup.nhn?bikeNo=5817,,X 타운 125 i,
BKM076-0017,BKM076,킴코,BKM076-G011,X-타운,X-타운 CT 300,17,스쿠터,276,251~500cc,가솔린,2020,2020,NV,🟡 유사 후보 확인,,https://auto.naver.com/bike/lineup.nhn?bikeNo=7263,,X 타운 300 i,
BKM076-0018,BKM076,킴코,BKM076-G012,i-One DX,i-One DX,18,스쿠터,,전기,전기,2020,2020,NV,✅ 네이버만(과거 모델),,https://auto.naver.com/bike/lineup.nhn?bikeNo=5563,,,"🟡 장르 ""전기""→연료 전기로 분리, 장르는 추정"
BKM076-0019,BKM076,킴코,BKM076-G013,아질리티 300,아질리티 300,19,스쿠터,276,251~500cc,가솔린,2019,2019,NV,✅ 네이버만(과거 모델),,https://auto.naver.com/bike/lineup.nhn?bikeNo=5557,,,
BKM076-0020,BKM076,킴코,BKM076-G014,피플S,피플S 125,20,스쿠터,124.8,51~125cc,가솔린,2019,2019,NV,✅ 네이버만(과거 모델),,https://auto.naver.com/bike/lineup.nhn?bikeNo=5559,,,
BKM076-0021,BKM076,킴코,BKM076-G014,피플S,피플S 300,21,스쿠터,298.9,251~500cc,가솔린,2019,2019,NV,✅ 네이버만(과거 모델),,https://auto.naver.com/bike/lineup.nhn?bikeNo=5561,,,
BKM076-0022,BKM076,킴코,BKM076-G015,라이크,라이크,22,스쿠터,124.8,51~125cc,가솔린,2018,2018,NV,✅ 네이버만(과거 모델),,https://auto.naver.com/bike/lineup.nhn?bikeNo=5811,,,
BKM076-0023,BKM076,킴코,BKM076-G015,라이크,라이크 EV,23,스쿠터,,전기,전기,2018,2018,NV,✅ 네이버만(과거 모델),,https://auto.naver.com/bike/lineup.nhn?bikeNo=5815,,,"🟡 장르 ""전기""→연료 전기로 분리, 장르는 추정"
BKM076-0024,BKM076,킴코,BKM076-G016,라이크S,라이크S,24,스쿠터,124.8,51~125cc,가솔린,2018,2018,NV,✅ 네이버만(과거 모델),,https://auto.naver.com/bike/lineup.nhn?bikeNo=5813,,,
BKM076-0025,BKM076,킴코,BKM076-G017,레이싱,레이싱 S 150 ABS,25,스쿠터,149,126~250cc,가솔린,2018,2018,RW+NV,✅ RW+NV 일치,9987,https://auto.naver.com/bike/lineup.nhn?bikeNo=4569,,,
BKM076-0026,BKM076,킴코,BKM076-G018,K-파이프,K-파이프,26,네이키드,123.6,51~125cc,가솔린,2016,2016,NV,✅ 네이버만(과거 모델),,https://auto.naver.com/bike/lineup.nhn?bikeNo=2621,,,
BKM076-0027,BKM076,킴코,BKM076-G007,X 타운,X 타운 300 i,27,스쿠터,276,251~500cc,가솔린,2016,2016,RW+NV,✅ RW+NV 일치,9968,https://auto.naver.com/bike/lineup.nhn?bikeNo=7261,,,
BKM076-0028,BKM076,킴코,BKM076-G002,익사이팅,익사이팅 400 i ABS,28,스쿠터,399,251~500cc,가솔린,2016,2016,RW+NV,✅ RW+NV 일치,10000,https://auto.naver.com/bike/lineup.nhn?bikeNo=2967,,,
BKM076-0029,BKM076,킴코,BKM076-G003,다운타운,다운타운 350i,29,스쿠터,,,가솔린,2015,2015,NV,🟡 유사 후보 확인,,https://auto.naver.com/bike/lineup.nhn?bikeNo=5867,,다운타운 ST 350 i ABS / 다운타운 300 i ABS,🟡 연료 원천 없음→가솔린 추정
BKM076-0030,BKM076,킴코,BKM076-G019,마이로드 700i,마이로드 700i,30,스쿠터,699.5,501~1000cc,가솔린,2015,2015,NV,✅ 네이버만(과거 모델),,https://auto.naver.com/bike/lineup.nhn?bikeNo=2141,,,
BKM076-0031,BKM076,킴코,BKM076-G020,펄서S 125,펄서S 125,31,네이키드,124.6,51~125cc,가솔린,2015,2015,NV,✅ 네이버만(과거 모델),,https://auto.naver.com/bike/lineup.nhn?bikeNo=2623,,,
BKM076-0032,BKM076,킴코,BKM076-G021,G,G 5 125 i,32,스쿠터,124,51~125cc,가솔린,2012,2014,RW+NV,✅ RW+NV 일치,10984,https://auto.naver.com/bike/lineup.nhn?bikeNo=1297,,,
BKM076-0033,BKM076,킴코,BKM076-G022,MXER 125,MXER 125,33,기타,124,51~125cc,가솔린,2014,2014,RW+NV+DN,✅ RW+NV+DN 일치,13109,https://auto.naver.com/bike/lineup.nhn?bikeNo=1305,10468452 75657512,,
BKM076-0034,BKM076,킴코,BKM076-G023,MXU,MXU 125,34,기타,124.9,51~125cc,가솔린,2014,2014,RW+NV+DN,✅ RW+NV+DN 일치,13108,https://auto.naver.com/bike/lineup.nhn?bikeNo=7265,10468440 75656957,,
BKM076-0035,BKM076,킴코,BKM076-G023,MXU,MXU 150,35,기타,149.4,126~250cc,가솔린,2014,2014,RW+NV,✅ RW+NV 일치,13110,https://auto.naver.com/bike/lineup.nhn?bikeNo=1303,,,
BKM076-0036,BKM076,킴코,BKM076-G023,MXU,MXU 300,36,기타,270,251~500cc,가솔린,2014,2014,RW+NV+DN,✅ RW+NV+DN 일치,13111,https://auto.naver.com/bike/lineup.nhn?bikeNo=1302,10468461 15699485,,
BKM076-0037,BKM076,킴코,BKM076-G023,MXU,MXU 50,37,ATV,49.4,50cc 이하,가솔린,2014,2014,NV,🟡 유사 후보 확인,,https://auto.naver.com/bike/lineup.nhn?bikeNo=1304,,MXU 550i / MXU 150,
BKM076-0038,BKM076,킴코,BKM076-G023,MXU,MXU 500,38,ATV,498.5,251~500cc,가솔린,2014,2014,NV,🟡 유사 후보 확인,,https://auto.naver.com/bike/lineup.nhn?bikeNo=1301,,MXU 700i / MXU 550i,
BKM076-0039,BKM076,킴코,BKM076-G024,UXV500,UXV500,39,ATV,498.5,251~500cc,가솔린,2014,2014,NV,✅ 네이버만(과거 모델),,https://auto.naver.com/bike/lineup.nhn?bikeNo=1300,,,
BKM076-0040,BKM076,킴코,BKM076-G025,VJR 100 I,VJR 100 I,40,스쿠터,101,51~125cc,가솔린,2012,2014,RW+NV,✅ RW+NV 일치,13283,https://auto.naver.com/bike/lineup.nhn?bikeNo=1299,,,
BKM076-0041,BKM076,킴코,BKM076-G003,다운타운,다운타운 300 i ABS,41,스쿠터,298,251~500cc,가솔린,2012,2014,RW+NV,✅ RW+NV 일치,9977,https://auto.naver.com/bike/lineup.nhn?bikeNo=1291,,,
BKM076-0042,BKM076,킴코,BKM076-G017,레이싱,레이싱 125 i,42,스쿠터,125,51~125cc,가솔린,2012,2014,RW+NV,✅ RW+NV 일치,9986,https://auto.naver.com/bike/lineup.nhn?bikeNo=1295,,,
BKM076-0043,BKM076,킴코,BKM076-G002,익사이팅,익사이팅 R 300i,43,스쿠터,270,251~500cc,가솔린,2012,2014,NV,🟡 유사 후보 확인,,https://auto.naver.com/bike/lineup.nhn?bikeNo=1290,,익사이팅 300 i / 익사이팅 R 400 I,
BKM076-0044,BKM076,킴코,BKM076-G002,익사이팅,익사이팅 R 500i,44,스쿠터,498,251~500cc,가솔린,2012,2014,NV,🟡 유사 후보 확인,,https://auto.naver.com/bike/lineup.nhn?bikeNo=1289,,익사이팅 500 / 익사이팅 R 400 I,
BKM076-0045,BKM076,킴코,BKM076-G026,제틱스 125,제틱스 125,45,언더본·비즈니스,123.6,51~125cc,가솔린,2014,2014,NV,✅ 네이버만(과거 모델),,https://auto.naver.com/bike/lineup.nhn?bikeNo=2659,,,
BKM076-0046,BKM076,킴코,BKM076-G027,캡처 125,캡처 125,46,스쿠터,124,51~125cc,가솔린,2012,2014,NV,✅ 네이버만(과거 모델),,https://auto.naver.com/bike/lineup.nhn?bikeNo=1294,,,
BKM076-0047,BKM076,킴코,BKM076-G028,베녹스 250i,베녹스 250i,47,크루저,252,251~500cc,가솔린,2013,2013,NV,✅ 네이버만(과거 모델),,https://auto.naver.com/bike/lineup.nhn?bikeNo=2661,,,
BKM076-0048,BKM076,킴코,BKM076-G021,G,G 6 125 i,48,스쿠터,124,51~125cc,가솔린,,,RW,✅ 라이트바겐만,9936,,,,🟡 연료 원천 없음→가솔린 추정
BKM076-0049,BKM076,킴코,BKM076-G010,G 딩크,G 딩크 125 i,49,스쿠터,124,51~125cc,가솔린,,,RW,✅ 라이트바겐만,9938,,,,🟡 연료 원천 없음→가솔린 추정
BKM076-0050,BKM076,킴코,BKM076-G010,G 딩크,G 딩크 300 i,50,스쿠터,124,51~125cc,가솔린,,,RW,✅ 라이트바겐만,9939,,,,🟡 연료 원천 없음→가솔린 추정
BKM076-0051,BKM076,킴코,BKM076-G008,GP,GP 125 SE,51,스쿠터,124,51~125cc,가솔린,,,RW,✅ 라이트바겐만,9943,,,,🟡 연료 원천 없음→가솔린 추정
BKM076-0052,BKM076,킴코,BKM076-G029,KCR 125,KCR 125,52,네이키드,124,51~125cc,가솔린,,,RW,✅ 라이트바겐만,9946,,,,🟡 연료 원천 없음→가솔린 추정
BKM076-0053,BKM076,킴코,BKM076-G030,KRV 200,KRV 200,53,스쿠터,175,126~250cc,가솔린,,,RW,✅ 라이트바겐만,13090,,,,🟡 연료 원천 없음→가솔린 추정
BKM076-0054,BKM076,킴코,BKM076-G023,MXU,MXU 550i,54,기타,,,가솔린,,,RW,✅ 라이트바겐만,13112,,,,🟡 연료 원천 없음→가솔린 추정
BKM076-0055,BKM076,킴코,BKM076-G023,MXU,MXU 700i,55,기타,,,가솔린,,,RW+DN,✅ RW+DN 일치,13113,,10468470,,🟡 연료 원천 없음→가솔린 추정
BKM076-0056,BKM076,킴코,BKM076-G034,MXU덤프 150,MXU덤프 150,56,ATV,149,126~250cc,가솔린,,,DN,🟡 유사 후보 확인,,,15699551,MXU 150 / MXU 50,🟡 다나와에만 있음(현행 판매) · 🟡 같은 모델일 수 있음: MXU 150 / MXU 50 · 🟡 모델그룹 없음→모델명으로 그룹 생성
BKM076-0057,BKM076,킴코,BKM076-G035,UXV700,UXV700,57,ATV,695,501~1000cc,가솔린,,,DN,🟡 유사 후보 확인,,,10473438,UXV500,🟡 다나와에만 있음(현행 판매) · 🟡 같은 모델일 수 있음: UXV500 · 🟡 모델그룹 없음→모델명으로 그룹 생성
BKM076-0058,BKM076,킴코,BKM076-G009,그랜드딩크,그랜드딩크 125 L,58,스쿠터,124,51~125cc,가솔린,,,RW,✅ 라이트바겐만,9970,,,,🟡 연료 원천 없음→가솔린 추정
BKM076-0059,BKM076,킴코,BKM076-G009,그랜드딩크,그랜드딩크 250 S,59,스쿠터,124,51~125cc,가솔린,,,RW,✅ 라이트바겐만,9974,,,,🟡 연료 원천 없음→가솔린 추정
BKM076-0060,BKM076,킴코,BKM076-G031,딩크 200,딩크 200,60,스쿠터,176,126~250cc,가솔린,,,RW,✅ 라이트바겐만,9982,,,,🟡 연료 원천 없음→가솔린 추정
BKM076-0061,BKM076,킴코,BKM076-G032,슈퍼 넥스,슈퍼 넥스,61,스포츠,649,501~1000cc,가솔린,,,RW,✅ 라이트바겐만,13030,,,,🟡 연료 원천 없음→가솔린 추정
BKM076-0062,BKM076,킴코,BKM076-G033,어질리티 50,어질리티 50,62,스쿠터,49,50cc 이하,가솔린,,,RW,✅ 라이트바겐만,9994,,,,🟡 연료 원천 없음→가솔린 추정
BKM076-0063,BKM076,킴코,BKM076-G002,익사이팅,익사이팅 300 i,63,스쿠터,270,251~500cc,가솔린,,,RW,✅ 라이트바겐만,9998,,,,🟡 연료 원천 없음→가솔린 추정
BKM076-0064,BKM076,킴코,BKM076-G002,익사이팅,익사이팅 500,64,스쿠터,498,251~500cc,가솔린,,,RW,✅ 라이트바겐만,10001,,,,🟡 연료 원천 없음→가솔린 추정
BKM076-0065,BKM076,킴코,BKM076-G002,익사이팅,익사이팅 R 400 I,65,스쿠터,400,251~500cc,가솔린,,,RW,✅ 라이트바겐만,10003,,,,🟡 연료 원천 없음→가솔린 추정
BKM077-0001,BKM077,타이탄,,,타이탄 1100,1,스쿠터,,전기,전기,,,RW,✅ 라이트바겐만,13224,,,,"🟡 장르 ""전기""→연료 전기로 분리, 장르는 추정"
BKM078-0001,BKM078,트라이엄프,BKM078-G001,스크램블러,스크램블러,1,네이키드,1200,1001cc 이상,가솔린,2013,2013,RW+NV,✅ RW+NV 일치,10970,https://auto.naver.com/bike/lineup.nhn?bikeNo=6997,,,
BKM078-0002,BKM078,트라이엄프,BKM078-G002,트라이던트 660,트라이던트 660,2,네이키드,660,501~1000cc,가솔린,2021,2021,RW+NV,✅ RW+NV 일치,10044,https://auto.naver.com/bike/lineup.nhn?bikeNo=7319,,,
BKM078-0003,BKM078,트라이엄프,BKM078-G003,본네빌,본네빌 T100,3,네이키드,900,501~1000cc,가솔린,2013,2024,RW+NV,✅ RW+NV 일치,10986,https://auto.naver.com/bike/lineup.nhn?bikeNo=6983,,,
BKM078-0004,BKM078,트라이엄프,BKM078-G004,타이거,타이거 900,4,멀티퍼퍼스,885,501~1000cc,가솔린,2020,2020,RW+NV,✅ RW+NV 일치,11095,https://auto.naver.com/bike/lineup.nhn?bikeNo=5825,,,
BKM078-0005,BKM078,트라이엄프,BKM078-G005,스트리트 트윈 900,스트리트 트윈 900,5,네이키드,900,501~1000cc,가솔린,2016,2019,RW+NV,✅ RW+NV 일치,10028,https://auto.naver.com/bike/lineup.nhn?bikeNo=4449,,,
BKM078-0006,BKM078,트라이엄프,BKM078-G006,스피드,스피드 마스터,6,크루저,1200,1001cc 이상,가솔린,2013,2019,RW+NV,✅ RW+NV 일치,10030,https://auto.naver.com/bike/lineup.nhn?bikeNo=6991,,,
BKM078-0007,BKM078,트라이엄프,BKM078-G006,스피드,스피드 트윈,7,네이키드,1200,1001cc 이상,가솔린,2019,2019,RW+NV,✅ RW+NV 일치,10033,https://auto.naver.com/bike/lineup.nhn?bikeNo=4935,,,
BKM078-0008,BKM078,트라이엄프,BKM078-G003,본네빌,본네빌 T120,8,네이키드,1200,1001cc 이상,가솔린,2016,2024,RW+NV,✅ RW+NV 일치,10018,https://auto.naver.com/bike/lineup.nhn?bikeNo=6979,,,
BKM078-0009,BKM078,트라이엄프,BKM078-G004,타이거,타이거 900 GT 프로,9,멀티퍼퍼스,888,501~1000cc,가솔린,2023,2023,RW,✅ 라이트바겐만,12671,,,,
BKM078-0010,BKM078,트라이엄프,BKM078-G003,본네빌,본네빌 바버,10,네이키드,1200,1001cc 이상,가솔린,2018,2019,RW+NV,✅ RW+NV 일치,10021,https://auto.naver.com/bike/lineup.nhn?bikeNo=4435,,,
BKM078-0011,BKM078,트라이엄프,BKM078-G007,트럭스턴,트럭스턴,11,네이키드,1200,1001cc 이상,가솔린,,,RW,✅ 라이트바겐만,10045,,,,🟡 연료 원천 없음→가솔린 추정
BKM078-0012,BKM078,트라이엄프,BKM078-G003,본네빌,본네빌 T120 블랙,12,네이키드,1200,1001cc 이상,가솔린,2024,2024,RW,✅ 라이트바겐만,10019,,,,
BKM078-0013,BKM078,트라이엄프,BKM078-G004,타이거,타이거 800,13,멀티퍼퍼스,800,501~1000cc,가솔린,2013,2013,RW+NV,✅ RW+NV 일치,10041,https://auto.naver.com/bike/lineup.nhn?bikeNo=731,,,
BKM078-0014,BKM078,트라이엄프,BKM078-G008,스피드 트리플,스피드 트리플 1200 RR,14,네이키드,1160,1001cc 이상,가솔린,,,RW,✅ 라이트바겐만,10031,,,,🟡 연료 원천 없음→가솔린 추정
BKM078-0015,BKM078,트라이엄프,BKM078-G004,타이거,타이거 1200 랠리 익스플로어,15,멀티퍼퍼스,1160,1001cc 이상,가솔린,2025,2025,RW,✅ 라이트바겐만,10040,,,,
BKM078-0016,BKM078,트라이엄프,BKM078-G004,타이거,타이거 900 랠리 프로,16,멀티퍼퍼스,888,501~1000cc,가솔린,2023,2023,RW,✅ 라이트바겐만,10043,,,,
BKM078-0017,BKM078,트라이엄프,BKM078-G009,로켓III,로켓III GT,17,크루저,2458,1001cc 이상,가솔린,2020,2020,RW+NV,✅ RW+NV 일치,10013,https://auto.naver.com/bike/lineup.nhn?bikeNo=5209,,,
BKM078-0018,BKM078,트라이엄프,BKM078-G003,본네빌,본네빌 바버 블랙,18,네이키드,1200,1001cc 이상,가솔린,2018,2019,RW+NV,✅ RW+NV 일치,10022,https://auto.naver.com/bike/lineup.nhn?bikeNo=4433,,,
BKM078-0019,BKM078,트라이엄프,BKM078-G007,트럭스턴,트럭스턴 R,19,네이키드,1200,1001cc 이상,가솔린,,,RW,✅ 라이트바겐만,10046,,,,🟡 연료 원천 없음→가솔린 추정
BKM078-0020,BKM078,트라이엄프,BKM078-G009,로켓III,로켓III R,20,크루저,2458,1001cc 이상,가솔린,2020,2020,RW+NV,✅ RW+NV 일치,10014,https://auto.naver.com/bike/lineup.nhn?bikeNo=5207,,,
BKM078-0021,BKM078,트라이엄프,BKM078-G001,스크램블러,스크램블러 1200 XE,21,네이키드,1200,1001cc 이상,가솔린,2019,2019,RW+NV,✅ RW+NV 일치,10025,https://auto.naver.com/bike/lineup.nhn?bikeNo=4933,,,
BKM078-0022,BKM078,트라이엄프,BKM078-G008,스피드 트리플,스피드 트리플 1050 R,22,네이키드,1050,1001cc 이상,가솔린,,,RW,✅ 라이트바겐만,10032,,,,🟡 연료 원천 없음→가솔린 추정
BKM078-0023,BKM078,트라이엄프,BKM078-G007,트럭스턴,트럭스턴 RS,23,네이키드,1200,1001cc 이상,가솔린,,,RW,✅ 라이트바겐만,10047,,,,🟡 연료 원천 없음→가솔린 추정
BKM078-0024,BKM078,트라이엄프,BKM078-G004,타이거,타이거 1200 GT 익스플로어,24,멀티퍼퍼스,1160,1001cc 이상,가솔린,2025,2025,RW,✅ 라이트바겐만,11094,,,,
BKM078-0025,BKM078,트라이엄프,BKM078-G001,스크램블러,스크램블러 400 X,25,네이키드,398,251~500cc,가솔린,2024,2024,RW,✅ 라이트바겐만,13092,,,,
BKM078-0026,BKM078,트라이엄프,BKM078-G010,SCRAMBLER 900,SCRAMBLER 900,26,,900,501~1000cc,가솔린,,,RW,✅ 라이트바겐만,12891,,,,🟡 연료 원천 없음→가솔린 추정
BKM078-0027,BKM078,트라이엄프,BKM078-G011,스피드 트윈,스피드 트윈 1200,27,클래식,1200,1001cc 이상,가솔린,2026,2026,RW,✅ 라이트바겐만,13324,,,,🟡 연료 원천 없음→가솔린 추정
BKM078-0028,BKM078,트라이엄프,BKM078-G006,스피드,스피드 400,28,네이키드,398,251~500cc,가솔린,2024,2024,RW,✅ 라이트바겐만,13091,,,,
BKM078-0029,BKM078,트라이엄프,BKM078-G004,타이거,타이거 1200 GT 프로,29,멀티퍼퍼스,1160,1001cc 이상,가솔린,2022,2022,RW,✅ 라이트바겐만,13191,,,,
BKM078-0030,BKM078,트라이엄프,BKM078-G004,타이거,타이거 1200 랠리 프로,30,멀티퍼퍼스,1160,1001cc 이상,가솔린,2022,2022,RW,✅ 라이트바겐만,13190,,,,
BKM078-0031,BKM078,트라이엄프,BKM078-G012,타이거 스포츠,타이거 스포츠 660,31,,660,501~1000cc,가솔린,2022,2022,RW,✅ 라이트바겐만,12889,,,,
BKM078-0032,BKM078,트라이엄프,BKM078-G013,바버 TFC,바버 TFC,32,크루저,1200,1001cc 이상,가솔린,2020,2020,NV,✅ 네이버만(과거 모델),,https://auto.naver.com/bike/lineup.nhn?bikeNo=5821,,,
BKM078-0033,BKM078,트라이엄프,BKM078-G014,스럭스톤,스럭스톤 RS,33,네이키드,1200,1001cc 이상,가솔린,2020,2020,NV,✅ 네이버만(과거 모델),,https://auto.naver.com/bike/lineup.nhn?bikeNo=5823,,,
BKM078-0034,BKM078,트라이엄프,BKM078-G015,스트리트 트리플,스트리트 트리플 R,34,네이키드,765,501~1000cc,가솔린,2013,2020,NV,🟡 유사 후보 확인,,https://auto.naver.com/bike/lineup.nhn?bikeNo=5973,,스트리트 트리플 RS / 스트리트 트리플 765 R,
BKM078-0035,BKM078,트라이엄프,BKM078-G015,스트리트 트리플,스트리트 트리플 RS,35,네이키드,765,501~1000cc,가솔린,2018,2020,RW+NV,✅ RW+NV 일치,10027,https://auto.naver.com/bike/lineup.nhn?bikeNo=5971,,,
BKM078-0036,BKM078,트라이엄프,BKM078-G015,스트리트 트리플,스트리트 트리플 S,36,네이키드,660,501~1000cc,가솔린,2020,2020,NV,🟡 유사 후보 확인,,https://auto.naver.com/bike/lineup.nhn?bikeNo=5961,,스트리트 트리플 RS,
BKM078-0037,BKM078,트라이엄프,BKM078-G004,타이거,타이거 900 GT,37,멀티퍼퍼스,888,501~1000cc,가솔린,2020,2020,RW+NV,✅ RW+NV 일치,10042,https://auto.naver.com/bike/lineup.nhn?bikeNo=5963,,,
BKM078-0038,BKM078,트라이엄프,BKM078-G004,타이거,타이거 900 랠리,38,멀티퍼퍼스,888,501~1000cc,가솔린,2020,2020,NV,🟡 유사 후보 확인,,https://auto.naver.com/bike/lineup.nhn?bikeNo=5967,,타이거 900 랠리 프로 / 타이거 900,
BKM078-0039,BKM078,트라이엄프,BKM078-G016,데이토나,데이토나 MOTO2™ 765,39,스포츠,765,501~1000cc,가솔린,2019,2019,NV,✅ 네이버만(과거 모델),,https://auto.naver.com/bike/lineup.nhn?bikeNo=5333,,,
BKM078-0040,BKM078,트라이엄프,BKM078-G014,스럭스톤,스럭스톤 R,40,네이키드,1200,1001cc 이상,가솔린,2016,2019,NV,✅ 네이버만(과거 모델),,https://auto.naver.com/bike/lineup.nhn?bikeNo=4443,,,
BKM078-0041,BKM078,트라이엄프,BKM078-G001,스크램블러,스크램블러 1200 XC,41,네이키드,1200,1001cc 이상,가솔린,2019,2019,RW+NV,✅ RW+NV 일치,10024,https://auto.naver.com/bike/lineup.nhn?bikeNo=4931,,,
BKM078-0042,BKM078,트라이엄프,BKM078-G017,스트리트,스트리트 스크램블러,42,네이키드,900,501~1000cc,가솔린,2018,2019,RW+NV,✅ RW+NV 일치,10026,https://auto.naver.com/bike/lineup.nhn?bikeNo=7001,,,
BKM078-0043,BKM078,트라이엄프,BKM078-G008,스피드 트리플,스피드 트리플 1200 RS,43,네이키드,1160,1001cc 이상,가솔린,2018,2019,RW+NV,✅ RW+NV 일치,13143,https://auto.naver.com/bike/lineup.nhn?bikeNo=5979,,,
BKM078-0044,BKM078,트라이엄프,BKM078-G004,타이거,타이거 1200 XCA,44,멀티퍼퍼스,1215,1001cc 이상,가솔린,2018,2019,NV,🟡 유사 후보 확인,,https://auto.naver.com/bike/lineup.nhn?bikeNo=4457,,타이거 800 XCA,
BKM078-0045,BKM078,트라이엄프,BKM078-G004,타이거,타이거 1200 XRT,45,멀티퍼퍼스,1215,1001cc 이상,가솔린,2018,2019,NV,🟡 유사 후보 확인,,https://auto.naver.com/bike/lineup.nhn?bikeNo=4459,,타이거 800 XRT,
BKM078-0046,BKM078,트라이엄프,BKM078-G004,타이거,타이거 800 XCA,46,멀티퍼퍼스,800,501~1000cc,가솔린,2019,2019,RW+NV,✅ RW+NV 일치,13095,https://auto.naver.com/bike/lineup.nhn?bikeNo=4453,,,
BKM078-0047,BKM078,트라이엄프,BKM078-G004,타이거,타이거 800 XRT,47,멀티퍼퍼스,800,501~1000cc,가솔린,2016,2019,RW+NV,✅ RW+NV 일치,13094,https://auto.naver.com/bike/lineup.nhn?bikeNo=4455,,,
BKM078-0048,BKM078,트라이엄프,BKM078-G008,스피드 트리플,스피드 트리플 R,48,네이키드,1050,1001cc 이상,가솔린,2013,2018,NV,✅ 네이버만(과거 모델),,https://auto.naver.com/bike/lineup.nhn?bikeNo=5977,,,
BKM078-0049,BKM078,트라이엄프,BKM078-G008,스피드 트리플,스피드 트리플 S,49,네이키드,1050,1001cc 이상,가솔린,2016,2018,NV,✅ 네이버만(과거 모델),,https://auto.naver.com/bike/lineup.nhn?bikeNo=4187,,,
BKM078-0050,BKM078,트라이엄프,BKM078-G004,타이거,타이거 800 XC,50,멀티퍼퍼스,800,501~1000cc,가솔린,2014,2018,NV,🟡 유사 후보 확인,,https://auto.naver.com/bike/lineup.nhn?bikeNo=4427,,타이거 800 XCA / 타이거 800,
BKM078-0051,BKM078,트라이엄프,BKM078-G014,스럭스톤,스럭스톤,51,네이키드,865,501~1000cc,가솔린,2013,2016,NV,✅ 네이버만(과거 모델),,https://auto.naver.com/bike/lineup.nhn?bikeNo=6995,,,
BKM078-0052,BKM078,트라이엄프,BKM078-G018,썬더버드,썬더버드 LT,52,투어러,1699,1001cc 이상,가솔린,2016,2016,NV,✅ 네이버만(과거 모델),,https://auto.naver.com/bike/lineup.nhn?bikeNo=7005,,,
BKM078-0053,BKM078,트라이엄프,BKM078-G018,썬더버드,썬더버드 스톰,53,크루저,1699,1001cc 이상,가솔린,2013,2016,NV,✅ 네이버만(과거 모델),,https://auto.naver.com/bike/lineup.nhn?bikeNo=2527,,,
BKM078-0054,BKM078,트라이엄프,BKM078-G018,썬더버드,썬더버드 코만더,54,크루저,1699,1001cc 이상,가솔린,2016,2016,NV,✅ 네이버만(과거 모델),,https://auto.naver.com/bike/lineup.nhn?bikeNo=7007,,,
BKM078-0055,BKM078,트라이엄프,BKM078-G004,타이거,타이거 1050 스포츠,55,멀티퍼퍼스,1050,1001cc 이상,가솔린,2016,2016,NV,✅ 네이버만(과거 모델),,https://auto.naver.com/bike/lineup.nhn?bikeNo=7003,,,
BKM078-0056,BKM078,트라이엄프,BKM078-G004,타이거,타이거 800 XR,56,멀티퍼퍼스,800,501~1000cc,가솔린,2016,2016,NV,🟡 유사 후보 확인,,https://auto.naver.com/bike/lineup.nhn?bikeNo=2531,,타이거 800 XRT / 타이거 800,
BKM078-0057,BKM078,트라이엄프,BKM078-G019,타이거 익스플로러,타이거 익스플로러 XC,57,멀티퍼퍼스,1215,1001cc 이상,가솔린,2013,2016,NV,✅ 네이버만(과거 모델),,https://auto.naver.com/bike/lineup.nhn?bikeNo=2533,,,
BKM078-0058,BKM078,트라이엄프,BKM078-G019,타이거 익스플로러,타이거 익스플로러 XCa,58,멀티퍼퍼스,1215,1001cc 이상,가솔린,2016,2016,NV,✅ 네이버만(과거 모델),,https://auto.naver.com/bike/lineup.nhn?bikeNo=2709,,,
BKM078-0059,BKM078,트라이엄프,BKM078-G019,타이거 익스플로러,타이거 익스플로러 XR,59,멀티퍼퍼스,1215,1001cc 이상,가솔린,2016,2016,NV,✅ 네이버만(과거 모델),,https://auto.naver.com/bike/lineup.nhn?bikeNo=2703,,,
BKM078-0060,BKM078,트라이엄프,BKM078-G019,타이거 익스플로러,타이거 익스플로러 XRt,60,멀티퍼퍼스,1215,1001cc 이상,가솔린,2016,2016,NV,✅ 네이버만(과거 모델),,https://auto.naver.com/bike/lineup.nhn?bikeNo=2705,,,
BKM078-0061,BKM078,트라이엄프,BKM078-G019,타이거 익스플로러,타이거 익스플로러 XRx,61,멀티퍼퍼스,1215,1001cc 이상,가솔린,2016,2016,NV,✅ 네이버만(과거 모델),,https://auto.naver.com/bike/lineup.nhn?bikeNo=2707,,,
BKM078-0062,BKM078,트라이엄프,BKM078-G003,본네빌,본네빌 T 214,62,클래식,865,501~1000cc,가솔린,2015,2015,RW,✅ 라이트바겐만,13312,,,,🟡 연료 원천 없음→가솔린 추정
BKM078-0063,BKM078,트라이엄프,BKM078-G015,스트리트 트리플,스트리트 트리플 Rx SE,63,네이키드,675,501~1000cc,가솔린,2015,2015,NV,🟡 유사 후보 확인,,https://auto.naver.com/bike/lineup.nhn?bikeNo=1581,,스트리트 트리플 RS,
BKM078-0064,BKM078,트라이엄프,BKM078-G020,아메리카,아메리카,64,크루저,865,501~1000cc,가솔린,2013,2015,NV,✅ 네이버만(과거 모델),,https://auto.naver.com/bike/lineup.nhn?bikeNo=2188,,,
BKM078-0065,BKM078,트라이엄프,BKM078-G004,타이거,타이거 익스플로러,65,멀티퍼퍼스,1215,1001cc 이상,가솔린,2013,2015,NV,✅ 네이버만(과거 모델),,https://auto.naver.com/bike/lineup.nhn?bikeNo=2157,,,
BKM078-0066,BKM078,트라이엄프,BKM078-G016,데이토나,데이토나 675,66,스포츠,675,501~1000cc,가솔린,2013,2014,NV,✅ 네이버만(과거 모델),,https://auto.naver.com/bike/lineup.nhn?bikeNo=933,,,
BKM078-0067,BKM078,트라이엄프,BKM078-G016,데이토나,데이토나 675R,67,스포츠,675,501~1000cc,가솔린,2013,2014,NV,✅ 네이버만(과거 모델),,https://auto.naver.com/bike/lineup.nhn?bikeNo=911,,,
BKM078-0068,BKM078,트라이엄프,BKM078-G009,로켓III,로켓III 투어링,68,투어러,2294,1001cc 이상,가솔린,2013,2014,NV,✅ 네이버만(과거 모델),,https://auto.naver.com/bike/lineup.nhn?bikeNo=913,,,
BKM078-0069,BKM078,트라이엄프,BKM078-G003,본네빌,본네빌,69,네이키드,865,501~1000cc,가솔린,2013,2014,NV,🟡 유사 후보 확인,,https://auto.naver.com/bike/lineup.nhn?bikeNo=6987,,본네빌 바버 / 본네빌 바버 블랙,
BKM078-0070,BKM078,트라이엄프,BKM078-G017,스트리트,스트리트 트리플,70,네이키드,675,501~1000cc,가솔린,2013,2014,NV,🟡 유사 후보 확인,,https://auto.naver.com/bike/lineup.nhn?bikeNo=923,,스트리트 트리플 RS,
BKM078-0071,BKM078,트라이엄프,BKM078-G006,스피드,스피드 트리플,71,네이키드,675,501~1000cc,가솔린,2013,2014,NV,✅ 네이버만(과거 모델),,https://auto.naver.com/bike/lineup.nhn?bikeNo=915,,,
BKM078-0072,BKM078,트라이엄프,BKM078-G009,로켓III,로켓III 로드스터,72,크루저,2294,1001cc 이상,가솔린,2013,2013,NV,✅ 네이버만(과거 모델),,https://auto.naver.com/bike/lineup.nhn?bikeNo=707,,,
BKM078-0073,BKM078,트라이엄프,BKM078-G021,스프린트 GT,스프린트 GT,73,투어러,1050,1001cc 이상,가솔린,2013,2013,NV,✅ 네이버만(과거 모델),,https://auto.naver.com/bike/lineup.nhn?bikeNo=719,,,
BKM078-0074,BKM078,트라이엄프,BKM078-G018,썬더버드,썬더버드,74,크루저,1597,1001cc 이상,가솔린,2013,2013,NV,✅ 네이버만(과거 모델),,https://auto.naver.com/bike/lineup.nhn?bikeNo=727,,,
BKM078-0075,BKM078,트라이엄프,BKM078-G004,타이거,타이거 1050 SE,75,멀티퍼퍼스,1050,1001cc 이상,가솔린,2013,2013,NV,✅ 네이버만(과거 모델),,https://auto.naver.com/bike/lineup.nhn?bikeNo=735,,,
BKM078-0076,BKM078,트라이엄프,BKM078-G022,트로피,트로피,76,투어러,1215,1001cc 이상,가솔린,2013,2013,NV,✅ 네이버만(과거 모델),,https://auto.naver.com/bike/lineup.nhn?bikeNo=741,,,
BKM078-0077,BKM078,트라이엄프,BKM078-G022,트로피,트로피 SE,77,투어러,1215,1001cc 이상,가솔린,2013,2013,NV,✅ 네이버만(과거 모델),,https://auto.naver.com/bike/lineup.nhn?bikeNo=743,,,
BKM078-0078,BKM078,트라이엄프,BKM078-G023,SPEED TWIN 900,SPEED TWIN 900,78,,900,501~1000cc,가솔린,,,RW,✅ 라이트바겐만,12890,,,,🟡 연료 원천 없음→가솔린 추정
BKM078-0079,BKM078,트라이엄프,BKM078-G016,데이토나,데이토나 660,79,스포츠,660,501~1000cc,가솔린,,,RW,✅ 라이트바겐만,13069,,,,🟡 연료 원천 없음→가솔린 추정
BKM078-0080,BKM078,트라이엄프,BKM078-G003,본네빌,본네빌 T 120 골드라인 에디션,80,네이키드,1200,1001cc 이상,가솔린,,,RW,✅ 라이트바겐만,12693,,,,🟡 연료 원천 없음→가솔린 추정
BKM078-0081,BKM078,트라이엄프,BKM078-G015,스트리트 트리플,스트리트 트리플 765 R,81,네이키드,765,501~1000cc,가솔린,,,RW,✅ 라이트바겐만,13294,,,,🟡 연료 원천 없음→가솔린 추정
BKM078-0082,BKM078,트라이엄프,BKM078-G011,스피드 트윈,스피드 트윈 900,82,클래식,900,501~1000cc,가솔린,,,RW,✅ 라이트바겐만,13088,,,,🟡 연료 원천 없음→가솔린 추정
BKM078-0083,BKM078,트라이엄프,BKM078-G012,타이거 스포츠,타이거 스포츠 800,83,투어러,798,501~1000cc,가솔린,,,RW,✅ 라이트바겐만,13097,,,,🟡 연료 원천 없음→가솔린 추정
BKM079-0001,BKM079,폴라리스,BKM079-G001,슬링샷,슬링샷,1,삼륜,1997,1001cc 이상,가솔린,2014,2020,NV,✅ 네이버만(과거 모델),,https://auto.naver.com/bike/lineup.nhn?bikeNo=5827,,,
BKM079-0002,BKM079,폴라리스,BKM079-G002,RZR XP 터보 EPS,RZR XP 터보 EPS,2,ATV,925,501~1000cc,가솔린,2016,2019,NV,✅ 네이버만(과거 모델),,https://auto.naver.com/bike/lineup.nhn?bikeNo=4085,,,
BKM079-0003,BKM079,폴라리스,BKM079-G003,ACE,ACE 570 EPS,3,ATV,567,501~1000cc,가솔린,2018,2018,NV,✅ 네이버만(과거 모델),,https://auto.naver.com/bike/lineup.nhn?bikeNo=4091,,,
BKM079-0004,BKM079,폴라리스,BKM079-G003,ACE,ACE 900 XC,4,ATV,875,501~1000cc,가솔린,2017,2018,NV,✅ 네이버만(과거 모델),,https://auto.naver.com/bike/lineup.nhn?bikeNo=7077,,,
BKM079-0005,BKM079,폴라리스,BKM079-G004,RZR,RZR 170 EFI,5,ATV,169,126~250cc,가솔린,2015,2018,NV,✅ 네이버만(과거 모델),,https://auto.naver.com/bike/lineup.nhn?bikeNo=4097,,,
BKM079-0006,BKM079,폴라리스,BKM079-G004,RZR,RZR 570 EPS,6,ATV,567,501~1000cc,가솔린,2018,2018,NV,✅ 네이버만(과거 모델),,https://auto.naver.com/bike/lineup.nhn?bikeNo=4089,,,
BKM079-0007,BKM079,폴라리스,BKM079-G005,RZR XP,RZR XP 4 터보,7,ATV,925,501~1000cc,가솔린,2018,2018,NV,✅ 네이버만(과거 모델),,https://auto.naver.com/bike/lineup.nhn?bikeNo=4087,,,
BKM079-0008,BKM079,폴라리스,BKM079-G006,레인저,레인저 570 풀사이즈,8,ATV,567,501~1000cc,가솔린,2015,2018,NV,✅ 네이버만(과거 모델),,https://auto.naver.com/bike/lineup.nhn?bikeNo=4081,,,
BKM079-0009,BKM079,폴라리스,BKM079-G006,레인저,레인저 XP 1000 EPS,9,ATV,999,501~1000cc,가솔린,2018,2018,NV,✅ 네이버만(과거 모델),,https://auto.naver.com/bike/lineup.nhn?bikeNo=4079,,,
BKM079-0010,BKM079,폴라리스,BKM079-G006,레인저,레인저 XP 1000 EPS 노쓰스타 HVAC,10,ATV,999,501~1000cc,가솔린,2018,2018,NV,✅ 네이버만(과거 모델),,https://auto.naver.com/bike/lineup.nhn?bikeNo=4077,,,
BKM079-0011,BKM079,폴라리스,BKM079-G007,레인저 크루,레인저 크루 XP 1000 EPS,11,ATV,999,501~1000cc,가솔린,2018,2018,NV,✅ 네이버만(과거 모델),,https://auto.naver.com/bike/lineup.nhn?bikeNo=4073,,,
BKM079-0012,BKM079,폴라리스,BKM079-G007,레인저 크루,레인저 크루 XP 1000 EPS 노쓰스타 HVAC,12,ATV,999,501~1000cc,가솔린,2018,2018,NV,✅ 네이버만(과거 모델),,https://auto.naver.com/bike/lineup.nhn?bikeNo=4075,,,
BKM079-0013,BKM079,폴라리스,BKM079-G008,스크램블러,스크램블러 XP 1000,13,ATV,952,501~1000cc,가솔린,2015,2018,NV,✅ 네이버만(과거 모델),,https://auto.naver.com/bike/lineup.nhn?bikeNo=4071,,,
BKM079-0014,BKM079,폴라리스,BKM079-G009,스포츠맨,스포츠맨 110 EFI,14,ATV,112,51~125cc,가솔린,2018,2018,NV,✅ 네이버만(과거 모델),,https://auto.naver.com/bike/lineup.nhn?bikeNo=4099,,,
BKM079-0015,BKM079,폴라리스,BKM079-G009,스포츠맨,스포츠맨 450 H.O. EPS,15,ATV,500,251~500cc,가솔린,2017,2018,NV,✅ 네이버만(과거 모델),,https://auto.naver.com/bike/lineup.nhn?bikeNo=4063,,,
BKM079-0016,BKM079,폴라리스,BKM079-G009,스포츠맨,스포츠맨 570 6X6,16,ATV,567,501~1000cc,가솔린,2018,2018,NV,✅ 네이버만(과거 모델),,https://auto.naver.com/bike/lineup.nhn?bikeNo=4069,,,
BKM079-0017,BKM079,폴라리스,BKM079-G009,스포츠맨,스포츠맨 570 EPS,17,ATV,567,501~1000cc,가솔린,2018,2018,NV,✅ 네이버만(과거 모델),,https://auto.naver.com/bike/lineup.nhn?bikeNo=4059,,,
BKM079-0018,BKM079,폴라리스,BKM079-G009,스포츠맨,스포츠맨 X2 570 EPS,18,ATV,567,501~1000cc,가솔린,2015,2018,NV,✅ 네이버만(과거 모델),,https://auto.naver.com/bike/lineup.nhn?bikeNo=4057,,,
BKM079-0019,BKM079,폴라리스,BKM079-G009,스포츠맨,스포츠맨 XP 1000,19,ATV,952,501~1000cc,가솔린,2015,2018,NV,✅ 네이버만(과거 모델),,https://auto.naver.com/bike/lineup.nhn?bikeNo=4055,,,
BKM079-0020,BKM079,폴라리스,BKM079-G009,스포츠맨,스포츠맨 XP 1000 하이리프터,20,ATV,952,501~1000cc,가솔린,2017,2018,NV,✅ 네이버만(과거 모델),,https://auto.naver.com/bike/lineup.nhn?bikeNo=4053,,,
BKM079-0021,BKM079,폴라리스,BKM079-G009,스포츠맨,스포츠맨 XP 1000 헌터,21,ATV,952,501~1000cc,가솔린,2018,2018,NV,✅ 네이버만(과거 모델),,https://auto.naver.com/bike/lineup.nhn?bikeNo=4065,,,
BKM079-0022,BKM079,폴라리스,BKM079-G010,스포츠맨 투어링,스포츠맨 투어링 XP 1000,22,ATV,952,501~1000cc,가솔린,2015,2018,NV,✅ 네이버만(과거 모델),,https://auto.naver.com/bike/lineup.nhn?bikeNo=4061,,,
BKM079-0023,BKM079,폴라리스,BKM079-G011,포이닉스 200,포이닉스 200,23,ATV,196,126~250cc,가솔린,2015,2018,NV,✅ 네이버만(과거 모델),,https://auto.naver.com/bike/lineup.nhn?bikeNo=4095,,,
BKM079-0024,BKM079,폴라리스,BKM079-G006,레인저,레인저 XP 900 EPS,24,ATV,875,501~1000cc,가솔린,2013,2017,NV,✅ 네이버만(과거 모델),,https://auto.naver.com/bike/lineup.nhn?bikeNo=3623,,,
BKM079-0025,BKM079,폴라리스,BKM079-G007,레인저 크루,레인저 크루 570-4,25,ATV,567,501~1000cc,가솔린,2016,2017,NV,✅ 네이버만(과거 모델),,https://auto.naver.com/bike/lineup.nhn?bikeNo=3627,,,
BKM079-0026,BKM079,폴라리스,BKM079-G007,레인저 크루,레인저 크루 570-6,26,ATV,567,501~1000cc,가솔린,2016,2017,NV,✅ 네이버만(과거 모델),,https://auto.naver.com/bike/lineup.nhn?bikeNo=3625,,,
BKM079-0027,BKM079,폴라리스,BKM079-G009,스포츠맨,스포츠맨 450 H.O.,27,ATV,500,251~500cc,가솔린,2017,2017,NV,✅ 네이버만(과거 모델),,https://auto.naver.com/bike/lineup.nhn?bikeNo=3621,,,
BKM079-0028,BKM079,폴라리스,BKM079-G009,스포츠맨,스포츠맨 570 빅 보스 6X6 EPS,28,ATV,567,501~1000cc,가솔린,2017,2017,NV,✅ 네이버만(과거 모델),,https://auto.naver.com/bike/lineup.nhn?bikeNo=3617,,,
BKM079-0029,BKM079,폴라리스,BKM079-G009,스포츠맨,스포츠맨 850 하이리프터,29,ATV,850,501~1000cc,가솔린,2017,2017,NV,✅ 네이버만(과거 모델),,https://auto.naver.com/bike/lineup.nhn?bikeNo=3635,,,
BKM079-0030,BKM079,폴라리스,BKM079-G010,스포츠맨 투어링,스포츠맨 투어링 570 SP,30,ATV,567,501~1000cc,가솔린,2015,2017,NV,✅ 네이버만(과거 모델),,https://auto.naver.com/bike/lineup.nhn?bikeNo=3615,,,
BKM079-0031,BKM079,폴라리스,BKM079-G003,ACE,ACE 325,31,ATV,325,251~500cc,가솔린,2015,2016,NV,✅ 네이버만(과거 모델),,https://auto.naver.com/bike/lineup.nhn?bikeNo=7071,,,
BKM079-0032,BKM079,폴라리스,BKM079-G003,ACE,ACE 570,32,ATV,567,501~1000cc,가솔린,2015,2016,NV,✅ 네이버만(과거 모델),,https://auto.naver.com/bike/lineup.nhn?bikeNo=2453,,,
BKM079-0033,BKM079,폴라리스,BKM079-G003,ACE,ACE 570 SP,33,ATV,567,501~1000cc,가솔린,2015,2016,NV,✅ 네이버만(과거 모델),,https://auto.naver.com/bike/lineup.nhn?bikeNo=2455,,,
BKM079-0034,BKM079,폴라리스,BKM079-G003,ACE,ACE 900 SP,34,ATV,875,501~1000cc,가솔린,2016,2016,NV,✅ 네이버만(과거 모델),,https://auto.naver.com/bike/lineup.nhn?bikeNo=7073,,,
BKM079-0035,BKM079,폴라리스,BKM079-G004,RZR,RZR 4 900 EPS,35,ATV,875,501~1000cc,가솔린,2016,2016,NV,✅ 네이버만(과거 모델),,https://auto.naver.com/bike/lineup.nhn?bikeNo=2508,,,
BKM079-0036,BKM079,폴라리스,BKM079-G004,RZR,RZR 570 EPS 트레일,36,ATV,567,501~1000cc,가솔린,2016,2016,NV,✅ 네이버만(과거 모델),,https://auto.naver.com/bike/lineup.nhn?bikeNo=2509,,,
BKM079-0037,BKM079,폴라리스,BKM079-G005,RZR XP,RZR XP 1000 EPS,37,ATV,999,501~1000cc,가솔린,2015,2016,NV,✅ 네이버만(과거 모델),,https://auto.naver.com/bike/lineup.nhn?bikeNo=7067,,,
BKM079-0038,BKM079,폴라리스,BKM079-G005,RZR XP,RZR XP 4 1000 EPS,38,ATV,999,501~1000cc,가솔린,2015,2016,NV,✅ 네이버만(과거 모델),,https://auto.naver.com/bike/lineup.nhn?bikeNo=2491,,,
BKM079-0039,BKM079,폴라리스,BKM079-G006,레인저,레인저 EV,39,스쿠터,,전기,전기,2015,2016,NV,✅ 네이버만(과거 모델),,https://auto.naver.com/bike/lineup.nhn?bikeNo=2490,,,"🟡 장르 ""전기""→연료 전기로 분리, 장르는 추정"
BKM079-0040,BKM079,폴라리스,BKM079-G006,레인저,레인저 XP 570,40,ATV,567,501~1000cc,가솔린,2016,2016,NV,✅ 네이버만(과거 모델),,https://auto.naver.com/bike/lineup.nhn?bikeNo=2489,,,
BKM079-0041,BKM079,폴라리스,BKM079-G007,레인저 크루,레인저 크루 XP 900-5 EPS,41,ATV,875,501~1000cc,가솔린,2016,2016,NV,✅ 네이버만(과거 모델),,https://auto.naver.com/bike/lineup.nhn?bikeNo=2470,,,
BKM079-0042,BKM079,폴라리스,BKM079-G007,레인저 크루,레인저 크루 XP 900-6 EPS,42,ATV,875,501~1000cc,가솔린,2016,2016,NV,✅ 네이버만(과거 모델),,https://auto.naver.com/bike/lineup.nhn?bikeNo=2471,,,
BKM079-0043,BKM079,폴라리스,BKM079-G012,제너럴,제너럴 1000 EPS,43,ATV,999,501~1000cc,가솔린,2016,2016,NV,✅ 네이버만(과거 모델),,https://auto.naver.com/bike/lineup.nhn?bikeNo=2460,,,
BKM079-0044,BKM079,폴라리스,BKM079-G012,제너럴,제너럴 1000 EPS 디럭스,44,ATV,999,501~1000cc,가솔린,2016,2016,NV,✅ 네이버만(과거 모델),,https://auto.naver.com/bike/lineup.nhn?bikeNo=2461,,,
BKM079-0045,BKM079,폴라리스,BKM079-G004,RZR,RZR 570,45,ATV,567,501~1000cc,가솔린,2015,2015,NV,✅ 네이버만(과거 모델),,https://auto.naver.com/bike/lineup.nhn?bikeNo=1747,,,
BKM079-0046,BKM079,폴라리스,BKM079-G004,RZR,RZR 900,46,ATV,875,501~1000cc,가솔린,2015,2015,NV,✅ 네이버만(과거 모델),,https://auto.naver.com/bike/lineup.nhn?bikeNo=1748,,,
BKM079-0047,BKM079,폴라리스,BKM079-G013,RZR S 900,RZR S 900,47,ATV,875,501~1000cc,가솔린,2015,2015,NV,✅ 네이버만(과거 모델),,https://auto.naver.com/bike/lineup.nhn?bikeNo=1750,,,
BKM079-0048,BKM079,폴라리스,BKM079-G014,RZR XC 900,RZR XC 900,48,ATV,875,501~1000cc,가솔린,2015,2015,NV,✅ 네이버만(과거 모델),,https://auto.naver.com/bike/lineup.nhn?bikeNo=1749,,,
BKM079-0049,BKM079,폴라리스,BKM079-G006,레인저,레인저 570,49,ATV,567,501~1000cc,가솔린,2015,2015,NV,✅ 네이버만(과거 모델),,https://auto.naver.com/bike/lineup.nhn?bikeNo=1715,,,
BKM079-0050,BKM079,폴라리스,BKM079-G006,레인저,레인저 800 6X6,50,ATV,760,501~1000cc,가솔린,2013,2015,NV,✅ 네이버만(과거 모델),,https://auto.naver.com/bike/lineup.nhn?bikeNo=1713,,,
BKM079-0051,BKM079,폴라리스,BKM079-G006,레인저,레인저 ETX,51,ATV,,,가솔린,2015,2015,NV,✅ 네이버만(과거 모델),,https://auto.naver.com/bike/lineup.nhn?bikeNo=1739,,,
BKM079-0052,BKM079,폴라리스,BKM079-G006,레인저,레인저 XP 900,52,ATV,875,501~1000cc,가솔린,2015,2015,NV,✅ 네이버만(과거 모델),,https://auto.naver.com/bike/lineup.nhn?bikeNo=1743,,,
BKM079-0053,BKM079,폴라리스,BKM079-G006,레인저,레인저 디젤,53,ATV,1028,1001cc 이상,디젤,2015,2015,NV,✅ 네이버만(과거 모델),,https://auto.naver.com/bike/lineup.nhn?bikeNo=1737,,,
BKM079-0054,BKM079,폴라리스,BKM079-G007,레인저 크루,레인저 크루 570,54,ATV,567,501~1000cc,가솔린,2015,2015,NV,✅ 네이버만(과거 모델),,https://auto.naver.com/bike/lineup.nhn?bikeNo=1719,,,
BKM079-0055,BKM079,폴라리스,BKM079-G007,레인저 크루,레인저 크루 570 풀사이즈,55,ATV,567,501~1000cc,가솔린,2015,2015,NV,✅ 네이버만(과거 모델),,https://auto.naver.com/bike/lineup.nhn?bikeNo=1721,,,
BKM079-0056,BKM079,폴라리스,BKM079-G007,레인저 크루,레인저 크루 900,56,ATV,875,501~1000cc,가솔린,2015,2015,NV,✅ 네이버만(과거 모델),,https://auto.naver.com/bike/lineup.nhn?bikeNo=1731,,,
BKM079-0057,BKM079,폴라리스,BKM079-G007,레인저 크루,레인저 크루 900-6 EPS,57,ATV,875,501~1000cc,가솔린,2015,2015,NV,✅ 네이버만(과거 모델),,https://auto.naver.com/bike/lineup.nhn?bikeNo=1733,,,
BKM079-0058,BKM079,폴라리스,BKM079-G006,레인저,레인저 크루 디젤,58,ATV,1028,1001cc 이상,디젤,2015,2015,NV,✅ 네이버만(과거 모델),,https://auto.naver.com/bike/lineup.nhn?bikeNo=7063,,,
BKM079-0059,BKM079,폴라리스,BKM079-G008,스크램블러,스크램블러 850,59,ATV,850,501~1000cc,가솔린,2015,2015,NV,✅ 네이버만(과거 모델),,https://auto.naver.com/bike/lineup.nhn?bikeNo=1771,,,
BKM079-0060,BKM079,폴라리스,BKM079-G009,스포츠맨,스포츠맨 570,60,ATV,196,126~250cc,가솔린,2015,2015,NV,✅ 네이버만(과거 모델),,https://auto.naver.com/bike/lineup.nhn?bikeNo=1755,,,
BKM079-0061,BKM079,폴라리스,BKM079-G009,스포츠맨,스포츠맨 570 SP,61,ATV,455,251~500cc,가솔린,2015,2015,NV,✅ 네이버만(과거 모델),,https://auto.naver.com/bike/lineup.nhn?bikeNo=1757,,,
BKM079-0062,BKM079,폴라리스,BKM079-G009,스포츠맨,스포츠맨 850,62,ATV,850,501~1000cc,가솔린,2015,2015,NV,✅ 네이버만(과거 모델),,https://auto.naver.com/bike/lineup.nhn?bikeNo=1759,,,
BKM079-0063,BKM079,폴라리스,BKM079-G009,스포츠맨,스포츠맨 850 SP,63,ATV,850,501~1000cc,가솔린,2015,2015,NV,✅ 네이버만(과거 모델),,https://auto.naver.com/bike/lineup.nhn?bikeNo=1761,,,
BKM079-0064,BKM079,폴라리스,BKM079-G009,스포츠맨,스포츠맨 90,64,ATV,89,51~125cc,가솔린,2015,2015,NV,✅ 네이버만(과거 모델),,https://auto.naver.com/bike/lineup.nhn?bikeNo=1773,,,
BKM079-0065,BKM079,폴라리스,BKM079-G009,스포츠맨,스포츠맨 ETX,65,ATV,,,가솔린,2015,2015,NV,✅ 네이버만(과거 모델),,https://auto.naver.com/bike/lineup.nhn?bikeNo=1763,,,
BKM079-0066,BKM079,폴라리스,BKM079-G010,스포츠맨 투어링,스포츠맨 투어링 570,66,ATV,567,501~1000cc,가솔린,2015,2015,NV,✅ 네이버만(과거 모델),,https://auto.naver.com/bike/lineup.nhn?bikeNo=1774,,,
BKM079-0067,BKM079,폴라리스,BKM079-G010,스포츠맨 투어링,스포츠맨 투어링 850 SP,67,ATV,850,501~1000cc,가솔린,2015,2015,NV,✅ 네이버만(과거 모델),,https://auto.naver.com/bike/lineup.nhn?bikeNo=1781,,,
BKM079-0068,BKM079,폴라리스,BKM079-G015,아웃로,아웃로 50,68,ATV,49,50cc 이하,가솔린,2015,2015,NV,✅ 네이버만(과거 모델),,https://auto.naver.com/bike/lineup.nhn?bikeNo=1765,,,
BKM079-0069,BKM079,폴라리스,BKM079-G015,아웃로,아웃로 90,69,ATV,89,51~125cc,가솔린,2015,2015,NV,✅ 네이버만(과거 모델),,https://auto.naver.com/bike/lineup.nhn?bikeNo=1767,,,
BKM079-0070,BKM079,폴라리스,BKM079-G004,RZR,RZR 4 800,70,ATV,760,501~1000cc,가솔린,2013,2013,NV,✅ 네이버만(과거 모델),,https://auto.naver.com/bike/lineup.nhn?bikeNo=553,,,
BKM079-0071,BKM079,폴라리스,BKM079-G004,RZR,RZR 800,71,ATV,760,501~1000cc,가솔린,2013,2013,NV,✅ 네이버만(과거 모델),,https://auto.naver.com/bike/lineup.nhn?bikeNo=555,,,
BKM079-0072,BKM079,폴라리스,BKM079-G005,RZR XP,RZR XP 4 900,72,ATV,875,501~1000cc,가솔린,2013,2013,NV,✅ 네이버만(과거 모델),,https://auto.naver.com/bike/lineup.nhn?bikeNo=557,,,
BKM079-0073,BKM079,폴라리스,BKM079-G005,RZR XP,RZR XP 900,73,ATV,875,501~1000cc,가솔린,2013,2013,NV,✅ 네이버만(과거 모델),,https://auto.naver.com/bike/lineup.nhn?bikeNo=559,,,
BKM079-0074,BKM079,폴라리스,BKM079-G006,레인저,레인저 500 EFI,74,ATV,498,251~500cc,가솔린,2013,2013,NV,✅ 네이버만(과거 모델),,https://auto.naver.com/bike/lineup.nhn?bikeNo=543,,,
BKM079-0075,BKM079,폴라리스,BKM079-G006,레인저,레인저 800 EFI EPS,75,ATV,760,501~1000cc,가솔린,2013,2013,NV,✅ 네이버만(과거 모델),,https://auto.naver.com/bike/lineup.nhn?bikeNo=547,,,
BKM079-0076,BKM079,폴라리스,BKM079-G007,레인저 크루,레인저 크루 800 EFI,76,ATV,,,가솔린,2013,2013,NV,✅ 네이버만(과거 모델),,https://auto.naver.com/bike/lineup.nhn?bikeNo=549,,,
BKM079-0077,BKM079,폴라리스,BKM079-G008,스크램블러,스크램블러 850 H.O. EPS LE,77,ATV,850,501~1000cc,가솔린,2013,2013,NV,✅ 네이버만(과거 모델),,https://auto.naver.com/bike/lineup.nhn?bikeNo=527,,,
BKM079-0078,BKM079,폴라리스,BKM079-G009,스포츠맨,스포츠맨 400 H.O.,78,ATV,455,251~500cc,가솔린,2013,2013,NV,✅ 네이버만(과거 모델),,https://auto.naver.com/bike/lineup.nhn?bikeNo=529,,,
BKM079-0079,BKM079,폴라리스,BKM079-G009,스포츠맨,스포츠맨 500 H.O.,79,ATV,498,251~500cc,가솔린,2013,2013,NV,✅ 네이버만(과거 모델),,https://auto.naver.com/bike/lineup.nhn?bikeNo=531,,,
BKM079-0080,BKM079,폴라리스,BKM079-G009,스포츠맨,스포츠맨 800 EFI,80,ATV,760,501~1000cc,가솔린,2013,2013,NV,✅ 네이버만(과거 모델),,https://auto.naver.com/bike/lineup.nhn?bikeNo=535,,,
BKM079-0081,BKM079,폴라리스,BKM079-G009,스포츠맨,스포츠맨 800 빅 보스 6X6,81,ATV,760,501~1000cc,가솔린,2013,2013,NV,✅ 네이버만(과거 모델),,https://auto.naver.com/bike/lineup.nhn?bikeNo=533,,,
BKM079-0082,BKM079,폴라리스,BKM079-G009,스포츠맨,스포츠맨 X2 550,82,ATV,549,501~1000cc,가솔린,2013,2013,NV,✅ 네이버만(과거 모델),,https://auto.naver.com/bike/lineup.nhn?bikeNo=539,,,
BKM079-0083,BKM079,폴라리스,BKM079-G009,스포츠맨,스포츠맨 XP 850 H.O. EPS,83,ATV,850,501~1000cc,가솔린,2013,2013,NV,✅ 네이버만(과거 모델),,https://auto.naver.com/bike/lineup.nhn?bikeNo=541,,,
BKM079-0084,BKM079,폴라리스,BKM079-G010,스포츠맨 투어링,스포츠맨 투어링 850 H.O. EPS,84,ATV,850,501~1000cc,가솔린,2013,2013,NV,✅ 네이버만(과거 모델),,https://auto.naver.com/bike/lineup.nhn?bikeNo=537,,,
BKM080-0001,BKM080,푸조,BKM080-G001,장고,장고 125,1,스쿠터,125,51~125cc,가솔린,2020,2020,RW+NV,✅ RW+NV 일치,10840,https://auto.naver.com/bike/lineup.nhn?bikeNo=3669,,,
BKM080-0002,BKM080,푸조,BKM080-G002,장고 에바종 125,장고 에바종 125,2,스쿠터,124,51~125cc,가솔린,2015,2019,RW+NV,✅ RW+NV 일치,10838,https://auto.naver.com/bike/lineup.nhn?bikeNo=3665,,,
BKM080-0003,BKM080,푸조,BKM080-G003,장고 스포츠 125,장고 스포츠 125,3,스쿠터,124,51~125cc,가솔린,2015,2019,RW+NV,✅ RW+NV 일치,10836,https://auto.naver.com/bike/lineup.nhn?bikeNo=3663,,,
BKM080-0004,BKM080,푸조,BKM080-G004,비바시티 125,비바시티 125,4,스쿠터,124,51~125cc,가솔린,2013,2013,RW+NV,✅ RW+NV 일치,10854,https://auto.naver.com/bike/lineup.nhn?bikeNo=401,,,
BKM080-0005,BKM080,푸조,BKM080-G005,E-루딕스,E-루딕스,5,스쿠터,,전기,전기,2020,2020,NV,✅ 네이버만(과거 모델),,https://auto.naver.com/bike/lineup.nhn?bikeNo=6641,,,"🟡 장르 ""전기""→연료 전기로 분리, 장르는 추정"
BKM080-0006,BKM080,푸조,BKM080-G006,스피드파이트,스피드파이트 3 125,6,스쿠터,124,51~125cc,가솔린,2013,2019,RW+NV,✅ RW+NV 일치,10843,https://auto.naver.com/bike/lineup.nhn?bikeNo=1679,,,
BKM080-0007,BKM080,푸조,BKM080-G007,장고 알뤼르 125,장고 알뤼르 125,7,스쿠터,124,51~125cc,가솔린,2015,2019,RW+NV,✅ RW+NV 일치,10837,https://auto.naver.com/bike/lineup.nhn?bikeNo=3667,,,
BKM080-0008,BKM080,푸조,BKM080-G008,펄션 125,펄션 125,8,스쿠터,124,51~125cc,가솔린,2019,2019,NV,✅ 네이버만(과거 모델),,https://auto.naver.com/bike/lineup.nhn?bikeNo=5837,,,
BKM080-0009,BKM080,푸조,BKM080-G009,버버리 125,버버리 125,9,스쿠터,124,51~125cc,가솔린,2018,2018,NV,✅ 네이버만(과거 모델),,https://auto.naver.com/bike/lineup.nhn?bikeNo=5829,,,
BKM080-0010,BKM080,푸조,BKM080-G010,키스비 50,키스비 50,10,스쿠터,49.9,50cc 이하,가솔린,2018,2018,NV,✅ 네이버만(과거 모델),,https://auto.naver.com/bike/lineup.nhn?bikeNo=5833,,,
BKM080-0011,BKM080,푸조,BKM080-G011,메트로폴리스 400,메트로폴리스 400,11,스쿠터,399,251~500cc,가솔린,2013,2015,RW+NV,✅ RW+NV 일치,11096,https://auto.naver.com/bike/lineup.nhn?bikeNo=1673,,,
BKM080-0012,BKM080,푸조,BKM080-G012,새틀리스,새틀리스2 125 RS,12,스쿠터,124.8,51~125cc,가솔린,2015,2015,NV,✅ 네이버만(과거 모델),,https://auto.naver.com/bike/lineup.nhn?bikeNo=1987,,,
BKM080-0013,BKM080,푸조,BKM080-G013,스트리트존,스트리트존 50 10,13,스쿠터,50,50cc 이하,가솔린,2015,2015,NV,✅ 네이버만(과거 모델),,https://auto.naver.com/bike/lineup.nhn?bikeNo=1994,,,
BKM080-0014,BKM080,푸조,BKM080-G013,스트리트존,스트리트존 50 12,14,스쿠터,50,50cc 이하,가솔린,2015,2015,NV,✅ 네이버만(과거 모델),,https://auto.naver.com/bike/lineup.nhn?bikeNo=1996,,,
BKM080-0015,BKM080,푸조,BKM080-G006,스피드파이트,스피드파이트4 50 Iceblade,15,스쿠터,,,가솔린,2015,2015,NV,✅ 네이버만(과거 모델),,https://auto.naver.com/bike/lineup.nhn?bikeNo=1958,,,🟡 연료 원천 없음→가솔린 추정
BKM080-0016,BKM080,푸조,BKM080-G014,시티스타,시티스타 125,16,스쿠터,124,51~125cc,가솔린,2015,2015,NV,✅ 네이버만(과거 모델),,https://auto.naver.com/bike/lineup.nhn?bikeNo=1951,,,
BKM080-0017,BKM080,푸조,BKM080-G014,시티스타,시티스타 50,17,스쿠터,49,50cc 이하,가솔린,2015,2015,NV,✅ 네이버만(과거 모델),,https://auto.naver.com/bike/lineup.nhn?bikeNo=5831,,,
BKM080-0018,BKM080,푸조,BKM080-G001,장고,장고 150 알뤼르,18,스쿠터,150.6,126~250cc,가솔린,2015,2015,NV,✅ 네이버만(과거 모델),,https://auto.naver.com/bike/lineup.nhn?bikeNo=6507,,,
BKM080-0019,BKM080,푸조,BKM080-G001,장고,장고 50 알뤼르,19,스쿠터,49,50cc 이하,가솔린,2015,2015,NV,✅ 네이버만(과거 모델),,https://auto.naver.com/bike/lineup.nhn?bikeNo=6505,,,
BKM080-0020,BKM080,푸조,BKM080-G012,새틀리스,새틀리스2 125,20,스쿠터,,,가솔린,2013,2013,NV,✅ 네이버만(과거 모델),,https://auto.naver.com/bike/lineup.nhn?bikeNo=395,,,
BKM080-0021,BKM080,푸조,BKM080-G012,새틀리스,새틀리스2 300,21,스쿠터,,,가솔린,2013,2013,NV,✅ 네이버만(과거 모델),,https://auto.naver.com/bike/lineup.nhn?bikeNo=397,,,
BKM080-0022,BKM080,푸조,BKM080-G015,지오폴리스,지오폴리스,22,스쿠터,278,251~500cc,가솔린,2013,2013,NV,✅ 네이버만(과거 모델),,https://auto.naver.com/bike/lineup.nhn?bikeNo=391,,,
BKM080-0023,BKM080,푸조,BKM080-G016,루딕스,루딕스,23,스쿠터,49,50cc 이하,가솔린,2010,2010,NV,✅ 네이버만(과거 모델),,https://auto.naver.com/bike/lineup.nhn?bikeNo=6639,,,
BKM080-0024,BKM080,푸조,BKM080-G017,트위트,트위트 125,24,스쿠터,124.6,51~125cc,가솔린,2010,2010,NV,✅ 네이버만(과거 모델),,https://auto.naver.com/bike/lineup.nhn?bikeNo=5839,,,
BKM080-0025,BKM080,푸조,BKM080-G017,트위트,트위트 50,25,스쿠터,49.5,50cc 이하,가솔린,2010,2010,NV,✅ 네이버만(과거 모델),,https://auto.naver.com/bike/lineup.nhn?bikeNo=5835,,,
BKM080-0026,BKM080,푸조,BKM080-G006,스피드파이트,스피드파이트 4 125,26,스쿠터,124,51~125cc,가솔린,,,RW,✅ 라이트바겐만,10844,,,,🟡 연료 원천 없음→가솔린 추정
BKM080-0027,BKM080,푸조,BKM080-G018,장고 헤리티지 125,장고 헤리티지 125,27,스쿠터,124,51~125cc,가솔린,,,RW,✅ 라이트바겐만,10839,,,,🟡 연료 원천 없음→가솔린 추정
BKM081-0001,BKM081,플레타,,,LS 1,1,스쿠터,,전기,전기,,,RW,✅ 라이트바겐만,13272,,,,"🟡 장르 ""전기""→연료 전기로 분리, 장르는 추정"
BKM082-0001,BKM082,피아지오,BKM082-G001,메들리,메들리 125 S,1,스쿠터,125,51~125cc,가솔린,2018,2022,RW+NV+DN,✅ RW+NV+DN 일치,10072,https://auto.naver.com/bike/lineup.nhn?bikeNo=5767,15387581,,
BKM082-0002,BKM082,피아지오,BKM082-G001,메들리,메들리 125,2,스쿠터,125,51~125cc,가솔린,2016,2016,RW+NV,✅ RW+NV 일치,10071,https://auto.naver.com/bike/lineup.nhn?bikeNo=2687,,,
BKM082-0003,BKM082,피아지오,BKM082-G002,비버리,비버리 400 S,3,스쿠터,399,251~500cc,가솔린,,,RW+DN,✅ RW+DN 일치,10075,,15919811,,🟡 연료 원천 없음→가솔린 추정
BKM082-0004,BKM082,피아지오,BKM082-G002,비버리,비버리 300 ie,4,스쿠터,278,251~500cc,가솔린,2012,2017,RW+NV,✅ RW+NV 일치,10074,https://auto.naver.com/bike/lineup.nhn?bikeNo=3075,,,
BKM082-0005,BKM082,피아지오,BKM082-G003,비버리 스포츠 투어링 350,비버리 스포츠 투어링 350,5,스쿠터,330,251~500cc,가솔린,,,RW,✅ 라이트바겐만,10076,,,,🟡 연료 원천 없음→가솔린 추정
BKM082-0006,BKM082,피아지오,BKM082-G004,리버티,리버티 S 125,6,스쿠터,125,51~125cc,가솔린,2025,2025,RW,✅ 라이트바겐만,13304,,,,🟡 연료 원천 없음→가솔린 추정
BKM082-0007,BKM082,피아지오,BKM082-G005,MP,MP3 300 HPE,7,삼륜,278,251~500cc,가솔린,2019,2019,NV,✅ 네이버만(과거 모델),,https://auto.naver.com/bike/lineup.nhn?bikeNo=4929,,,
BKM082-0008,BKM082,피아지오,BKM082-G005,MP,MP3 500 LT 스포츠,8,삼륜,493,251~500cc,가솔린,2018,2018,NV,🟡 유사 후보 확인,,https://auto.naver.com/bike/lineup.nhn?bikeNo=4571,,MP3 500 IE 스포츠 / MP3 500,
BKM082-0009,BKM082,피아지오,BKM082-G002,비버리,비버리 350 ST,9,스쿠터,330,251~500cc,가솔린,2014,2018,NV,✅ 네이버만(과거 모델),,https://auto.naver.com/bike/lineup.nhn?bikeNo=4575,,,
BKM082-0010,BKM082,피아지오,BKM082-G005,MP,MP3 500 IE 스포츠,10,스쿠터,493,251~500cc,가솔린,2016,2016,RW+NV,✅ RW+NV 일치,10062,https://auto.naver.com/bike/lineup.nhn?bikeNo=2551,,,
BKM082-0011,BKM082,피아지오,BKM082-G004,리버티,리버티125,11,스쿠터,124.5,51~125cc,가솔린,2016,2016,NV,🟡 유사 후보 확인,,https://auto.naver.com/bike/lineup.nhn?bikeNo=3165,,리버티 S 125,
BKM082-0012,BKM082,피아지오,BKM082-G004,리버티,리버티150,12,스쿠터,155,126~250cc,가솔린,2016,2016,NV,✅ 네이버만(과거 모델),,https://auto.naver.com/bike/lineup.nhn?bikeNo=6549,,,
BKM082-0013,BKM082,피아지오,BKM082-G001,메들리,메들리 150,13,스쿠터,155.2,126~250cc,가솔린,2016,2016,NV,🟡 유사 후보 확인,,https://auto.naver.com/bike/lineup.nhn?bikeNo=2689,,메들리 125,
BKM082-0014,BKM082,피아지오,BKM082-G006,타이푼,타이푼50,14,스쿠터,49,50cc 이하,가솔린,2016,2016,NV,✅ 네이버만(과거 모델),,https://auto.naver.com/bike/lineup.nhn?bikeNo=2553,,,
BKM082-0015,BKM082,피아지오,BKM082-G005,MP,MP3 300,15,삼륜,278,251~500cc,가솔린,2014,2015,NV,🟡 유사 후보 확인,,https://auto.naver.com/bike/lineup.nhn?bikeNo=1978,,MP3 500 / MP3 400 IE,
BKM082-0016,BKM082,피아지오,BKM082-G005,MP,MP3 유어반 300,16,삼륜,278,251~500cc,가솔린,2012,2015,NV,✅ 네이버만(과거 모델),,https://auto.naver.com/bike/lineup.nhn?bikeNo=1983,,,
BKM082-0017,BKM082,피아지오,BKM082-G005,MP,MP3 유어반 LT 300,17,삼륜,278,251~500cc,가솔린,2013,2015,NV,✅ 네이버만(과거 모델),,https://auto.naver.com/bike/lineup.nhn?bikeNo=1985,,,
BKM082-0018,BKM082,피아지오,BKM082-G007,X,X10 125,18,스쿠터,124,51~125cc,가솔린,2015,2015,NV,✅ 네이버만(과거 모델),,https://auto.naver.com/bike/lineup.nhn?bikeNo=6511,,,
BKM082-0019,BKM082,피아지오,BKM082-G007,X,X10 350,19,스쿠터,330,251~500cc,가솔린,2015,2015,NV,✅ 네이버만(과거 모델),,https://auto.naver.com/bike/lineup.nhn?bikeNo=1947,,,
BKM082-0020,BKM082,피아지오,BKM082-G006,타이푼,타이푼125,20,스쿠터,124,51~125cc,가솔린,2015,2015,NV,✅ 네이버만(과거 모델),,https://auto.naver.com/bike/lineup.nhn?bikeNo=2101,,,
BKM082-0021,BKM082,피아지오,BKM082-G004,리버티,리버티 3V,21,스쿠터,124,51~125cc,가솔린,2014,2014,NV,✅ 네이버만(과거 모델),,https://auto.naver.com/bike/lineup.nhn?bikeNo=1355,,,
BKM082-0022,BKM082,피아지오,BKM082-G008,비버리S 300 i.e,비버리S 300 i.e,22,스쿠터,278,251~500cc,가솔린,2014,2014,NV,🟡 유사 후보 확인,,https://auto.naver.com/bike/lineup.nhn?bikeNo=1357,,비버리 300 ie,
BKM082-0023,BKM082,피아지오,BKM082-G007,X,X10 500,23,스쿠터,493,251~500cc,가솔린,2013,2013,NV,✅ 네이버만(과거 모델),,https://auto.naver.com/bike/lineup.nhn?bikeNo=6509,,,
BKM082-0024,BKM082,피아지오,BKM082-G005,MP,MP3 400 IE,24,스쿠터,399,251~500cc,가솔린,2012,2012,RW+NV,✅ RW+NV 일치,10059,https://auto.naver.com/bike/lineup.nhn?bikeNo=252,,,
BKM082-0025,BKM082,피아지오,BKM082-G005,MP,MP3 유어반 125,25,삼륜,124,51~125cc,가솔린,2012,2012,NV,🟡 유사 후보 확인,,https://auto.naver.com/bike/lineup.nhn?bikeNo=254,,MP3 125,
BKM082-0026,BKM082,피아지오,BKM082-G002,비버리,비버리 125,26,스쿠터,124,51~125cc,가솔린,2012,2012,RW+NV,✅ RW+NV 일치,10073,https://auto.naver.com/bike/lineup.nhn?bikeNo=256,,,
BKM082-0027,BKM082,피아지오,BKM082-G009,엑스에보 400 IE,엑스에보 400 IE,27,스쿠터,399,251~500cc,가솔린,2012,2012,NV,✅ 네이버만(과거 모델),,https://auto.naver.com/bike/lineup.nhn?bikeNo=255,,,
BKM082-0028,BKM082,피아지오,BKM082-G010,CIAO,CIAO,28,스쿠터,49,50cc 이하,가솔린,,,RW,✅ 라이트바겐만,10052,,,,🟡 연료 원천 없음→가솔린 추정
BKM082-0029,BKM082,피아지오,BKM082-G005,MP,MP3 125,29,스쿠터,124,51~125cc,가솔린,,,RW,✅ 라이트바겐만,10056,,,,🟡 연료 원천 없음→가솔린 추정
BKM082-0030,BKM082,피아지오,BKM082-G005,MP,MP3 250,30,스쿠터,250,126~250cc,가솔린,,,RW,✅ 라이트바겐만,10057,,,,🟡 연료 원천 없음→가솔린 추정
BKM082-0031,BKM082,피아지오,BKM082-G005,MP,MP3 500,31,스쿠터,493,251~500cc,가솔린,,,RW,✅ 라이트바겐만,10963,,,,🟡 연료 원천 없음→가솔린 추정
BKM082-0032,BKM082,피아지오,BKM082-G005,MP,MP3 YOURBAN 300 ie LT,32,스쿠터,278,251~500cc,가솔린,,,RW,✅ 라이트바겐만,10064,,,,🟡 연료 원천 없음→가솔린 추정
BKM082-0033,BKM082,피아지오,BKM082-G011,플라이 125,플라이 125,33,스쿠터,124,51~125cc,가솔린,,,RW,✅ 라이트바겐만,10082,,,,🟡 연료 원천 없음→가솔린 추정
BKM083-0001,BKM083,하우주,BKM083-G001,USR 125,USR 125,1,스쿠터,124,51~125cc,가솔린,2019,2024,RW+NV+DN,✅ RW+NV+DN 일치,10776,https://auto.naver.com/bike/lineup.nhn?bikeNo=6355,12715553,,
BKM083-0002,BKM083,하우주,BKM083-G002,조이스타,조이스타,2,스쿠터,99,51~125cc,가솔린,2007,2023,RW+NV,✅ RW+NV 일치,10896,https://auto.naver.com/bike/lineup.nhn?bikeNo=6345,,,
BKM083-0003,BKM083,하우주,BKM083-G003,VE 125,VE 125,3,스쿠터,124,51~125cc,가솔린,2018,2018,RW+NV,✅ RW+NV 일치,10777,https://auto.naver.com/bike/lineup.nhn?bikeNo=6347,,,
BKM083-0004,BKM083,하우주,BKM083-G004,VM 100,VM 100,4,스쿠터,99,51~125cc,가솔린,2018,2018,RW+NV,✅ RW+NV 일치,10779,https://auto.naver.com/bike/lineup.nhn?bikeNo=6351,,,
BKM083-0005,BKM083,하우주,BKM083-G005,디보 125,디보 125,5,스쿠터,124,51~125cc,가솔린,,,RW,✅ 라이트바겐만,10781,,,,🟡 연료 원천 없음→가솔린 추정
BKM083-0006,BKM083,하우주,BKM083-G006,ADX 125,ADX 125,6,스쿠터,124,51~125cc,가솔린,2025,2025,RW+DN,✅ RW+DN 일치,13235,,100387493,,
BKM083-0007,BKM083,하우주,BKM083-G007,AFR,AFR 125 S,7,스쿠터,124,51~125cc,가솔린,2025,2025,RW,✅ 라이트바겐만,13077,,,,
BKM083-0008,BKM083,하우주,BKM083-G007,AFR,AFR 125 X,8,스쿠터,124,51~125cc,가솔린,2025,2025,RW+DN,✅ RW+DN 일치,13236,,108419327,,
BKM083-0009,BKM083,하우주,BKM083-G008,UFR,UFR 125,9,스쿠터,124,51~125cc,가솔린,2025,2025,RW+DN,✅ RW+DN 일치,13200,,108419744,,
BKM083-0010,BKM083,하우주,BKM083-G008,UFR,UFR 150,10,스쿠터,149,126~250cc,가솔린,2025,2025,RW,✅ 라이트바겐만,13238,,,,
BKM083-0011,BKM083,하우주,BKM083-G009,DF150,DF150,11,네이키드,149,126~250cc,가솔린,2020,2020,NV,✅ 네이버만(과거 모델),,https://auto.naver.com/bike/lineup.nhn?bikeNo=6841,,,
BKM083-0012,BKM083,하우주,BKM083-G010,DK150S,DK150S,12,네이키드,149,126~250cc,가솔린,2020,2020,NV,✅ 네이버만(과거 모델),,https://auto.naver.com/bike/lineup.nhn?bikeNo=6843,,,
BKM083-0013,BKM083,하우주,BKM083-G011,DR,DR160S,13,네이키드,162,126~250cc,가솔린,2020,2020,NV,✅ 네이버만(과거 모델),,https://auto.naver.com/bike/lineup.nhn?bikeNo=6845,,,
BKM083-0014,BKM083,하우주,BKM083-G012,EG,EG150,14,네이키드,149,126~250cc,가솔린,2020,2020,NV,✅ 네이버만(과거 모델),,https://auto.naver.com/bike/lineup.nhn?bikeNo=7151,,,
BKM083-0015,BKM083,하우주,BKM083-G012,EG,EG150-X,15,네이키드,149,126~250cc,가솔린,2019,2020,NV,✅ 네이버만(과거 모델),,https://auto.naver.com/bike/lineup.nhn?bikeNo=7153,,,
BKM083-0016,BKM083,하우주,BKM083-G013,HJ,HJ125-8 엑스트라,16,네이키드,124,51~125cc,가솔린,2020,2020,NV,✅ 네이버만(과거 모델),,https://auto.naver.com/bike/lineup.nhn?bikeNo=7155,,,
BKM083-0017,BKM083,하우주,BKM083-G014,TZ,TZ150 프로,17,네이키드,149,126~250cc,가솔린,2020,2020,NV,✅ 네이버만(과거 모델),,https://auto.naver.com/bike/lineup.nhn?bikeNo=7157,,,
BKM083-0018,BKM083,하우주,BKM083-G014,TZ,TZ150S 프로,18,네이키드,149,126~250cc,가솔린,2020,2020,NV,✅ 네이버만(과거 모델),,https://auto.naver.com/bike/lineup.nhn?bikeNo=7159,,,
BKM083-0019,BKM083,하우주,BKM083-G015,UF115,UF115,19,네이키드,113.6,51~125cc,가솔린,2020,2020,NV,✅ 네이버만(과거 모델),,https://auto.naver.com/bike/lineup.nhn?bikeNo=6849,,,
BKM083-0020,BKM083,하우주,BKM083-G016,VN100,VN100,20,스쿠터,102,51~125cc,가솔린,2020,2020,NV,🟡 유사 후보 확인,,https://auto.naver.com/bike/lineup.nhn?bikeNo=6851,,VM 100,
BKM083-0021,BKM083,하우주,BKM083-G017,VR,VR150,21,스쿠터,149,126~250cc,가솔린,2020,2020,NV,🟡 유사 후보 확인,,https://auto.naver.com/bike/lineup.nhn?bikeNo=6853,,VR 125 FI,
BKM083-0022,BKM083,하우주,BKM083-G018,X프레스,X프레스,22,네이키드,124,51~125cc,가솔린,2020,2020,NV,✅ 네이버만(과거 모델),,https://auto.naver.com/bike/lineup.nhn?bikeNo=7161,,,
BKM083-0023,BKM083,하우주,BKM083-G019,슈퍼 이글 125,슈퍼 이글 125,23,스쿠터,124,51~125cc,가솔린,2020,2020,RW+NV,✅ RW+NV 일치,10789,https://auto.naver.com/bike/lineup.nhn?bikeNo=6357,,,
BKM083-0024,BKM083,하우주,BKM083-G020,쿨 HJ150-9,쿨 HJ150-9,24,네이키드,149,126~250cc,가솔린,2020,2020,NV,✅ 네이버만(과거 모델),,https://auto.naver.com/bike/lineup.nhn?bikeNo=6855,,,
BKM083-0025,BKM083,하우주,BKM083-G021,DH,DH125,25,네이키드,124,51~125cc,가솔린,2019,2019,NV,🟡 유사 후보 확인,,https://auto.naver.com/bike/lineup.nhn?bikeNo=7137,,VH 125 FI,
BKM083-0026,BKM083,하우주,BKM083-G021,DH,DH150,26,네이키드,149,126~250cc,가솔린,2019,2019,NV,✅ 네이버만(과거 모델),,https://auto.naver.com/bike/lineup.nhn?bikeNo=6829,,,
BKM083-0027,BKM083,하우주,BKM083-G022,DM125S,DM125S,27,네이키드,124,51~125cc,가솔린,2019,2019,NV,✅ 네이버만(과거 모델),,https://auto.naver.com/bike/lineup.nhn?bikeNo=7139,,,
BKM083-0028,BKM083,하우주,BKM083-G011,DR,DR160,28,네이키드,162,126~250cc,가솔린,2019,2019,NV,✅ 네이버만(과거 모델),,https://auto.naver.com/bike/lineup.nhn?bikeNo=6831,,,
BKM083-0029,BKM083,하우주,BKM083-G023,EH150,EH150,29,네이키드,149,126~250cc,가솔린,2019,2019,NV,✅ 네이버만(과거 모델),,https://auto.naver.com/bike/lineup.nhn?bikeNo=6833,,,
BKM083-0030,BKM083,하우주,BKM083-G024,HZ125-8 스타,HZ125-8 스타,30,네이키드,124,51~125cc,가솔린,2019,2019,NV,✅ 네이버만(과거 모델),,https://auto.naver.com/bike/lineup.nhn?bikeNo=7141,,,
BKM083-0031,BKM083,하우주,BKM083-G025,NK150,NK150,31,멀티퍼퍼스,149,126~250cc,가솔린,2019,2019,NV,✅ 네이버만(과거 모델),,https://auto.naver.com/bike/lineup.nhn?bikeNo=6835,,,
BKM083-0032,BKM083,하우주,BKM083-G026,TF,TF125,32,네이키드,124,51~125cc,가솔린,2019,2019,NV,✅ 네이버만(과거 모델),,https://auto.naver.com/bike/lineup.nhn?bikeNo=7143,,,
BKM083-0033,BKM083,하우주,BKM083-G026,TF,TF150,33,네이키드,149,126~250cc,가솔린,2019,2019,NV,✅ 네이버만(과거 모델),,https://auto.naver.com/bike/lineup.nhn?bikeNo=7145,,,
BKM083-0034,BKM083,하우주,BKM083-G014,TZ,TZ125 프로,34,네이키드,124,51~125cc,가솔린,2019,2019,NV,✅ 네이버만(과거 모델),,https://auto.naver.com/bike/lineup.nhn?bikeNo=7147,,,
BKM083-0035,BKM083,하우주,BKM083-G014,TZ,TZ125S 프로,35,네이키드,124,51~125cc,가솔린,2019,2019,NV,✅ 네이버만(과거 모델),,https://auto.naver.com/bike/lineup.nhn?bikeNo=7149,,,
BKM083-0036,BKM083,하우주,BKM083-G027,UD,UD110S,36,언더본·비즈니스,107,51~125cc,가솔린,2019,2019,NV,✅ 네이버만(과거 모델),,https://auto.naver.com/bike/lineup.nhn?bikeNo=6837,,,
BKM083-0037,BKM083,하우주,BKM083-G028,럭키 플러스 HJ110-5,럭키 플러스 HJ110-5,37,언더본·비즈니스,107,51~125cc,가솔린,2019,2019,NV,✅ 네이버만(과거 모델),,https://auto.naver.com/bike/lineup.nhn?bikeNo=6839,,,
BKM083-0038,BKM083,하우주,BKM083-G029,VH 125 FI,VH 125 FI,38,스쿠터,124,51~125cc,가솔린,2018,2018,RW+NV,✅ RW+NV 일치,10778,https://auto.naver.com/bike/lineup.nhn?bikeNo=6349,,,
BKM083-0039,BKM083,하우주,BKM083-G017,VR,VR 125 FI,39,스쿠터,124,51~125cc,가솔린,2016,2018,RW+NV+DN,✅ RW+NV+DN 일치,10780,https://auto.naver.com/bike/lineup.nhn?bikeNo=6343,6167496,,
BKM083-0040,BKM083,하우주,BKM083-G030,럭키원 UH115,럭키원 UH115,40,언더본·비즈니스,114,51~125cc,가솔린,2018,2018,NV,✅ 네이버만(과거 모델),,https://auto.naver.com/bike/lineup.nhn?bikeNo=6827,,,
BKM083-0041,BKM083,하우주,BKM083-G002,조이스타,조이스타 110 FI,41,스쿠터,109,51~125cc,가솔린,2018,2018,RW+NV+DN,✅ RW+NV+DN 일치,10792,https://auto.naver.com/bike/lineup.nhn?bikeNo=6353,12722657,,
BKM083-0042,BKM083,하우주,BKM083-G013,HJ,HJ150-6,42,네이키드,149,126~250cc,가솔린,2017,2017,NV,✅ 네이버만(과거 모델),,https://auto.naver.com/bike/lineup.nhn?bikeNo=6823,,,
BKM083-0043,BKM083,하우주,BKM083-G027,UD,UD110,43,언더본·비즈니스,107,51~125cc,가솔린,2017,2017,NV,✅ 네이버만(과거 모델),,https://auto.naver.com/bike/lineup.nhn?bikeNo=6825,,,
BKM083-0044,BKM083,하우주,BKM083-G012,EG,EG125,44,네이키드,124,51~125cc,가솔린,2016,2016,NV,🟡 유사 후보 확인,,https://auto.naver.com/bike/lineup.nhn?bikeNo=6817,,VE 125,
BKM083-0045,BKM083,하우주,BKM083-G031,KA150,KA150,45,네이키드,149,126~250cc,가솔린,2016,2016,NV,✅ 네이버만(과거 모델),,https://auto.naver.com/bike/lineup.nhn?bikeNo=6819,,,
BKM083-0046,BKM083,하우주,BKM083-G032,TR150S,TR150S,46,네이키드,149,126~250cc,가솔린,2016,2016,NV,✅ 네이버만(과거 모델),,https://auto.naver.com/bike/lineup.nhn?bikeNo=7135,,,
BKM083-0047,BKM083,하우주,BKM083-G033,VS125,VS125,47,스쿠터,124,51~125cc,가솔린,2016,2016,NV,🟡 유사 후보 확인,,https://auto.naver.com/bike/lineup.nhn?bikeNo=6821,,VR 125 FI / VH 125 FI,
BKM083-0048,BKM083,하우주,BKM083-G034,럭키 스포츠 HJ110-3,럭키 스포츠 HJ110-3,48,언더본·비즈니스,107,51~125cc,가솔린,2015,2015,NV,✅ 네이버만(과거 모델),,https://auto.naver.com/bike/lineup.nhn?bikeNo=6815,,,
BKM083-0049,BKM083,하우주,BKM083-G035,럭키 HJ110-2,럭키 HJ110-2,49,언더본·비즈니스,107,51~125cc,가솔린,2014,2014,NV,✅ 네이버만(과거 모델),,https://auto.naver.com/bike/lineup.nhn?bikeNo=6813,,,
BKM083-0050,BKM083,하우주,BKM083-G036,린디Q,린디Q,50,스쿠터,124,51~125cc,가솔린,2013,2013,NV,✅ 네이버만(과거 모델),,https://auto.naver.com/bike/lineup.nhn?bikeNo=6337,,,
BKM083-0051,BKM083,하우주,BKM083-G037,린디R,린디R,51,스쿠터,124,51~125cc,가솔린,2013,2013,NV,✅ 네이버만(과거 모델),,https://auto.naver.com/bike/lineup.nhn?bikeNo=6339,,,
BKM083-0052,BKM083,하우주,BKM083-G038,엘레강트 HJ125-16N,엘레강트 HJ125-16N,52,네이키드,124,51~125cc,가솔린,2012,2012,NV,✅ 네이버만(과거 모델),,https://auto.naver.com/bike/lineup.nhn?bikeNo=7133,,,
BKM083-0053,BKM083,하우주,BKM083-G039,로시,로시3,53,스쿠터,124,51~125cc,가솔린,2010,2010,NV,✅ 네이버만(과거 모델),,https://auto.naver.com/bike/lineup.nhn?bikeNo=6335,,,
BKM083-0054,BKM083,하우주,BKM083-G040,럭키스타,럭키스타,54,언더본·비즈니스,107,51~125cc,가솔린,2007,2007,NV,✅ 네이버만(과거 모델),,https://auto.naver.com/bike/lineup.nhn?bikeNo=6327,,,
BKM083-0055,BKM083,하우주,BKM083-G039,로시,로시2,55,스쿠터,124,51~125cc,가솔린,2007,2007,NV,✅ 네이버만(과거 모델),,https://auto.naver.com/bike/lineup.nhn?bikeNo=6329,,,
BKM083-0056,BKM083,하우주,BKM083-G041,스카이호크,스카이호크,56,스쿠터,124,51~125cc,가솔린,2007,2007,NV,✅ 네이버만(과거 모델),,https://auto.naver.com/bike/lineup.nhn?bikeNo=6331,,,
BKM083-0057,BKM083,하우주,BKM083-G042,트랜디,트랜디,57,스쿠터,100,51~125cc,가솔린,2006,2006,RW+NV,✅ RW+NV 일치,10793,https://auto.naver.com/bike/lineup.nhn?bikeNo=6325,,,
BKM083-0058,BKM083,하우주,BKM083-G039,로시,로시,58,스쿠터,124,51~125cc,가솔린,2004,2004,NV,✅ 네이버만(과거 모델),,https://auto.naver.com/bike/lineup.nhn?bikeNo=6323,,,
BKM083-0059,BKM083,하우주,BKM083-G043,벨라,벨라,59,스쿠터,124,51~125cc,가솔린,2002,2002,NV,✅ 네이버만(과거 모델),,https://auto.naver.com/bike/lineup.nhn?bikeNo=6321,,,
BKM083-0060,BKM083,하우주,BKM083-G013,HJ,HJ 125 T 19,60,스쿠터,124,51~125cc,가솔린,,,RW,✅ 라이트바겐만,11097,,,,🟡 연료 원천 없음→가솔린 추정
BKM083-0061,BKM083,하우주,BKM083-G046,NFR125,NFR125,61,스쿠터,124,51~125cc,가솔린,,,DN,🟡 유사 후보 확인,,,108463499,UFR 125 / TF125,🟡 다나와에만 있음(현행 판매) · 🟡 같은 모델일 수 있음: UFR 125 / TF125 · 🟡 모델그룹 없음→모델명으로 그룹 생성
BKM083-0062,BKM083,하우주,BKM083-G044,U100,U100,62,스쿠터,99,51~125cc,가솔린,,,RW+DN,✅ RW+DN 일치,13076,,108463553,,
BKM083-0063,BKM083,하우주,BKM083-G039,로시,로시 125,63,스쿠터,124,51~125cc,가솔린,,,RW,✅ 라이트바겐만,10783,,,,🟡 연료 원천 없음→가솔린 추정
BKM083-0064,BKM083,하우주,BKM083-G039,로시,로시 II,64,스쿠터,124,51~125cc,가솔린,,,RW,✅ 라이트바겐만,10784,,,,🟡 연료 원천 없음→가솔린 추정
BKM083-0065,BKM083,하우주,BKM083-G039,로시,로시 III,65,스쿠터,124,51~125cc,가솔린,,,RW,✅ 라이트바겐만,10785,,,,🟡 연료 원천 없음→가솔린 추정
BKM083-0066,BKM083,하우주,BKM083-G045,린디 125 R,린디 125 R,66,스쿠터,124,51~125cc,가솔린,,,RW,✅ 라이트바겐만,10787,,,,🟡 연료 원천 없음→가솔린 추정
BKM083-0067,BKM083,하우주,BKM083-G041,스카이호크,스카이호크 125,67,스쿠터,124,51~125cc,가솔린,,,RW,✅ 라이트바겐만,10790,,,,🟡 연료 원천 없음→가솔린 추정
BKM084-0001,BKM084,한솜모터스,,,베네트 125,1,크루저,124,51~125cc,가솔린,2025,2025,RW+DN,✅ RW+DN 일치,11104,,16874285,,
BKM084-0002,BKM084,한솜모터스,,,ADV 125,2,스쿠터,124,51~125cc,가솔린,2024,2024,RW+DN,✅ RW+DN 일치,11100,,17434535 31984793,,
BKM084-0003,BKM084,한솜모터스,,,비즈젯 125,3,스쿠터,124,51~125cc,가솔린,2022,2022,RW+DN,✅ RW+DN 일치,11105,,16224887,,🟡 연료 원천 없음→가솔린 추정
BKM084-0004,BKM084,한솜모터스,,,VRS 125,4,스쿠터,124,51~125cc,가솔린,2026,2026,RW,✅ 라이트바겐만,13237,,,,
BKM084-0005,BKM084,한솜모터스,,,ADV 125 TCS,5,스쿠터,124,51~125cc,가솔린,,,DN,🟡 유사 후보 확인,,,100386029,ADV 125 / ADV 150,🟡 다나와에만 있음(현행 판매) · 🟡 같은 모델일 수 있음: ADV 125 / ADV 150
BKM084-0006,BKM084,한솜모터스,,,ADV 150,6,스쿠터,149,126~250cc,가솔린,,,RW,✅ 라이트바겐만,13293,,,,🟡 연료 원천 없음→가솔린 추정
BKM084-0007,BKM084,한솜모터스,,,ADV 350,7,스쿠터,333,251~500cc,가솔린,,,RW+DN,✅ RW+DN 일치,13118,,41614451,,🟡 연료 원천 없음→가솔린 추정
BKM084-0008,BKM084,한솜모터스,,,뮤트 400,8,네이키드,401,251~500cc,가솔린,,,DN,🟡 다나와만(현행 신규),,,17064641,,🟡 다나와에만 있음(현행 판매)
BKM084-0009,BKM084,한솜모터스,,,베네트 125 R,9,크루저,124,51~125cc,가솔린,,,RW,✅ 라이트바겐만,13274,,,,🟡 연료 원천 없음→가솔린 추정
BKM084-0010,BKM084,한솜모터스,,,아르떼 125,10,스쿠터,124,51~125cc,가솔린,,,RW+DN,✅ RW+DN 일치,13218,,41614184,,🟡 연료 원천 없음→가솔린 추정
BKM085-0001,BKM085,허스크바나,BKM085-G001,스바르트필렌,스바르트필렌 401,1,네이키드,373,251~500cc,가솔린,2018,2024,RW+NV,✅ RW+NV 일치,10129,https://auto.naver.com/bike/lineup.nhn?bikeNo=5179,,,
BKM085-0002,BKM085,허스크바나,BKM085-G001,스바르트필렌,스바르트필렌 125,2,네이키드,124,51~125cc,가솔린,2024,2024,RW,✅ 라이트바겐만,11118,,,,
BKM085-0003,BKM085,허스크바나,BKM085-G001,스바르트필렌,스바르트필렌 250,3,네이키드,248,126~250cc,가솔린,2024,2024,RW,✅ 라이트바겐만,10128,,,,
BKM085-0004,BKM085,허스크바나,BKM085-G002,비트필렌,비트필렌 801,4,네이키드,799,501~1000cc,가솔린,2025,2025,RW,✅ 라이트바겐만,10126,,,,
BKM085-0005,BKM085,허스크바나,BKM085-G003,노든,노든 901,5,멀티퍼퍼스,889,501~1000cc,가솔린,2025,2025,RW,✅ 라이트바겐만,11119,,,,
BKM085-0006,BKM085,허스크바나,BKM085-G001,스바르트필렌,스바르트필렌 701,6,네이키드,692,501~1000cc,가솔린,2019,2019,RW+NV,✅ RW+NV 일치,10130,https://auto.naver.com/bike/lineup.nhn?bikeNo=5181,,,
BKM085-0007,BKM085,허스크바나,BKM085-G004,701 슈퍼모토,701 슈퍼모토,7,오프로드,692,501~1000cc,가솔린,2015,2023,RW+NV,✅ RW+NV 일치,10084,https://auto.naver.com/bike/lineup.nhn?bikeNo=4917,,,
BKM085-0008,BKM085,허스크바나,BKM085-G002,비트필렌,비트필렌 701,8,네이키드,692,501~1000cc,가솔린,2018,2019,RW+NV,✅ RW+NV 일치,10127,https://auto.naver.com/bike/lineup.nhn?bikeNo=5175,,,
BKM085-0009,BKM085,허스크바나,BKM085-G001,스바르트필렌,스바르트필렌 401 PLUS,9,네이키드,373,251~500cc,가솔린,,,RW,✅ 라이트바겐만,12689,,,,🟡 연료 원천 없음→가솔린 추정
BKM085-0010,BKM085,허스크바나,BKM085-G003,노든,노든 901 Expedition,10,멀티퍼퍼스,889,501~1000cc,가솔린,2025,2025,RW,✅ 라이트바겐만,12690,,,,
BKM085-0011,BKM085,허스크바나,BKM085-G005,FS 450,FS 450,11,오프로드,449,251~500cc,가솔린,2015,2020,RW+NV,✅ RW+NV 일치,10093,https://auto.naver.com/bike/lineup.nhn?bikeNo=5177,,,
BKM085-0012,BKM085,허스크바나,BKM085-G006,FE,FE 450,12,오프로드,449,251~500cc,가솔린,2014,2018,RW+NV,✅ RW+NV 일치,10091,https://auto.naver.com/bike/lineup.nhn?bikeNo=3584,,,
BKM085-0013,BKM085,허스크바나,BKM085-G006,FE,FE 350 R,13,오프로드,349,251~500cc,가솔린,,,RW,✅ 라이트바겐만,11117,,,,🟡 연료 원천 없음→가솔린 추정
BKM085-0014,BKM085,허스크바나,BKM085-G007,TE,TE 450,14,오프로드,449,251~500cc,가솔린,,,RW,✅ 라이트바겐만,11127,,,,🟡 연료 원천 없음→가솔린 추정
BKM085-0015,BKM085,허스크바나,BKM085-G008,701 엔듀로,701 엔듀로,15,오프로드,692,501~1000cc,가솔린,2016,2023,RW+NV,✅ RW+NV 일치,10085,https://auto.naver.com/bike/lineup.nhn?bikeNo=4921,,,
BKM085-0016,BKM085,허스크바나,BKM085-G009,FC,FC 350,16,오프로드,349,251~500cc,가솔린,2014,2021,RW+NV,✅ RW+NV 일치,10087,https://auto.naver.com/bike/lineup.nhn?bikeNo=6751,,,
BKM085-0017,BKM085,허스크바나,BKM085-G010,TC,TC 125,17,오프로드,124,51~125cc,가솔린,2014,2021,RW+NV,✅ RW+NV 일치,10102,https://auto.naver.com/bike/lineup.nhn?bikeNo=6761,,,
BKM085-0018,BKM085,허스크바나,BKM085-G010,TC,TC 65,18,오프로드,64,51~125cc,가솔린,2018,2021,RW+NV,✅ RW+NV 일치,10105,https://auto.naver.com/bike/lineup.nhn?bikeNo=6757,,,
BKM085-0019,BKM085,허스크바나,BKM085-G007,TE,TE 300,19,오프로드,293,251~500cc,가솔린,2014,2021,RW+NV,✅ RW+NV 일치,10109,https://auto.naver.com/bike/lineup.nhn?bikeNo=7383,,,
BKM085-0020,BKM085,허스크바나,BKM085-G011,SM,SM 450 R,20,멀티퍼퍼스,449,251~500cc,가솔린,,,RW,✅ 라이트바겐만,10096,,,,🟡 연료 원천 없음→가솔린 추정
BKM085-0021,BKM085,허스크바나,BKM085-G002,비트필렌,비트필렌 125,21,네이키드,125,51~125cc,가솔린,2024,2024,RW,✅ 라이트바겐만,13065,,,,
BKM085-0022,BKM085,허스크바나,BKM085-G002,비트필렌,비트필렌 401,22,네이키드,373,251~500cc,가솔린,2017,2024,RW+NV,✅ RW+NV 일치,13164,https://auto.naver.com/bike/lineup.nhn?bikeNo=5173,,,
BKM085-0023,BKM085,허스크바나,BKM085-G001,스바르트필렌,스바르트필렌 801,23,네이키드,799,501~1000cc,가솔린,2024,2024,RW,✅ 라이트바겐만,13047,,,,
BKM085-0024,BKM085,허스크바나,BKM085-G012,EE5,EE5,24,스쿠터,,전기,전기,2020,2021,NV,✅ 네이버만(과거 모델),,https://auto.naver.com/bike/lineup.nhn?bikeNo=6647,,,"🟡 장르 ""전기""→연료 전기로 분리, 장르는 추정"
BKM085-0025,BKM085,허스크바나,BKM085-G009,FC,FC 250,25,오프로드,249,126~250cc,가솔린,2014,2021,RW+NV,✅ RW+NV 일치,10086,https://auto.naver.com/bike/lineup.nhn?bikeNo=6749,,,
BKM085-0026,BKM085,허스크바나,BKM085-G009,FC,FC450,26,오프로드,449,251~500cc,가솔린,2014,2021,NV,🟡 유사 후보 확인,,https://auto.naver.com/bike/lineup.nhn?bikeNo=6753,,FS 450 / FE 450,
BKM085-0027,BKM085,허스크바나,BKM085-G006,FE,FE 350,27,오프로드,349,251~500cc,가솔린,2014,2021,RW+NV,✅ RW+NV 일치,10090,https://auto.naver.com/bike/lineup.nhn?bikeNo=7381,,,
BKM085-0028,BKM085,허스크바나,BKM085-G010,TC,TC 50,28,오프로드,49,50cc 이하,가솔린,2018,2021,RW+NV,✅ RW+NV 일치,12688,https://auto.naver.com/bike/lineup.nhn?bikeNo=6649,,,
BKM085-0029,BKM085,허스크바나,BKM085-G010,TC,TC250,29,오프로드,249,126~250cc,가솔린,2012,2021,NV,🟡 유사 후보 확인,,https://auto.naver.com/bike/lineup.nhn?bikeNo=6763,,TC 50 / TE 250,
BKM085-0030,BKM085,허스크바나,BKM085-G010,TC,TC50 미니,30,오프로드,49,50cc 이하,가솔린,2018,2021,NV,🟡 유사 후보 확인,,https://auto.naver.com/bike/lineup.nhn?bikeNo=6755,,TC 50,
BKM085-0031,BKM085,허스크바나,BKM085-G010,TC,TC85,31,오프로드,84.9,51~125cc,가솔린,2014,2021,NV,✅ 네이버만(과거 모델),,https://auto.naver.com/bike/lineup.nhn?bikeNo=6759,,,
BKM085-0032,BKM085,허스크바나,BKM085-G013,FX,FX 350,32,오프로드,349,251~500cc,가솔린,2020,2020,RW+NV,✅ RW+NV 일치,10094,https://auto.naver.com/bike/lineup.nhn?bikeNo=5785,,,
BKM085-0033,BKM085,허스크바나,BKM085-G013,FX,FX450,33,오프로드,449.9,251~500cc,가솔린,2020,2020,NV,🟡 유사 후보 확인,,https://auto.naver.com/bike/lineup.nhn?bikeNo=5787,,FX 350 / FS 450,
BKM085-0034,BKM085,허스크바나,BKM085-G007,TE,TE 150,34,오프로드,144,126~250cc,가솔린,2020,2020,RW+NV,✅ RW+NV 일치,12692,https://auto.naver.com/bike/lineup.nhn?bikeNo=5789,,,
BKM085-0035,BKM085,허스크바나,BKM085-G014,TX,TX300,35,오프로드,293.2,251~500cc,가솔린,2020,2020,NV,🟡 유사 후보 확인,,https://auto.naver.com/bike/lineup.nhn?bikeNo=5981,,TE 300,
BKM085-0036,BKM085,허스크바나,BKM085-G006,FE,FE 250,36,오프로드,249,126~250cc,가솔린,2014,2018,RW+NV,✅ RW+NV 일치,10089,https://auto.naver.com/bike/lineup.nhn?bikeNo=3582,,,
BKM085-0037,BKM085,허스크바나,BKM085-G006,FE,FE501,37,오프로드,510.9,501~1000cc,가솔린,2014,2018,NV,🟡 유사 후보 확인,,https://auto.naver.com/bike/lineup.nhn?bikeNo=3585,,FE 450 / FE 350,
BKM085-0038,BKM085,허스크바나,BKM085-G007,TE,TE 250,38,오프로드,249,126~250cc,가솔린,2012,2018,RW+NV,✅ RW+NV 일치,10108,https://auto.naver.com/bike/lineup.nhn?bikeNo=3579,,,
BKM085-0039,BKM085,허스크바나,BKM085-G014,TX,TX125,39,오프로드,124.8,51~125cc,가솔린,2017,2018,NV,🟡 유사 후보 확인,,https://auto.naver.com/bike/lineup.nhn?bikeNo=3577,,TE 125 / TC 125,
BKM085-0040,BKM085,허스크바나,BKM085-G015,450EXC,450EXC,40,오프로드,449.3,251~500cc,가솔린,2015,2015,NV,✅ 네이버만(과거 모델),,https://auto.naver.com/bike/lineup.nhn?bikeNo=1949,,,
BKM085-0041,BKM085,허스크바나,BKM085-G007,TE,TE 125,41,오프로드,124,51~125cc,가솔린,2012,2014,RW+NV,✅ RW+NV 일치,10107,https://auto.naver.com/bike/lineup.nhn?bikeNo=965,,,
BKM085-0042,BKM085,허스크바나,BKM085-G016,바자,바자,42,멀티퍼퍼스,,,가솔린,2013,2013,NV,✅ 네이버만(과거 모델),,https://auto.naver.com/bike/lineup.nhn?bikeNo=1329,,,🟡 연료 원천 없음→가솔린 추정
BKM085-0043,BKM085,허스크바나,BKM085-G017,CR,CR125,43,오프로드,,,가솔린,2012,2012,NV,🟡 유사 후보 확인,,https://auto.naver.com/bike/lineup.nhn?bikeNo=817,,TC 125,
BKM085-0044,BKM085,허스크바나,BKM085-G017,CR,CR65,44,오프로드,,,가솔린,2012,2012,NV,✅ 네이버만(과거 모델),,https://auto.naver.com/bike/lineup.nhn?bikeNo=815,,,
BKM085-0045,BKM085,허스크바나,BKM085-G018,SMR,SMR125,45,오프로드,,,가솔린,2012,2012,NV,✅ 네이버만(과거 모델),,https://auto.naver.com/bike/lineup.nhn?bikeNo=827,,,
BKM085-0046,BKM085,허스크바나,BKM085-G018,SMR,SMR511,46,오프로드,,,가솔린,2012,2012,NV,✅ 네이버만(과거 모델),,https://auto.naver.com/bike/lineup.nhn?bikeNo=829,,,
BKM085-0047,BKM085,허스크바나,BKM085-G018,SMR,SMR630,47,오프로드,600,501~1000cc,가솔린,2012,2012,NV,✅ 네이버만(과거 모델),,https://auto.naver.com/bike/lineup.nhn?bikeNo=831,,,
BKM085-0048,BKM085,허스크바나,BKM085-G019,SMS125,SMS125,48,오프로드,,,가솔린,2012,2012,NV,✅ 네이버만(과거 모델),,https://auto.naver.com/bike/lineup.nhn?bikeNo=833,,,
BKM085-0049,BKM085,허스크바나,BKM085-G010,TC,TC449,49,오프로드,,,가솔린,2012,2012,NV,✅ 네이버만(과거 모델),,https://auto.naver.com/bike/lineup.nhn?bikeNo=821,,,
BKM085-0050,BKM085,허스크바나,BKM085-G007,TE,TE310,50,오프로드,,,가솔린,2012,2012,NV,🟡 유사 후보 확인,,https://auto.naver.com/bike/lineup.nhn?bikeNo=803,,TE 300 / TE 150,
BKM085-0051,BKM085,허스크바나,BKM085-G007,TE,TE449,51,오프로드,,,가솔린,2012,2012,NV,✅ 네이버만(과거 모델),,https://auto.naver.com/bike/lineup.nhn?bikeNo=805,,,
BKM085-0052,BKM085,허스크바나,BKM085-G007,TE,TE511,52,오프로드,,,가솔린,2012,2012,NV,✅ 네이버만(과거 모델),,https://auto.naver.com/bike/lineup.nhn?bikeNo=807,,,
BKM085-0053,BKM085,허스크바나,BKM085-G007,TE,TE630,53,오프로드,,,가솔린,2012,2012,NV,🟡 유사 후보 확인,,https://auto.naver.com/bike/lineup.nhn?bikeNo=797,,TE 300,
BKM085-0054,BKM085,허스크바나,BKM085-G020,WR,WR125,54,오프로드,,,가솔린,2012,2012,NV,✅ 네이버만(과거 모델),,https://auto.naver.com/bike/lineup.nhn?bikeNo=809,,,
BKM085-0055,BKM085,허스크바나,BKM085-G020,WR,WR250,55,오프로드,,,가솔린,2012,2012,NV,✅ 네이버만(과거 모델),,https://auto.naver.com/bike/lineup.nhn?bikeNo=811,,,
BKM085-0056,BKM085,허스크바나,BKM085-G020,WR,WR300,56,오프로드,,,가솔린,2012,2012,NV,✅ 네이버만(과거 모델),,https://auto.naver.com/bike/lineup.nhn?bikeNo=813,,,
BKM085-0057,BKM085,허스크바나,BKM085-G021,WRE125,WRE125,57,오프로드,,,가솔린,2012,2012,NV,✅ 네이버만(과거 모델),,https://auto.naver.com/bike/lineup.nhn?bikeNo=799,,,
BKM085-0058,BKM085,허스크바나,BKM085-G022,누다,누다 900,58,네이키드,898,501~1000cc,가솔린,2012,2012,NV,✅ 네이버만(과거 모델),,https://auto.naver.com/bike/lineup.nhn?bikeNo=823,,,
BKM085-0059,BKM085,허스크바나,BKM085-G022,누다,누다 900R,59,네이키드,898,501~1000cc,가솔린,2012,2012,NV,✅ 네이버만(과거 모델),,https://auto.naver.com/bike/lineup.nhn?bikeNo=825,,,
BKM085-0060,BKM085,허스크바나,BKM085-G011,SM,SM 610 R,60,멀티퍼퍼스,577,501~1000cc,가솔린,,,RW,✅ 라이트바겐만,10100,,,,🟡 연료 원천 없음→가솔린 추정
BKM085-0061,BKM085,허스크바나,BKM085-G010,TC,TC 85 19/16,61,오프로드,85,51~125cc,가솔린,,,RW,✅ 라이트바겐만,12691,,,,🟡 연료 원천 없음→가솔린 추정
BKM086-0001,BKM086,기타 제조사,BKM086-G001,스쿠터,스쿠터,1,스쿠터,,,가솔린,,,RW,✅ 라이트바겐만,10136,,,,🟡 연료 원천 없음→가솔린 추정
BKM086-0002,BKM086,기타 제조사,BKM086-G002,네이키드,네이키드,2,네이키드,,,가솔린,,,RW,✅ 라이트바겐만,10132,,,,🟡 연료 원천 없음→가솔린 추정
BKM086-0003,BKM086,기타 제조사,BKM086-G003,킹스턴 125,킹스턴 125,3,크루저,124,51~125cc,가솔린,,,RW,✅ 라이트바겐만,11098,,,,🟡 연료 원천 없음→가솔린 추정
BKM086-0004,BKM086,기타 제조사,BKM086-G004,뮤트 400,뮤트 400,4,크루저,401,251~500cc,가솔린,,,RW,✅ 라이트바겐만,11101,,,,🟡 연료 원천 없음→가솔린 추정
BKM086-0005,BKM086,기타 제조사,BKM086-G005,맥스,맥스,5,기타,110,51~125cc,가솔린,,,RW,✅ 라이트바겐만,11019,,,,🟡 연료 원천 없음→가솔린 추정
BKM086-0006,BKM086,기타 제조사,BKM086-G006,오프로드,오프로드,6,오프로드,,,가솔린,,,RW,✅ 라이트바겐만,10138,,,,🟡 연료 원천 없음→가솔린 추정
BKM086-0007,BKM086,기타 제조사,BKM086-G007,투어링,투어링,7,투어러,,,가솔린,,,RW,✅ 라이트바겐만,11020,,,,🟡 연료 원천 없음→가솔린 추정
BKM086-0008,BKM086,기타 제조사,BKM086-G008,아메리칸,아메리칸,8,크루저,,,가솔린,,,RW,✅ 라이트바겐만,10891,,,,🟡 연료 원천 없음→가솔린 추정
BKM086-0009,BKM086,기타 제조사,BKM086-G009,레플리카,레플리카,9,스포츠,,,가솔린,,,RW,✅ 라이트바겐만,10910,,,,🟡 연료 원천 없음→가솔린 추정
BKM086-0010,BKM086,기타 제조사,BKM086-G010,미니,미니,10,기타,,,가솔린,,,RW,✅ 라이트바겐만,10134,,,,🟡 연료 원천 없음→가솔린 추정
BKM086-0011,BKM086,기타 제조사,BKM086-G011,스크램블러 125,스크램블러 125,11,네이키드,124,51~125cc,가솔린,,,RW,✅ 라이트바겐만,11108,,,,🟡 연료 원천 없음→가솔린 추정
BKM086-0012,BKM086,기타 제조사,BKM086-G012,125 S,125 S,12,기타,125,51~125cc,가솔린,,,RW,✅ 라이트바겐만,11034,,,,🟡 연료 원천 없음→가솔린 추정
BKM086-0013,BKM086,기타 제조사,BKM086-G013,CF 100,CF 100,13,스쿠터,99,51~125cc,가솔린,,,RW,✅ 라이트바겐만,11099,,,,🟡 연료 원천 없음→가솔린 추정
BKM086-0014,BKM086,기타 제조사,BKM086-G014,SP 3,SP 3,14,기타,125,51~125cc,가솔린,,,RW,✅ 라이트바겐만,10999,,,,🟡 연료 원천 없음→가솔린 추정
BKM086-0015,BKM086,기타 제조사,BKM086-G015,XB 12 S cg,XB 12 S cg,15,네이키드,1203,1001cc 이상,가솔린,,,RW,✅ 라이트바겐만,11045,,,,🟡 연료 원천 없음→가솔린 추정
BKM086-0016,BKM086,기타 제조사,BKM086-G016,게코 RM,게코 RM,16,크루저,20,50cc 이하,가솔린,,,RW,✅ 라이트바겐만,11092,,,,🟡 연료 원천 없음→가솔린 추정
BKM086-0017,BKM086,기타 제조사,BKM086-G017,모토비 125,모토비 125,17,네이키드,125,51~125cc,가솔린,,,RW,✅ 라이트바겐만,11083,,,,🟡 연료 원천 없음→가솔린 추정
BKM086-0018,BKM086,기타 제조사,BKM086-G018,미니젯 100,미니젯 100,18,스쿠터,97,51~125cc,가솔린,,,RW,✅ 라이트바겐만,11102,,,,🟡 연료 원천 없음→가솔린 추정
BKM086-0019,BKM086,기타 제조사,BKM086-G019,블랙카페 125 i,블랙카페 125 i,19,네이키드,124,51~125cc,가솔린,,,RW,✅ 라이트바겐만,11107,,,,🟡 연료 원천 없음→가솔린 추정
BKM086-0020,BKM086,기타 제조사,BKM086-G020,아이젯 125,아이젯 125,20,스쿠터,124,51~125cc,가솔린,,,RW,✅ 라이트바겐만,11106,,,,🟡 연료 원천 없음→가솔린 추정
BKM086-0021,BKM086,기타 제조사,BKM086-G021,트라이얼,트라이얼,21,기타,,,가솔린,,,RW,✅ 라이트바겐만,11013,,,,🟡 연료 원천 없음→가솔린 추정
BKM086-0022,BKM086,기타 제조사,BKM086-G022,2 T 250,2 T 250,22,오프로드,250,126~250cc,가솔린,,,RW,✅ 라이트바겐만,11012,,,,🟡 연료 원천 없음→가솔린 추정
BKM086-0023,BKM086,기타 제조사,BKM086-G023,RR,250 RR 2-STROKE,23,오프로드,249,126~250cc,가솔린,,,RW,✅ 라이트바겐만,11043,,,,🟡 연료 원천 없음→가솔린 추정
BKM086-0024,BKM086,기타 제조사,BKM086-G023,RR,300 RR 2-STROKE,24,오프로드,293,251~500cc,가솔린,,,RW,✅ 라이트바겐만,11044,,,,🟡 연료 원천 없음→가솔린 추정
BKM086-0025,BKM086,기타 제조사,BKM086-G024,SM 250,SM 250,25,기타,249,126~250cc,가솔린,,,RW,✅ 라이트바겐만,10998,,,,🟡 연료 원천 없음→가솔린 추정
BKM086-0026,BKM086,기타 제조사,BKM086-G025,기어 업,기어 업,26,크루저,749,501~1000cc,가솔린,,,RW,✅ 라이트바겐만,11079,,,,🟡 연료 원천 없음→가솔린 추정
BKM086-0027,BKM086,기타 제조사,BKM086-G026,서포터,서포터 100 FI,27,스쿠터,100,51~125cc,가솔린,,,RW,✅ 라이트바겐만,11001,,,,🟡 연료 원천 없음→가솔린 추정
BKM086-0028,BKM086,기타 제조사,BKM086-G026,서포터,서포터 110 FI,28,스쿠터,110,51~125cc,가솔린,,,RW,✅ 라이트바겐만,11002,,,,🟡 연료 원천 없음→가솔린 추정
BKM086-0029,BKM086,기타 제조사,BKM086-G027,스타트 F 88 SE,스타트 F 88 SE,29,오프로드,88,51~125cc,가솔린,,,RW,✅ 라이트바겐만,11011,,,,🟡 연료 원천 없음→가솔린 추정
BKM086-0030,BKM086,기타 제조사,BKM086-G028,엑스케이프 650,엑스케이프 650,30,오프로드,649,501~1000cc,가솔린,,,RW,✅ 라이트바겐만,11037,,,,🟡 연료 원천 없음→가솔린 추정
BKM086-0031,BKM086,기타 제조사,BKM086-G029,하이라이너,하이라이너,31,기타,1851,1001cc 이상,가솔린,,,RW,✅ 라이트바겐만,11075,,,,🟡 연료 원천 없음→가솔린 추정
BKM086-0032,BKM086,기타 제조사,BKM086-G030,300 SE R 팩토리,300 SE R 팩토리,32,오프로드,309,251~500cc,가솔린,,,RW,✅ 라이트바겐만,11069,,,,🟡 연료 원천 없음→가솔린 추정
BKM086-0033,BKM086,기타 제조사,BKM086-G031,DB4 IE,DB4 IE,33,스포츠,1198,1001cc 이상,가솔린,,,RW,✅ 라이트바겐만,11051,,,,🟡 연료 원천 없음→가솔린 추정
BKM086-0034,BKM086,기타 제조사,BKM086-G032,EC 300,EC 300,34,오프로드,293,251~500cc,가솔린,,,RW,✅ 라이트바겐만,11014,,,,🟡 연료 원천 없음→가솔린 추정
BKM086-0035,BKM086,기타 제조사,BKM086-G033,EV E6,EV E6,35,스쿠터,,,가솔린,,,RW,✅ 라이트바겐만,11081,,,,🟡 연료 원천 없음→가솔린 추정
BKM086-0036,BKM086,기타 제조사,BKM086-G034,FS 570,FS 570,36,오프로드,565,501~1000cc,가솔린,,,RW,✅ 라이트바겐만,11126,,,,🟡 연료 원천 없음→가솔린 추정
BKM086-0037,BKM086,기타 제조사,BKM086-G035,FXR FXX 110,FXR FXX 110,37,오프로드,110,51~125cc,가솔린,,,RW,✅ 라이트바겐만,11088,,,,🟡 연료 원천 없음→가솔린 추정
BKM086-0038,BKM086,기타 제조사,BKM086-G036,S&S,S&S,38,크루저,1500,1001cc 이상,가솔린,,,RW,✅ 라이트바겐만,11090,,,,🟡 연료 원천 없음→가솔린 추정
BKM086-0039,BKM086,기타 제조사,BKM086-G037,SM F,SM F 155,39,오프로드,154,126~250cc,가솔린,,,RW,✅ 라이트바겐만,11007,,,,🟡 연료 원천 없음→가솔린 추정
BKM086-0040,BKM086,기타 제조사,BKM086-G037,SM F,SM F 190,40,오프로드,190,126~250cc,가솔린,,,RW,✅ 라이트바겐만,11010,,,,🟡 연료 원천 없음→가솔린 추정
BKM086-0041,BKM086,기타 제조사,BKM086-G038,드리프트 125,드리프트 125,41,네이키드,124,51~125cc,가솔린,,,RW,✅ 라이트바겐만,11000,,,,🟡 연료 원천 없음→가솔린 추정
BKM086-0042,BKM086,기타 제조사,BKM086-G039,로우라이너,로우라이너,42,기타,2032,1001cc 이상,가솔린,,,RW,✅ 라이트바겐만,11074,,,,🟡 연료 원천 없음→가솔린 추정
BKM086-0043,BKM086,기타 제조사,BKM086-G040,메데스 50,메데스 50,43,네이키드,49,50cc 이하,가솔린,,,RW,✅ 라이트바겐만,11068,,,,🟡 연료 원천 없음→가솔린 추정
BKM086-0044,BKM086,기타 제조사,BKM086-G041,메디슨 300,메디슨 300,44,스쿠터,300,251~500cc,가솔린,,,RW,✅ 라이트바겐만,11036,,,,🟡 연료 원천 없음→가솔린 추정
BKM086-0045,BKM086,기타 제조사,BKM086-G042,버디 125,버디 125,45,스쿠터,124,51~125cc,가솔린,,,RW,✅ 라이트바겐만,11103,,,,🟡 연료 원천 없음→가솔린 추정
BKM086-0046,BKM086,기타 제조사,BKM086-G043,본 125,본 125,46,스쿠터,124,51~125cc,가솔린,,,RW,✅ 라이트바겐만,11006,,,,🟡 연료 원천 없음→가솔린 추정
BKM086-0047,BKM086,기타 제조사,BKM086-G044,상업용,상업용,47,기타,,,가솔린,,,RW,✅ 라이트바겐만,10135,,,,🟡 연료 원천 없음→가솔린 추정
BKM086-0048,BKM086,기타 제조사,BKM086-G045,코타 315 R,코타 315 R,48,오프로드,314,251~500cc,가솔린,,,RW,✅ 라이트바겐만,11038,,,,🟡 연료 원천 없음→가솔린 추정
BKM086-0049,BKM086,기타 제조사,BKM086-G046,키든 울프 125,키든 울프 125,49,네이키드,124,51~125cc,가솔린,,,RW,✅ 라이트바겐만,12695,,,,🟡 연료 원천 없음→가솔린 추정
BKM086-0050,BKM086,기타 제조사,BKM086-G021,트라이얼,트라이얼 AL 1.25,50,기타,125,51~125cc,가솔린,,,RW,✅ 라이트바겐만,11070,,,,🟡 연료 원천 없음→가솔린 추정
BKM086-0051,BKM086,기타 제조사,BKM086-G047,파이러스,파이러스,51,기타,1850,1001cc 이상,가솔린,,,RW,✅ 라이트바겐만,11039,,,,🟡 연료 원천 없음→가솔린 추정
BKM086-0052,BKM086,기타 제조사,BKM086-G048,포에닉스 T RM,포에닉스 T RM,52,크루저,1589,1001cc 이상,가솔린,,,RW,✅ 라이트바겐만,11093,,,,🟡 연료 원천 없음→가솔린 추정
BKM086-0053,BKM086,기타 제조사,BKM086-G049,프로 300,프로 300,53,기타,279,251~500cc,가솔린,,,RW,✅ 라이트바겐만,11015,,,,🟡 연료 원천 없음→가솔린 추정
