1뎁스 모델그룹,2뎁스 모델(세대),3뎁스 연료·구동,4뎁스 등급,5뎁스 세부등급,매물,다나와 모델ID,다나와 모델(세대),다나와 트림(매칭 결과),매칭 점수(1=일치),매칭 판정,다나와 트림 첫 라인업일,다나와 트림 마지막 라인업일,다나와 신차가(만원),다나와 판매상태,엔카 JATO 등급 출시,엔카 신차가(만원),출시일 크로스체크(JATO-다나와),신차가 크로스체크
5시리즈,5시리즈 (G30),가솔린 2WD,520i M 스포츠,,289,"3422,3901",5시리즈(G30) / 5시리즈(G30 F/L),520i M Sport,1.00,✅ 등급명 일치,2020.03,2023.07,6550~7120,종료,2020.04.02,"6,550~7,090",✅ ±3개월,✅ 겹침
5시리즈,5시리즈 (G30),가솔린 2WD,520i 럭셔리,,269,"3422,3901",5시리즈(G30) / 5시리즈(G30 F/L),520i Luxury,1.00,✅ 등급명 일치,2018.05,2023.07,6260~6880,종료,2018.07.02,"6,390~6,770",✅ ±3개월,✅ 겹침
5시리즈,5시리즈 (G30),가솔린 2WD,530i M 스포츠 플러스,,173,3422,5시리즈(G30),530i M Sport Package Plus,1.00,✅ 등급명 일치,2017.02,2020.07,7300~7800,종료,2017.02.21,"7,130~7,760",✅ ±3개월,✅ 겹침
5시리즈,5시리즈 (G30),가솔린 2WD,530i M 스포츠,,167,"3422,3901",5시리즈(G30) / 5시리즈(G30 F/L),530i M Sport,1.00,✅ 등급명 일치,2017.02,2023.07,7060~8260,종료,2017.02.21,"6,990~8,230",✅ ±3개월,✅ 겹침
5시리즈,5시리즈 (G30),가솔린 2WD,530i 럭셔리 플러스,,55,3422,5시리즈(G30),530i Luxury Line Plus,1.00,✅ 등급명 일치,2018.05,2020.07,7090~7230,종료,2018.05.03,"7,190~7,200",✅ ±3개월,✅ 겹침
5시리즈,5시리즈 (G30),가솔린 2WD,530i 럭셔리,,40,3901,5시리즈(G30 F/L),530i Luxury,1.00,✅ 등급명 일치,2020.10,2023.07,7250~7870,종료,2020.10.05,"7,200~7,840",✅ ±3개월,✅ 겹침
5시리즈,5시리즈 (G30),디젤 2WD,520d M 스포츠 플러스,,193,3422,5시리즈(G30),520d M Sport Package Plus,1.00,✅ 등급명 일치,2017.02,2020.07,7100~7300,종료,2017.02.21,"6,770~7,300",✅ ±3개월,✅ 겹침
5시리즈,5시리즈 (G30),디젤 2WD,520d 럭셔리 스페셜 에디션,,65,3422,5시리즈(G30),520d Luxury Line Special Edition,1.00,✅ 등급명 일치,2017.09,2018.07,6330,종료,2017.10.16,"6,330",✅ ±3개월,✅ 겹침
5시리즈,5시리즈 (G30),디젤 2WD,520d 럭셔리 플러스,,58,3422,5시리즈(G30),520d Luxury Plus,1.00,✅ 등급명 일치,2018.05,2020.07,6700~6870,종료,2017.09.08,"6,830~6,840",🟡 -8개월,✅ 겹침
5시리즈,5시리즈 (G30),디젤 2WD,520d M 스포츠,,48,3422,5시리즈(G30),520d M Sport Package,1.00,✅ 등급명 일치,2017.02,2018.05,6700,종료,2017.02.21,"6,630~6,700",✅ ±3개월,✅ 겹침
5시리즈,5시리즈 (G30),디젤 2WD,523d M 스포츠,,41,3901,5시리즈(G30 F/L),523d M Sport,1.00,✅ 등급명 일치,2020.10,2023.07,7430~7920,종료,2020.10.05,"7,500~7,890",✅ ±3개월,✅ 겹침
5시리즈,5시리즈 (G30),디젤 2WD,520d M 스포츠 스페셜 에디션,,27,3422,5시리즈(G30),520d M Sport Package Special Edition,1.00,✅ 등급명 일치,2017.09,2017.09,6330,종료,2017.10.01,"6,330",✅ ±3개월,✅ 겹침
5시리즈,5시리즈 (G30),디젤 2WD,523d 럭셔리,,27,3901,5시리즈(G30 F/L),523d Luxury,1.00,✅ 등급명 일치,2020.10,2023.07,6970~7460,종료,2020.10.05,"7,040~7,340",✅ ±3개월,✅ 겹침
5시리즈,5시리즈 (G30),디젤 2WD,530d M 스포츠,,15,3422,5시리즈(G30),530d M Sport Package,1.00,✅ 등급명 일치,2017.02,2017.09,9000,종료,2017.02.21,"8,790~9,000",✅ ±3개월,✅ 겹침
5시리즈,5시리즈 (G30),디젤 2WD,530d M 스포츠 플러스,,5,3422,5시리즈(G30),530d M Sport Package Plus,1.00,✅ 등급명 일치,2018.05,2019.04,8930~9030,종료,2018.07.19,"8,930",✅ ±3개월,✅ 겹침
5시리즈,5시리즈 (G30),디젤 2WD,530d 럭셔리 플러스,,5,3422,5시리즈(G30),530d Luxury Line Plus,1.00,✅ 등급명 일치,2018.05,2019.04,8500~8600,종료,2018.07.19,"8,500",✅ ±3개월,✅ 겹침
5시리즈,5시리즈 (G30),가솔린 4WD,530i xDrive M 스포츠 플러스,,140,3422,5시리즈(G30),530i M Sport Package Plus xDrive,1.00,✅ 등급명 일치,2017.02,2020.07,7340~8160,종료,2017.02.21,"7,480~8,120",✅ ±3개월,✅ 겹침
5시리즈,5시리즈 (G30),가솔린 4WD,530i xDrive M 스포츠,,82,"3422,3901",5시리즈(G30) / 5시리즈(G30 F/L),530i xDrive M Sport,1.00,✅ 등급명 일치,2017.02,2023.07,7420~8620,종료,2017.02.21,"7,340~8,590",✅ ±3개월,✅ 겹침
5시리즈,5시리즈 (G30),가솔린 4WD,530i xDrive 럭셔리 플러스,,60,3422,5시리즈(G30),530i xDrive Luxury Plus,1.00,✅ 등급명 일치,2018.05,2020.07,7450~7590,종료,2018.05.03,"7,510~7,550",✅ ±3개월,✅ 겹침
5시리즈,5시리즈 (G30),가솔린 4WD,M550i xDrive,,35,3901,5시리즈(G30 F/L),M550i xDrive,1.00,✅ 등급명 일치,2020.10,2023.07,11640~12460,종료,2020.10.05,"11,640~12,440",✅ ±3개월,✅ 겹침
5시리즈,5시리즈 (G30),가솔린 4WD,530i xDrive 럭셔리,,33,3901,5시리즈(G30 F/L),530i xDrive Luxury,1.00,✅ 등급명 일치,2020.10,2023.07,7610~8230,종료,2020.10.05,"7,560~8,110",✅ ±3개월,✅ 겹침
5시리즈,5시리즈 (G30),가솔린 4WD,540i xDrive M 스포츠 플러스,,14,3422,5시리즈(G30),540i M Sport Package Plus xDrive,1.00,✅ 등급명 일치,2017.09,2020.07,9960~10140,종료,2018.01.09,"10,090~10,140",🟡 +4개월,✅ 겹침
5시리즈,5시리즈 (G30),가솔린 4WD,540i xDrive 럭셔리 플러스,,3,3422,5시리즈(G30),540i Luxury Line Plus xDrive,1.00,✅ 등급명 일치,2018.05,2020.07,9580~9750,종료,2018.07.19,"9,610",✅ ±3개월,✅ 겹침
5시리즈,5시리즈 (G30),가솔린 4WD,540i xDrive M 스포츠,,1,3901,5시리즈(G30 F/L),540i xDrive M Sport Package,1.00,✅ 등급명 일치,2020.10,2020.10,10210,종료,,,,
5시리즈,5시리즈 (G30),디젤 4WD,520d xDrive M 스포츠 플러스,,141,3422,5시리즈(G30),520d M Sport Package Plus xDrive,1.00,✅ 등급명 일치,2017.02,2020.07,7450~7650,종료,2017.02.21,"7,120~7,650",✅ ±3개월,✅ 겹침
5시리즈,5시리즈 (G30),디젤 4WD,520d xDrive 럭셔리 플러스,,46,3422,5시리즈(G30),520d Luxury Line Plus xDrive,1.00,✅ 등급명 일치,2018.05,2020.07,7080~7220,종료,2018.05.03,"7,180~7,190",✅ ±3개월,✅ 겹침
5시리즈,5시리즈 (G30),디젤 4WD,520d xDrive M 스포츠,,28,3422,5시리즈(G30),520d M Sport Package xDrive,1.00,✅ 등급명 일치,2017.02,2018.05,7050,종료,2017.02.21,"6,980~7,050",✅ ±3개월,✅ 겹침
5시리즈,5시리즈 (G30),디젤 4WD,523d xDrive M 스포츠,,22,3901,5시리즈(G30 F/L),523d xDrive M Sport,1.00,✅ 등급명 일치,2020.10,2023.07,7780~8290,종료,2020.10.05,"7,850~8,030",✅ ±3개월,✅ 겹침
5시리즈,5시리즈 (G30),디젤 4WD,523d xDrive 럭셔리,,16,3901,5시리즈(G30 F/L),523d xDrive Luxury,1.00,✅ 등급명 일치,2020.10,2023.07,7310~7820,종료,2020.10.05,"7,350~7,390",✅ ±3개월,✅ 겹침
5시리즈,5시리즈 (G30),디젤 4WD,M550d xDrive,,14,3422,5시리즈(G30),M550d xDrive,1.00,✅ 등급명 일치,2017.09,2020.03,12220~12370,종료,2018.01.01,"12,220~12,370",🟡 +4개월,✅ 겹침
5시리즈,5시리즈 (G30),가솔린+전기 2WD,530e M 스포츠,,74,"3422,3901",5시리즈(G30) / 5시리즈(G30 F/L),530e M Sport,1.00,✅ 등급명 일치,2020.03,2023.07,7850~8840,종료,2020.03.01,"7,850~8,780",✅ ±3개월,✅ 겹침
5시리즈,5시리즈 (G30),가솔린+전기 2WD,530e 럭셔리,,47,"3422,3901",5시리즈(G30) / 5시리즈(G30 F/L),530e Luxury,1.00,✅ 등급명 일치,2020.01,2023.07,7630~8700,종료,2019.12.06,"7,700~8,640",✅ ±3개월,✅ 겹침
5시리즈,5시리즈 (G60),가솔린 2WD,520i M 스포츠,,498,4517,5시리즈(G60),520i M Sport,1.00,✅ 등급명 일치,2023.10,2026.07,7330~7610,판매중,2023.10.05,"7,330~7,610",✅ ±3개월,✅ 겹침
5시리즈,5시리즈 (G60),가솔린 2WD,520i 스페셜 에디션,,81,4517,5시리즈(G60),520i M Sport Pro Special Edition,0.60,🟡 비슷함(패키지·에디션 표기 다름) → 확인,2023.10,2025.01,7490~7570,종료,2024.01.05,"7,490~7,680",✅ ±3개월,✅ 겹침
5시리즈,5시리즈 (G60),가솔린 2WD,520i,,79,4517,5시리즈(G60),520i,1.00,✅ 등급명 일치,2023.10,2026.07,6880~7200,판매중,2023.11.01,"6,880~7,200",✅ ±3개월,✅ 겹침
5시리즈,5시리즈 (G60),가솔린 4WD,530i xDrive M 스포츠,,386,4517,5시리즈(G60),530i xDrive M Sport,1.00,✅ 등급명 일치,2023.10,2026.07,8870~9120,판매중,2023.10.05,"8,870~9,120",✅ ±3개월,✅ 겹침
5시리즈,5시리즈 (G60),가솔린 4WD,530i xDrive M 스포츠 프로 스페셜 에디션,,73,4517,5시리즈(G60),530i xDrive M Sport Pro Special Edition,1.00,✅ 등급명 일치,2024.11,2025.01,9140~9250,종료,2024.12.09,"9,250",✅ ±3개월,✅ 겹침
5시리즈,5시리즈 (G60),가솔린 4WD,530i xDrive,,38,4517,5시리즈(G60),530i xDrive,1.00,✅ 등급명 일치,2023.10,2026.07,8420~8650,판매중,2025.06.01,"8,450~8,650",🔴 +20개월,✅ 겹침
5시리즈,5시리즈 (G60),디젤 2WD,523d M 스포츠,,134,4517,5시리즈(G60),523d M Sport,1.00,✅ 등급명 일치,2023.10,2026.07,8030~8330,판매중,2023.11.01,"8,030~8,230",✅ ±3개월,✅ 겹침
5시리즈,5시리즈 (G60),디젤 2WD,523d,,27,4517,5시리즈(G60),523d,1.00,✅ 등급명 일치,2023.10,2026.07,7580~7910,판매중,2023.11.01,"7,580~7,680",✅ ±3개월,✅ 겹침
5시리즈,5시리즈 (G60),가솔린+전기 2WD,530e M 스포츠,,74,4517,5시리즈(G60),530e M Sport,1.00,✅ 등급명 일치,2024.03,2026.07,9220~9480,판매중,2024.03.05,"9,220~9,250",✅ ±3개월,✅ 겹침
5시리즈,5시리즈 (G60),가솔린+전기 2WD,530e,,13,4517,5시리즈(G60),530e,1.00,✅ 등급명 일치,2024.03,2026.07,8920~9150,판매중,2024.03.05,"8,920~8,950",✅ ±3개월,✅ 겹침
5시리즈,5시리즈 (G60),가솔린+전기 2WD,530e M 스포츠 프로,,6,4517,5시리즈(G60),530e M Sport Pro,1.00,✅ 등급명 일치,2024.03,2024.03,9540~9640,종료,2024.05.01,"9,540",✅ ±3개월,✅ 겹침
5시리즈,5시리즈 (G60),가솔린+전기 4WD,530e xDrive M 스포츠,,28,4517,5시리즈(G60),530e xDrive M Sport,1.00,✅ 등급명 일치,2024.12,2026.07,9530~9800,판매중,2024.12.05,"9,420~9,570",✅ ±3개월,✅ 겹침
5시리즈,5시리즈 (G60),가솔린+전기 4WD,550e xDrive M 스포츠 프로,,8,4517,5시리즈(G60),550e xDrive M Sport Pro,1.00,✅ 등급명 일치,2024.12,2026.07,11490~11670,판매중,2025.03.01,"11,350",✅ ±3개월,"🔴 다름(엔카 11,350 / 다나와 11490~11670)"
5시리즈,5시리즈 (G60),가솔린+전기 4WD,530e xDrive M 스포츠 프로,,7,4517,5시리즈(G60),530e xDrive M Sport Pro,1.00,✅ 등급명 일치,2024.12,2026.07,9850~10120,판매중,2024.12.05,"9,850~9,890",✅ ±3개월,✅ 겹침
5시리즈,5시리즈 (G60),디젤 4WD,523d xDrive M 스포츠,,25,4517,5시리즈(G60),523d xDrive M Sport,1.00,✅ 등급명 일치,2023.10,2026.07,8330~8630,판매중,2023.11.01,"8,330~8,430",✅ ±3개월,✅ 겹침
5시리즈,5시리즈 (G60),디젤 4WD,523d xDrive,,1,4517,5시리즈(G60),523d xDrive,1.00,✅ 등급명 일치,2023.10,2026.07,7880~8220,판매중,2023.11.01,"7,880",✅ ±3개월,✅ 겹침
5시리즈,5시리즈 (F10),디젤 2WD,520d,,132,2351,5시리즈(F10/F11),520d,1.00,✅ 등급명 일치,2012.07,2015.08,,종료,2010.08.09,"6,240~6,390",🔴 -23개월,
5시리즈,5시리즈 (F10),디젤 2WD,520d M 에어로 다이나믹,,80,2351,5시리즈(F10/F11),520d M Aerodynamic Edition,0.75,🟡 비슷함(패키지·에디션 표기 다름) → 확인,2015.09,2016.08,,종료,2015.09.02,"6,330~6,390",✅ ±3개월,
5시리즈,5시리즈 (F10),디젤 2WD,520d 럭셔리,,14,2351,5시리즈(F10/F11),520d Luxury,1.00,✅ 등급명 일치,2013.09,2014.10,,종료,2013.09.25,"6,960~6,990",✅ ±3개월,
5시리즈,5시리즈 (F10),디젤 2WD,520d M 스포츠,,8,2351,5시리즈(F10/F11),520d M Sport Edition,0.67,🟡 비슷함(패키지·에디션 표기 다름) → 확인,2013.01,2013.07,,종료,2013.04.01,"6,630~6,700",✅ ±3개월,
5시리즈,5시리즈 (F10),디젤 2WD,520d 럭셔리 플러스,,6,2351,5시리즈(F10/F11),520d Luxury Plus Edition,0.75,🟡 비슷함(패키지·에디션 표기 다름) → 확인,2014.10,2016.08,,종료,2015.05.18,"6,930~6,990",🟡 +7개월,
5시리즈,5시리즈 (F10),디젤 2WD,525d,,3,2351,5시리즈(F10/F11),525d,1.00,✅ 등급명 일치,2012.09,2014.10,,종료,2013.01.01,"6,790",🟡 +4개월,
5시리즈,5시리즈 (F10),디젤 4WD,520d xDrive,,49,2351,5시리즈(F10/F11),520d xDrive,1.00,✅ 등급명 일치,2013.09,2015.08,,종료,2013.09.25,"6,690~6,790",✅ ±3개월,
5시리즈,5시리즈 (F10),디젤 4WD,520d xDrive M 에어로 다이나믹,,37,2351,5시리즈(F10/F11),520d M Aerodynamic Edition xDrive,0.80,🟡 비슷함(패키지·에디션 표기 다름) → 확인,2015.09,2016.08,,종료,2015.09.02,"6,730~6,790",✅ ±3개월,
5시리즈,5시리즈 (F10),디젤 4WD,530d xDrive M 에어로 다이나믹,,11,2351,5시리즈(F10/F11),530d M Aerodynamic Edition xDrive,0.80,🟡 비슷함(패키지·에디션 표기 다름) → 확인,2014.10,2016.08,,종료,2015.07.06,"8,260",🟡 +9개월,
5시리즈,5시리즈 (F10),디젤 4WD,M550d xDrive,,9,2351,5시리즈(F10/F11),M550d xDrive,1.00,✅ 등급명 일치,2014.10,2016.07,,종료,2013.09.25,"12,870~12,990",🔴 -13개월,
5시리즈,5시리즈 (F10),디젤 4WD,520d xDrive 럭셔리,,7,2351,5시리즈(F10/F11),520d Luxury xDrive,1.00,✅ 등급명 일치,2013.09,2014.10,,종료,2013.09.25,"7,360~7,390",✅ ±3개월,
5시리즈,5시리즈 (F10),디젤 4WD,520d xDrive 럭셔리 플러스,,6,2351,5시리즈(F10/F11),520d Luxury Plus Edition xDrive,0.80,🟡 비슷함(패키지·에디션 표기 다름) → 확인,2014.10,2016.08,,종료,2015.05.18,"7,390",🟡 +7개월,
5시리즈,5시리즈 (F10),디젤 4WD,530d xDrive M 스포츠,,6,2351,5시리즈(F10/F11),530d M Sport Package xDrive,1.00,✅ 등급명 일치,2014.10,2015.08,,종료,2013.09.25,"8,890~8,920",🔴 -13개월,
5시리즈,5시리즈 (F10),디젤 4WD,525d xDrive,,5,2351,5시리즈(F10/F11),525d xDrive,1.00,✅ 등급명 일치,2012.07,2014.10,,종료,2013.01.01,"6,990~7,070",🟡 +6개월,
5시리즈,5시리즈 (F10),디젤 4WD,525d xDrive M 스포츠 투어링,,4,2351,5시리즈(F10/F11),2.0 525D TOURING M SPORT AUTO XDRIVE,0.80,🟡 비슷함(패키지·에디션 표기 다름) → 확인,2012.05,2012.05,,종료,2012.09.11,"8,180",🟡 +4개월,
5시리즈,5시리즈 (F10),디젤 4WD,525d xDrive 투어링,,2,2351,5시리즈(F10/F11),2.0 525D TOURING AUTO XDRIVE,0.75,🟡 비슷함(패키지·에디션 표기 다름) → 확인,2012.05,2012.05,,종료,,,,
5시리즈,5시리즈 (F10),디젤 4WD,M550d xDrive 에어로 다이나믹,,1,2351,5시리즈(F10/F11),M550d Aerodynamic xDrive,1.00,✅ 등급명 일치,2015.08,2016.02,,종료,2015.09.15,"11,920",✅ ±3개월,
5시리즈,5시리즈 (F10),가솔린 2WD,528i,,65,2351,5시리즈(F10/F11),528i,1.00,✅ 등급명 일치,2012.07,2015.09,,종료,2010.04.01,"6,790~6,880",🔴 -27개월,
5시리즈,5시리즈 (F10),가솔린 2WD,528i M 에어로 다이나믹,,25,2351,5시리즈(F10/F11),528i M Aerodynamic,1.00,✅ 등급명 일치,2016.01,2016.02,,종료,2016.01.01,"6,820~6,880",✅ ±3개월,
5시리즈,5시리즈 (F10),가솔린 2WD,528i 럭셔리 플러스,,11,2351,5시리즈(F10/F11),528i Luxury Plus,1.00,✅ 등급명 일치,2014.10,2016.02,,종료,2015.08.27,"7,350",🟡 +10개월,
5시리즈,5시리즈 (F10),가솔린 2WD,528i M 스포츠,,6,2351,5시리즈(F10/F11),528i M Sport Edition,0.67,🟡 비슷함(패키지·에디션 표기 다름) → 확인,2013.01,2013.07,,종료,2013.04.01,"6,870~6,940",✅ ±3개월,
5시리즈,5시리즈 (F10),가솔린 2WD,528i 럭셔리,,6,2351,5시리즈(F10/F11),528i Luxury,1.00,✅ 등급명 일치,2013.09,2014.10,,종료,2013.09.25,"7,390~7,420",✅ ±3개월,
5시리즈,5시리즈 (F10),가솔린 2WD,528i M 에어로다이나믹 스페셜 에디션,,4,2351,5시리즈(F10/F11),528i M Aerodynamic Pro Special Edition,0.83,🟡 비슷함(패키지·에디션 표기 다름) → 확인,2016.08,2016.08,,종료,2016.07.01,"7,080",✅ ±3개월,
5시리즈,5시리즈 (F10),가솔린 2WD,523i,,2,2351,5시리즈(F10/F11),2.5 523I AUTO,0.50,🔴 맞는 등급 못 찾음(다나와에 없는 한정판·표기 차이),2010.04,2011.07,,종료,2010.04.01,"6,380",✅ ±3개월,
5시리즈,5시리즈 (F10),가솔린 2WD,535i,,2,2351,5시리즈(F10/F11),535i,1.00,✅ 등급명 일치,2012.07,2013.07,,종료,2010.11.15,"9,640",🔴 -20개월,
5시리즈,5시리즈 (F10),가솔린 4WD,528i xDrive,,40,2351,5시리즈(F10/F11),528i xDrive,1.00,✅ 등급명 일치,2012.07,2015.09,,종료,2011.12.02,"6,930~7,220",🟡 -7개월,
5시리즈,5시리즈 (F10),가솔린 4WD,528i xDrive M 에어로 다이나믹,,16,2351,5시리즈(F10/F11),528i M Aerodynamic xDrive,1.00,✅ 등급명 일치,2016.01,2016.02,,종료,2016.02.03,"7,210~7,280",✅ ±3개월,
5시리즈,5시리즈 (F10),가솔린 4WD,528i xDrive 럭셔리,,15,2351,5시리즈(F10/F11),528i Luxury xDrive,1.00,✅ 등급명 일치,2013.09,2014.10,,종료,2013.09.25,"7,790~7,820",✅ ±3개월,
5시리즈,5시리즈 (F10),가솔린 4WD,528i xDrive 럭셔리 플러스,,14,2351,5시리즈(F10/F11),528i Luxury Plus xDrive,1.00,✅ 등급명 일치,2014.10,2016.02,,종료,2015.07.06,"7,750~7,820",🟡 +9개월,
5시리즈,5시리즈 (F10),가솔린 4WD,528i xDrive M 에어로다이나믹 스페셜 에디션,,8,2351,5시리즈(F10/F11),528i M Aerodynamic Pro Special Edition xDrive,0.86,🟡 비슷함(패키지·에디션 표기 다름) → 확인,2016.08,2016.08,,종료,2016.10.07,"7,480",✅ ±3개월,
5시리즈,5시리즈 (F10),가솔린 4WD,550i xDrive,,5,2351,5시리즈(F10/F11),550i M Sport xDrive,0.67,🟡 비슷함(패키지·에디션 표기 다름) → 확인,2012.01,2013.01,,종료,2012.01.01,"11,180~11,800",✅ ±3개월,
5시리즈,5시리즈 (E60),가솔린 2WD,523i 세단,,4,,,,,🔴 다나와에 이 세대 트림 정보 없음(옛 세대),,,,,2006.01.01,"6,360",,
5시리즈,5시리즈 (E60),가솔린 2WD,528i 세단,,4,,,,,🔴 다나와에 이 세대 트림 정보 없음(옛 세대),,,,,,,,
5시리즈,5시리즈 (E60),가솔린 2WD,528i 세단 SE,,3,,,,,🔴 다나와에 이 세대 트림 정보 없음(옛 세대),,,,,2009.05.27,"6,730",,
5시리즈,5시리즈 (E60),가솔린 2WD,528i 세단 스포츠,,3,,,,,🔴 다나와에 이 세대 트림 정보 없음(옛 세대),,,,,2008.01.22,"7,750",,
5시리즈,5시리즈 (E60),가솔린 2WD,530i 세단,,2,,,,,🔴 다나와에 이 세대 트림 정보 없음(옛 세대),,,,,2004.03.24,"8,690",,
5시리즈,5시리즈 (E60),가솔린 2WD,520i 세단,,1,,,,,🔴 다나와에 이 세대 트림 정보 없음(옛 세대),,,,,,,,
5시리즈,5시리즈 (E60),가솔린 2WD,535i 세단,,1,,,,,🔴 다나와에 이 세대 트림 정보 없음(옛 세대),,,,,2009.07.01,,,
5시리즈,5시리즈 (E60),디젤 2WD,520d 세단,,1,,,,,🔴 다나와에 이 세대 트림 정보 없음(옛 세대),,,,,,,,
5시리즈,5시리즈,가솔린 3000cc 이하,520i,E34,3,,,,,🔴 다나와에 이 세대 트림 정보 없음(옛 세대),,,,,1994.11.01,,,
5시리즈,5시리즈,가솔린 3000cc 이하,520i,E39,3,,,,,🔴 다나와에 이 세대 트림 정보 없음(옛 세대),,,,,1994.11.01,,,
5시리즈,5시리즈,가솔린 3000cc 이하,530i,E34,2,,,,,🔴 다나와에 이 세대 트림 정보 없음(옛 세대),,,,,1994.11.01,,,
5시리즈,5시리즈,가솔린 3000cc 이하,530i,E39,2,,,,,🔴 다나와에 이 세대 트림 정보 없음(옛 세대),,,,,1994.11.01,,,
5시리즈,5시리즈,가솔린 3000cc 이하,528e,E28,1,,,,,🔴 다나와에 이 세대 트림 정보 없음(옛 세대),,,,,,,,
5시리즈,5시리즈,가솔린 3000cc 이하,528i,E39,1,,,,,🔴 다나와에 이 세대 트림 정보 없음(옛 세대),,,,,1996.04.01,"6,820",,
5시리즈,5시리즈,가솔린 3000cc 이상,540i,E39,2,,,,,🔴 다나와에 이 세대 트림 정보 없음(옛 세대),,,,,1999.02.01,"9,900",,
3시리즈,3시리즈 (G20),가솔린 2WD,320i M 스포츠,,449,"3520,4364,4650",3시리즈(G20/G21) / 3시리즈(G20/G21 F/L) / 더 뉴 3시리즈(G20/G21 F/L),320i M Sport,1.00,✅ 등급명 일치,2020.03,2026.07,5320~6440,판매중,2020.03.03,"5,320~6,400",✅ ±3개월,✅ 겹침
3시리즈,3시리즈 (G20),가솔린 2WD,320i,,94,"3520,4364,4650",3시리즈(G20/G21) / 3시리즈(G20/G21 F/L) / 더 뉴 3시리즈(G20/G21 F/L),320i,1.00,✅ 등급명 일치,2020.03,2026.07,5020~6080,판매중,2020.10.07,"5,170~6,000",🟡 +7개월,✅ 겹침
3시리즈,3시리즈 (G20),가솔린 2WD,M340i,,57,"3520,4364",3시리즈(G20/G21) / 3시리즈(G20/G21 F/L),M340i,1.00,✅ 등급명 일치,2019.10,2023.07,7450~8290,종료,2019.10.07,"7,500~8,320",✅ ±3개월,✅ 겹침
3시리즈,3시리즈 (G20),가솔린 2WD,320i 럭셔리,,56,3520,3시리즈(G20/G21),320i Luxury,1.00,✅ 등급명 일치,2020.03,2021.10,5320~5730,종료,2020.03.03,"5,320~5,470",✅ ±3개월,✅ 겹침
3시리즈,3시리즈 (G20),가솔린 2WD,M340i 프로,,35,"4364,4650",3시리즈(G20/G21 F/L) / 더 뉴 3시리즈(G20/G21 F/L),M340i Pro,1.00,✅ 등급명 일치,2023.10,2026.07,8480~8630,판매중,2024.05.01,"8,480~8,530",🟡 +7개월,✅ 겹침
3시리즈,3시리즈 (G20),가솔린 2WD,320i 투어링 M 스포츠,,22,"3520,4364,4650",3시리즈(G20/G21) / 3시리즈(G20/G21 F/L) / 더 뉴 3시리즈(G20/G21 F/L),320i Touring M Sport,1.00,✅ 등급명 일치,2021.10,2026.07,5840~6600,판매중,2021.09.01,"5,940~6,510",✅ ±3개월,✅ 겹침
3시리즈,3시리즈 (G20),가솔린 2WD,330i M 스포츠,,14,3520,3시리즈(G20/G21),330i M Sport Package,1.00,✅ 등급명 일치,2019.04,2020.03,6200~6340,종료,2019.03.05,"6,220",✅ ±3개월,✅ 겹침
3시리즈,3시리즈 (G20),가솔린 2WD,M340i 퍼포먼스,,11,3520,3시리즈(G20/G21),M340i Performance Pkg,0.67,🟡 비슷함(패키지·에디션 표기 다름) → 확인,2021.10,2021.10,7770~8010,종료,2021.09.01,"7,820",✅ ±3개월,✅ 겹침
3시리즈,3시리즈 (G20),가솔린 2WD,320i 투어링,,7,"3520,4364,4650",3시리즈(G20/G21) / 3시리즈(G20/G21 F/L) / 더 뉴 3시리즈(G20/G21 F/L),320i Touring,1.00,✅ 등급명 일치,2020.07,2026.07,5300~6320,판매중,2024.01.02,"6,010~6,140",🔴 +42개월,✅ 겹침
3시리즈,3시리즈 (G20),가솔린 2WD,320i M 스포츠 프로 스페셜 에디션,,4,4650,더 뉴 3시리즈(G20/G21 F/L),320i M Sport Pro Special Edition,1.00,✅ 등급명 일치,2025.01,2025.10,6240~7190,종료,2025.02.10,"6,240",✅ ±3개월,✅ 겹침
3시리즈,3시리즈 (G20),가솔린 2WD,320i 투어링 럭셔리,,3,3520,3시리즈(G20/G21),320i Touring Luxury,1.00,✅ 등급명 일치,2020.07,2021.10,5590~5960,종료,,,,
3시리즈,3시리즈 (G20),가솔린 2WD,330i 럭셔리,,3,3520,3시리즈(G20/G21),330i Luxury Line,1.00,✅ 등급명 일치,2019.04,2020.03,6000~6140,종료,2019.03.05,"6,020",✅ ±3개월,✅ 겹침
3시리즈,3시리즈 (G20),가솔린 2WD,M340i 퍼스트 에디션,,2,3520,3시리즈(G20/G21),M340i First Edition,1.00,✅ 등급명 일치,2020.03,2020.03,8150,종료,2020.05.22,"8,150",✅ ±3개월,✅ 겹침
3시리즈,3시리즈 (G20),가솔린 2WD,M340i 인디비주얼,,1,4364,3시리즈(G20/G21 F/L),M340i Individual Edition,0.67,🟡 비슷함(패키지·에디션 표기 다름) → 확인,2023.10,2023.10,8620,종료,2023.12.12,"8,620",✅ ±3개월,✅ 겹침
3시리즈,3시리즈 (G20),가솔린 2WD,M340i 프로 퍼스트 에디션,,1,"4364,4650",3시리즈(G20/G21 F/L) / 더 뉴 3시리즈(G20/G21 F/L),M340i Pro First Edition,1.00,✅ 등급명 일치,2022.11,2025.01,8660~8760,종료,,,,
3시리즈,3시리즈 (G20),디젤 2WD,320d M 스포츠,,53,"3520,4364,4650",3시리즈(G20/G21) / 3시리즈(G20/G21 F/L) / 더 뉴 3시리즈(G20/G21 F/L),320d M Sport,1.00,✅ 등급명 일치,2019.04,2026.07,5550~6650,판매중,2019.03.05,"5,620~6,400",✅ ±3개월,✅ 겹침
3시리즈,3시리즈 (G20),디젤 2WD,320d,,42,"3520,4364,4650",3시리즈(G20/G21) / 3시리즈(G20/G21 F/L) / 더 뉴 3시리즈(G20/G21 F/L),320d,1.00,✅ 등급명 일치,2019.04,2026.07,5250~6350,판매중,2019.03.05,"5,320~6,170",✅ ±3개월,✅ 겹침
3시리즈,3시리즈 (G20),디젤 2WD,320d 럭셔리,,33,3520,3시리즈(G20/G21),320d Luxury,1.00,✅ 등급명 일치,2019.04,2021.10,5550~5970,종료,2019.03.05,"5,620~5,710",✅ ±3개월,✅ 겹침
3시리즈,3시리즈 (G20),디젤 2WD,320d 투어링 M 스포츠,,28,"3520,4364,4650",3시리즈(G20/G21) / 3시리즈(G20/G21 F/L) / 더 뉴 3시리즈(G20/G21 F/L),320d Touring M Sport,1.00,✅ 등급명 일치,2020.07,2026.07,5870~6980,판매중,2020.08.06,"5,870~6,670",✅ ±3개월,✅ 겹침
3시리즈,3시리즈 (G20),디젤 2WD,320d 투어링,,11,"3520,4364,4650",3시리즈(G20/G21) / 3시리즈(G20/G21 F/L) / 더 뉴 3시리즈(G20/G21 F/L),320d Touring,1.00,✅ 등급명 일치,2020.07,2026.07,5570~6600,판매중,2020.08.06,"5,570~6,290",✅ ±3개월,✅ 겹침
3시리즈,3시리즈 (G20),디젤 2WD,320d 투어링 럭셔리,,7,3520,3시리즈(G20/G21),320d Touring Luxury,1.00,✅ 등급명 일치,2021.10,2021.10,6250~6260,종료,2021.09.01,"6,000",✅ ±3개월,"🔴 다름(엔카 6,000 / 다나와 6250~6260)"
3시리즈,3시리즈 (G20),가솔린 4WD,M340i xDrive 투어링 프로,,21,"4364,4650",3시리즈(G20/G21 F/L) / 더 뉴 3시리즈(G20/G21 F/L),M340i xDrive Touring Pro,1.00,✅ 등급명 일치,2023.10,2026.07,9090~9340,판매중,2024.05.01,"9,090~9,230",🟡 +7개월,✅ 겹침
3시리즈,3시리즈 (G20),가솔린 4WD,M340i xDrive 투어링,,10,"3520,4364",3시리즈(G20/G21) / 3시리즈(G20/G21 F/L),M340i xDrive Touring,1.00,✅ 등급명 일치,2020.07,2023.07,8000~8880,종료,2020.08.06,"8,000~8,780",✅ ±3개월,✅ 겹침
3시리즈,3시리즈 (G20),가솔린 4WD,M340i xDrive 투어링 퍼포먼스,,5,3520,3시리즈(G20/G21),M340i xDrive Touring Performance Pkg,0.80,🟡 비슷함(패키지·에디션 표기 다름) → 확인,2021.10,2021.10,8200~8460,종료,2021.09.01,"8,250",✅ ±3개월,✅ 겹침
3시리즈,3시리즈 (G20),가솔린 4WD,330i xDrive 럭셔리,,3,3520,3시리즈(G20/G21),330i Luxury Line xDrive,1.00,✅ 등급명 일치,2019.04,2020.03,6300~6440,종료,2019.03.05,"6,320",✅ ±3개월,✅ 겹침
3시리즈,3시리즈 (G20),가솔린 4WD,M340i xDrive 투어링 프로 스페셜 에디션,,3,4650,더 뉴 3시리즈(G20/G21 F/L),M340i xDrive Touring Pro Special Edition,1.00,✅ 등급명 일치,2025.10,2025.10,10100,종료,2025.10.15,"10,100",✅ ±3개월,✅ 겹침
3시리즈,3시리즈 (G20),가솔린 4WD,330i xDrive M 스포츠,,2,3520,3시리즈(G20/G21),330i M Sport Package xDrive,1.00,✅ 등급명 일치,2019.04,2020.03,6500~6640,종료,,,,
3시리즈,3시리즈 (G20),가솔린 4WD,M340i xDrive 투어링 프로 퍼스트 에디션,,2,"4364,4650",3시리즈(G20/G21 F/L) / 더 뉴 3시리즈(G20/G21 F/L),M340i xDrive Touring Pro First Edition,1.00,✅ 등급명 일치,2022.11,2025.01,9060~9860,종료,2024.11.08,"9,860",🔴 +24개월,✅ 겹침
3시리즈,3시리즈 (G20),가솔린+전기 2WD,330e M 스포츠,,22,"3520,4364",3시리즈(G20/G21) / 3시리즈(G20/G21 F/L),330e M Sport,1.00,✅ 등급명 일치,2020.12,2023.07,6490~6960,종료,2020.07.08,"6,460~6,960",🟡 -5개월,✅ 겹침
3시리즈,3시리즈 (G20),가솔린+전기 2WD,330e 럭셔리,,9,3520,3시리즈(G20/G21),330e Luxury,1.00,✅ 등급명 일치,2020.12,2021.10,6290~6460,종료,2021.05.07,"6,430",🟡 +5개월,✅ 겹침
3시리즈,3시리즈 (G20),가솔린+전기 2WD,320e M 스포츠,,4,3520,3시리즈(G20/G21),320e M Sport,1.00,✅ 등급명 일치,2021.10,2021.10,5790~6280,종료,2022.03.10,"5,850",🟡 +5개월,✅ 겹침
3시리즈,3시리즈 (G20),가솔린+전기 2WD,320e 럭셔리,,3,3520,3시리즈(G20/G21),320e Luxury,1.00,✅ 등급명 일치,2021.10,2021.10,5790~6220,종료,2022.03.10,"5,840",🟡 +5개월,✅ 겹침
3시리즈,3시리즈 (G20),가솔린+전기 2WD,330e,,1,"3520,4364",3시리즈(G20/G21) / 3시리즈(G20/G21 F/L),330e Luxury / 330e M Sport 외,0.50,🔴 맞는 등급 못 찾음(다나와에 없는 한정판·표기 차이),2020.07,2023.07,6160~6960,종료,2020.07.06,,✅ ±3개월,
3시리즈,3시리즈 (G20),가솔린+전기 2WD,330e M 스포츠 프로 퍼스트 에디션,,1,4364,3시리즈(G20/G21 F/L),330e M Sport Pro First Edition,1.00,✅ 등급명 일치,2022.11,2022.11,7300,종료,,,,
3시리즈,3시리즈 (G20),디젤 4WD,320d xDrive M 스포츠,,15,"3520,4364,4650",3시리즈(G20/G21) / 3시리즈(G20/G21 F/L) / 더 뉴 3시리즈(G20/G21 F/L),320d xDrive M Sport,1.00,✅ 등급명 일치,2019.04,2026.07,5850~6930,판매중,2020.08.06,"5,970~6,090",🔴 +16개월,✅ 겹침
3시리즈,3시리즈 (G20),디젤 4WD,320d xDrive 럭셔리,,12,3520,3시리즈(G20/G21),320d xDrive Luxury,1.00,✅ 등급명 일치,2019.04,2021.10,5850~6280,종료,2019.03.05,"5,920~6,040",✅ ±3개월,✅ 겹침
3시리즈,3시리즈 (F30),디젤,320d,,154,"2348,3301",3시리즈(F30/F31) / 3시리즈(F30/F31/F34 F/L),320d,1.00,✅ 등급명 일치,2012.07,2018.10,5090~5180,종료,2012.02.23,"4,880~5,180",🟡 -5개월,✅ 겹침
3시리즈,3시리즈 (F30),디젤,320d M 스포츠,,47,"2348,3301",3시리즈(F30/F31) / 3시리즈(F30/F31/F34 F/L),320d M Sport Package,1.00,✅ 등급명 일치,2012.10,2018.10,5540~5630,종료,2016.02.03,"5,390~5,630",🔴 +40개월,✅ 겹침
3시리즈,3시리즈 (F30),디젤,320d ED에디션,,28,"2348,3301",3시리즈(F30/F31) / 3시리즈(F30/F31/F34 F/L),320d,0.50,🔴 맞는 등급 못 찾음(다나와에 없는 한정판·표기 차이),2012.07,2018.10,5090~5180,종료,2012.02.23,"4,390~4,740",🟡 -5개월,"🔴 다름(엔카 4,390~4,740 / 다나와 5090~5180)"
3시리즈,3시리즈 (F30),디젤,320d xDrive,,21,"2348,3301",3시리즈(F30/F31) / 3시리즈(F30/F31/F34 F/L),320d xDrive,1.00,✅ 등급명 일치,2013.01,2018.10,5490~5580,종료,2013.01.22,"5,080~5,390",✅ ±3개월,"🔴 다름(엔카 5,080~5,390 / 다나와 5490~5580)"
3시리즈,3시리즈 (F30),디젤,320d M 퍼포먼스 에디션,,19,2348,3시리즈(F30/F31),320d M Performance Edition,1.00,✅ 등급명 일치,2014.10,2015.08,,종료,2015.07.15,"5,540~5,590",🟡 +9개월,
3시리즈,3시리즈 (F30),디젤,320d 스포츠,,10,2348,3시리즈(F30/F31),320d Sport,1.00,✅ 등급명 일치,2012.07,2015.08,,종료,2013.07.01,"5,400~5,540",🟡 +12개월,
3시리즈,3시리즈 (F30),디젤,320d M 스포츠 쉐도우,,9,3301,3시리즈(F30/F31/F34 F/L),320d M Sport Package Shadow,1.00,✅ 등급명 일치,2018.10,2018.10,5750,종료,2018.09.07,,✅ ±3개월,
3시리즈,3시리즈 (F30),디젤,320d 투어링 M 퍼포먼스 에디션,,6,2348,3시리즈(F30/F31),320d M Performance Edition,0.80,🟡 비슷함(패키지·에디션 표기 다름) → 확인,2014.10,2015.08,,종료,2015.06.04,"5,890~5,960",🟡 +8개월,
3시리즈,3시리즈 (F30),디젤,320d 투어링,,3,"2348,3301",3시리즈(F30/F31) / 3시리즈(F30/F31/F34 F/L),320d,0.50,🔴 맞는 등급 못 찾음(다나와에 없는 한정판·표기 차이),2012.07,2018.10,5090~5180,종료,2013.07.01,"5,020~5,110",🟡 +12개월,✅ 겹침
3시리즈,3시리즈 (F30),디젤,320d 럭셔리,,2,2348,3시리즈(F30/F31),320d Luxury,1.00,✅ 등급명 일치,2012.07,2014.10,,종료,2013.07.01,"5,510~5,570",🟡 +12개월,
3시리즈,3시리즈 (F30),디젤,320d 투어링 M 스포츠,,2,"2348,3301",3시리즈(F30/F31) / 3시리즈(F30/F31/F34 F/L),320d M Sport Package,0.67,🟡 비슷함(패키지·에디션 표기 다름) → 확인,2012.10,2018.10,5540~5630,종료,,,,
3시리즈,3시리즈 (F30),디젤,320d 투어링 M 스포츠 쉐도우,,2,3301,3시리즈(F30/F31/F34 F/L),320d M Sport Package Shadow,0.75,🟡 비슷함(패키지·에디션 표기 다름) → 확인,2018.10,2018.10,5750,종료,2019.02.08,"5,870",🟡 +4개월,"🔴 다름(엔카 5,870 / 다나와 5750)"
3시리즈,3시리즈 (F30),디젤,325d 스포츠,,2,2348,3시리즈(F30/F31),325d Sport,1.00,✅ 등급명 일치,2013.10,2014.10,,종료,2014.07.01,"5,990",🟡 +9개월,
3시리즈,3시리즈 (F30),디젤,320d xDrive 투어링,,1,"2348,3301",3시리즈(F30/F31) / 3시리즈(F30/F31/F34 F/L),320d xDrive,0.67,🟡 비슷함(패키지·에디션 표기 다름) → 확인,2013.01,2018.10,5490~5580,종료,,,,
3시리즈,3시리즈 (F30),디젤,320d xDrive 투어링 M 스포츠,,1,3301,3시리즈(F30/F31/F34 F/L),320d GT M Sport Package xDrive,0.60,🟡 비슷함(패키지·에디션 표기 다름) → 확인,2020.03,2020.07,6200~6260,종료,2013.07.01,,🔴 -80개월,
3시리즈,3시리즈 (F30),디젤,320d 모던,,1,2348,3시리즈(F30/F31),320d Modern,1.00,✅ 등급명 일치,2012.07,2013.10,,종료,2013.01.01,"5,330",🟡 +6개월,
3시리즈,3시리즈 (F30),디젤,325d,,1,2348,3시리즈(F30/F31),325d Sport,0.50,🔴 맞는 등급 못 찾음(다나와에 없는 한정판·표기 차이),2013.10,2014.10,,종료,,,,
3시리즈,3시리즈 (F30),가솔린,320i M 스포츠,,63,3301,3시리즈(F30/F31/F34 F/L),320i M Sport Package,1.00,✅ 등급명 일치,2017.09,2018.07,4970~5060,종료,2016.05.03,"4,760~4,970",🔴 -16개월,✅ 겹침
3시리즈,3시리즈 (F30),가솔린,330i M 스포츠 쉐도우,,43,3301,3시리즈(F30/F31/F34 F/L),330i M Sport Package,0.67,🟡 비슷함(패키지·에디션 표기 다름) → 확인,2017.09,2018.07,5590~5940,종료,2018.01.01,"5,880",🟡 +4개월,✅ 겹침
3시리즈,3시리즈 (F30),가솔린,320i,,24,2348,3시리즈(F30/F31),320i,1.00,✅ 등급명 일치,2012.07,2015.08,,종료,2013.01.01,"4,580~4,730",🟡 +6개월,
3시리즈,3시리즈 (F30),가솔린,320i 럭셔리,,17,"2348,3301",3시리즈(F30/F31) / 3시리즈(F30/F31/F34 F/L),320i Luxury,1.00,✅ 등급명 일치,2012.07,2018.07,5150~5210,종료,2015.09.07,"4,940~5,160",🔴 +38개월,✅ 겹침
3시리즈,3시리즈 (F30),가솔린,320i M 스포츠 쉐도우,,11,3301,3시리즈(F30/F31/F34 F/L),320i M Sport Package Shadow,1.00,✅ 등급명 일치,2018.07,2018.07,5130,종료,2018.07.19,"5,130",✅ ±3개월,✅ 겹침
3시리즈,3시리즈 (F30),가솔린,330i M 스포츠,,11,3301,3시리즈(F30/F31/F34 F/L),330i M Sport Package,1.00,✅ 등급명 일치,2017.09,2018.07,5590~5940,종료,2017.07.06,"5,590~5,700",✅ ±3개월,✅ 겹침
3시리즈,3시리즈 (F30),가솔린,328i M 스포츠,,9,3301,3시리즈(F30/F31/F34 F/L),328i M Sport Pack,0.67,🟡 비슷함(패키지·에디션 표기 다름) → 확인,2015.09,2017.05,,종료,2016.02.03,"5,540~5,840",🟡 +5개월,
3시리즈,3시리즈 (F30),가솔린,328i,,7,2348,3시리즈(F30/F31),328i,1.00,✅ 등급명 일치,2012.07,2013.10,,종료,2012.09.11,"5,170~5,180",✅ ±3개월,
3시리즈,3시리즈 (F30),가솔린,320i 스포츠,,2,2348,3시리즈(F30/F31),320i Sport,1.00,✅ 등급명 일치,2012.07,2013.10,,종료,2012.07.03,"5,240",✅ ±3개월,
3시리즈,3시리즈 (F30),가솔린,328i 스포츠,,2,2348,3시리즈(F30/F31),328i Sport,1.00,✅ 등급명 일치,2013.10,2015.08,,종료,2014.10.01,"6,070",🟡 +12개월,
3시리즈,3시리즈 (F30),가솔린+전기,330e i퍼포먼스 M 스포츠,,3,3301,3시리즈(F30/F31/F34 F/L),330e iPerformance M Sport,1.00,✅ 등급명 일치,2017.12,2018.10,5730~6030,종료,2017.12.15,"5,890",✅ ±3개월,✅ 겹침
3시리즈,3시리즈 (E90),가솔린 2WD,328i 컨버터블,,26,,,,,🔴 다나와에 이 세대 트림 정보 없음(옛 세대),,,,,2008.01.22,"7,370~7,470",,
3시리즈,3시리즈 (E90),가솔린 2WD,320i 세단,,12,,,,,🔴 다나와에 이 세대 트림 정보 없음(옛 세대),,,,,2005.03.09,"4,390~4,570",,
3시리즈,3시리즈 (E90),가솔린 2WD,320i 세단 M 스포츠,,5,,,,,🔴 다나와에 이 세대 트림 정보 없음(옛 세대),,,,,2010.04.01,"4,720~4,790",,
3시리즈,3시리즈 (E90),가솔린 2WD,335i 컨버터블,,5,,,,,🔴 다나와에 이 세대 트림 정보 없음(옛 세대),,,,,2007.03.12,"8,990~9,140",,
3시리즈,3시리즈 (E90),가솔린 2WD,320i 세단 CP,,4,,,,,🔴 다나와에 이 세대 트림 정보 없음(옛 세대),,,,,2010.11.15,"5,090",,
3시리즈,3시리즈 (E90),가솔린 2WD,335i 쿠페,,1,,,,,🔴 다나와에 이 세대 트림 정보 없음(옛 세대),,,,,,,,
3시리즈,3시리즈 (E90),디젤 2WD,320d 세단,,4,,,,,🔴 다나와에 이 세대 트림 정보 없음(옛 세대),,,,,2011.07.01,"4,820",,
3시리즈,3시리즈 (E90),디젤 2WD,320d 세단 M 스포츠,,4,,,,,🔴 다나와에 이 세대 트림 정보 없음(옛 세대),,,,,2010.01.08,"5,110",,
3시리즈,3시리즈 (E90),디젤 2WD,320d 세단 블랙 앤 화이트,,3,,,,,🔴 다나와에 이 세대 트림 정보 없음(옛 세대),,,,,2011.10.13,"5,430",,
3시리즈,3시리즈 (E90),디젤 2WD,320d 세단 ED에디션,,1,,,,,🔴 다나와에 이 세대 트림 정보 없음(옛 세대),,,,,,,,
3시리즈,3시리즈 (E90),가솔린 4WD,328Xi 세단,,1,,,,,🔴 다나와에 이 세대 트림 정보 없음(옛 세대),,,,,2011.07.01,"5,160",,
3시리즈,3시리즈 (E90),가솔린 4WD,328Xi 쿠페,,1,,,,,🔴 다나와에 이 세대 트림 정보 없음(옛 세대),,,,,,,,
3시리즈,3시리즈 (E90),가솔린 4WD,335Xi 쿠페,,1,,,,,🔴 다나와에 이 세대 트림 정보 없음(옛 세대),,,,,2011.07.01,,,
3시리즈,3시리즈,가솔린 2WD,318iS 세단,E36,2,,,,,🔴 다나와에 이 세대 트림 정보 없음(옛 세대),,,,,1997.01.01,"4,356",,
3시리즈,3시리즈,가솔린 2WD,320i 세단,E46,2,,,,,🔴 다나와에 이 세대 트림 정보 없음(옛 세대),,,,,2001.11.30,"5,300",,
3시리즈,3시리즈,가솔린 2WD,325Ci 컨버터블,E30/C,2,,,,,🔴 다나와에 이 세대 트림 정보 없음(옛 세대),,,,,,,,
3시리즈,3시리즈,가솔린 2WD,325Ci 컨버터블,E46/C,2,,,,,🔴 다나와에 이 세대 트림 정보 없음(옛 세대),,,,,,,,
3시리즈,3시리즈,가솔린 2WD,325i 세단,E46,2,,,,,🔴 다나와에 이 세대 트림 정보 없음(옛 세대),,,,,2003.07.12,"6,130",,
3시리즈,3시리즈,가솔린 2WD,318Ci 쿠페,E36,1,,,,,🔴 다나와에 이 세대 트림 정보 없음(옛 세대),,,,,1994.11.01,,,
3시리즈,3시리즈,가솔린 2WD,323Ci 쿠페,E36,1,,,,,🔴 다나와에 이 세대 트림 정보 없음(옛 세대),,,,,,,,
3시리즈,3시리즈,가솔린 2WD,323i 세단,E36,1,,,,,🔴 다나와에 이 세대 트림 정보 없음(옛 세대),,,,,1996.05.01,"5,060",,
3시리즈,3시리즈,가솔린 2WD,328Ci 쿠페,E36,1,,,,,🔴 다나와에 이 세대 트림 정보 없음(옛 세대),,,,,,,,
3시리즈,3시리즈,가솔린 2WD,330Ci 컨버터블,E46,1,,,,,🔴 다나와에 이 세대 트림 정보 없음(옛 세대),,,,,,,,
3시리즈,3시리즈,가솔린 2WD,330i 세단,E46,1,,,,,🔴 다나와에 이 세대 트림 정보 없음(옛 세대),,,,,,,,
3시리즈,3시리즈,가솔린 4WD,325Xi 세단,E46,1,,,,,🔴 다나와에 이 세대 트림 정보 없음(옛 세대),,,,,2004.01.01,"6,690",,
X5,X5 (G05),가솔린 4WD,xDrive 40i M 스포츠,,413,"3577,4475",X5(G05) / X5(G05 F/L),xDrive40i M Sport,1.00,✅ 등급명 일치,2020.04,2026.07,11520~13190,판매중,2019.12.06,"13,050~13,190",🟡 -4개월,✅ 겹침
X5,X5 (G05),가솔린 4WD,xDrive 40i xLine,,120,3577,X5(G05),xDrive40i xLine,1.00,✅ 등급명 일치,2020.04,2020.10,10600~10960,종료,2020.10.07,"10,690~10,960",🟡 +6개월,✅ 겹침
X5,X5 (G05),가솔린 4WD,M50i,,54,3577,X5(G05),M50i,1.00,✅ 등급명 일치,2020.10,2023.07,14470~15400,종료,2020.10.07,"14,510~15,260",✅ ±3개월,✅ 겹침
X5,X5 (G05),가솔린 4WD,M60i,,19,4475,X5(G05 F/L),M60i xDrive,0.50,🔴 맞는 등급 못 찾음(다나와에 없는 한정판·표기 차이),2023.07,2023.07,15800,종료,2023.11.15,"15,800~15,900",🟡 +4개월,✅ 겹침
X5,X5 (G05),가솔린 4WD,xDrive 40i M 스포츠 프로 스페셜 에디션,,12,4475,X5(G05 F/L),xDrive40i M Sport Pro Special Edition,1.00,✅ 등급명 일치,2025.01,2025.01,14040,종료,2025.09.09,"14,040",🟡 +8개월,✅ 겹침
X5,X5 (G05),가솔린 4WD,xDrive 40i M 스포츠 프로,,10,"3577,4475",X5(G05) / X5(G05 F/L),xDrive40i M Sport,0.75,🟡 비슷함(패키지·에디션 표기 다름) → 확인,2020.04,2026.07,11520~13190,판매중,2025.12.09,,🔴 +68개월,
X5,X5 (G05),가솔린 4WD,xDrive 40i M 스포츠 온라인 익스클루시브 에디션,,5,3577,X5(G05),xDrive40i M Sport Online Exclusive,0.80,🟡 비슷함(패키지·에디션 표기 다름) → 확인,2020.10,2021.10,12470~12540,종료,2021.04.12,"12,470",🟡 +6개월,✅ 겹침
X5,X5 (G05),가솔린 4WD,M60i 퍼스트 에디션,,1,4475,X5(G05 F/L),M60i xDrive First Edition,0.75,🟡 비슷함(패키지·에디션 표기 다름) → 확인,2023.07,2023.07,16060,종료,,,,
X5,X5 (G05),디젤 4WD,xDrive 30d M 스포츠,,241,"3577,4475",X5(G05) / X5(G05 F/L),xDrive30d M Sport,1.00,✅ 등급명 일치,2018.11,2026.07,10590~12430,판매중,2019.02.08,"10,590~12,290",✅ ±3개월,✅ 겹침
X5,X5 (G05),디젤 4WD,xDrive 30d xLine,,108,3577,X5(G05),xDrive30d xLine,1.00,✅ 등급명 일치,2018.11,2020.10,9790~10140,종료,2019.02.08,"9,790~10,140",✅ ±3개월,✅ 겹침
X5,X5 (G05),디젤 4WD,xDrive 40d M 스포츠 온라인 익스클루시브 에디션,,51,4475,X5(G05 F/L),xDrive40d M Sport Pro Online Exclusive,0.67,🟡 비슷함(패키지·에디션 표기 다름) → 확인,2023.07,2026.07,13240~13440,판매중,2022.05.17,"12,900~13,240",🔴 -14개월,✅ 겹침
X5,X5 (G05),디젤 4WD,M50d,,7,3577,X5(G05),M50d,1.00,✅ 등급명 일치,2018.11,2020.07,13860~14630,종료,2019.02.08,"13,860~14,490",✅ ±3개월,✅ 겹침
X5,X5 (G05),디젤 4WD,xDrive 30d M 스포츠 퍼스트 에디션,,4,3577,X5(G05),30d M Sport Package First Edition xDrive,1.00,✅ 등급명 일치,2018.11,2018.11,10950,종료,2019.02.08,"10,950",✅ ±3개월,✅ 겹침
X5,X5 (G05),디젤 4WD,xDrive 40d M 스포츠 프로,,4,4475,X5(G05 F/L),xDrive40d M Sport Pro Online Exclusive,0.80,🟡 비슷함(패키지·에디션 표기 다름) → 확인,2023.07,2026.07,13240~13440,판매중,2025.11.01,"13,300",🔴 +28개월,✅ 겹침
X5,X5 (G05),디젤 4WD,xDrive 40d M 스포츠,,3,3577,X5(G05),xDrive40d M Sport Package,1.00,✅ 등급명 일치,2020.10,2020.10,11890,종료,2020.10.07,"11,890",✅ ±3개월,✅ 겹침
X5,X5 (G05),디젤 4WD,M50d 퍼스트 에디션,,2,3577,X5(G05),M50d First Edition,1.00,✅ 등급명 일치,2018.11,2018.11,13890,종료,,,,
X5,X5 (G05),디젤 4WD,xDrive 40d xLine,,2,3577,X5(G05),xDrive40d xLine,1.00,✅ 등급명 일치,2020.10,2020.10,11110,종료,,,,
X5,X5 (G05),가솔린+전기 4WD,xDrive 50e M 스포츠,,58,4475,X5(G05 F/L),xDrive50e M Sport Pro,0.75,🟡 비슷함(패키지·에디션 표기 다름) → 확인,2023.07,2026.07,13540~13920,판매중,2023.07.06,"13,520~13,920",✅ ±3개월,✅ 겹침
X5,X5 (G05),가솔린+전기 4WD,xDrive 45e xLine,,49,3577,X5(G05),xDrive45e xLine,1.00,✅ 등급명 일치,2020.08,2023.07,11230~12650,종료,2020.08.06,"11,230~12,170",✅ ±3개월,✅ 겹침
X5,X5 (G05),가솔린+전기 4WD,xDrive 45e M 스포츠,,47,3577,X5(G05),xDrive45e M Sport,1.00,✅ 등급명 일치,2020.08,2023.07,12080~13250,종료,2020.08.06,"12,080~12,760",✅ ±3개월,✅ 겹침
X5,X5 (G05),가솔린+전기 4WD,xDrive 50e xLine,,17,4475,X5(G05 F/L),xDrive50e xLine,1.00,✅ 등급명 일치,2023.07,2026.07,12870~13250,판매중,2025.03.01,"12,940~13,090",🔴 +20개월,✅ 겹침
X5,X5 (G05),가솔린+전기 4WD,xDrive 50e M 스포츠 스페셜 에디션,,2,4475,X5(G05 F/L),xDrive50e M Sport Pro Special Edition,0.83,🟡 비슷함(패키지·에디션 표기 다름) → 확인,2023.07,2023.07,14140,종료,,,,
X5,X5 (F15),디젤 4WD,xDrive 30d,,106,3127,X5(F15),30d xDrive,1.00,✅ 등급명 일치,2013.11,2017.12,9770,종료,2013.11.05,"9,330~9,770",✅ ±3개월,✅ 겹침
X5,X5 (F15),디젤 4WD,xDrive 30d M 스포츠,,38,3127,X5(F15),30d M Sport Package xDrive,1.00,✅ 등급명 일치,2014.10,2018.07,10060~10150,종료,2018.03.02,"10,060",🔴 +41개월,✅ 겹침
X5,X5 (F15),디젤 4WD,xDrive M50d,,24,3127,X5(F15),M50d xDrive,1.00,✅ 등급명 일치,2013.11,2018.07,13910~14020,종료,2014.01.01,"13,790~14,020",✅ ±3개월,✅ 겹침
X5,X5 (F15),디젤 4WD,xDrive 40d,,21,3127,X5(F15),40d xDrive,1.00,✅ 등급명 일치,2013.11,2014.10,,종료,2014.06.01,"11,190~11,390",🟡 +7개월,
X5,X5 (F15),디젤 4WD,xDrive 30d 비전 100 에디션,,2,3127,X5(F15),30d Vision 100 Edition xDrive,0.67,🟡 비슷함(패키지·에디션 표기 다름) → 확인,2016.08,2016.08,,종료,,,,
X5,X5 (F15),디젤 4WD,xDrive 40d 블랙&화이트,,2,,,,,🔴 다나와에 이 세대 트림 정보 없음(옛 세대),,,,,2015.01.21,"11,640",,
X5,X5 (F15),가솔린+전기 4WD,xDrive 40e i퍼포먼스,,12,3127,X5(F15),40e iPerformance xDrive,1.00,✅ 등급명 일치,2017.12,2018.07,10270~10360,종료,2016.08.19,"10,370~10,420",🔴 -16개월,✅ 겹침
X5,X5 (F15),가솔린 4WD,xDrive 35i,,1,3127,X5(F15),40e iPerformance xDrive,-0.75,🔴 맞는 등급 못 찾음(다나와에 없는 한정판·표기 차이),2017.12,2018.07,10270~10360,종료,,,,
X5,X5 (F15),가솔린 4WD,xDrive 50i,,1,3127,X5(F15),40e iPerformance xDrive,-0.75,🔴 맞는 등급 못 찾음(다나와에 없는 한정판·표기 차이),2017.12,2018.07,10270~10360,종료,,,,
X5,X5 (E70),가솔린 4WD,xDrive 30si,,7,2374,X5(E70),35i xDrive / 50i xDrive,-0.67,🔴 맞는 등급 못 찾음(다나와에 없는 한정판·표기 차이),2012.03,2013.10,,종료,2007.07.10,"9,230~9,330",🔴 -56개월,
X5,X5 (E70),가솔린 4WD,xDrive 30i,,6,2374,X5(E70),3.0 30I AUTO XDRIVE,0.67,🟡 비슷함(패키지·에디션 표기 다름) → 확인,2009.10,2010.04,,종료,2009.07.01,"9,460",✅ ±3개월,
X5,X5 (E70),가솔린 4WD,xDrive 35i,,5,2374,X5(E70),35i xDrive,1.00,✅ 등급명 일치,2012.03,2013.10,,종료,2011.04.01,"9,880",🟡 -11개월,
X5,X5 (E70),가솔린 4WD,xDrive 48i,,1,2374,X5(E70),4.8 48I AUTO XDRIVE,0.67,🟡 비슷함(패키지·에디션 표기 다름) → 확인,2009.10,2010.04,,종료,,,,
X5,X5 (E70),가솔린 4WD,xDrive 50i,,1,2374,X5(E70),50i xDrive,1.00,✅ 등급명 일치,2012.03,2013.10,,종료,2011.04.01,"13,180",🟡 -11개월,
X5,X5 (E70),디젤 4WD,xDrive 30d,,12,2374,X5(E70),30d xDrive,1.00,✅ 등급명 일치,2012.03,2013.10,,종료,2007.04.05,"8,890~9,130",🔴 -59개월,
X5,X5 (E70),디젤 4WD,xDrive 40d,,2,2374,X5(E70),40d xDrive,1.00,✅ 등급명 일치,2012.03,2013.10,,종료,2013.01.01,"10,270",🟡 +10개월,
X5,X5 (E70),디젤 4WD,xDrive 35d,,1,2374,X5(E70),30d xDrive / 40d xDrive / 50i xDrive,-0.67,🔴 맞는 등급 못 찾음(다나와에 없는 한정판·표기 차이),2012.03,2013.10,,종료,2013.01.01,,🟡 +10개월,
X5,X5 (E53),가솔린 4WD,3.0i,,5,,,,,🔴 다나와에 이 세대 트림 정보 없음(옛 세대),,,,,2004.11.01,"8,890~9,230",,
7시리즈,7시리즈 (G11),디젤 4WD,730Ld xDrive M 스포츠,,87,"3276,3663",7시리즈(G11/G12) / 7시리즈(G11/G12 F/L),730Ld xDrive M Sport,1.00,✅ 등급명 일치,2017.09,2021.10,14610~15820,종료,2017.01.01,"14,530~15,820",🟡 -8개월,✅ 겹침
7시리즈,7시리즈 (G11),디젤 4WD,730d xDrive M 스포츠,,57,"3276,3663",7시리즈(G11/G12) / 7시리즈(G11/G12 F/L),730d xDrive M Sport,1.00,✅ 등급명 일치,2017.09,2021.10,13580~14710,종료,2017.05.01,"13,680~14,710",🟡 -4개월,✅ 겹침
7시리즈,7시리즈 (G11),디젤 4WD,730Ld xDrive,,37,3276,7시리즈(G11/G12),730Ld xDrive,1.00,✅ 등급명 일치,2015.10,2016.08,,종료,2015.10.14,"14,160~14,450",✅ ±3개월,
7시리즈,7시리즈 (G11),디젤 4WD,740d xDrive M 스포츠,,35,"3276,3663",7시리즈(G11/G12) / 7시리즈(G11/G12 F/L),740d xDrive M Sport,1.00,✅ 등급명 일치,2017.09,2021.10,14610~15690,종료,2016.05.19,"14,290~15,230",🔴 -16개월,✅ 겹침
7시리즈,7시리즈 (G11),디젤 4WD,730d xDrive 디자인 퓨어 엑셀런스,,29,3663,7시리즈(G11/G12 F/L),730d xDrive DPE,1.00,✅ 등급명 일치,2019.06,2021.10,13700~14330,종료,2019.06.26,"13,700~14,330",✅ ±3개월,✅ 겹침
7시리즈,7시리즈 (G11),디젤 4WD,730Ld xDrive 디자인 퓨어 엑셀런스,,24,3663,7시리즈(G11/G12 F/L),730Ld xDrive DPE,1.00,✅ 등급명 일치,2019.06,2021.10,14800~15440,종료,2019.06.26,"14,800~15,440",✅ ±3개월,✅ 겹침
7시리즈,7시리즈 (G11),디젤 4WD,730d xDrive,,18,3276,7시리즈(G11/G12),730d xDrive,1.00,✅ 등급명 일치,2015.10,2016.08,,종료,2015.10.14,"13,130~13,410",✅ ±3개월,
7시리즈,7시리즈 (G11),디젤 4WD,740Ld xDrive M 스포츠,,12,"3276,3663",7시리즈(G11/G12) / 7시리즈(G11/G12 F/L),740Ld M Sport Package xDrive,1.00,✅ 등급명 일치,2017.09,2020.07,16110~16710,종료,2017.01.01,"16,000~16,540",🟡 -8개월,✅ 겹침
7시리즈,7시리즈 (G11),디젤 4WD,740d xDrive 디자인 퓨어 엑셀런스,,7,3663,7시리즈(G11/G12 F/L),740d xDrive DPE,1.00,✅ 등급명 일치,2019.06,2021.10,14670~15310,종료,2019.06.26,"14,670~14,850",✅ ±3개월,✅ 겹침
7시리즈,7시리즈 (G11),디젤 4WD,740Ld xDrive 디자인 퓨어 엑셀런스,,4,3663,7시리즈(G11/G12 F/L),740Ld DPE xDrive,1.00,✅ 등급명 일치,2019.06,2020.07,16290~16460,종료,2019.06.26,"16,290",✅ ±3개월,✅ 겹침
7시리즈,7시리즈 (G11),디젤 4WD,740Ld xDrive,,2,3276,7시리즈(G11/G12),740Ld xDrive,1.00,✅ 등급명 일치,2016.02,2016.08,,종료,,,,
7시리즈,7시리즈 (G11),가솔린 4WD,740Li xDrive M 스포츠,,97,"3276,3663",7시리즈(G11/G12) / 7시리즈(G11/G12 F/L),740Li xDrive M Sport,1.00,✅ 등급명 일치,2017.09,2021.10,16020~17190,종료,2017.01.01,"16,000~17,190",🟡 -8개월,✅ 겹침
7시리즈,7시리즈 (G11),가솔린 4WD,740Li xDrive 디자인 퓨어 엑셀런스,,49,3663,7시리즈(G11/G12 F/L),740Li xDrive DPE,1.00,✅ 등급명 일치,2019.06,2021.10,16200~16810,종료,2019.06.26,"16,200~16,810",✅ ±3개월,✅ 겹침
7시리즈,7시리즈 (G11),가솔린 4WD,750Li xDrive,,27,3276,7시리즈(G11/G12),750Li xDrive,1.00,✅ 등급명 일치,2015.10,2019.02,19340~19740,종료,2016.01.01,"19,180~19,580",✅ ±3개월,✅ 겹침
7시리즈,7시리즈 (G11),가솔린 4WD,M760Li xDrive,,26,"3276,3663",7시리즈(G11/G12) / 7시리즈(G11/G12 F/L),M760Li xDrive,1.00,✅ 등급명 일치,2017.02,2021.10,22210~23400,종료,2017.05.01,"22,330~23,340",✅ ±3개월,✅ 겹침
7시리즈,7시리즈 (G11),가솔린 4WD,740Li xDrive,,16,"3276,3663",7시리즈(G11/G12) / 7시리즈(G11/G12 F/L),740Li xDrive M Sport 외,0.67,🟡 비슷함(패키지·에디션 표기 다름) → 확인,2017.09,2021.10,16020~17190,종료,2016.07.01,"15,080~15,620",🔴 -14개월,"🔴 다름(엔카 15,080~15,620 / 다나와 16020~17190)"
7시리즈,7시리즈 (G11),가솔린 4WD,750Li xDrive 프레스티지,,12,"3276,3663",7시리즈(G11/G12) / 7시리즈(G11/G12 F/L),750Li Prestige xDrive,1.00,✅ 등급명 일치,2015.10,2020.07,19570~20030,종료,2015.10.14,"19,200~19,410",✅ ±3개월,"🔴 다름(엔카 19,200~19,410 / 다나와 19570~20030)"
7시리즈,7시리즈 (G11),가솔린 4WD,750Li xDrive 럭셔리,,10,3276,7시리즈(G11/G12),750Li Luxury xDrive,1.00,✅ 등급명 일치,2015.10,2017.05,,종료,2015.10.14,"18,870",✅ ±3개월,
7시리즈,7시리즈 (G11),가솔린 4WD,750Li xDrive 프리미엄,,10,3276,7시리즈(G11/G12),750Li Premium xDrive,1.00,✅ 등급명 일치,2015.10,2017.05,,종료,2016.01.01,"18,750",✅ ±3개월,
7시리즈,7시리즈 (G11),가솔린 4WD,M760Li xDrive V12 엑셀런스,,8,3663,7시리즈(G11/G12 F/L),M760Li V12 Excellence xDrive,1.00,✅ 등급명 일치,2019.06,2020.01,23220,종료,2019.06.26,"23,190~23,220",✅ ±3개월,✅ 겹침
7시리즈,7시리즈 (G11),가솔린 4WD,750Li xDrive 디자인 퓨어 엑셀런스,,6,3663,7시리즈(G11/G12 F/L),750Li DPE xDrive,1.00,✅ 등급명 일치,2019.06,2020.07,19680~19880,종료,2020.01.01,"19,740~19,840",🟡 +7개월,✅ 겹침
7시리즈,7시리즈 (G11),가솔린 4WD,750Li xDrive 비전 100 에디션,,5,3276,7시리즈(G11/G12),750Li Vision 100 Edition xDrive,0.67,🟡 비슷함(패키지·에디션 표기 다름) → 확인,2016.07,2017.05,,종료,2017.01.01,"19,810",🟡 +6개월,
7시리즈,7시리즈 (G11),가솔린 4WD,750Li xDrive 디자인 퓨어 엑셀런스 프레스티지,,3,"3276,3663",7시리즈(G11/G12) / 7시리즈(G11/G12 F/L),750Li Prestige xDrive / 750Li DPE xDrive,0.75,🟡 비슷함(패키지·에디션 표기 다름) → 확인,2015.10,2020.07,19570~20030,종료,2019.06.26,"19,850",🔴 +44개월,✅ 겹침
7시리즈,7시리즈 (G11),가솔린 4WD,750Li xDrive M 스포츠,,1,3663,7시리즈(G11/G12 F/L),750Li M Sport Package xDrive,1.00,✅ 등급명 일치,2019.06,2019.06,19800,종료,,,,
7시리즈,7시리즈 (G11),가솔린+전기 2WD,745Le i퍼포먼스 M 스포츠,,27,3663,7시리즈(G11/G12 F/L),745Le iPerformance M Sport Package,1.00,✅ 등급명 일치,2019.06,2019.06,16460,종료,2019.06.26,"16,460~16,700",✅ ±3개월,✅ 겹침
7시리즈,7시리즈 (G11),가솔린+전기 2WD,745Le i퍼포먼스 디자인 퓨어 엑셀런스,,12,3663,7시리즈(G11/G12 F/L),745Le iPerformance DPE,1.00,✅ 등급명 일치,2019.06,2019.06,16210,종료,2020.01.01,"16,240~16,780",🟡 +7개월,✅ 겹침
7시리즈,7시리즈 (G11),가솔린+전기 2WD,745e i퍼포먼스 디자인 퓨어 엑셀런스,,12,3663,7시리즈(G11/G12 F/L),745e iPerformance DPE,1.00,✅ 등급명 일치,2019.06,2019.06,14670,종료,2019.06.26,"14,670~15,220",✅ ±3개월,✅ 겹침
7시리즈,7시리즈 (G11),가솔린+전기 2WD,745e i퍼포먼스 M 스포츠,,9,3663,7시리즈(G11/G12 F/L),745e iPerformance M Sport Package,1.00,✅ 등급명 일치,2019.06,2019.06,14920,종료,2020.03.01,"14,920~15,140",🟡 +9개월,✅ 겹침
7시리즈,7시리즈 (G11),가솔린+전기 2WD,740e i퍼포먼스 M 스포츠,,8,3276,7시리즈(G11/G12),740e iPerformance M Sport Package,1.00,✅ 등급명 일치,2017.12,2019.02,14270~14630,종료,2017.12.15,"14,410~14,490",✅ ±3개월,✅ 겹침
7시리즈,7시리즈 (G11),가솔린 2WD,740i M 스포츠,,20,3663,7시리즈(G11/G12 F/L),740i M Sport Package,1.00,✅ 등급명 일치,2020.03,2020.07,14180~14190,종료,2020.04.03,"14,190~14,900",✅ ±3개월,✅ 겹침
7시리즈,7시리즈 (G11),가솔린 2WD,740i 디자인 퓨어 엑셀런스,,17,3663,7시리즈(G11/G12 F/L),740i DPE,1.00,✅ 등급명 일치,2020.03,2020.07,13970~13980,종료,2020.08.06,"13,970~14,520",🟡 +5개월,✅ 겹침
7시리즈,7시리즈 (G70),가솔린 4WD,740i xDrive M 스포츠,,155,4196,7시리즈(G70),740i xDrive M Sport,1.00,✅ 등급명 일치,2023.10,2026.07,17490~17740,판매중,2023.10.17,"17,490~17,600",✅ ±3개월,✅ 겹침
7시리즈,7시리즈 (G70),가솔린 4WD,740i xDrive M 스포츠 리미티드,,55,4196,7시리즈(G70),740i xDrive M Sport Limited,1.00,✅ 등급명 일치,2023.10,2026.07,15990~16220,판매중,2023.10.17,"15,990~16,080",✅ ±3개월,✅ 겹침
7시리즈,7시리즈 (G70),가솔린 4WD,740i xDrive 클래식 실버 에디션,,2,4196,7시리즈(G70),740i xDrive M Sport Special Edition / 740i xDrive Classic Silver Edition,0.43,🔴 맞는 등급 못 찾음(다나와에 없는 한정판·표기 차이),2023.10,2025.10,15730~20090,종료,2024.06.10,"15,730",🟡 +8개월,✅ 겹침
7시리즈,7시리즈 (G70),디젤 4WD,740d xDrive M 스포츠,,96,4196,7시리즈(G70),740d xDrive M Sport,1.00,✅ 등급명 일치,2023.10,2026.07,14990~15210,판매중,2023.03.02,"15,070~16,310",🟡 -7개월,✅ 겹침
7시리즈,7시리즈 (G70),디젤 4WD,740d xDrive 디자인 퓨어 엑셀런스,,15,4196,7시리즈(G70),740d xDrive DPE Executive Package,0.75,🟡 비슷함(패키지·에디션 표기 다름) → 확인,2023.03,2023.07,15580~16410,종료,2023.05.03,"15,580~15,720",✅ ±3개월,✅ 겹침
7시리즈,7시리즈 (G70),가솔린 2WD,740i sDrive M 스포츠,,57,4196,7시리즈(G70),740i sDrive M Sport Executive Package,0.75,🟡 비슷함(패키지·에디션 표기 다름) → 확인,2022.12,2023.07,17370~17680,종료,2022.12.16,"17,630~17,770",✅ ±3개월,✅ 겹침
7시리즈,7시리즈 (G70),가솔린 2WD,740i sDrive 디자인 퓨어 엑셀런스,,40,4196,7시리즈(G70),740i sDrive DPE Executive Package,0.75,🟡 비슷함(패키지·에디션 표기 다름) → 확인,2022.12,2023.07,17040~17350,종료,2022.12.16,"17,300~17,350",✅ ±3개월,✅ 겹침
7시리즈,7시리즈 (G70),가솔린 2WD,740i sDrive M 스포츠 인디비주얼,,2,4196,7시리즈(G70),740i sDrive M Sport Executive Package,0.60,🟡 비슷함(패키지·에디션 표기 다름) → 확인,2022.12,2023.07,17370~17680,종료,2022.12.16,"24,320",✅ ±3개월,"🔴 다름(엔카 24,320 / 다나와 17370~17680)"
7시리즈,7시리즈 (G70),가솔린 2WD,740i sDrive 디자인 퓨어 엑셀런스 인디비주얼,,2,4196,7시리즈(G70),740i sDrive DPE Executive Package,0.60,🟡 비슷함(패키지·에디션 표기 다름) → 확인,2022.12,2023.07,17040~17350,종료,2022.12.16,"24,020",✅ ±3개월,"🔴 다름(엔카 24,020 / 다나와 17040~17350)"
7시리즈,7시리즈 (G70),가솔린+전기 4WD,750e xDrive M 스포츠,,43,4196,7시리즈(G70),750e xDrive M Sport,1.00,✅ 등급명 일치,2023.10,2026.07,20280~22600,판매중,2023.06.05,"19,240~20,410",🟡 -4개월,✅ 겹침
7시리즈,7시리즈 (G70),가솔린+전기 4WD,750e xDrive 디자인 퓨어 엑셀런스,,13,4196,7시리즈(G70),750e xDrive DPE,1.00,✅ 등급명 일치,2023.10,2026.07,19980~20250,판매중,2023.06.05,"18,940~20,110",🟡 -4개월,✅ 겹침
7시리즈,7시리즈 (F01),가솔린 2WD,740Li,,26,2357,7시리즈(F01/F02),740Li,1.00,✅ 등급명 일치,2008.12,2015.08,,종료,2008.12.19,"14,260~14,740",✅ ±3개월,
7시리즈,7시리즈 (F01),가솔린 2WD,740i,,16,2357,7시리즈(F01/F02),740i,1.00,✅ 등급명 일치,2008.12,2015.08,,종료,2011.02.01,"13,000~13,600",🔴 +26개월,
7시리즈,7시리즈 (F01),가솔린 2WD,750Li,,16,2357,7시리즈(F01/F02),750Li,1.00,✅ 등급명 일치,2008.12,2014.07,,종료,2008.12.19,"17,580~18,280",✅ ±3개월,
7시리즈,7시리즈 (F01),가솔린 2WD,750Li M 스포츠,,3,2357,7시리즈(F01/F02),750Li M Sport,1.00,✅ 등급명 일치,2012.07,2012.07,,종료,2010.02.04,"19,190",🔴 -29개월,
7시리즈,7시리즈 (F01),가솔린 2WD,740Li M 스포츠,,2,2357,7시리즈(F01/F02),740Li M Sport,1.00,✅ 등급명 일치,2012.07,2012.07,,종료,,,,
7시리즈,7시리즈 (F01),디젤 4WD,730d xDrive,,9,2357,7시리즈(F01/F02),730d xDrive,1.00,✅ 등급명 일치,2013.07,2015.01,,종료,2013.07.01,"12,740~12,790",✅ ±3개월,
7시리즈,7시리즈 (F01),디젤 4WD,740d xDrive,,9,2357,7시리즈(F01/F02),740d xDrive,1.00,✅ 등급명 일치,2012.09,2015.08,,종료,2012.09.11,"13,510~13,600",✅ ±3개월,
7시리즈,7시리즈 (F01),디젤 4WD,740d xDrive 인디비주얼,,3,2357,7시리즈(F01/F02),740d Individual Edition xDrive,0.75,🟡 비슷함(패키지·에디션 표기 다름) → 확인,2014.06,2015.08,,종료,2015.01.01,"13,590~13,700",🟡 +7개월,
7시리즈,7시리즈 (F01),디젤 4WD,750Ld xDrive,,2,2357,7시리즈(F01/F02),750Ld xDrive,1.00,✅ 등급명 일치,2015.01,2015.08,,종료,2015.08.27,"18,260",🟡 +7개월,
7시리즈,7시리즈 (F01),디젤 4WD,750Ld xDrive 인디비주얼,,2,2357,7시리즈(F01/F02),750Ld Individual Edition xDrive,0.75,🟡 비슷함(패키지·에디션 표기 다름) → 확인,2015.01,2015.08,,종료,2015.08.27,"18,510",🟡 +7개월,
7시리즈,7시리즈 (F01),디젤 4WD,730d xDrive 인디비주얼,,1,2357,7시리즈(F01/F02),730d Individual Edition xDrive,0.75,🟡 비슷함(패키지·에디션 표기 다름) → 확인,2015.01,2015.08,,종료,,,,
7시리즈,7시리즈 (F01),가솔린 4WD,750Li xDrive,,15,2357,7시리즈(F01/F02),750Li xDrive,1.00,✅ 등급명 일치,2012.07,2015.01,,종료,2012.03.15,"17,990~18,550",🟡 -4개월,
7시리즈,7시리즈 (F01),가솔린 4WD,750Li xDrive 인디비주얼,,6,2357,7시리즈(F01/F02),750Li Individual Edition xDrive,0.75,🟡 비슷함(패키지·에디션 표기 다름) → 확인,2014.06,2015.08,,종료,2015.01.21,"18,590",🟡 +7개월,
7시리즈,7시리즈 (F01),가솔린 4WD,750Li xDrive B&O 에디션,,3,,,,,🔴 다나와에 이 세대 트림 정보 없음(옛 세대),,,,,2013.07.01,,,
7시리즈,7시리즈 (F01),디젤 2WD,730d,,11,2357,7시리즈(F01/F02),730d,1.00,✅ 등급명 일치,2012.07,2014.07,,종료,2013.01.01,"12,370",🟡 +6개월,
7시리즈,7시리즈 (F01),디젤 2WD,730Ld,,10,2357,7시리즈(F01/F02),730Ld,1.00,✅ 등급명 일치,2012.07,2015.08,,종료,2011.09.01,"13,820~13,920",🟡 -10개월,
7시리즈,7시리즈 (F01),디젤 2WD,730Ld 인디비주얼,,2,2357,7시리즈(F01/F02),730Ld Individual Edition,0.67,🟡 비슷함(패키지·에디션 표기 다름) → 확인,2014.06,2015.08,,종료,2015.01.01,"14,010",🟡 +7개월,
7시리즈,7시리즈 (F01),가솔린+전기 2WD,액티브 하이브리드 L,,1,2357,7시리즈(F01/F02),(다나와에 액티브 하이브리드 없음),0.00,🔴 맞는 등급 못 찾음(다나와에 없는 한정판·표기 차이),2008.12,2015.08,,종료,2010.11.15,"19,860",🔴 +23개월,
7시리즈,7시리즈 (E65),가솔린 2WD,740Li,,4,,,,,🔴 다나와에 이 세대 트림 정보 없음(옛 세대),,,,,2005.09.01,"15,460~16,060",,
7시리즈,7시리즈 (E65),가솔린 2WD,750Li,,2,,,,,🔴 다나와에 이 세대 트림 정보 없음(옛 세대),,,,,,,,
7시리즈,7시리즈 (E65),가솔린 2WD,730Li,,1,,,,,🔴 다나와에 이 세대 트림 정보 없음(옛 세대),,,,,,,,
7시리즈,7시리즈 (E65),가솔린 2WD,735i,,1,,,,,🔴 다나와에 이 세대 트림 정보 없음(옛 세대),,,,,,,,
7시리즈,7시리즈 (E65),가솔린 2WD,740i,,1,,,,,🔴 다나와에 이 세대 트림 정보 없음(옛 세대),,,,,2008.01.22,"12,850",,
7시리즈,7시리즈 (E65),가솔린 2WD,745i,,1,,,,,🔴 다나와에 이 세대 트림 정보 없음(옛 세대),,,,,,,,
7시리즈,7시리즈 (E65),가솔린 2WD,760Li,,1,,,,,🔴 다나와에 이 세대 트림 정보 없음(옛 세대),,,,,2004.11.01,"24,350",,
7시리즈,7시리즈 (E65),가솔린 2WD,알피나 B7,,1,,,,,🔴 다나와에 이 세대 트림 정보 없음(옛 세대),,,,,,,,
7시리즈,7시리즈,가솔린 3000cc 이상,740iL,E38,6,,,,,🔴 다나와에 이 세대 트림 정보 없음(옛 세대),,,,,1999.02.01,"14,500",,
7시리즈,7시리즈,가솔린 3000cc 이상,735iL,E38,4,,,,,🔴 다나와에 이 세대 트림 정보 없음(옛 세대),,,,,1999.02.01,"11,880",,
7시리즈,7시리즈,가솔린 3000cc 이하,728iL,E38,1,,,,,🔴 다나와에 이 세대 트림 정보 없음(옛 세대),,,,,2001.11.20,"9,250",,
X3,X3 (G01),가솔린 4WD,xDrive 20i M 스포츠,,163,"3499,4070",X3(G01) / X3(G01 F/L),xDrive20i M Sport,1.00,✅ 등급명 일치,2020.10,2023.10,6630~7340,종료,2020.10.07,"6,650~7,340",✅ ±3개월,✅ 겹침
X3,X3 (G01),가솔린 4WD,xDrive 20i M 스포츠 프로,,57,4070,X3(G01 F/L),xDrive20i M Sport Pro,1.00,✅ 등급명 일치,2021.11,2023.10,7430~7920,종료,2021.11.01,"7,460~7,920",✅ ±3개월,✅ 겹침
X3,X3 (G01),가솔린 4WD,xDrive 20i,,46,"3499,4070",X3(G01) / X3(G01 F/L),xDrive20i Luxury Line 외,0.67,🟡 비슷함(패키지·에디션 표기 다름) → 확인,2020.02,2023.10,6260~7340,종료,2021.11.01,"6,440~7,000",🔴 +21개월,✅ 겹침
X3,X3 (G01),가솔린 4WD,xDrive M40i,,36,"3499,4070",X3(G01) / X3(G01 F/L),M40i,0.50,🔴 맞는 등급 못 찾음(다나와에 없는 한정판·표기 차이),2020.09,2023.10,8880~9930,종료,2020.09.03,"8,880~9,890",✅ ±3개월,✅ 겹침
X3,X3 (G01),가솔린 4WD,xDrive 20i M 스포츠 온라인 익스클루시브 에디션,,31,3499,X3(G01),xDrive20i M Sport Package Online Exclusive,0.80,🟡 비슷함(패키지·에디션 표기 다름) → 확인,2020.10,2020.10,6810,종료,2021.06.15,"6,810",🟡 +8개월,✅ 겹침
X3,X3 (G01),가솔린 4WD,xDrive 20i 럭셔리,,21,3499,X3(G01),xDrive20i Luxury Line,1.00,✅ 등급명 일치,2020.02,2020.10,6260~6410,종료,2020.03.01,"6,260~6,410",✅ ±3개월,✅ 겹침
X3,X3 (G01),가솔린 4WD,xDrive M40i 온라인 익스클루시브 에디션,,7,3499,X3(G01),M40i Online Exclusive,0.50,🔴 맞는 등급 못 찾음(다나와에 없는 한정판·표기 차이),2020.10,2020.10,9120,종료,2021.06.15,"9,120",🟡 +8개월,✅ 겹침
X3,X3 (G01),디젤 4WD,xDrive 20d M 스포츠,,101,"3499,4070",X3(G01) / X3(G01 F/L),xDrive20d M Sport,1.00,✅ 등급명 일치,2017.11,2023.10,6790~7860,종료,2017.11.13,"6,870~7,010",✅ ±3개월,✅ 겹침
X3,X3 (G01),디젤 4WD,xDrive 20d,,61,"3499,4070",X3(G01) / X3(G01 F/L),xDrive20d xLine 외,0.67,🟡 비슷함(패키지·에디션 표기 다름) → 확인,2017.11,2023.10,6500~7860,종료,2018.01.01,"6,580~6,930",✅ ±3개월,✅ 겹침
X3,X3 (G01),디젤 4WD,xDrive 30d M 스포츠,,7,3499,X3(G01),xDrive30d M Sport,1.00,✅ 등급명 일치,2017.11,2020.10,8280~8510,종료,2017.11.13,"8,360~8,420",✅ ±3개월,✅ 겹침
X3,X3 (G01),디젤 4WD,xDrive 30d,,6,3499,X3(G01),xDrive30d M Sport Package 외,0.67,🟡 비슷함(패키지·에디션 표기 다름) → 확인,2017.11,2020.10,7980~8510,종료,2018.01.01,"8,060",✅ ±3개월,✅ 겹침
X3,X3 (G01),디젤 4WD,xDrive 20d M 스포츠 온라인 익스클루시브 에디션,,5,3499,X3(G01),xDrive20d M Sport Package Online Exclusive,0.80,🟡 비슷함(패키지·에디션 표기 다름) → 확인,2020.10,2020.10,7170,종료,2021.06.15,"7,170",🟡 +8개월,✅ 겹침
X3,X3 (G01),가솔린+전기 4WD,xDrive 30e M 스포츠,,34,"3499,4070",X3(G01) / X3(G01 F/L),xDrive30e M Sport,1.00,✅ 등급명 일치,2020.03,2023.10,7650~8840,종료,2020.08.06,"7,710~8,840",🟡 +5개월,✅ 겹침
X3,X3 (G01),가솔린+전기 4WD,xDrive 30e M 스포츠 온라인 익스클루시브 에디션,,26,3499,X3(G01),xDrive30e M Sport Package Online Exclusive,0.80,🟡 비슷함(패키지·에디션 표기 다름) → 확인,2020.11,2020.11,8210,종료,2021.06.15,"8,210",🟡 +7개월,✅ 겹침
X3,X3 (G01),가솔린+전기 4WD,xDrive 30e,,16,"3499,4070",X3(G01) / X3(G01 F/L),xDrive30e xLine 외,0.67,🟡 비슷함(패키지·에디션 표기 다름) → 확인,2020.03,2023.10,7350~8840,종료,2021.11.01,"7,860~8,280",🔴 +20개월,✅ 겹침
X3,X3 (G01),가솔린+전기 4WD,xDrive 30e M 스포츠 프로,,13,4070,X3(G01 F/L),xDrive30e M Sport Pro,1.00,✅ 등급명 일치,2021.11,2023.10,8630~9060,종료,2021.11.01,"8,370~9,060",✅ ±3개월,✅ 겹침
X3,X3 (G01),가솔린 2WD,sDrive 20i,,1,"3499,4070",X3(G01) / X3(G01 F/L),xDrive20i Luxury Line 외,0.25,🔴 맞는 등급 못 찾음(다나와에 없는 한정판·표기 차이),2020.02,2023.10,6260~7340,종료,,,,
X3,X3 (G45),가솔린 4WD,xDrive 20 M 스포츠,,181,4656,X3(G45),20 xDrive M Sport,1.00,✅ 등급명 일치,2024.11,2026.07,7470~7670,판매중,2024.11.28,"7,470~7,530",✅ ±3개월,✅ 겹침
X3,X3 (G45),가솔린 4WD,xDrive 20 M 스포츠 프로,,78,4656,X3(G45),20 xDrive M Sport Pro,1.00,✅ 등급명 일치,2024.11,2026.07,7930~8020,판매중,2024.11.28,"7,930~7,990",✅ ±3개월,✅ 겹침
X3,X3 (G45),가솔린 4WD,xDrive 30 M 스포츠 프로,,22,4656,X3(G45),30 xDrive M Sport Pro,1.00,✅ 등급명 일치,2025.11,2026.07,8390~8630,판매중,2025.11.12,"8,390",✅ ±3개월,✅ 겹침
X3,X3 (G45),가솔린 4WD,xDrive 20,,19,4656,X3(G45),20 xDrive,1.00,✅ 등급명 일치,2024.11,2026.07,6850~7040,판매중,2024.11.28,"6,850~6,890",✅ ±3개월,✅ 겹침
X3,X3 (G45),가솔린 4WD,M50 프로,,14,4656,X3(G45),M50 xDrive Pro,0.67,🟡 비슷함(패키지·에디션 표기 다름) → 확인,2024.11,2026.07,9870~10150,판매중,2025.02.01,"9,870",✅ ±3개월,✅ 겹침
X3,X3 (G45),가솔린 4WD,M50 프로 퍼스트 에디션,,1,4656,X3(G45),M50 xDrive Pro First Edition,0.80,🟡 비슷함(패키지·에디션 표기 다름) → 확인,2024.11,2025.01,9870~9990,종료,,,,
X3,X3 (G45),디젤 4WD,xDrive 20d M 스포츠,,12,4656,X3(G45),20d xDrive M Sport,1.00,✅ 등급명 일치,2024.11,2026.07,7820~8050,판매중,2025.02.01,"7,820",✅ ±3개월,✅ 겹침
X3,X3 (G45),디젤 4WD,xDrive 20d,,6,4656,X3(G45),20d xDrive,1.00,✅ 등급명 일치,2024.11,2026.07,7200~7420,판매중,2025.02.01,"7,200",✅ ±3개월,✅ 겹침
X3,X3 (F25),디젤 4WD,xDrive 20d 하이,,26,2371,X3(F25),20d High xDrive,1.00,✅ 등급명 일치,2012.03,2013.10,,종료,2011.04.01,"6,390~6,450",🟡 -11개월,
X3,X3 (F25),디젤 4WD,xDrive 20d,,22,2371,X3(F25),20d xDrive,1.00,✅ 등급명 일치,2012.03,2013.10,,종료,2011.04.01,"5,990~6,690",🟡 -11개월,
X3,X3 (F25),디젤 4WD,xDrive 20d M 에어로다이나믹,,14,2371,X3(F25),20d M Aerodynamic xDrive,1.00,✅ 등급명 일치,2016.06,2017.01,6850,종료,2016.07.01,"6,780~6,850",✅ ±3개월,✅ 겹침
X3,X3 (F25),디젤 4WD,xDrive 30d 하이,,8,2371,X3(F25),30d High xDrive,1.00,✅ 등급명 일치,2012.03,2013.10,,종료,2012.01.01,"7,450~7,750",✅ ±3개월,
X3,X3 (F25),디젤 4WD,xDrive 20d M 스포츠,,3,2371,X3(F25),20d M Sport xDrive,1.00,✅ 등급명 일치,2012.03,2012.09,,종료,,,,
X3,X3 (F25),디젤 4WD,xDrive 20d 라이트 패키지,,1,2371,X3(F25),20d xDrive,0.67,🟡 비슷함(패키지·에디션 표기 다름) → 확인,2012.03,2013.10,,종료,2014.08.07,,🔴 +29개월,
X3,X3 (F25),디젤 4WD,xDrive 35d M 스포츠,,1,2371,X3(F25),35d M Sport xDrive,1.00,✅ 등급명 일치,2012.03,2012.09,,종료,2012.07.01,"8,690",🟡 +4개월,
X3,X3 (F25),가솔린 4WD,xDrive 28i,,5,2371,X3(F25),28i xDrive,1.00,✅ 등급명 일치,2013.01,2013.10,,종료,2013.01.01,"6,840~7,030",✅ ±3개월,
X3,X3 (F25),가솔린 4WD,xDrive 20i,,1,2371,X3(F25),28i xDrive,-0.67,🔴 맞는 등급 못 찾음(다나와에 없는 한정판·표기 차이),2013.01,2013.10,,종료,2013.07.01,,🟡 +6개월,
X3,X3 (F25),가솔린 4WD,xDrive 35i,,1,2371,X3(F25),28i xDrive,-0.67,🔴 맞는 등급 못 찾음(다나와에 없는 한정판·표기 차이),2013.01,2013.10,,종료,,,,
X3,X3 (E83),가솔린 2500cc 이하,2.5i,,1,,,,,🔴 다나와에 이 세대 트림 정보 없음(옛 세대),,,,,,,,
X3,X3 (E83),디젤 2500cc 이하,2.0d,,1,,,,,🔴 다나와에 이 세대 트림 정보 없음(옛 세대),,,,,,,,
그란투리스모 (GT),6시리즈 GT (G32),가솔린 4WD,630i xDrive M 스포츠,,148,"3697,3902",6시리즈(G32) / 6시리즈(G32 F/L),630i xDrive GT M Sport,0.75,🟡 비슷함(패키지·에디션 표기 다름) → 확인,2019.08,2023.10,8970~10090,종료,2019.09.05,"9,000~10,050",✅ ±3개월,✅ 겹침
그란투리스모 (GT),6시리즈 GT (G32),가솔린 4WD,630i xDrive 럭셔리,,75,"3697,3902",6시리즈(G32) / 6시리즈(G32 F/L),630i xDrive GT Luxury,0.75,🟡 비슷함(패키지·에디션 표기 다름) → 확인,2019.08,2023.10,8670~9590,종료,2019.09.05,"8,710~9,550",✅ ±3개월,✅ 겹침
그란투리스모 (GT),6시리즈 GT (G32),가솔린 4WD,640i xDrive M 스포츠,,47,"3697,3902",6시리즈(G32) / 6시리즈(G32 F/L),640i xDrive GT M Sport,0.75,🟡 비슷함(패키지·에디션 표기 다름) → 확인,2018.07,2023.07,10040~11600,종료,2017.10.01,"10,150~11,550",🟡 -9개월,✅ 겹침
그란투리스모 (GT),6시리즈 GT (G32),가솔린 4WD,640i xDrive 럭셔리,,25,"3697,3902",6시리즈(G32) / 6시리즈(G32 F/L),640i xDrive GT Luxury,0.75,🟡 비슷함(패키지·에디션 표기 다름) → 확인,2018.07,2023.10,9640~11110,종료,2018.01.01,"9,750~9,950",🟡 -6개월,✅ 겹침
그란투리스모 (GT),6시리즈 GT (G32),가솔린 4WD,630i xDrive M 스포츠 프로 파이널 에디션,,4,3902,6시리즈(G32 F/L),630i xDrive GT M Sport Pro Final Edition,0.86,🟡 비슷함(패키지·에디션 표기 다름) → 확인,2023.10,2025.01,10410~10650,종료,2024.09.10,"10,650",🟡 +11개월,✅ 겹침
그란투리스모 (GT),6시리즈 GT (G32),디젤 2WD,620d M 스포츠,,104,"3697,3902",6시리즈(G32) / 6시리즈(G32 F/L),620d GT M Sport,0.67,🟡 비슷함(패키지·에디션 표기 다름) → 확인,2019.08,2023.10,8310~8980,종료,2019.07.04,"8,360~8,960",✅ ±3개월,✅ 겹침
그란투리스모 (GT),6시리즈 GT (G32),디젤 2WD,620d 럭셔리,,71,"3697,3902",6시리즈(G32) / 6시리즈(G32 F/L),620d GT Luxury,0.67,🟡 비슷함(패키지·에디션 표기 다름) → 확인,2019.08,2023.10,8010~8670,종료,2019.04.08,"8,030~8,650",🟡 -4개월,✅ 겹침
그란투리스모 (GT),6시리즈 GT (G32),디젤 4WD,620d xDrive M 스포츠,,61,"3697,3902",6시리즈(G32) / 6시리즈(G32 F/L),620d xDrive GT M Sport,0.75,🟡 비슷함(패키지·에디션 표기 다름) → 확인,2019.08,2023.10,8710~9420,종료,2020.01.01,"8,850~9,410",🟡 +5개월,✅ 겹침
그란투리스모 (GT),6시리즈 GT (G32),디젤 4WD,630d xDrive M 스포츠,,26,"3697,3902",6시리즈(G32) / 6시리즈(G32 F/L),630d xDrive GT M Sport,0.75,🟡 비슷함(패키지·에디션 표기 다름) → 확인,2018.07,2020.10,9590~9810,종료,2018.01.01,"9,690~9,810",🟡 -6개월,✅ 겹침
그란투리스모 (GT),6시리즈 GT (G32),디젤 4WD,620d xDrive 럭셔리,,25,"3697,3902",6시리즈(G32) / 6시리즈(G32 F/L),620d xDrive GT Luxury,0.75,🟡 비슷함(패키지·에디션 표기 다름) → 확인,2019.08,2023.10,8410~9100,종료,2019.04.08,"8,430~8,710",🟡 -4개월,✅ 겹침
그란투리스모 (GT),6시리즈 GT (G32),디젤 4WD,630d xDrive 럭셔리,,6,"3697,3902",6시리즈(G32) / 6시리즈(G32 F/L),630d xDrive GT Luxury,0.75,🟡 비슷함(패키지·에디션 표기 다름) → 확인,2018.07,2020.10,9180~9390,종료,2018.07.19,"9,190",✅ ±3개월,✅ 겹침
그란투리스모 (GT),3시리즈 GT (F34),디젤 2WD,GT 320d,,88,2366,그란투리스모(F07/F34),320d GT,1.00,✅ 등급명 일치,2016.08,2017.09,5610,종료,2013.07.01,"5,430~5,570",🔴 -37개월,✅ 겹침
그란투리스모 (GT),3시리즈 GT (F34),디젤 2WD,GT 320d 럭셔리,,44,2366,그란투리스모(F07/F34),320d GT Luxury Line,1.00,✅ 등급명 일치,2016.08,2017.09,6150,종료,2013.07.01,"6,050~6,120",🔴 -37개월,✅ 겹침
그란투리스모 (GT),3시리즈 GT (F34),디젤 2WD,GT 320d M 스포츠 프리미엄,,28,2366,그란투리스모(F07/F34),320d GT,0.50,🔴 맞는 등급 못 찾음(다나와에 없는 한정판·표기 차이),2016.08,2017.09,5610,종료,2020.05.06,"5,940~6,010",🔴 +45개월,"🔴 다름(엔카 5,940~6,010 / 다나와 5610)"
그란투리스모 (GT),3시리즈 GT (F34),디젤 2WD,GT 320d 프리미엄,,4,2366,그란투리스모(F07/F34),320d GT,0.67,🟡 비슷함(패키지·에디션 표기 다름) → 확인,2016.08,2017.09,5610,종료,2020.06.01,"5,640",🔴 +46개월,✅ 겹침
그란투리스모 (GT),3시리즈 GT (F34),디젤 4WD,GT 320d xDrive,,71,2366,그란투리스모(F07/F34),320d GT xDrive,1.00,✅ 등급명 일치,2013.10,2017.09,5940,종료,2013.11.21,"5,780~6,040",✅ ±3개월,✅ 겹침
그란투리스모 (GT),3시리즈 GT (F34),디젤 4WD,GT 320d xDrive M 스포츠 프리미엄,,12,2366,그란투리스모(F07/F34),320d GT xDrive,0.60,🟡 비슷함(패키지·에디션 표기 다름) → 확인,2013.10,2017.09,5940,종료,2020.07.01,"6,330",🔴 +81개월,"🔴 다름(엔카 6,330 / 다나와 5940)"
그란투리스모 (GT),3시리즈 GT (F34),디젤 4WD,GT 320d xDrive 스포츠,,11,2366,그란투리스모(F07/F34),320d GT Sport xDrive,1.00,✅ 등급명 일치,2013.10,2017.09,6430,종료,2015.06.04,"6,330~6,540",🔴 +20개월,✅ 겹침
그란투리스모 (GT),3시리즈 GT (F34),디젤 4WD,GT 320d xDrive 프리미엄,,5,2366,그란투리스모(F07/F34),320d GT xDrive,0.75,🟡 비슷함(패키지·에디션 표기 다름) → 확인,2013.10,2017.09,5940,종료,2020.06.01,"5,970",🔴 +80개월,✅ 겹침
그란투리스모 (GT),5시리즈 GT (F07),디젤 2WD,GT ED Edition,,86,2366,그란투리스모(F07/F34),GT ED Edition Luxury,0.75,🟡 비슷함(패키지·에디션 표기 다름) → 확인,2013.09,2014.06,,종료,2013.01.01,"6,940~7,480",🟡 -8개월,
그란투리스모 (GT),5시리즈 GT (F07),디젤 2WD,GT 30d,,9,2366,그란투리스모(F07/F34),GT 30d,1.00,✅ 등급명 일치,,2013.09,,종료,2011.08.09,"7,720~7,870",,
그란투리스모 (GT),5시리즈 GT (F07),디젤 4WD,GT 30d xDrive,,36,2366,그란투리스모(F07/F34),GT 30d xDrive,1.00,✅ 등급명 일치,2012.08,2013.09,,종료,2012.10.05,"8,140~8,500",✅ ±3개월,
그란투리스모 (GT),5시리즈 GT (F07),디젤 4WD,GT 30d xDrive 익스클루시브,,1,2366,그란투리스모(F07/F34),GT 30d Exclusive,0.75,🟡 비슷함(패키지·에디션 표기 다름) → 확인,,2013.09,,종료,2012.09.11,,,
그란투리스모 (GT),5시리즈 GT (F07),가솔린 2WD,GT,,18,2366,그란투리스모(F07/F34),GT,1.00,✅ 등급명 일치,,2013.07,,종료,2010.07.01,"7,850~8,090",,
그란투리스모 (GT),5시리즈 GT (F07),가솔린 2WD,GT 익스클루시브,,8,2366,그란투리스모(F07/F34),GT Exclusive,1.00,✅ 등급명 일치,,2013.01,,종료,2010.06.08,"10,510~10,600",,
그란투리스모 (GT),5시리즈 GT (F07),가솔린 4WD,GT xDrive,,9,2366,그란투리스모(F07/F34),GT xDrive,1.00,✅ 등급명 일치,,2013.07,,종료,2011.07.01,"8,310~8,650",,
그란투리스모 (GT),5시리즈 GT (F07),가솔린 4WD,GT 50i xDrive,,3,2366,그란투리스모(F07/F34),GT 50i M Sport xDrive,0.75,🟡 비슷함(패키지·에디션 표기 다름) → 확인,,2013.01,,종료,,,,
그란투리스모 (GT),5시리즈 GT (F07),가솔린 4WD,GT xDrive 익스클루시브,,3,2366,그란투리스모(F07/F34),GT Exclusive xDrive,1.00,✅ 등급명 일치,,2013.01,,종료,2011.04.01,"10,950~11,120",,
X6,X6 (G06),가솔린 4WD,xDrive40i M 스포츠,,423,"3761,4476",X6(G06) / X6(G06 F/L),xDrive40i M Sport,1.00,✅ 등급명 일치,2020.05,2026.07,11920~13530,판매중,2020.07.01,"11,940~13,530",✅ ±3개월,✅ 겹침
X6,X6 (G06),가솔린 4WD,M50i,,42,3761,X6(G06),M50i,1.00,✅ 등급명 일치,2020.10,2023.07,14770~15600,종료,2020.10.07,"14,800~15,460",✅ ±3개월,✅ 겹침
X6,X6 (G06),가솔린 4WD,M60i,,15,4476,X6(G06 F/L),M60i xDrive,0.50,🔴 맞는 등급 못 찾음(다나와에 없는 한정판·표기 차이),2023.07,2023.07,16160,종료,2023.07.06,"15,910~16,320",✅ ±3개월,✅ 겹침
X6,X6 (G06),가솔린 4WD,xDrive40i M 스포츠 프로 베스트 셀러 에디션,,4,4476,X6(G06 F/L),xDrive40i M Sport Pro Special Edition,0.63,🟡 비슷함(패키지·에디션 표기 다름) → 확인,2025.01,2025.01,14130,종료,2026.02.10,"14,390",🔴 +13개월,"🔴 다름(엔카 14,390 / 다나와 14130)"
X6,X6 (G06),가솔린 4WD,xDrive40i M 스포츠 온라인 익스클루시브,,2,3761,X6(G06),xDrive40i M Sport Online Exclusive 외,1.00,✅ 등급명 일치,2020.10,2021.10,12770~12870,종료,,,,
X6,X6 (G06),가솔린 4WD,xDrive40i M 스포츠 프로 스페셜 에디션,,2,4476,X6(G06 F/L),xDrive40i M Sport Pro Special Edition,1.00,✅ 등급명 일치,2025.01,2025.01,14130,종료,2025.01.16,,✅ ±3개월,
X6,X6 (G06),디젤 4WD,xDrive30d M 스포츠,,217,"3761,4476",X6(G06) / X6(G06 F/L),xDrive30d M Sport 외,1.00,✅ 등급명 일치,2019.12,2026.07,11030~12930,판매중,2020.01.01,"11,180~12,650",✅ ±3개월,✅ 겹침
X6,X6 (G06),디젤 4WD,xDrive40d M 스포츠 온라인 익스클루시브,,48,4476,X6(G06 F/L),xDrive40d M Sport Pro Online Exclusive,0.80,🟡 비슷함(패키지·에디션 표기 다름) → 확인,2023.07,2026.07,13740~14140,판매중,2022.05.17,"13,400~13,580",🔴 -14개월,"🔴 다름(엔카 13,400~13,580 / 다나와 13740~14140)"
X6,X6 (G06),디젤 4WD,xDrive40d M 스포츠,,11,3761,X6(G06),xDrive40d M Sport Package,1.00,✅ 등급명 일치,2020.10,2020.10,12260,종료,2020.10.07,"12,260~13,260",✅ ±3개월,✅ 겹침
X6,X6 (G06),디젤 4WD,M50d,,4,3761,X6(G06),M50d,1.00,✅ 등급명 일치,2019.12,2020.07,15200~15370,종료,2020.01.01,"15,230~15,340",✅ ±3개월,✅ 겹침
X6,X6 (G06),디젤 4WD,xDrive40d M 스포츠 프로,,3,4476,X6(G06 F/L),xDrive40d M Sport Pro Online Exclusive,0.80,🟡 비슷함(패키지·에디션 표기 다름) → 확인,2023.07,2026.07,13740~14140,판매중,2025.11.01,"13,810",🔴 +28개월,✅ 겹침
X6,X6 (G06),디젤 4WD,xDrive30d xLine 퍼스트 에디션,,2,3761,X6(G06),30d xLine First Edition xDrive,1.00,✅ 등급명 일치,2019.12,2019.12,11250,종료,2019.12.17,"11,250",✅ ±3개월,✅ 겹침
X6,X6 (G06),디젤 4WD,xDrive30d xLine,,1,3761,X6(G06),30d xLine xDrive,1.00,✅ 등급명 일치,2019.12,2020.07,10550~10730,종료,,,,
X6,X6 (F16),디젤 4WD,xDrive 30d,,123,3203,X6(F16),30d xDrive,1.00,✅ 등급명 일치,2014.11,2019.02,10290~10580,종료,2015.01.01,"9,990~10,580",✅ ±3개월,✅ 겹침
X6,X6 (F16),디젤 4WD,M50d,,35,3203,X6(F16),M50d,1.00,✅ 등급명 일치,2014.11,2017.08,14430,종료,2015.01.01,"14,300~14,320",✅ ±3개월,"🔴 다름(엔카 14,300~14,320 / 다나와 14430)"
X6,X6 (F16),디젤 4WD,xDrive 40d,,21,3203,X6(F16),40d xDrive,1.00,✅ 등급명 일치,2014.11,2016.12,,종료,2015.01.01,"11,570~11,690",✅ ±3개월,
X6,X6 (F16),디젤 4WD,xDrive 40d M 스포츠,,7,3203,X6(F16),40d M Sport Package xDrive,1.00,✅ 등급명 일치,2017.08,2018.07,11800~12060,종료,2018.03.02,"11,910~11,950",🟡 +7개월,✅ 겹침
X6,X6 (F16),가솔린 4WD,xDrive 35i,,3,3203,X6(F16),30d xDrive 외,-1.17,🔴 맞는 등급 못 찾음(다나와에 없는 한정판·표기 차이),2014.11,2019.02,10290~14320,종료,2015.10.14,,🟡 +11개월,
X6,X6 (E71),디젤 4WD,30d,,14,2377,X6(E71/E72),30d xDrive 외,0.50,🔴 맞는 등급 못 찾음(다나와에 없는 한정판·표기 차이),2008.06,2014.10,,종료,2013.01.01,"9,710",🔴 +55개월,
X6,X6 (E71),디젤 4WD,40d,,9,2377,X6(E71/E72),40d xDrive,0.50,🔴 맞는 등급 못 찾음(다나와에 없는 한정판·표기 차이),2012.03,2014.10,,종료,2012.01.01,"10,900~11,140",✅ ±3개월,
X6,X6 (E71),디젤 4WD,M50d,,1,2377,X6(E71/E72),M50d,1.00,✅ 등급명 일치,2013.01,2014.10,,종료,2014.01.01,"14,100",🟡 +12개월,
X6,X6 (E71),가솔린 4WD,35i,,4,2377,X6(E71/E72),35i xDrive,0.50,🔴 맞는 등급 못 찾음(다나와에 없는 한정판·표기 차이),2012.03,2013.10,,종료,2012.01.01,"10,480",✅ ±3개월,
X6,X6 (E71),가솔린 4WD,50i,,4,2377,X6(E71/E72),50i xDrive 외,0.50,🔴 맞는 등급 못 찾음(다나와에 없는 한정판·표기 차이),2008.06,2013.10,,종료,2008.09.01,"12,990",✅ ±3개월,
X7,X7 (G07),가솔린 4WD,xDrive 40i M 스포츠 6인승,,258,"3665,4192",X7(G07) / X7(G07 F/L),xDrive40i M Sport Package 외,1.00,✅ 등급명 일치,2019.08,2026.07,12970~15980,판매중,2020.03.01,"13,040~15,820",🟡 +7개월,✅ 겹침
X7,X7 (G07),가솔린 4WD,xDrive 40i 디자인 퓨어 엑셀런스 6인승,,89,"3665,4192",X7(G07) / X7(G07 F/L),xDrive40i DPE 외,1.00,✅ 등급명 일치,2019.08,2026.07,12680~15670,판매중,2019.08.07,"12,680~15,430",✅ ±3개월,✅ 겹침
X7,X7 (G07),가솔린 4WD,xDrive 40i M 스포츠 7인승,,79,"3665,4192",X7(G07) / X7(G07 F/L),xDrive40i M Sport Package 외,1.00,✅ 등급명 일치,2020.10,2026.07,13430~15780,판매중,2021.06.01,"14,830~15,480",🟡 +8개월,✅ 겹침
X7,X7 (G07),가솔린 4WD,xDrive 40i 디자인 퓨어 엑셀런스 7인승,,77,"3665,4192",X7(G07) / X7(G07 F/L),xDrive40i DPE 외,1.00,✅ 등급명 일치,2019.08,2026.07,12470~15470,판매중,2020.08.06,"12,550~15,230",🟡 +12개월,✅ 겹침
X7,X7 (G07),가솔린 4WD,M60i xDrive M 스포츠 6인승,,40,4192,X7(G07 F/L),M60i xDrive M Sport Pro,0.60,🟡 비슷함(패키지·에디션 표기 다름) → 확인,2022.12,2026.07,17940~18800,판매중,2023.07.01,"18,080~18,480",🟡 +7개월,✅ 겹침
X7,X7 (G07),가솔린 4WD,M50i 6인승,,29,3665,X7(G07),M50i,0.50,🔴 맞는 등급 못 찾음(다나와에 없는 한정판·표기 차이),2020.09,2021.10,15930~16670,종료,2020.09.07,"16,560~16,620",✅ ±3개월,✅ 겹침
X7,X7 (G07),가솔린 4WD,xDrive 40i M 스포츠 온라인 익스클루시브 에디션 6인승,,4,"3665,4192",X7(G07) / X7(G07 F/L),xDrive40i M Sport Online Exclusive 외,0.67,🟡 비슷함(패키지·에디션 표기 다름) → 확인,2019.08,2026.07,12970~15980,판매중,2022.05.17,"13,730",🔴 +33개월,✅ 겹침
X7,X7 (G07),가솔린 4WD,M50i 프로즌 블랙 에디션 6인승,,3,3665,X7(G07),M50i Dark Shadow Edition,0.29,🔴 맞는 등급 못 찾음(다나와에 없는 한정판·표기 차이),2020.10,2020.10,16940,종료,2021.10.14,"17,580",🟡 +12개월,"🔴 다름(엔카 17,580 / 다나와 16940)"
X7,X7 (G07),가솔린 4WD,M60i xDrive 퍼스트 에디션 6인승,,2,4192,X7(G07 F/L),M60i xDrive First Edition,0.80,🟡 비슷함(패키지·에디션 표기 다름) → 확인,2022.12,2022.12,18210,종료,2022.12.13,"18,210",✅ ±3개월,✅ 겹침
X7,X7 (G07),디젤 4WD,xDrive 40d M 스포츠 6인승,,97,4192,X7(G07 F/L),xDrive40d M Sport,1.00,✅ 등급명 일치,2022.12,2026.07,15130~16080,판매중,2020.10.07,"13,360~15,780",🔴 -26개월,✅ 겹침
X7,X7 (G07),디젤 4WD,xDrive 40d 디자인 퓨어 엑셀런스 7인승,,45,"3665,4192",X7(G07) / X7(G07 F/L),xDrive40d DPE,1.00,✅ 등급명 일치,2020.10,2026.07,12740~15570,판매중,2020.10.07,"12,810~15,330",✅ ±3개월,✅ 겹침
X7,X7 (G07),디젤 4WD,xDrive 40d 디자인 퓨어 엑셀런스 6인승,,25,"3665,4192",X7(G07) / X7(G07 F/L),xDrive40d DPE,1.00,✅ 등급명 일치,2020.10,2026.07,12930~15770,판매중,2021.06.01,"13,410~15,380",🟡 +8개월,✅ 겹침
X7,X7 (G07),디젤 4WD,xDrive 30d 디자인 퓨어 엑셀런스 6인승,,24,3665,X7(G07),30d DPE xDrive,1.00,✅ 등급명 일치,2019.01,2020.07,12320~12480,종료,2020.03.01,"12,320~12,330",🔴 +14개월,✅ 겹침
X7,X7 (G07),디젤 4WD,xDrive 40d M 스포츠 7인승,,24,4192,X7(G07 F/L),xDrive40d M Sport,1.00,✅ 등급명 일치,2022.12,2026.07,14930~15880,판매중,2023.11.15,"15,200~15,580",🟡 +11개월,✅ 겹침
X7,X7 (G07),디젤 4WD,xDrive 30d M 스포츠 6인승,,14,3665,X7(G07),30d M Sport Package xDrive,1.00,✅ 등급명 일치,2019.01,2020.07,12620~12780,종료,2020.03.01,"12,620~12,680",🔴 +14개월,✅ 겹침
X7,X7 (G07),디젤 4WD,M50d,,10,3665,X7(G07),M50d,0.50,🔴 맞는 등급 못 찾음(다나와에 없는 한정판·표기 차이),2019.01,2020.07,16240~16440,종료,2019.05.07,"16,240~16,270",🟡 +4개월,✅ 겹침
X7,X7 (G07),디젤 4WD,xDrive 30d 디자인 퓨어 엑셀런스 퍼스트 에디션 6인승,,4,3665,X7(G07),30d DPE First Edition xDrive,1.00,✅ 등급명 일치,2019.01,2019.01,12880,종료,2019.05.07,"12,880",🟡 +4개월,✅ 겹침
X7,X7 (G07),디젤 4WD,xDrive 30d M 스포츠 퍼스트 에디션,,3,3665,X7(G07),30d M Sport Package First Edition xDrive,0.83,🟡 비슷함(패키지·에디션 표기 다름) → 확인,2019.01,2019.01,12510,종료,2019.05.07,"12,510",🟡 +4개월,✅ 겹침
X7,X7 (G07),디젤 4WD,xDrive 30d 디자인 퓨어 엑셀런스 7인승,,2,3665,X7(G07),30d DPE xDrive,1.00,✅ 등급명 일치,2019.01,2020.07,12120~12290,종료,2019.10.07,"12,110~12,120",🟡 +9개월,✅ 겹침
X7,X7 (G07),디젤 4WD,M50d 퍼스트 에디션,,1,3665,X7(G07),M50d First Edition,0.75,🟡 비슷함(패키지·에디션 표기 다름) → 확인,2019.01,2019.01,16160,종료,2019.05.07,"16,160",🟡 +4개월,✅ 겹침
X4,X4 (G02),가솔린 4WD,xDrive20i M 스포츠,,175,4072,X4(G02 F/L),xDrive20i M Sport,1.00,✅ 등급명 일치,2021.11,2024.11,7070~7700,종료,2021.11.01,"6,970~7,700",✅ ±3개월,✅ 겹침
X4,X4 (G02),가솔린 4WD,xDrive20i xLine,,98,"3576,4072",X4(G02) / X4(G02 F/L),xDrive20i xLine 외,1.00,✅ 등급명 일치,2020.02,2026.07,6460~7430,판매중,2020.03.01,"6,460~7,330",✅ ±3개월,✅ 겹침
X4,X4 (G02),가솔린 4WD,xDrive20i M 스포츠 프로 스페셜 에디션,,80,4072,X4(G02 F/L),xDrive20i M Sport Pro,0.67,🟡 비슷함(패키지·에디션 표기 다름) → 확인,2021.11,2024.11,7730~8390,종료,2025.03.01,"7,930",🔴 +40개월,✅ 겹침
X4,X4 (G02),가솔린 4WD,xDrive20i M 스포츠 X,,55,3576,X4(G02),xDrive20i M Sport Package X 외,1.00,✅ 등급명 일치,2020.02,2020.10,6690~7040,종료,2020.02.21,"6,830~6,980",✅ ±3개월,✅ 겹침
X4,X4 (G02),가솔린 4WD,xDrive20i M 스포츠 프로,,54,4072,X4(G02 F/L),xDrive20i M Sport Pro,1.00,✅ 등급명 일치,2021.11,2024.11,7730~8390,종료,2021.11.01,"7,700~8,280",✅ ±3개월,✅ 겹침
X4,X4 (G02),가솔린 4WD,xDrive20i M 스포츠 X 온라인 익스클루시브 에디션,,45,3576,X4(G02),xDrive20i M Sport Package X Online Exclusive,0.83,🟡 비슷함(패키지·에디션 표기 다름) → 확인,2020.10,2020.10,7040,종료,2021.06.15,"7,040",🟡 +8개월,✅ 겹침
X4,X4 (G02),가솔린 4WD,xDrive M40i,,38,"3576,4072",X4(G02) / X4(G02 F/L),M40i,0.50,🔴 맞는 등급 못 찾음(다나와에 없는 한정판·표기 차이),2020.09,2026.07,9090~10220,판매중,2020.10.07,"9,120~10,220",✅ ±3개월,✅ 겹침
X4,X4 (G02),가솔린 4WD,xDrive M40i 온라인 익스클루시브 에디션,,4,3576,X4(G02),M40i Online Exclusive,0.50,🔴 맞는 등급 못 찾음(다나와에 없는 한정판·표기 차이),2020.10,2020.10,9250,종료,2021.06.15,"9,250",🟡 +8개월,✅ 겹침
X4,X4 (G02),가솔린 4WD,xDrive20i 인디비주얼,,1,4072,X4(G02 F/L),xDrive20i Individual Edition,0.75,🟡 비슷함(패키지·에디션 표기 다름) → 확인,2023.10,2023.10,8590,종료,,,,
X4,X4 (G02),디젤 4WD,xDrive20d M 스포츠,,70,"3576,4072",X4(G02) / X4(G02 F/L),xDrive20d M Sport Package 외,1.00,✅ 등급명 일치,2018.11,2026.07,7160~8340,판매중,2018.11.05,"7,220~8,230",✅ ±3개월,✅ 겹침
X4,X4 (G02),디젤 4WD,xDrive20d xLine,,34,"3576,4072",X4(G02) / X4(G02 F/L),xDrive20d xLine 외,1.00,✅ 등급명 일치,2018.11,2023.10,6860~7740,종료,2020.01.01,"7,000~7,170",🔴 +14개월,✅ 겹침
X4,X4 (G02),디젤 4WD,xDrive20d M 스포츠 온라인 익스클루시브 에디션,,13,3576,X4(G02),xDrive20d M Sport Package Online Exclusive,0.80,🟡 비슷함(패키지·에디션 표기 다름) → 확인,2020.10,2020.10,7510,종료,2021.06.15,"7,510",🟡 +8개월,✅ 겹침
X4,X4 (G02),디젤 4WD,xDrive20d M 스포츠 X,,8,3576,X4(G02),xDrive20d M Sport X 외,1.00,✅ 등급명 일치,2018.11,2020.10,7210~7380,종료,2019.07.04,"7,210~7,240",🟡 +8개월,✅ 겹침
X4,X4 (G02),디젤 4WD,xDrive 20d M 스포츠 프로,,6,4072,X4(G02 F/L),xDrive20d M Sport Pro,1.00,✅ 등급명 일치,2021.11,2023.10,8080~8600,종료,2021.11.01,"8,040~8,090",✅ ±3개월,✅ 겹침
X4,X4 (G02),디젤 4WD,xDrive30d M 스포츠 X,,5,3576,X4(G02),xDrive30d M Sport X 외,1.00,✅ 등급명 일치,2019.08,2020.10,8680~8820,종료,2019.01.09,"8,700~8,730",🟡 -7개월,✅ 겹침
X4,X4 (G02),디젤 4WD,xDrive M40d,,4,3576,X4(G02),M40d xDrive,1.00,✅ 등급명 일치,2019.08,2020.01,9120~9250,종료,2018.11.05,"9,110~9,150",🟡 -9개월,✅ 겹침
X4,X4 (F26),디젤 4WD,xDrive20d,,38,3169,X4(F26),20d M Sport Package xDrive 외,0.67,🟡 비슷함(패키지·에디션 표기 다름) → 확인,2014.08,2018.07,7030~7250,종료,2014.08.18,"7,020~7,030",✅ ±3개월,✅ 겹침
X4,X4 (F26),디젤 4WD,xDrive20d M 스포츠,,22,3169,X4(F26),20d M Sport Package xDrive,1.00,✅ 등급명 일치,2017.01,2018.07,7170~7250,종료,2017.06.14,"7,250",🟡 +5개월,✅ 겹침
X4,X4 (F26),디젤 4WD,xDrive20d SAC 에디션,,7,3169,X4(F26),20d M Sport Package xDrive 외,0.40,🔴 맞는 등급 못 찾음(다나와에 없는 한정판·표기 차이),2014.08,2018.07,7030~7250,종료,2016.08.01,"7,030",🔴 +24개월,✅ 겹침
X4,X4 (F26),디젤 4WD,xDrive30d M 스포츠,,3,3169,X4(F26),30d M Sport Package xDrive 외,1.00,✅ 등급명 일치,2014.08,2016.06,,종료,2014.08.18,"8,690",✅ ±3개월,
X4,X4 (F26),가솔린 4WD,M40i,,5,3169,X4(F26),M40i,1.00,✅ 등급명 일치,2017.01,2017.01,8830,종료,2016.08.01,"8,830",🟡 -5개월,✅ 겹침
1시리즈,1시리즈 (F40),가솔린 2WD,120i M 스포츠,,143,3727,1시리즈(F40),120i M Sport 외,1.00,✅ 등급명 일치,2021.07,2025.01,4580~5140,종료,2021.06.01,"4,600~5,140",✅ ±3개월,✅ 겹침
1시리즈,1시리즈 (F40),가솔린 2WD,120i 스포츠,,48,3727,1시리즈(F40),120i Sport 외,1.00,✅ 등급명 일치,2021.07,2025.01,4230~4730,종료,2021.09.01,"4,220~4,730",✅ ±3개월,✅ 겹침
1시리즈,1시리즈 (F40),가솔린 2WD,120i 어드밴티지,,23,3727,1시리즈(F40),120i Advantage,1.00,✅ 등급명 일치,2021.07,2022.09,3990~4150,종료,2021.06.01,"4,000",✅ ±3개월,✅ 겹침
1시리즈,1시리즈 (F40),디젤 2WD,118d 스포츠,,35,3727,1시리즈(F40),118d Sport Line,1.00,✅ 등급명 일치,2020.01,2020.10,4160~4280,종료,2020.03.01,"4,160~4,190",✅ ±3개월,✅ 겹침
1시리즈,1시리즈 (F40),디젤 2WD,118d M 스포츠,,21,3727,1시리즈(F40),118d M Sport Package,1.00,✅ 등급명 일치,2020.01,2020.10,4510~4640,종료,2020.10.07,"4,550~4,580",🟡 +9개월,✅ 겹침
1시리즈,1시리즈 (F40),디젤 2WD,118d 조이 퍼스트 에디션,,11,3727,1시리즈(F40),118d Joy First Edition,1.00,✅ 등급명 일치,2020.01,2020.03,3920~4030,종료,2020.01.08,"3,920~4,030",✅ ±3개월,✅ 겹침
1시리즈,1시리즈 (F40),디젤 2WD,118d 조이,,9,3727,1시리즈(F40),118d Joy,1.00,✅ 등급명 일치,2020.07,2020.10,3940~3980,종료,2020.08.06,"3,940~3,980",✅ ±3개월,✅ 겹침
1시리즈,1시리즈 (F40),디젤 2WD,118d M 스포츠 퍼스트 에디션,,4,3727,1시리즈(F40),118d M Sport First Edition,1.00,✅ 등급명 일치,2020.01,2020.03,4800~4940,종료,2020.01.08,"4,940",✅ ±3개월,✅ 겹침
1시리즈,1시리즈 (F40),가솔린 4WD,M135i xDrive,,29,3727,1시리즈(F40),M135i xDrive,1.00,✅ 등급명 일치,2021.07,2025.01,5810~6260,종료,2021.09.01,"5,760~6,260",✅ ±3개월,✅ 겹침
1시리즈,1시리즈 (F40),가솔린 4WD,M135i xDrive 프리즘,,6,3727,1시리즈(F40),M135i xDrive,0.67,🟡 비슷함(패키지·에디션 표기 다름) → 확인,2021.07,2025.01,5810~6260,종료,2022.04.12,"6,250~6,260",🟡 +9개월,✅ 겹침
1시리즈,1시리즈 (F40),가솔린 4WD,M135i xDrive 퍼스트 에디션,,3,3727,1시리즈(F40),M135i xDrive First Edition,1.00,✅ 등급명 일치,2021.07,2021.07,6080,종료,2021.07.15,"6,080",✅ ±3개월,✅ 겹침
1시리즈,1시리즈 (F20),디젤 5 인승,118d 스포츠 5도어,,114,"2346,3275",1시리즈(F20) / 1시리즈(F20 F/L),118d Sport 외,0.67,🟡 비슷함(패키지·에디션 표기 다름) → 확인,2014.10,2019.06,4090,종료,2014.10.01,"3,890~4,090",✅ ±3개월,✅ 겹침
1시리즈,1시리즈 (F20),디젤 5 인승,118d 조이 5도어,,32,3275,1시리즈(F20 F/L),118d Joy,0.67,🟡 비슷함(패키지·에디션 표기 다름) → 확인,2016.02,2019.06,3640~3690,종료,2016.04.14,"3,490~3,640",✅ ±3개월,✅ 겹침
1시리즈,1시리즈 (F20),디젤 5 인승,118d M 스포츠 섀도우 5도어,,22,3275,1시리즈(F20 F/L),118d M Sport Package Shadow,0.75,🟡 비슷함(패키지·에디션 표기 다름) → 확인,2017.09,2018.07,4370~4410,종료,2017.10.01,"4,410",✅ ±3개월,✅ 겹침
1시리즈,1시리즈 (F20),디젤 5 인승,118d 어반 팩1 5도어,,20,2346,1시리즈(F20),118d Urban Line,0.50,🔴 맞는 등급 못 찾음(다나와에 없는 한정판·표기 차이),2014.07,2014.07,,종료,2013.01.01,"3,680~3,690",🔴 -18개월,
1시리즈,1시리즈 (F20),디젤 5 인승,118d 어반 5도어,,11,2346,1시리즈(F20),118d Urban Line,0.67,🟡 비슷함(패키지·에디션 표기 다름) → 확인,2014.07,2014.07,,종료,2013.07.01,"3,360~3,430",🟡 -12개월,
1시리즈,1시리즈 (F20),디젤 5 인승,118d 스포츠 스페셜 에디션 5도어,,8,"2346,3275",1시리즈(F20) / 1시리즈(F20 F/L),118d Sport 외,0.40,🔴 맞는 등급 못 찾음(다나와에 없는 한정판·표기 차이),2014.10,2019.06,4090,종료,2019.07.04,"4,250",🔴 +57개월,"🔴 다름(엔카 4,250 / 다나와 4090)"
1시리즈,1시리즈 (F20),디젤 5 인승,118d 어반 팩2 5도어,,4,2346,1시리즈(F20),118d Urban Line,0.50,🔴 맞는 등급 못 찾음(다나와에 없는 한정판·표기 차이),2014.07,2014.07,,종료,2012.10.18,"4,090~4,170",🔴 -21개월,
1시리즈,1시리즈 (F20),디젤 5 인승,120d 스포츠 팩2 5도어,,2,2346,1시리즈(F20),120d Sport Line 외,0.50,🔴 맞는 등급 못 찾음(다나와에 없는 한정판·표기 차이),2013.01,2014.07,,종료,2013.07.01,"4,760",🟡 +6개월,
1시리즈,1시리즈 (F20),디젤 5 인승,118d M 스포츠 5도어,,1,"2346,3275",1시리즈(F20) / 1시리즈(F20 F/L),118d M Sport Edition 외,0.50,🔴 맞는 등급 못 찾음(다나와에 없는 한정판·표기 차이),2013.07,2018.07,4370~4410,종료,2013.09.27,"3,930",✅ ±3개월,"🔴 다름(엔카 3,930 / 다나와 4370~4410)"
1시리즈,1시리즈 (F20),디젤 5 인승,120d 스포츠 팩1 5도어,,1,2346,1시리즈(F20),120d Sport Line 외,0.50,🔴 맞는 등급 못 찾음(다나와에 없는 한정판·표기 차이),2013.01,2014.07,,종료,2013.01.01,"4,430",✅ ±3개월,
1시리즈,1시리즈 (F70),가솔린 2WD,120 M 스포츠,,29,4652,1시리즈(F70),120 M Sport,1.00,✅ 등급명 일치,2025.07,2026.07,5280~5390,판매중,2025.07.04,"5,280",✅ ±3개월,✅ 겹침
1시리즈,1시리즈 (F70),가솔린 2WD,120,,8,4652,1시리즈(F70),120,1.00,✅ 등급명 일치,2025.07,2026.07,4840~4950,판매중,2025.07.04,"4,840",✅ ±3개월,✅ 겹침
1시리즈,1시리즈 (F70),가솔린 4WD,M135 xDrive,,12,4652,1시리즈(F70),M135 xDrive,1.00,✅ 등급명 일치,2025.07,2026.07,6180~6320,판매중,2025.10.01,"6,180",✅ ±3개월,✅ 겹침
1시리즈,1시리즈 (F70),가솔린 4WD,M135 xDrive 프로 퍼스트 에디션,,6,4652,1시리즈(F70),M135 xDrive Pro First Edition,1.00,✅ 등급명 일치,2025.07,2025.07,6450,종료,2025.07.10,"6,450",✅ ±3개월,✅ 겹침
1시리즈,1시리즈 (E82),디젤,120d 쿠페 스포츠,,11,2782,1시리즈(E82),120d Sport,0.67,🟡 비슷함(패키지·에디션 표기 다름) → 확인,2012.07,2012.09,,종료,2010.08.01,"4,320~4,390",🔴 -23개월,
1시리즈,1시리즈 (E82),디젤,120d 쿠페 M 스포츠,,2,2782,1시리즈(E82),120d 외,0.33,🔴 맞는 등급 못 찾음(다나와에 없는 한정판·표기 차이),2009.03,2012.07,,종료,,,,
1시리즈,1시리즈 (E82),디젤,120d 쿠페 하이,,2,2782,1시리즈(E82),120D HIGH PACKAGE AUTO,0.67,🟡 비슷함(패키지·에디션 표기 다름) → 확인,2009.03,2009.07,,종료,2009.03.09,"4,170~4,240",✅ ±3개월,
1시리즈,1시리즈 (E82),디젤,120d 쿠페,,1,2782,1시리즈(E82),120d 외,0.50,🔴 맞는 등급 못 찾음(다나와에 없는 한정판·표기 차이),2009.03,2012.07,,종료,,,,
4시리즈,4시리즈 (G22),가솔린 2WD,420i M 스포츠 컨버터블,,55,"3905,4614",4시리즈(G22/G23/G26) / 4시리즈(G22/G23/G26 F/L),420i Convertible M Sport 외,1.00,✅ 등급명 일치,2021.05,2026.07,6580~7790,판매중,2021.03.05,"6,790~7,580",✅ ±3개월,✅ 겹침
4시리즈,4시리즈 (G22),가솔린 2WD,420i M 스포츠 프로 그란쿠페,,49,4614,4시리즈(G22/G23/G26 F/L),420i Gran Coupe M Sport Pro,1.00,✅ 등급명 일치,2024.11,2026.07,6820~7100,판매중,2024.11.07,"6,820~6,830",✅ ±3개월,✅ 겹침
4시리즈,4시리즈 (G22),가솔린 2WD,420i M 스포츠 쿠페,,32,3905,4시리즈(G22/G23/G26),420i Coupe M Sport 외,1.00,✅ 등급명 일치,2021.01,2023.07,5720~6950,종료,2021.02.01,"5,940~6,950",✅ ±3개월,✅ 겹침
4시리즈,4시리즈 (G22),가솔린 2WD,420i M 스포츠 프로 컨버터블,,28,4614,4시리즈(G22/G23/G26 F/L),420i Convertible M Sport Pro,1.00,✅ 등급명 일치,2024.07,2026.07,7900~8140,판매중,2024.07.29,"7,900~7,920",✅ ±3개월,✅ 겹침
4시리즈,4시리즈 (G22),가솔린 2WD,420i M 스포츠 프로 쿠페,,25,4614,4시리즈(G22/G23/G26 F/L),420i Coupe M Sport Pro,1.00,✅ 등급명 일치,2024.07,2026.07,7310~7500,판매중,2024.07.29,"7,320~7,330",✅ ±3개월,✅ 겹침
4시리즈,4시리즈 (G22),가솔린 2WD,420i M 스포츠 퍼포먼스 쿠페,,21,3905,4시리즈(G22/G23/G26),420i Coupe M Sport Performance Pkg,0.80,🟡 비슷함(패키지·에디션 표기 다름) → 확인,2021.10,2022.09,6320~6490,종료,2021.05.07,"6,480",🟡 -5개월,✅ 겹침
4시리즈,4시리즈 (G22),가솔린 2WD,420i M 스포츠 그란쿠페,,18,"3905,4614",4시리즈(G22/G23/G26) / 4시리즈(G22/G23/G26 F/L),420i Gran Coupe M Sport,1.00,✅ 등급명 일치,2021.11,2024.11,5690~6510,종료,2021.11.10,"5,790~6,510",✅ ±3개월,✅ 겹침
4시리즈,4시리즈 (G22),가솔린 2WD,420i M 스포츠 퍼포먼스 그란쿠페,,14,3905,4시리즈(G22/G23/G26),420i Gran Coupe M Sport Performance Pkg,0.80,🟡 비슷함(패키지·에디션 표기 다름) → 확인,2021.11,2023.07,6280~6480,종료,2023.07.01,"6,480",🔴 +20개월,✅ 겹침
4시리즈,4시리즈 (G22),가솔린 2WD,420i 퍼스트 에디션 그란쿠페,,12,3905,4시리즈(G22/G23/G26),420i Gran Coupe M Sport First Edition,0.80,🟡 비슷함(패키지·에디션 표기 다름) → 확인,2021.11,2021.11,6430,종료,2021.11.10,"6,430",✅ ±3개월,✅ 겹침
4시리즈,4시리즈 (G22),가솔린 2WD,420i 온라인 익스클루시브 컨버터블,,2,3905,4시리즈(G22/G23/G26),420i Convertible Online Exclusive,1.00,✅ 등급명 일치,2021.10,2021.10,6870,종료,2022.05.17,"6,870",🟡 +7개월,✅ 겹침
4시리즈,4시리즈 (G22),가솔린 2WD,430i 퍼스트 에디션 컨버터블,,2,3905,4시리즈(G22/G23/G26),430i Convertible First Edition,1.00,✅ 등급명 일치,2021.05,2021.05,8020,종료,2021.06.15,"8,020",✅ ±3개월,✅ 겹침
4시리즈,4시리즈 (G22),가솔린 2WD,430i 퍼스트 에디션 쿠페,,1,3905,4시리즈(G22/G23/G26),430i Coupe First Edition,1.00,✅ 등급명 일치,2021.01,2021.01,7310,종료,2021.02.28,,✅ ±3개월,
4시리즈,4시리즈 (G22),가솔린 4WD,M440i xDrive 쿠페,,14,3905,4시리즈(G22/G23/G26),M440i xDrive Coupe,1.00,✅ 등급명 일치,2021.01,2022.09,8100~8770,종료,2021.06.01,"8,200~9,180",🟡 +5개월,✅ 겹침
4시리즈,4시리즈 (G22),가솔린 4WD,M440i xDrive 컨버터블,,4,3905,4시리즈(G22/G23/G26),M440i xDrive Convertible,1.00,✅ 등급명 일치,2021.12,2022.09,8870~9330,종료,,,,
4시리즈,4시리즈 (G22),가솔린 4WD,M440i xDrive 프로 퍼스트 에디션 컨버터블,,4,4614,4시리즈(G22/G23/G26 F/L),M440i xDrive Convertible Pro First Edition,1.00,✅ 등급명 일치,2024.08,2024.08,10070,종료,2024.08.19,"10,070",✅ ±3개월,✅ 겹침
4시리즈,4시리즈 (G22),가솔린 4WD,M440i xDrive 온라인 익스클루시브 컨버터블,,3,3905,4시리즈(G22/G23/G26),M440i xDrive Convertible Online Exclusive,1.00,✅ 등급명 일치,2022.09,2023.07,9340~9780,종료,2023.05.03,,🟡 +8개월,
4시리즈,4시리즈 (G22),가솔린 4WD,M440i xDrive 온라인 익스클루시브 쿠페,,3,3905,4시리즈(G22/G23/G26),M440i xDrive Coupe Online Exclusive,1.00,✅ 등급명 일치,2021.01,2023.07,8260~9210,종료,2021.07.13,"8,410",🟡 +6개월,✅ 겹침
4시리즈,4시리즈 (G22),가솔린 4WD,M440i xDrive 프로 온라인 익스클루시브 컨버터블,,3,3905,4시리즈(G22/G23/G26),M440i xDrive Convertible Online Exclusive,0.80,🟡 비슷함(패키지·에디션 표기 다름) → 확인,2022.09,2023.07,9340~9780,종료,,,,
4시리즈,4시리즈 (G22),가솔린 4WD,M440i xDrive  퍼포먼스 쿠페,,2,3905,4시리즈(G22/G23/G26),M440i xDrive Coupe Performance Pkg,0.80,🟡 비슷함(패키지·에디션 표기 다름) → 확인,2021.10,2021.10,8160~8690,종료,2021.05.07,"8,260",🟡 -5개월,✅ 겹침
4시리즈,4시리즈 (G22),가솔린 4WD,M440i xDrive 퍼스트 에디션 쿠페,,2,3905,4시리즈(G22/G23/G26),M440i xDrive Coupe First Edition,1.00,✅ 등급명 일치,2021.01,2021.01,8290,종료,2021.04.12,"8,290",✅ ±3개월,✅ 겹침
4시리즈,4시리즈 (G22),디젤 2WD,420d M 스포츠 쿠페,,6,3905,4시리즈(G22/G23/G26),420d Coupe M Sport Package,1.00,✅ 등급명 일치,2021.01,2021.01,6230,종료,2021.02.28,,✅ ±3개월,
4시리즈,4시리즈 (G22),디젤 2WD,420d M 스포츠 퍼포먼스 그란쿠페,,6,3905,4시리즈(G22/G23/G26),420d Gran Coupe M Sport Performance Pkg,0.80,🟡 비슷함(패키지·에디션 표기 다름) → 확인,2021.11,2023.07,6280~6700,종료,2022.02.01,,✅ ±3개월,
4시리즈,4시리즈 (G22),디젤 2WD,420d M 스포츠 그란쿠페,,1,3905,4시리즈(G22/G23/G26),420d Gran Coupe M Sport,1.00,✅ 등급명 일치,2021.11,2023.07,5840~6730,종료,,,,
4시리즈,4시리즈 (F32),가솔린 2WD,428i M 스포츠 컨버터블,,47,3121,4시리즈(F32/F33/F36),428i M Sport Package,0.67,🟡 비슷함(패키지·에디션 표기 다름) → 확인,2014.10,2016.02,,종료,2014.02.26,"7,030~7,540",🟡 -8개월,
4시리즈,4시리즈 (F32),가솔린 2WD,430i M 스포츠 컨버터블,,33,3510,4시리즈(F32/F33/F36 F/L),430i Convertible M Sport Package,1.00,✅ 등급명 일치,2019.04,2020.07,7650~7790,종료,2017.10.01,"7,730~7,780",🔴 -18개월,✅ 겹침
4시리즈,4시리즈 (F32),가솔린 2WD,420i 럭셔리 그란쿠페,,23,3510,4시리즈(F32/F33/F36 F/L),420i Gran Coupe Luxury Line,1.00,✅ 등급명 일치,2019.04,2020.10,5800~5870,종료,2016.08.01,"5,640~5,870",🔴 -32개월,✅ 겹침
4시리즈,4시리즈 (F32),가솔린 2WD,420i 그란쿠페 스페셜 에디션,,19,3510,4시리즈(F32/F33/F36 F/L),420i Gran Coupe Special Edition,1.00,✅ 등급명 일치,2019.08,2020.03,4880~5020,종료,2019.06.04,"4,960",✅ ±3개월,✅ 겹침
4시리즈,4시리즈 (F32),가솔린 2WD,430i M 스포츠 쿠페,,18,3510,4시리즈(F32/F33/F36 F/L),430i Coupe M Sport Package,1.00,✅ 등급명 일치,2019.04,2020.07,6610~6750,종료,2017.07.28,"6,680~6,690",🔴 -21개월,✅ 겹침
4시리즈,4시리즈 (F32),가솔린 2WD,428i M 스포츠 쿠페,,11,3121,4시리즈(F32/F33/F36),428i M Sport Package,0.67,🟡 비슷함(패키지·에디션 표기 다름) → 확인,2014.10,2016.02,,종료,2013.10.17,"6,390~6,530",🟡 -12개월,
4시리즈,4시리즈 (F32),가솔린 2WD,420i M 스포츠 쿠페,,10,3510,4시리즈(F32/F33/F36 F/L),420i Coupe M Sport Package,1.00,✅ 등급명 일치,2019.04,2020.07,5720~5908,종료,2017.07.28,"5,720~5,860",🔴 -21개월,✅ 겹침
4시리즈,4시리즈 (F32),가솔린 2WD,420i 그란쿠페,,4,3510,4시리즈(F32/F33/F36 F/L),420i Gran Coupe Luxury Line,0.67,🟡 비슷함(패키지·에디션 표기 다름) → 확인,2019.04,2020.10,5800~5870,종료,2014.07.01,"5,230",🔴 -57개월,"🔴 다름(엔카 5,230 / 다나와 5800~5870)"
4시리즈,4시리즈 (F32),가솔린 2WD,428i 컨버터블 비전 100 에디션,,3,3121,4시리즈(F32/F33/F36),428i Vision 100 Edition,0.50,🔴 맞는 등급 못 찾음(다나와에 없는 한정판·표기 차이),2016.08,2016.08,,종료,2016.09.05,"7,540",✅ ±3개월,
4시리즈,4시리즈 (F32),가솔린 2WD,430i 럭셔리 컨버터블,,2,3510,4시리즈(F32/F33/F36 F/L),430i Convertible Luxury Line,1.00,✅ 등급명 일치,2019.04,2019.04,7370,종료,,,,
4시리즈,4시리즈 (F32),가솔린 2WD,420i M 스포츠 그란쿠페,,1,3510,4시리즈(F32/F33/F36 F/L),420i M Sport Package,0.67,🟡 비슷함(패키지·에디션 표기 다름) → 확인,2017.07,2018.07,5740~5860,종료,2017.03.15,"5,850",🟡 -4개월,✅ 겹침
4시리즈,4시리즈 (F32),가솔린 2WD,420i 럭셔리 쿠페,,1,"3121,3510",4시리즈(F32/F33/F36) / 4시리즈(F32/F33/F36 F/L),420i Luxury Line 외,0.67,🟡 비슷함(패키지·에디션 표기 다름) → 확인,2014.10,2018.07,5740~5860,종료,,,,
4시리즈,4시리즈 (F32),디젤 2WD,420d 럭셔리 그란쿠페,,56,3510,4시리즈(F32/F33/F36 F/L),420d Gran Coupe Luxury Line,1.00,✅ 등급명 일치,2019.04,2020.10,5880~6030,종료,2014.07.01,"5,710~6,030",🔴 -57개월,✅ 겹침
4시리즈,4시리즈 (F32),디젤 2WD,420d M 스포츠 쿠페,,14,3510,4시리즈(F32/F33/F36 F/L),420d Coupe M Sport Package,1.00,✅ 등급명 일치,2019.10,2020.07,5970~6110,종료,2015.08.01,"5,770~5,970",🔴 -50개월,✅ 겹침
4시리즈,4시리즈 (F32),디젤 2WD,420d 럭셔리 쿠페,,3,"3121,3510",4시리즈(F32/F33/F36) / 4시리즈(F32/F33/F36 F/L),420d Luxury Line 외,0.67,🟡 비슷함(패키지·에디션 표기 다름) → 확인,2013.10,2018.07,5890~5970,종료,2013.10.17,"5,530~5,590",✅ ±3개월,"🔴 다름(엔카 5,530~5,590 / 다나와 5890~5970)"
4시리즈,4시리즈 (F32),디젤 4WD,420d xDrive 스포츠 그란쿠페,,26,3510,4시리즈(F32/F33/F36 F/L),420d Gran Coupe xDrive Sport Line 외,1.00,✅ 등급명 일치,2019.04,2020.10,6250~6390,종료,2014.07.01,"6,110~6,390",🔴 -57개월,✅ 겹침
4시리즈,4시리즈 (F32),디젤 4WD,420d xDrive M 스포츠 쿠페,,9,"3121,3510",4시리즈(F32/F33/F36) / 4시리즈(F32/F33/F36 F/L),420d M Sport Package xDrive 외,0.75,🟡 비슷함(패키지·에디션 표기 다름) → 확인,2014.10,2020.07,5970~6160,종료,2015.08.01,"6,110~6,220",🟡 +10개월,✅ 겹침
4시리즈,4시리즈 (F32),디젤 4WD,420d xDrive 스포츠 쿠페,,8,"3121,3510",4시리즈(F32/F33/F36) / 4시리즈(F32/F33/F36 F/L),420d Sport Line xDrive 외,0.75,🟡 비슷함(패키지·에디션 표기 다름) → 확인,2013.10,2018.07,6260~6330,종료,2014.10.01,"5,870",🟡 +12개월,"🔴 다름(엔카 5,870 / 다나와 6260~6330)"
4시리즈,4시리즈 (F32),디젤 4WD,435d xDrive M 스포츠 그란쿠페,,3,3510,4시리즈(F32/F33/F36 F/L),435d Gran Coupe M Sport Package xDrive,1.00,✅ 등급명 일치,2019.04,2019.04,8420,종료,2015.08.27,"8,660~8,840",🔴 -44개월,"🔴 다름(엔카 8,660~8,840 / 다나와 8420)"
4시리즈,4시리즈 (F32),가솔린 4WD,435i xDrive 쿠페,,1,"3121,3510",4시리즈(F32/F33/F36) / 4시리즈(F32/F33/F36 F/L),420d Sport Line xDrive 외,-0.80,🔴 맞는 등급 못 찾음(다나와에 없는 한정판·표기 차이),2014.10,2020.07,5720~6750,종료,,,,
X1,X1 (F48),가솔린 4WD,xDrive 20i xLine,,67,3729,X1(F48 F/L),xDrive20i xLine,1.00,✅ 등급명 일치,2020.10,2020.10,4990,종료,2020.10.07,"4,990~5,080",✅ ±3개월,✅ 겹침
X1,X1 (F48),가솔린 4WD,xDrive 20i M 스포츠,,56,3729,X1(F48 F/L),xDrive20i M Sport 외,1.00,✅ 등급명 일치,2019.11,2021.06,5180~5570,종료,2020.03.01,"5,180~5,470",🟡 +4개월,✅ 겹침
X1,X1 (F48),가솔린 4WD,xDrive 20i 어드밴티지,,22,3729,X1(F48 F/L),xDrive20i Advantage 외,1.00,✅ 등급명 일치,2019.11,2020.10,4820~4950,종료,2019.11.06,"4,890~4,900",✅ ±3개월,✅ 겹침
X1,X1 (F48),가솔린 4WD,xDrive 25i M 스포츠,,1,"3345,3729",X1(F48) / X1(F48 F/L),25i M Sport Package xDrive,1.00,✅ 등급명 일치,2019.04,2020.03,5500~5740,종료,,,,
X1,X1 (F48),디젤 4WD,xDrive 18d,,17,3345,X1(F48),18d xDrive,1.00,✅ 등급명 일치,2016.03,2017.05,5290,종료,2016.04.08,"5,140~5,290",✅ ±3개월,✅ 겹침
X1,X1 (F48),디젤 4WD,xDrive 18d 조이,,17,3345,X1(F48),18d Joy xDrive,1.00,✅ 등급명 일치,2018.08,2019.08,4730,종료,2018.08.30,"4,730",✅ ±3개월,✅ 겹침
X1,X1 (F48),디젤 4WD,xDrive 20d 조이,,15,3345,X1(F48),20d Joy xDrive,1.00,✅ 등급명 일치,2018.08,2018.08,5060,종료,2018.08.30,"5,060",✅ ±3개월,✅ 겹침
X1,X1 (F48),디젤 4WD,xDrive 20d,,12,3345,X1(F48),20d xDrive,1.00,✅ 등급명 일치,2016.03,2016.11,,종료,2016.02.26,"5,630",✅ ±3개월,
X1,X1 (F48),디젤 4WD,xDrive 18d 프리미엄,,10,3345,X1(F48),18d Premium xDrive,1.00,✅ 등급명 일치,2018.08,2019.08,5030,종료,2018.08.30,"5,030",✅ ±3개월,✅ 겹침
X1,X1 (F48),디젤 4WD,xDrive 18d xLine,,8,3729,X1(F48 F/L),xDrive18d xLine,1.00,✅ 등급명 일치,2020.10,2020.10,4940,종료,2020.10.07,"4,940",✅ ±3개월,✅ 겹침
X1,X1 (F48),디젤 4WD,xDrive 20d M 스포츠,,7,3345,X1(F48),20d M Sport Pack xDrive,0.75,🟡 비슷함(패키지·에디션 표기 다름) → 확인,2016.03,2017.05,5970,종료,2016.02.26,"5,790~5,970",✅ ±3개월,✅ 겹침
X1,X1 (F48),디젤 4WD,xDrive 18d 어드밴티지,,6,3729,X1(F48 F/L),xDrive18d Advantage 외,1.00,✅ 등급명 일치,2019.12,2020.10,4750~4880,종료,2020.03.01,"4,750~4,820",✅ ±3개월,✅ 겹침
X1,X1 (F48),디젤 4WD,xDrive 18d M 스포츠,,3,3729,X1(F48 F/L),xDrive18d M Sport 외,1.00,✅ 등급명 일치,2019.12,2021.06,5130~5420,종료,2021.06.01,"5,420",🔴 +18개월,✅ 겹침
X1,X1 (F48),디젤 4WD,xDrive 20d xLine,,3,3345,X1(F48),20d xLine xDrive,1.00,✅ 등급명 일치,2018.08,2019.08,5450,종료,2019.06.04,"5,450",🟡 +10개월,✅ 겹침
X1,X1 (U11),가솔린 4WD,xDrive 20i M 스포츠,,77,4371,X1(U11),xDrive20i M Sport,1.00,✅ 등급명 일치,2023.10,2026.07,6690~6930,판매중,2023.11.06,"6,680~6,790",✅ ±3개월,✅ 겹침
X1,X1 (U11),가솔린 4WD,xDrive 20i xLine,,27,4371,X1(U11),xDrive20i xLine,1.00,✅ 등급명 일치,2023.10,2026.07,6220~6440,판매중,2023.11.06,"6,210~6,310",✅ ±3개월,✅ 겹침
X1,X1 (U11),가솔린 4WD,M35i xDrive,,21,4371,X1(U11),M35i xDrive,1.00,✅ 등급명 일치,2023.10,2025.01,7150~7220,종료,2024.02.07,"7,150~7,220",🟡 +4개월,✅ 겹침
X1,X1 (U11),가솔린 4WD,M35i xDrive 스페셜 에디션,,1,4371,X1(U11),M35i xDrive Special Edition,1.00,✅ 등급명 일치,2023.10,2023.10,7580,종료,,,,
X1,X1 (U11),가솔린 2WD,sDrive 20i M 스포츠,,16,4371,X1(U11),sDrive20i M Sport,1.00,✅ 등급명 일치,2023.03,2023.10,6320~6410,종료,2023.03.27,"6,340~6,390",✅ ±3개월,✅ 겹침
X1,X1 (U11),가솔린 2WD,sDrive 20i xLine,,3,4371,X1(U11),sDrive20i xLine,1.00,✅ 등급명 일치,2023.03,2023.10,5850~5940,종료,,,,
X1,X1 (U11),디젤 2WD,sDrive 18d M 스포츠,,9,4371,X1(U11),sDrive18d M Sport,1.00,✅ 등급명 일치,2023.03,2026.07,6220~6520,판매중,2023.11.06,"6,290~6,390",🟡 +8개월,✅ 겹침
X1,X1 (U11),디젤 2WD,sDrive 18d xLine,,3,4371,X1(U11),sDrive18d xLine,1.00,✅ 등급명 일치,2023.03,2026.07,5750~6040,판매중,2025.03.01,"5,910",🔴 +24개월,✅ 겹침
X1,X1 (E84),디젤 4WD,xDrive 18d,,14,2368,X1(E84),18d xDrive,1.00,✅ 등급명 일치,2012.07,2014.07,,종료,2010.05.01,"4,420~4,690",🔴 -26개월,
X1,X1 (E84),디젤 4WD,xDrive 20d,,13,2368,X1(E84),20d xDrive,1.00,✅ 등급명 일치,2012.07,2015.08,,종료,2010.02.25,"5,180~5,400",🔴 -29개월,
X1,X1 (E84),디젤 4WD,xDrive 23d,,1,2368,X1(E84),2.0 23D AUTO XDRIVE,0.67,🟡 비슷함(패키지·에디션 표기 다름) → 확인,2010.02,2012.07,,종료,,,,
2시리즈,2시리즈 그란쿠페 (F44),가솔린 2WD,220i M 스포츠,,52,4683,2시리즈 그란쿠페(F74),220 Gran Coupe M Sport,-0.75,🔴 맞는 등급 못 찾음(다나와에 없는 한정판·표기 차이),2025.07,2026.07,5350~5480,판매중,2021.06.01,"4,720~5,220",🔴 -49개월,"🔴 다름(엔카 4,720~5,220 / 다나와 5350~5480)"
2시리즈,2시리즈 그란쿠페 (F44),가솔린 2WD,220i 어드밴티지,,17,4683,2시리즈 그란쿠페(F74),220 Gran Coupe M Sport Design 외,-1.00,🔴 맞는 등급 못 찾음(다나와에 없는 한정판·표기 차이),2025.07,2026.07,4990~6550,판매중,2021.06.01,"4,210~4,240",🔴 -49개월,"🔴 다름(엔카 4,210~4,240 / 다나와 4990~6550)"
2시리즈,2시리즈 그란쿠페 (F44),가솔린 2WD,220i 스포츠,,13,4683,2시리즈 그란쿠페(F74),220 Gran Coupe M Sport Design 외,-1.00,🔴 맞는 등급 못 찾음(다나와에 없는 한정판·표기 차이),2025.07,2026.07,4990~6550,판매중,2022.10.01,"4,610~4,960",🔴 -33개월,✅ 겹침
2시리즈,2시리즈 그란쿠페 (F44),가솔린 4WD,M235i xDrive,,37,4683,2시리즈 그란쿠페(F74),M235 xDrive Gran Coupe,-0.75,🔴 맞는 등급 못 찾음(다나와에 없는 한정판·표기 차이),2025.07,2025.07,6180~6240,종료,2020.10.07,"5,990~6,480",🔴 -57개월,✅ 겹침
2시리즈,2시리즈 그란쿠페 (F44),디젤 2WD,218d 어드밴티지,,10,4683,2시리즈 그란쿠페(F74),220 Gran Coupe M Sport Design 외,-1.50,🔴 맞는 등급 못 찾음(다나와에 없는 한정판·표기 차이),2025.07,2026.07,4990~6550,판매중,2020.10.07,"4,090",🔴 -57개월,"🔴 다름(엔카 4,090 / 다나와 4990~6550)"
2시리즈,2시리즈 그란쿠페 (F44),디젤 2WD,218d M 스포츠,,9,4683,2시리즈 그란쿠페(F74),220 Gran Coupe M Sport,-1.25,🔴 맞는 등급 못 찾음(다나와에 없는 한정판·표기 차이),2025.07,2026.07,5350~5480,판매중,2020.10.07,"4,720",🔴 -57개월,"🔴 다름(엔카 4,720 / 다나와 5350~5480)"
2시리즈,2시리즈 그란쿠페 (F44),디젤 2WD,220d 어드밴티지,,6,4683,2시리즈 그란쿠페(F74),220 Gran Coupe M Sport Design 외,-1.50,🔴 맞는 등급 못 찾음(다나와에 없는 한정판·표기 차이),2025.07,2026.07,4990~6550,판매중,2020.03.01,"4,490",🔴 -64개월,"🔴 다름(엔카 4,490 / 다나와 4990~6550)"
2시리즈,2시리즈 그란쿠페 (F44),디젤 2WD,220d 럭셔리,,1,4683,2시리즈 그란쿠페(F74),220 Gran Coupe M Sport Design 외,-1.50,🔴 맞는 등급 못 찾음(다나와에 없는 한정판·표기 차이),2025.07,2026.07,4990~6550,판매중,,,,
2시리즈,2시리즈 액티브 투어러 (U06),가솔린 2000cc,220i 럭셔리,,31,4114,2시리즈 액티브 투어러(U06),220i Active Tourer Luxury,0.50,🔴 맞는 등급 못 찾음(다나와에 없는 한정판·표기 차이),2023.04,2026.07,4700~5190,판매중,2023.04.01,"4,700~5,080",✅ ±3개월,✅ 겹침
2시리즈,2시리즈 액티브 투어러 (U06),가솔린 2000cc,220i M 스포츠 디자인,,19,4114,2시리즈 액티브 투어러(U06),220i Active Tourer M Sport,0.40,🔴 맞는 등급 못 찾음(다나와에 없는 한정판·표기 차이),2023.04,2023.07,4870~5080,종료,2025.10.01,"5,240",🔴 +30개월,"🔴 다름(엔카 5,240 / 다나와 4870~5080)"
2시리즈,2시리즈 액티브 투어러 (U06),가솔린 2000cc,220i 어드밴티지,,10,4114,2시리즈 액티브 투어러(U06),220i Active Tourer Advantage,0.50,🔴 맞는 등급 못 찾음(다나와에 없는 한정판·표기 차이),2023.04,2025.01,4350~4650,종료,2023.05.03,"4,420~4,650",✅ ±3개월,✅ 겹침
2시리즈,2시리즈 액티브 투어러 (U06),가솔린 2000cc,220i M 스포츠,,2,4114,2시리즈 액티브 투어러(U06),220i Active Tourer M Sport,0.50,🔴 맞는 등급 못 찾음(다나와에 없는 한정판·표기 차이),2023.04,2023.07,4870~5080,종료,2023.07.01,"5,080",✅ ±3개월,✅ 겹침
2시리즈,2시리즈 액티브 투어러 (U06),디젤 2000cc,218d 럭셔리,,19,4114,2시리즈 액티브 투어러(U06),218d Active Tourer Luxury,0.50,🔴 맞는 등급 못 찾음(다나와에 없는 한정판·표기 차이),2022.08,2025.01,4860~5330,종료,2022.10.01,"4,860~5,210",✅ ±3개월,✅ 겹침
2시리즈,2시리즈 액티브 투어러 (U06),디젤 2000cc,218d 어드밴티지,,8,4114,2시리즈 액티브 투어러(U06),218d Active Tourer Advantage,0.50,🔴 맞는 등급 못 찾음(다나와에 없는 한정판·표기 차이),2022.08,2025.01,4580~4880,종료,2022.10.01,"4,580~4,860",✅ ±3개월,✅ 겹침
2시리즈,2시리즈 액티브 투어러 (U06),디젤 2000cc,218d M 스포츠 퍼스트 에디션,,2,4114,2시리즈 액티브 투어러(U06),218d Active Tourer M Sport First Edition,0.67,🟡 비슷함(패키지·에디션 표기 다름) → 확인,2022.10,2022.10,5200,종료,2022.11.15,"5,200",✅ ±3개월,✅ 겹침
2시리즈,2시리즈 액티브 투어러 (F45),디젤 2000cc,조이,,60,3251,2시리즈 액티브 투어러(F45),Joy,1.00,✅ 등급명 일치,2015.02,2020.07,4350~4540,종료,2015.02.25,"4,150~4,540",✅ ±3개월,✅ 겹침
2시리즈,2시리즈 액티브 투어러 (F45),디젤 2000cc,어드밴티지,,9,3251,2시리즈 액티브 투어러(F45),Advantage,1.00,✅ 등급명 일치,2020.10,2020.10,4540,종료,2020.10.07,"4,540",✅ ±3개월,✅ 겹침
2시리즈,2시리즈 액티브 투어러 (F45),디젤 2000cc,럭셔리,,7,3251,2시리즈 액티브 투어러(F45),Luxury Line 외,1.00,✅ 등급명 일치,2015.02,2020.10,4870~4980,종료,2015.02.25,"4,590",✅ ±3개월,"🔴 다름(엔카 4,590 / 다나와 4870~4980)"
2시리즈,2시리즈 액티브 투어러 (F45),디젤 2000cc,스포츠 파이널 에디션,,7,3251,2시리즈 액티브 투어러(F45),Sport Line,0.33,🔴 맞는 등급 못 찾음(다나와에 없는 한정판·표기 차이),2019.01,2020.10,4870~4990,종료,2021.05.07,"4,990",🔴 +28개월,✅ 겹침
2시리즈,2시리즈 액티브 투어러 (F45),디젤 2000cc,스포츠,,2,3251,2시리즈 액티브 투어러(F45),Sport Line,1.00,✅ 등급명 일치,2019.01,2020.10,4870~4990,종료,,,,
2시리즈,2시리즈 그란쿠페 (F74),가솔린 2WD,220 M 스포츠,,24,4683,2시리즈 그란쿠페(F74),220 Gran Coupe M Sport,0.67,🟡 비슷함(패키지·에디션 표기 다름) → 확인,2025.07,2026.07,5350~5480,판매중,2025.12.01,"5,350~5,480",🟡 +5개월,✅ 겹침
2시리즈,2시리즈 그란쿠페 (F74),가솔린 2WD,220 M 스포츠 디자인,,11,4683,2시리즈 그란쿠페(F74),220 Gran Coupe M Sport,0.50,🔴 맞는 등급 못 찾음(다나와에 없는 한정판·표기 차이),2025.07,2026.07,5350~5480,판매중,2025.07.04,"4,990~5,060",✅ ±3개월,"🔴 다름(엔카 4,990~5,060 / 다나와 5350~5480)"
2시리즈,2시리즈 그란쿠페 (F74),가솔린 4WD,M235 xDrive,,7,4683,2시리즈 그란쿠페(F74),M235 xDrive Gran Coupe,0.67,🟡 비슷함(패키지·에디션 표기 다름) → 확인,2025.07,2025.07,6180~6240,종료,2025.07.04,"6,240",✅ ±3개월,✅ 겹침
2시리즈,2시리즈 그란쿠페 (F74),가솔린 4WD,228 xDrive M 스포츠,,4,4683,2시리즈 그란쿠페(F74),228 xDrive Gran Coupe M Sport,0.75,🟡 비슷함(패키지·에디션 표기 다름) → 확인,2025.07,2026.07,5700~5830,판매중,2025.12.01,"5,700",🟡 +5개월,✅ 겹침
2시리즈,2시리즈 그란쿠페 (F74),가솔린 4WD,M235 xDrive 프로,,3,4683,2시리즈 그란쿠페(F74),M235 xDrive Gran Coupe Pro,0.75,🟡 비슷함(패키지·에디션 표기 다름) → 확인,2025.07,2026.07,6400~6550,판매중,2025.12.01,"6,400",🟡 +5개월,✅ 겹침
2시리즈,2시리즈 (F22),디젤,220d M 스포츠 쿠페,,7,3130,2시리즈(F22/F44),220d M Sport Pkg 외,0.50,🔴 맞는 등급 못 찾음(다나와에 없는 한정판·표기 차이),2014.03,2016.07,,종료,2014.03.06,"5,150~5,210",✅ ±3개월,
2시리즈,2시리즈 (G42),가솔린 4WD,M240i xDrive 쿠페,,3,3803,2시리즈(G42),M240i xDrive Coupe,1.00,✅ 등급명 일치,2022.04,2022.12,6920~7380,종료,2023.07.01,"7,470",🔴 +15개월,"🔴 다름(엔카 7,470 / 다나와 6920~7380)"
2시리즈,2시리즈 (G42),가솔린 4WD,M240i xDrive 쿠페 퍼스트 에디션 쿠페,,2,3803,2시리즈(G42),M240i xDrive Coupe First Edition,1.00,✅ 등급명 일치,2022.04,2022.04,6920,종료,2022.04.12,"6,920",✅ ±3개월,✅ 겹침
i4,i4,전기 2WD,eDrive40 M 스포츠 프로,,93,"4046,4639",i4(G26) / i4(G26 F/L),i4 eDrive40 Gran Coupe M Sport Pro,0.67,🟡 비슷함(패키지·에디션 표기 다름) → 확인,2022.03,2026.07,7300~8450,판매중,2022.03.28,"7,310~8,540",✅ ±3개월,✅ 겹침
i4,i4,전기 2WD,eDrive40 M 스포츠,,41,"4046,4639",i4(G26) / i4(G26 F/L),i4 eDrive40 Gran Coupe M Sport,0.60,🟡 비슷함(패키지·에디션 표기 다름) → 확인,2022.03,2026.07,6520~7910,판매중,2022.03.28,"6,650~7,910",✅ ±3개월,✅ 겹침
i4,i4,전기 4WD,M50 프로,,19,4046,i4(G26),i4 M50 Gran Coupe Pro,0.50,"🟡 M·전기차: 엔카는 배기량·구동만, 다나와는 모델명+등급 → 사람 확인",2022.03,2023.07,8670~9100,종료,2023.06.01,"9,100",🔴 +15개월,✅ 겹침
i4,i4,전기 4WD,M50,,6,4046,i4(G26),i4 M50 Gran Coupe,0.33,"🟡 M·전기차: 엔카는 배기량·구동만, 다나와는 모델명+등급 → 사람 확인",2022.03,2023.07,8470~8490,종료,2022.03.28,"8,490",✅ ±3개월,✅ 겹침
i4,i4,전기 4WD,M50 프로 스페셜 에디션,,3,4046,i4(G26),i4 M50 Gran Coupe Pro Special Edition,0.67,🟡 비슷함(패키지·에디션 표기 다름) → 확인,2023.06,2023.07,9840,종료,2023.09.12,"9,840",✅ ±3개월,✅ 겹침
i4,i4,전기 4WD,M50 프로 퍼스트 에디션,,2,4046,i4(G26),i4 M50 Gran Coupe First Edition,0.50,"🟡 M·전기차: 엔카는 배기량·구동만, 다나와는 모델명+등급 → 사람 확인",2022.03,2022.03,8770,종료,,,,
i4,i4,전기 4WD,M60 프로,,1,4639,i4(G26 F/L),i4 M60 xDrive Gran Coupe Pro,0.40,"🟡 M·전기차: 엔카는 배기량·구동만, 다나와는 모델명+등급 → 사람 확인",2026.02,2026.07,9190,판매중,,,,
Z4,Z4 (G29),가솔린 2WD,sDrive20i M 스포츠,,85,"3682,4424",Z4(G29) / Z4(G29 F/L),sDrive20i M Sport Package 외,1.00,✅ 등급명 일치,2019.03,2026.07,6700~7810,판매중,2019.05.07,"6,710~7,660",✅ ±3개월,✅ 겹침
Z4,Z4 (G29),가솔린 2WD,M40i,,44,"3682,4424",Z4(G29) / Z4(G29 F/L),M40i,1.00,✅ 등급명 일치,2019.03,2026.07,8980~10090,판매중,2019.08.06,"8,980~9,910",🟡 +5개월,✅ 겹침
Z4,Z4 (G29),가솔린 2WD,sDrive20i 스포츠,,10,3682,Z4(G29),sDrive20i Sport 외,1.00,✅ 등급명 일치,2019.03,2021.10,6500~6640,종료,2019.05.07,"6,520~6,640",✅ ±3개월,✅ 겹침
Z4,Z4 (G29),가솔린 2WD,sDrive20i M 스포츠 퍼스트 에디션,,2,4424,Z4(G29 F/L),sDrive20i M Sport First Edition,1.00,✅ 등급명 일치,2023.03,2023.03,7300,종료,2023.03.14,"7,300",✅ ±3개월,✅ 겹침
Z4,Z4 (E89),가솔린 2 인승,sDrive 35i,,6,2363,Z4(E89),35i sDrive 외,1.00,✅ 등급명 일치,2009.05,2013.07,,종료,2009.05.07,"8,640~8,950",✅ ±3개월,
Z4,Z4 (E89),가솔린 2 인승,sDrive 35iS,,6,2363,Z4(E89),35is sDrive,1.00,✅ 등급명 일치,2012.07,2016.02,,종료,2012.01.01,"9,570",🟡 -6개월,
Z4,Z4 (E89),가솔린 2 인승,sDrive 30i,,5,2363,Z4(E89),30i sDrive 외,1.00,✅ 등급명 일치,2009.05,2012.07,,종료,2010.04.01,"7,960~7,970",🟡 +11개월,
Z4,Z4 (E89),가솔린 2 인승,sDrive 28i,,2,2363,Z4(E89),28i sDrive,1.00,✅ 등급명 일치,2012.07,2016.08,,종료,2016.08.01,"8,040",🔴 +49개월,
Z4,Z4 (E85),가솔린 2 인승,3.0i,,3,,,,,🔴 다나와에 이 세대 트림 정보 없음(옛 세대),,,,,,,,
Z4,Z4 (E85),가솔린 2 인승,2.5i,,1,,,,,🔴 다나와에 이 세대 트림 정보 없음(옛 세대),,,,,,,,
8시리즈,8시리즈 (G15),가솔린 4WD,M850i xDrive 그란쿠페,,97,4171,8시리즈(G15/G16 F/L),M850i xDrive Gran Coupe,1.00,✅ 등급명 일치,2022.07,2023.10,13900~14540,종료,2022.07.05,"13,910~14,670",✅ ±3개월,✅ 겹침
8시리즈,8시리즈 (G15),가솔린 4WD,840i xDrive M 스포츠 그란쿠페,,21,3604,8시리즈(G15/G16),840i Gran Coupe xDrive M Sport 외,1.00,✅ 등급명 일치,2019.11,2021.10,13410~13570,종료,2019.11.11,"13,410~13,480",✅ ±3개월,✅ 겹침
8시리즈,8시리즈 (G15),가솔린 4WD,M850i xDrive M 퍼포먼스 그란쿠페,,9,4171,8시리즈(G15/G16 F/L),M850i xDrive Gran Coupe M Performance,1.00,✅ 등급명 일치,2024.11,2025.11,14660~14970,종료,2025.06.11,,🟡 +7개월,
8시리즈,8시리즈 (G15),가솔린 4WD,M850i xDrive 그란쿠페 인디비주얼 에디션,,6,4171,8시리즈(G15/G16 F/L),M850i xDrive Gran Coupe Individual Edition,1.00,✅ 등급명 일치,2023.10,2023.10,15190,종료,2024.02.08,"15,190",🟡 +4개월,✅ 겹침
8시리즈,8시리즈 (G15),가솔린 4WD,M850i xDrive 쿠페,,5,4171,8시리즈(G15/G16 F/L),M850i xDrive Coupe,1.00,✅ 등급명 일치,2022.07,2023.10,14290~14930,종료,,,,
8시리즈,8시리즈 (G15),가솔린 4WD,M850i xDrive 그란쿠페 퍼스트 에디션,,3,4171,8시리즈(G15/G16 F/L),M850i xDrive Gran Coupe First Edition,1.00,✅ 등급명 일치,2022.07,2022.07,14810,종료,2022.07.19,"14,810",✅ ±3개월,✅ 겹침
8시리즈,8시리즈 (G15),가솔린 4WD,840i xDrive M 스포츠 그란쿠페 퍼스트 에디션,,1,3604,8시리즈(G15/G16),840i Gran Coupe M Sport First Edition xDrive,1.00,✅ 등급명 일치,2019.11,2019.11,12650,종료,,,,
8시리즈,8시리즈 (G15),디젤 4WD,840d xDrive M 스포츠 그란쿠페,,10,3604,8시리즈(G15/G16),840d Gran Coupe xDrive M Sport 외,1.00,✅ 등급명 일치,2019.11,2021.10,13490~13700,종료,2020.01.01,"13,630~13,660",✅ ±3개월,✅ 겹침
8시리즈,8시리즈 (G15),디젤 4WD,840d xDrive M 스포츠 그란쿠페 퍼스트 에디션,,1,3604,8시리즈(G15/G16),840d Gran Coupe M Sport First Edition xDrive,1.00,✅ 등급명 일치,2019.11,2019.11,12740,종료,2019.11.11,"12,740",✅ ±3개월,✅ 겹침
M5,M5 (G90),가솔린+전기 4400cc,M5 세단,,50,4657,M5(G90/G99),M5,0.50,"🟡 M·전기차: 엔카는 배기량·구동만, 다나와는 모델명+등급 → 사람 확인",2024.12,2026.09,16810~17120,판매중,2025.01.09,"16,550~16,810",✅ ±3개월,✅ 겹침
M5,M5 (G90),가솔린+전기 4400cc,M5 투어링,,13,4657,M5(G90/G99),M5 Touring,1.00,✅ 등급명 일치,2025.11,2026.09,17270~17410,판매중,2025.12.04,"17,100",✅ ±3개월,"🔴 다름(엔카 17,100 / 다나와 17270~17410)"
M5,M5 (G90),가솔린+전기 4400cc,M5 투어링 퍼스트 에디션,,5,4657,M5(G90/G99),M5 Touring First Edition,1.00,✅ 등급명 일치,2025.11,2025.11,19090,종료,2025.11.11,"19,090",✅ ±3개월,✅ 겹침
M5,M5 (G90),가솔린+전기 4400cc,M5 투어링 스톰 베이 에디션,,4,4657,M5(G90/G99),M5 Touring First Edition,0.50,"🟡 M·전기차: 엔카는 배기량·구동만, 다나와는 모델명+등급 → 사람 확인",2025.11,2025.11,19090,종료,2026.05.12,"18,680",🟡 +6개월,"🔴 다름(엔카 18,680 / 다나와 19090)"
M5,M5 (G90),가솔린+전기 4400cc,M5 세단 스톰 베이 에디션,,3,4657,M5(G90/G99),M5 First Edition,0.33,"🟡 M·전기차: 엔카는 배기량·구동만, 다나와는 모델명+등급 → 사람 확인",2024.12,2025.01,17840~17980,종료,2026.05.12,"18,390",🔴 +17개월,"🔴 다름(엔카 18,390 / 다나와 17840~17980)"
M5,M5 (G90),가솔린+전기 4400cc,M5 세단 퍼스트 에디션,,2,4657,M5(G90/G99),M5 First Edition,0.75,🟡 비슷함(패키지·에디션 표기 다름) → 확인,2024.12,2025.01,17840~17980,종료,2024.12.09,"17,980",✅ ±3개월,✅ 겹침
M5,M5 (F90),가솔린 4400cc,M5 세단,,33,3769,M5(F90),M5,0.50,"🟡 M·전기차: 엔카는 배기량·구동만, 다나와는 모델명+등급 → 사람 확인",2018.05,2020.07,14510~14850,종료,2018.05.14,"14,510~14,690",✅ ±3개월,✅ 겹침
M5,M5 (F90),가솔린 4400cc,M5 세단 컴페티션,,11,3914,M5(F90 F/L),M5 Competition,0.67,🟡 비슷함(패키지·에디션 표기 다름) → 확인,2020.11,2023.07,16120~17110,종료,2021.01.01,"16,170~16,180",✅ ±3개월,✅ 겹침
M5,M5 (F90),가솔린 4400cc,M5 세단 컴페티션 35주년 에디션,,1,3769,M5(F90),M5 Competition 35th Edition,0.50,"🟡 M·전기차: 엔카는 배기량·구동만, 다나와는 모델명+등급 → 사람 확인",2020.01,2020.03,16760~16900,종료,2020.03.01,,✅ ±3개월,
M5,M5 (F90),가솔린 4400cc,M5 세단 퍼스트 에디션,,1,3769,M5(F90),First Edition,0.50,"🟡 M·전기차: 엔카는 배기량·구동만, 다나와는 모델명+등급 → 사람 확인",2018.07,2018.07,15430,종료,,,,
M5,M5 (F10),가솔린 4400cc,M5 세단,,15,3768,M5(F10),M5,0.50,"🟡 M·전기차: 엔카는 배기량·구동만, 다나와는 모델명+등급 → 사람 확인",,2016.08,14330,종료,2014.01.01,"14,330~14,380",,✅ 겹침
M5,M5 (E39),가솔린 4900cc,M5 세단,,2,,,,,🔴 다나와에 이 세대 트림 정보 없음(옛 세대),,,,,,,,
M5,M5 (E60),가솔린 5000cc,M5 세단,,2,,,,,🔴 다나와에 이 세대 트림 정보 없음(옛 세대),,,,,,,,
M5,M5 (E34),가솔린 3500cc,M5 세단,,1,,,,,🔴 다나와에 이 세대 트림 정보 없음(옛 세대),,,,,,,,
X2,X2 (F39),가솔린 4WD,xDrive20i M 스포츠,,34,3538,X2(F39),xDrive20i M Sport 외,1.00,✅ 등급명 일치,2019.11,2023.07,5670~6010,종료,2020.01.01,"5,810~6,010",✅ ±3개월,✅ 겹침
X2,X2 (F39),가솔린 4WD,xDrive M35i,,16,3538,X2(F39),M35i,0.50,🔴 맞는 등급 못 찾음(다나와에 없는 한정판·표기 차이),2021.06,2023.07,6740~7290,종료,2021.08.18,"6,870~7,290",✅ ±3개월,✅ 겹침
X2,X2 (F39),가솔린 4WD,xDrive20i 어드밴티지,,15,3538,X2(F39),xDrive20i Advantage 외,1.00,✅ 등급명 일치,2019.11,2020.10,5120~5260,종료,2019.11.06,"5,200~5,300",✅ ±3개월,✅ 겹침
X2,X2 (F39),가솔린 4WD,xDrive M35i 퍼스트 에디션,,9,3538,X2(F39),M35i First Edition,0.75,🟡 비슷함(패키지·에디션 표기 다름) → 확인,2021.06,2021.06,6930,종료,2021.07.15,"6,930",✅ ±3개월,✅ 겹침
X2,X2 (F39),가솔린 4WD,xDrive25i M 스포츠,,4,3538,X2(F39),25i M Sport Package xDrive,1.00,✅ 등급명 일치,2019.04,2020.07,6010~6150,종료,,,,
X2,X2 (F39),가솔린 4WD,xDrive25i 어드밴티지,,1,3538,X2(F39),25i Advantage xDrive,1.00,✅ 등급명 일치,2019.07,2020.07,5450~5590,종료,2019.08.06,"5,530",✅ ±3개월,✅ 겹침
X2,X2 (F39),디젤 4WD,xDrive20d M 스포츠,,10,3538,X2(F39),20d M Sport Package xDrive,1.00,✅ 등급명 일치,2018.11,2020.01,6190~6250,종료,2018.11.05,"6,190",✅ ±3개월,✅ 겹침
X2,X2 (F39),디젤 4WD,xDrive18d 어드밴티지,,3,3538,X2(F39),xDrive18d Advantage 외,1.00,✅ 등급명 일치,2019.07,2021.06,5040~5300,종료,,,,
X2,X2 (U10),가솔린 4WD,xDrive 20i M 스포츠,,40,4580,X2(U10),xDrive20i M Sport,1.00,✅ 등급명 일치,2024.04,2026.07,6830~7070,판매중,2024.04.04,"6,830~6,940",✅ ±3개월,✅ 겹침
X2,X2 (U10),가솔린 4WD,xDrive M35i,,9,4580,X2(U10),M35i xDrive,1.00,✅ 등급명 일치,2024.04,2025.01,7440~7680,종료,2024.07.09,"7,440~7,850",✅ ±3개월,✅ 겹침
X2,X2 (U10),가솔린 4WD,xDrive M35i 퍼스트 에디션,,1,4580,X2(U10),M35i xDrive First Edition,1.00,✅ 등급명 일치,2024.04,2024.04,8150,종료,,,,
M2,M2 (G87),가솔린 3000cc,M2 쿠페,,81,"4428,4655",M2(G87) / M2(G87 F/L),M2 Coupe,1.00,✅ 등급명 일치,2023.07,2026.11,8990~9440,판매중,2023.07.04,"8,990~9,170",✅ ±3개월,✅ 겹침
M2,M2 (G87),가솔린 3000cc,M2 퍼스트 에디션,,3,"4428,4655",M2(G87) / M2(G87 F/L),M2 Coupe First Edition,0.75,🟡 비슷함(패키지·에디션 표기 다름) → 확인,2023.07,2025.01,9450~9590,종료,2023.07.18,"9,490~9,590",✅ ±3개월,✅ 겹침
M2,M2 (F87),가솔린 3000cc,M2 쿠페,,20,3764,M2(F87),M2 Coupe Competition,0.67,🟡 비슷함(패키지·에디션 표기 다름) → 확인,2020.07,2020.10,7840~7870,종료,2016.08.01,"7,510~7,540",🔴 -47개월,"🔴 다름(엔카 7,510~7,540 / 다나와 7840~7870)"
M2,M2 (F87),가솔린 3000cc,M2 컴페티션,,14,3764,M2(F87),M2 Coupe Competition,0.67,🟡 비슷함(패키지·에디션 표기 다름) → 확인,2020.07,2020.10,7840~7870,종료,2019.05.07,"7,790~7,900",🔴 -14개월,✅ 겹침
M2,M2 (F87),가솔린 3000cc,M2 쿠페 M 퍼포먼스 스티어링 휠 에디션,,14,3764,M2(F87),M2 Coupe Competition Final Edition 외,0.33,"🟡 M·전기차: 엔카는 배기량·구동만, 다나와는 모델명+등급 → 사람 확인",2016.12,2020.10,7490~7900,종료,2017.05.11,"7,490",🟡 +5개월,✅ 겹침
M2,M2 (F87),가솔린 3000cc,M2 컴페티션 파이널 에디션,,4,3764,M2(F87),M2 Coupe Competition Final Edition,0.80,🟡 비슷함(패키지·에디션 표기 다름) → 확인,2020.10,2020.10,7900,종료,2021.03.11,"7,900",🟡 +5개월,✅ 겹침
M2,M2 (F87),가솔린 3000cc,M2 블랙 쉐도우,,3,3764,M2(F87),M2,0.33,"🟡 M·전기차: 엔카는 배기량·구동만, 다나와는 모델명+등급 → 사람 확인",2016.06,2018.07,7390~7580,종료,,,,
M2,M2 (F87),가솔린 3000cc,M2 CS,,2,3764,M2(F87),M2 CS Carbon Ceramic 외,0.50,"🟡 M·전기차: 엔카는 배기량·구동만, 다나와는 모델명+등급 → 사람 확인",2016.06,2020.10,7390~12250,종료,,,,
M4,M4 (G82),가솔린 4WD,M4 컴페티션 M xDrive,,33,"3999,4615",M4(G82/G83) / M4(G82/G83 F/L),M4 Competition M xDrive Coupe 외,0.80,🟡 비슷함(패키지·에디션 표기 다름) → 확인,2021.11,2026.07,12560~14570,판매중,2023.03.01,"13,260~14,050",🔴 +16개월,✅ 겹침
M4,M4 (G82),가솔린 4WD,M4 컨버터블 컴페티션 M xDrive,,27,"3999,4615",M4(G82/G83) / M4(G82/G83 F/L),M4 Competition M xDrive Convertible,1.00,✅ 등급명 일치,2021.11,2026.07,13150~14570,판매중,2021.11.10,"13,210~14,280",✅ ±3개월,✅ 겹침
M4,M4 (G82),가솔린 4WD,M4 CS xDrive,,2,4615,M4(G82/G83 F/L),M4 CS Special Edition,0.40,"🟡 M·전기차: 엔카는 배기량·구동만, 다나와는 모델명+등급 → 사람 확인",2025.01,2025.01,18890,종료,2025.01.16,"18,890",✅ ±3개월,✅ 겹침
M4,M4 (G82),가솔린 4WD,M4 컴페티션 M xDrive 50 Jahre  에디션,,2,3999,M4(G82/G83),M4 Competition M xDrive Coupe Edition 50 Jahre,0.88,🟡 비슷함(패키지·에디션 표기 다름) → 확인,2022.09,2022.09,13310,종료,2022.09.01,,✅ ±3개월,
M4,M4 (G82),가솔린 4WD,M4 컴페티션 M xDrive 퍼스트 에디션,,2,"3999,4615",M4(G82/G83) / M4(G82/G83 F/L),M4 Competition M xDrive Coupe First Edition 외,0.86,🟡 비슷함(패키지·에디션 표기 다름) → 확인,2021.11,2025.01,14010~15130,종료,2024.08.19,"14,510",🔴 +33개월,✅ 겹침
M4,M4 (G82),가솔린 4WD,M4 컨버터블 컴페티션 M xDrive 퍼스트 에디션,,1,"3999,4615",M4(G82/G83) / M4(G82/G83 F/L),M4 Competition M xDrive Convertible First Edition,1.00,✅ 등급명 일치,2021.11,2025.01,14380~15130,종료,2024.08.19,"15,130",🔴 +33개월,✅ 겹침
M4,M4 (G82),가솔린 2WD,M4 컴페티션,,8,3999,M4(G82/G83),M4 Competition Coupe,0.67,🟡 비슷함(패키지·에디션 표기 다름) → 확인,2021.04,2021.12,12270,종료,2021.04.22,"12,270",✅ ±3개월,✅ 겹침
M4,M4 (G82),가솔린 2WD,M4 CSL,,1,3999,M4(G82/G83),M4 Competition Coupe,0.25,"🟡 M·전기차: 엔카는 배기량·구동만, 다나와는 모델명+등급 → 사람 확인",2021.04,2021.12,12270,종료,,,,
M4,M4 (F82),가솔린 3000cc,M4 쿠페 컴페티션,,17,3767,M4(F82/F83),M4 Coupe Competition,1.00,✅ 등급명 일치,2018.07,2020.07,11650~11660,종료,2017.07.28,"11,640~11,780",🟡 -12개월,✅ 겹침
M4,M4 (F82),가솔린 3000cc,M4 컨버터블,,15,3767,M4(F82/F83),M4 Convertible Competition,0.67,🟡 비슷함(패키지·에디션 표기 다름) → 확인,2019.10,2020.03,12430~12570,종료,2014.10.01,"11,780",🔴 -60개월,"🔴 다름(엔카 11,780 / 다나와 12430~12570)"
M4,M4 (F82),가솔린 3000cc,M4 컨버터블 컴페티션,,9,3767,M4(F82/F83),M4 Convertible Competition,1.00,✅ 등급명 일치,2019.10,2020.03,12430~12570,종료,2019.02.08,"12,450",🟡 -8개월,✅ 겹침
M4,M4 (F82),가솔린 3000cc,M4 쿠페,,6,3767,M4(F82/F83),M4 Coupe Competition 외,0.67,🟡 비슷함(패키지·에디션 표기 다름) → 확인,2018.07,2020.07,11650~14740,종료,2015.01.01,"10,940~11,040",🔴 -42개월,"🔴 다름(엔카 10,940~11,040 / 다나와 11650~14740)"
M4,M4 (F82),가솔린 3000cc,M4 쿠페 CS,,3,3767,M4(F82/F83),M4 Coupe CS,1.00,✅ 등급명 일치,2018.07,2018.07,14740,종료,2018.08.07,"14,740",✅ ±3개월,✅ 겹침
M4,M4 (F82),가솔린 3000cc,M4 컨버터블 페인트워크 에디션,,2,3767,M4(F82/F83),M4 Convertible Competition,0.40,"🟡 M·전기차: 엔카는 배기량·구동만, 다나와는 모델명+등급 → 사람 확인",2019.10,2020.03,12430~12570,종료,2017.02.13,"12,660",🔴 -32개월,"🔴 다름(엔카 12,660 / 다나와 12430~12570)"
M4,M4 (F82),가솔린 3000cc,M4 쿠페 컴페티션 헤리티지,,2,3767,M4(F82/F83),M4 Coupe Competition,0.75,🟡 비슷함(패키지·에디션 표기 다름) → 확인,2018.07,2020.07,11650~11660,종료,,,,
M4,M4 (F82),가솔린 3000cc,M4 컨버터블 퍼포먼스 사일렌서 에디션,,1,3767,M4(F82/F83),M4 Convertible Competition 외,0.33,"🟡 M·전기차: 엔카는 배기량·구동만, 다나와는 모델명+등급 → 사람 확인",2016.02,2020.03,12430~12570,종료,,,,
M4,M4 (F82),가솔린 3000cc,M4 쿠페 GTS,,1,3767,M4(F82/F83),M4 Coupe Competition 외,0.50,"🟡 M·전기차: 엔카는 배기량·구동만, 다나와는 모델명+등급 → 사람 확인",2018.07,2020.07,11650~14740,종료,,,,
M4,M4 (F82),가솔린 3000cc,M4 쿠페 퍼포먼스 사일렌서 에디션,,1,3767,M4(F82/F83),M4 Coupe Competition Heritage Edition,0.43,"🟡 M·전기차: 엔카는 배기량·구동만, 다나와는 모델명+등급 → 사람 확인",2020.07,2020.07,11850,종료,,,,
M3,M3 (G80),가솔린 4WD,M3 세단 컴페티션 M xDrive,,44,"3998,4649",M3(G80/G81) / M3(G80/G81 F/L),M3 Competition M xDrive,0.80,🟡 비슷함(패키지·에디션 표기 다름) → 확인,2021.10,2026.07,12580~13800,판매중,2021.11.10,"12,630~13,660",✅ ±3개월,✅ 겹침
M3,M3 (G80),가솔린 4WD,M3 투어링 컴페티션 M xDrive,,23,"3998,4649",M3(G80/G81) / M3(G80/G81 F/L),M3 Competition M xDrive Touring,1.00,✅ 등급명 일치,2023.03,2026.07,13350~13860,판매중,2025.01.03,"13,620~13,720",🔴 +22개월,✅ 겹침
M3,M3 (G80),가솔린 4WD,M3 투어링 컴페티션 M xDrive 스페셜 에디션,,5,4649,M3(G80/G81 F/L),M3 Competition M xDrive Touring Special Edition,1.00,✅ 등급명 일치,2025.11,2025.11,14600,종료,2025.07.10,,🟡 -4개월,
M3,M3 (G80),가솔린 4WD,M3 세단 컴페티션 M xDrive 퍼스트 에디션,,1,3998,M3(G80/G81),M3 Competition M xDrive First Edition,0.86,🟡 비슷함(패키지·에디션 표기 다름) → 확인,2021.10,2021.10,13560,종료,,,,
M3,M3 (G80),가솔린 2WD,M3 세단 컴페티션,,8,3998,M3(G80/G81),M3 Competition,0.67,🟡 비슷함(패키지·에디션 표기 다름) → 확인,2021.04,2021.04,12170,종료,2021.04.22,"12,120~12,170",✅ ±3개월,✅ 겹침
M3,M3 (G80),가솔린 2WD,M3 세단 컴페티션 퍼스트 에디션,,3,3998,M3(G80/G81),M3 Competition First Edition,0.80,🟡 비슷함(패키지·에디션 표기 다름) → 확인,2021.04,2021.04,13070,종료,2021.04.12,"13,070",✅ ±3개월,✅ 겹침
M3,M3 (E90),가솔린 4000cc,M3 쿠페,,9,3765,M3(E90/E92/E93),Coupe,0.50,"🟡 M·전기차: 엔카는 배기량·구동만, 다나와는 모델명+등급 → 사람 확인",2013.01,2014.01,,종료,2012.07.01,"10,210~10,280",🟡 -6개월,
M3,M3 (E90),가솔린 4000cc,M3 컨버터블,,7,3765,M3(E90/E92/E93),Convertible,0.50,"🟡 M·전기차: 엔카는 배기량·구동만, 다나와는 모델명+등급 → 사람 확인",2013.01,2014.01,,종료,2013.01.01,"10,970~11,070",✅ ±3개월,
M3,M3 (E90),가솔린 4000cc,M3 세단,,1,3765,M3(E90/E92/E93),Coupe 외,0.00,"🟡 M·전기차: 엔카는 배기량·구동만, 다나와는 모델명+등급 → 사람 확인",2013.01,2014.01,,종료,,,,
M3,M3 (F80),가솔린 3000cc,M3 세단 컴페티션,,7,3766,M3(F80),Competition 외,0.33,"🟡 M·전기차: 엔카는 배기량·구동만, 다나와는 모델명+등급 → 사람 확인",2014.10,2018.07,11640~11750,종료,2017.08.03,"11,750",🔴 +34개월,✅ 겹침
M3,M3 (F80),가솔린 3000cc,M3 세단,,6,3766,M3(F80),M3,0.50,"🟡 M·전기차: 엔카는 배기량·구동만, 다나와는 모델명+등급 → 사람 확인",2014.10,2016.07,,종료,2016.02.03,"11,040",🔴 +16개월,
M3,M3 (E46),가솔린 3200cc,M3 쿠페,,3,,,,,🔴 다나와에 이 세대 트림 정보 없음(옛 세대),,,,,2001.11.30,"10,100",,
M3,M3 (E46),가솔린 3200cc,M3 컨버터블,,1,,,,,🔴 다나와에 이 세대 트림 정보 없음(옛 세대),,,,,,,,
M3,M3 (E36),가솔린,M3 쿠페,,1,,,,,🔴 다나와에 이 세대 트림 정보 없음(옛 세대),,,,,,,,
i5,i5 (G60),전기 2WD,eDrive 40 M 스포츠,,57,4528,i5(G60),i5 eDrive40 M Sport,0.75,🟡 비슷함(패키지·에디션 표기 다름) → 확인,2023.10,2026.07,9570~9700,판매중,2023.09.30,"9,680~9,700",✅ ±3개월,✅ 겹침
i5,i5 (G60),전기 2WD,eDrive 40,,8,4528,i5(G60),i5 eDrive40,0.67,🟡 비슷함(패키지·에디션 표기 다름) → 확인,2023.10,2025.01,9280~9290,종료,2023.09.30,"9,280~9,390",✅ ±3개월,✅ 겹침
i5,i5 (G60),전기 2WD,eDrive 40 M 스포츠 프로,,7,4528,i5(G60),i5 eDrive40 M Sport Pro,0.80,🟡 비슷함(패키지·에디션 표기 다름) → 확인,2023.10,2023.10,9790,종료,,,,
i5,i5 (G60),전기 4WD,M60 xDrive,,29,4528,i5(G60),i5 M60 xDrive,0.67,🟡 비슷함(패키지·에디션 표기 다름) → 확인,2023.10,2023.10,13890,종료,2023.09.30,"13,890~14,090",✅ ±3개월,✅ 겹침
i5,i5 (G60),전기 4WD,xDrive 40 M 스포츠,,12,4528,i5(G60),i5 xDrive40 M Sport,0.75,🟡 비슷함(패키지·에디션 표기 다름) → 확인,2025.01,2026.07,10380~10600,판매중,2024.11.01,"10,300",✅ ±3개월,"🔴 다름(엔카 10,300 / 다나와 10380~10600)"
i5,i5 (G60),전기 4WD,xDrive 40 M 스포츠 프로,,3,4528,i5(G60),i5 xDrive40 M Sport Pro,0.80,🟡 비슷함(패키지·에디션 표기 다름) → 확인,2025.01,2026.07,10580~10810,판매중,,,,
6시리즈,6시리즈 (F12),디젤 3000cc,640d xDrive M 스포츠 그란쿠페,,33,3296,6시리즈(F12/F13 F/L),640d M Sport Package xDrive 외,0.75,🟡 비슷함(패키지·에디션 표기 다름) → 확인,2015.08,2017.09,11830,종료,2016.02.03,"11,610~11,830",🟡 +6개월,✅ 겹침
6시리즈,6시리즈 (F12),디젤 3000cc,640d xDrive 그란쿠페,,17,"2354,3296",6시리즈(F06/F12) / 6시리즈(F12/F13 F/L),640d xDrive,0.67,🟡 비슷함(패키지·에디션 표기 다름) → 확인,2014.01,2015.08,,종료,2013.07.01,"11,580~11,670",🟡 -6개월,
6시리즈,6시리즈 (F12),디젤 3000cc,640d xDrive M 스포츠 리미티드 그란쿠페,,13,3296,6시리즈(F12/F13 F/L),640d M Sport Limited Edition xDrive,0.67,🟡 비슷함(패키지·에디션 표기 다름) → 확인,2016.08,2018.07,12590~12730,종료,2017.08.03,"12,590~12,730",🟡 +12개월,✅ 겹침
6시리즈,6시리즈 (F12),가솔린 3000cc,640i 그란쿠페,,8,2354,6시리즈(F06/F12),640i,0.50,🔴 맞는 등급 못 찾음(다나와에 없는 한정판·표기 차이),2012.07,2015.01,,종료,2012.07.05,"10,830~10,980",✅ ±3개월,
6시리즈,6시리즈 (F12),가솔린 3000cc,640i 컨버터블,,5,2354,6시리즈(F06/F12),640i Convertible,1.00,✅ 등급명 일치,2012.07,2013.10,,종료,2012.03.15,"11,980",🟡 -4개월,
6시리즈,6시리즈 (F12),가솔린 3000cc,640i 그란쿠페 익스클루시브,,4,2354,6시리즈(F06/F12),640i Exclusive,0.67,🟡 비슷함(패키지·에디션 표기 다름) → 확인,2012.07,2014.01,,종료,2013.01.01,"13,610",🟡 +6개월,
6시리즈,6시리즈 (F12),가솔린 3000cc,640i 쿠페,,1,2354,6시리즈(F06/F12),640i,0.50,🔴 맞는 등급 못 찾음(다나와에 없는 한정판·표기 차이),2012.07,2015.01,,종료,,,,
6시리즈,6시리즈 (F12),가솔린 4400cc,650i 컨버터블,,9,2354,6시리즈(F06/F12),650i Convertible,1.00,✅ 등급명 일치,2012.07,2014.06,,종료,2011.07.01,"14,930~15,580",🟡 -12개월,
6시리즈,6시리즈 (E63),가솔린 4800cc,650i 컨버터블,,7,,,,,🔴 다나와에 이 세대 트림 정보 없음(옛 세대),,,,,2008.04.15,"17,280",,
6시리즈,6시리즈 (E63),가솔린 4400cc,645Ci 컨버터블,,1,,,,,🔴 다나와에 이 세대 트림 정보 없음(옛 세대),,,,,2004.11.01,"16,500",,
i7,i7 (G70),전기 4WD,xDrive 60 M 스포츠,,27,4181,i7(G70),i7 xDrive60 M Sport,0.75,🟡 비슷함(패키지·에디션 표기 다름) → 확인,2023.11,2026.07,21510~21650,판매중,2022.12.16,"21,510~21,870",🟡 -11개월,✅ 겹침
i7,i7 (G70),전기 4WD,xDrive 60 디자인 퓨어 엑셀런스,,16,4181,i7(G70),i7 xDrive60 DPE,0.75,🟡 비슷함(패키지·에디션 표기 다름) → 확인,2023.11,2026.07,21210~21350,판매중,2022.12.16,"21,350~21,570",🟡 -11개월,✅ 겹침
i7,i7 (G70),전기 4WD,M70 xDrive M 퍼포먼스,,8,4181,i7(G70),i7 M70 xDrive M Performance,0.80,🟡 비슷함(패키지·에디션 표기 다름) → 확인,2023.11,2025.01,23220~23300,종료,2024.01.02,"23,300",✅ ±3개월,✅ 겹침
i7,i7 (G70),전기 4WD,M70 xDrive,,4,4181,i7(G70),i7 M70 xDrive M Performance 외,0.40,"🟡 M·전기차: 엔카는 배기량·구동만, 다나와는 모델명+등급 → 사람 확인",2023.11,2025.01,23220~26340,종료,2023.11.03,"23,180",✅ ±3개월,✅ 겹침
i7,i7 (G70),전기 4WD,xDrive 60 프리즈 서울 에디션,,3,4181,i7(G70),i7 xDrive60 2024 Frieze Seoul Edition,0.33,"🟡 M·전기차: 엔카는 배기량·구동만, 다나와는 모델명+등급 → 사람 확인",2023.11,2023.11,23650,종료,2024.09.04,"23,650",🟡 +10개월,✅ 겹침
i7,i7 (G70),전기 4WD,xDrive 60 M 스포츠 인디비주얼,,1,4181,i7(G70),i7 xDrive60 M Sport Individual Two-tone,0.67,🟡 비슷함(패키지·에디션 표기 다름) → 확인,2022.12,2022.12,24320,종료,2022.12.16,"24,320",✅ ±3개월,✅ 겹침
i7,i7 (G70),전기 2WD,eDrive 50 M 스포츠,,25,4181,i7(G70),i7 eDrive50 M Sport,0.75,🟡 비슷함(패키지·에디션 표기 다름) → 확인,2023.11,2026.07,18110~18250,판매중,2023.11.03,"18,110~18,250",✅ ±3개월,✅ 겹침
i7,i7 (G70),전기 2WD,eDrive 50 M 스포츠 리미티드,,5,4181,i7(G70),i7 eDrive50 M Sport Limited,0.80,🟡 비슷함(패키지·에디션 표기 다름) → 확인,2024.09,2026.07,16610~16750,판매중,2023.11.03,"16,610~16,750",🟡 -10개월,✅ 겹침
iX3,iX3,전기,M 스포츠,,77,3983,iX3(G08 F/L),iX3 M Sport,0.50,"🟡 M·전기차: 엔카는 배기량·구동만, 다나와는 모델명+등급 → 사람 확인",2021.11,2025.01,7720~8260,종료,2021.11.25,"7,590~8,240",✅ ±3개월,✅ 겹침
iX3,iX3 (NA5),전기 4WD,50 xDrive,M 스포츠,4,4751,iX3(NA5),50 xDrive M Sport 외,0.67,🟡 비슷함(패키지·에디션 표기 다름) → 확인,2026.06,2026.09,7990~8760,판매중,2026.07.01,"9,280",✅ ±3개월,"🔴 다름(엔카 9,280 / 다나와 7990~8760)"
iX3,iX3 (NA5),전기 4WD,50 xDrive,M 스포츠 프로,4,4751,iX3(NA5),50 xDrive M Sport 외,0.67,🟡 비슷함(패키지·에디션 표기 다름) → 확인,2026.06,2026.09,7990~8760,판매중,2026.07.01,"9,280",✅ ±3개월,"🔴 다름(엔카 9,280 / 다나와 7990~8760)"
iX,iX,전기,xDrive50 스포츠 플러스,,41,4009,iX(i20),xDrive50 Sport Plus,1.00,✅ 등급명 일치,2021.11,2025.01,14280~15360,종료,2022.09.01,"14,440~15,200",🟡 +10개월,✅ 겹침
iX,iX,전기,xDrive45 M 스포츠,,12,4708,iX(i20 F/L),iX xDrive45 M Sport,0.75,🟡 비슷함(패키지·에디션 표기 다름) → 확인,2025.08,2026.09,12610~12680,판매중,2025.08.06,"12,480~12,680",✅ ±3개월,✅ 겹침
iX,iX,전기,xDrive40 퍼스트에디션,,10,4009,iX(i20),xDrive40 First Edition 외,0.40,"🟡 M·전기차: 엔카는 배기량·구동만, 다나와는 모델명+등급 → 사람 확인",2021.11,2021.11,12190~12260,종료,2021.11.22,"12,260",✅ ±3개월,✅ 겹침
iX,iX,전기,xDrive M60,,5,4009,iX(i20),M60,0.50,"🟡 M·전기차: 엔카는 배기량·구동만, 다나와는 모델명+등급 → 사람 확인",2021.11,2025.01,15550~16390,종료,2023.11.15,"16,390",🔴 +24개월,✅ 겹침
iX,iX,전기,xDrive60 M 스포츠 프로,,4,4708,iX(i20 F/L),iX xDrive60 M Sport Pro,0.80,🟡 비슷함(패키지·에디션 표기 다름) → 확인,2025.08,2026.09,15530~15670,판매중,,,,
iX,iX,전기,xDrive45 M 스포츠 퍼스트 에디션,,2,4708,iX(i20 F/L),iX xDrive45 M Sport First Edition,0.83,🟡 비슷함(패키지·에디션 표기 다름) → 확인,2025.08,2025.08,12710,종료,,,,
iX,iX,전기,xDrive50 스포츠 스페셜 에디션,,2,4009,iX(i20),xDrive50 Sport Plus 외,0.50,"🟡 M·전기차: 엔카는 배기량·구동만, 다나와는 모델명+등급 → 사람 확인",2021.11,2025.01,13750~15360,종료,,,,
iX,iX,전기,xDrive M70,,1,4708,iX(i20 F/L),iX M70 xDrive,0.67,🟡 비슷함(패키지·에디션 표기 다름) → 확인,2025.08,2026.09,17950~18090,판매중,,,,
XM,XM (G09),가솔린+전기 4WD,4.4,,56,4422,XM(G09),XM Label 외,0.00,"🟡 M·전기차: 엔카는 배기량·구동만, 다나와는 모델명+등급 → 사람 확인",2023.03,2026.07,22190~26840,판매중,2023.03.28,"22,190",✅ ±3개월,✅ 겹침
XM,XM (G09),가솔린+전기 4WD,4.4 레이블,,11,4422,XM(G09),XM Label 외,0.00,"🟡 M·전기차: 엔카는 배기량·구동만, 다나와는 모델명+등급 → 사람 확인",2023.03,2026.07,22190~26840,판매중,2024.09.10,"22,770",🔴 +18개월,✅ 겹침
XM,XM (G09),가솔린+전기 4WD,4.4 퍼스트 에디션,,1,4422,XM(G09),XM First Edition,0.50,"🟡 M·전기차: 엔카는 배기량·구동만, 다나와는 모델명+등급 → 사람 확인",2023.03,2023.07,22530~22670,종료,2023.04.01,"22,530",✅ ±3개월,✅ 겹침
X6M,X6M (G06),가솔린 4WD,4.4 컴페티션,,28,"3806,4480",X6 M(F96) / X6 M(F96 F/L),X6 M Competition,0.25,🔴 맞는 등급 못 찾음(다나와에 없는 한정판·표기 차이),2021.01,2026.07,17710~19920,판매중,2021.01.01,"17,760~19,580",✅ ±3개월,✅ 겹침
X6M,X6M (G06),가솔린 4WD,4.4 컴페티션 퍼스트 에디션,,5,"3806,4480",X6 M(F96) / X6 M(F96 F/L),X6 M Competition First Edition,0.50,🔴 맞는 등급 못 찾음(다나와에 없는 한정판·표기 차이),2021.01,2023.08,19000~19800,종료,2021.03.15,"19,000",✅ ±3개월,✅ 겹침
X6M,X6M (G06),가솔린 4WD,4.4,,1,"3759,3806,4480",X6 M(F16) / X6 M(F96) / X6 M(F96 F/L),X6 M 외,0.00,🔴 맞는 등급 못 찾음(다나와에 없는 한정판·표기 차이),2015.08,2026.07,16300~20150,판매중,2020.08.06,"16,710",🔴 +60개월,✅ 겹침
X6M,X6M (F16),가솔린 4WD,4.4,,22,3759,X6 M(F16),X6 M,0.00,🔴 맞는 등급 못 찾음(다나와에 없는 한정판·표기 차이),2015.08,2020.07,16300~16490,종료,2015.08.12,"16,150~16,500",✅ ±3개월,✅ 겹침
X6M,X6M (E71),가솔린 4WD,4.4,,6,,,,,🔴 다나와에 이 세대 트림 정보 없음(옛 세대),,,,,2009.12.03,"16,190",,
X5M,X5M (G05),가솔린 4WD,4.4 컴페티션,,45,"3805,4479",X5 M(F95) / X5 M(F95 F/L),X5 M Competition,0.25,🔴 맞는 등급 못 찾음(다나와에 없는 한정판·표기 차이),2021.01,2026.07,17410~19310,판매중,2021.01.01,"17,460~19,170",✅ ±3개월,✅ 겹침
X5M,X5M (G05),가솔린 4WD,4.4,,4,"3758,3805,4479",X5 M(F85) / X5 M(F95) / X5 M(F95 F/L),X5 M 외,0.00,🔴 맞는 등급 못 찾음(다나와에 없는 한정판·표기 차이),2015.08,2026.07,16030~19740,판매중,2020.08.06,"16,410",🔴 +60개월,✅ 겹침
X5M,X5M (G05),가솔린 4WD,4.4 컴페티션 퍼스트 에디션,,2,"3805,4479",X5 M(F95) / X5 M(F95 F/L),X5 M Competition First Edition,0.50,🔴 맞는 등급 못 찾음(다나와에 없는 한정판·표기 차이),2021.01,2023.08,18700~19300,종료,2021.01.01,,✅ ±3개월,
X5M,X5M (F15),가솔린 4WD,4.4,,6,3758,X5 M(F85),X5 M,0.00,🔴 맞는 등급 못 찾음(다나와에 없는 한정판·표기 차이),2015.08,2019.08,16030,종료,2015.08.27,"15,560~15,850",✅ ±3개월,"🔴 다름(엔카 15,560~15,850 / 다나와 16030)"
X4M,X4M (G02),가솔린 4WD,3.0 컴패티션,,14,4073,X4 M(F98 F/L),X4 M Competition,0.25,🔴 맞는 등급 못 찾음(다나와에 없는 한정판·표기 차이),2021.11,2025.01,12390~13020,종료,2022.12.01,"12,610~13,020",🔴 +13개월,✅ 겹침
X4M,X4M (G02),가솔린 4WD,3.0,,11,"3741,4073",X4 M(F98) / X4 M(F98 F/L),X4 M Competition Carbon Package 외,0.00,🔴 맞는 등급 못 찾음(다나와에 없는 한정판·표기 차이),2019.10,2025.01,10800~13020,종료,2019.09.05,"10,800~10,820",✅ ±3개월,✅ 겹침
X4M,X4M (G02),가솔린 4WD,3.0 컴패티션 카본패키지,,6,4073,X4 M(F98 F/L),X4 M Competition,0.20,🔴 맞는 등급 못 찾음(다나와에 없는 한정판·표기 차이),2021.11,2025.01,12390~13020,종료,2020.03.01,"12,090",🔴 -20개월,"🔴 다름(엔카 12,090 / 다나와 12390~13020)"
i8,i8,가솔린+전기 4WD,쿠페,,20,3749,i8(I12 F/L),Coupe,1.00,✅ 등급명 일치,2019.03,2020.03,19800~19960,종료,2015.03.26,"19,680~19,990",🔴 -48개월,✅ 겹침
i8,i8,가솔린+전기 4WD,로드스터,,5,3749,i8(I12 F/L),Roadster,1.00,✅ 등급명 일치,2019.03,2020.03,21970~22130,종료,2018.07.19,"21,970",🟡 -8개월,✅ 겹침
X3M,X3M (G01),가솔린 4WD,3.0 컴페티션,,13,"3740,4071",X3 M(F97) / X3 M(F97 F/L),X3 M Competition,0.25,🔴 맞는 등급 못 찾음(다나와에 없는 한정판·표기 차이),2020.07,2025.01,11250~12510,종료,2020.10.07,"11,250~12,490",✅ ±3개월,✅ 겹침
X3M,X3M (G01),가솔린 4WD,3.0,,9,"3740,4071",X3 M(F97) / X3 M(F97 F/L),X3 M Competition 외,0.00,🔴 맞는 등급 못 찾음(다나와에 없는 한정판·표기 차이),2019.10,2025.01,10550~12510,종료,2019.09.05,"10,550~10,580",✅ ±3개월,✅ 겹침
i3,i3,전기,솔+,,10,"3149,3570",i3(I01) / i3(I01 F/L),LUX 외,0.00,"🟡 M·전기차: 엔카는 배기량·구동만, 다나와는 모델명+등급 → 사람 확인",2014.04,2021.01,5430~6986,종료,2016.08.01,"6,360~6,560",🔴 +28개월,✅ 겹침
i3,i3,전기,룩스,,9,"3149,3570",i3(I01) / i3(I01 F/L),LUX 외,0.00,"🟡 M·전기차: 엔카는 배기량·구동만, 다나와는 모델명+등급 → 사람 확인",2014.04,2021.01,5430~6986,종료,2014.10.01,"5,710~6,000",🟡 +6개월,✅ 겹침
i3,i3,전기,솔,,3,"3149,3570",i3(I01) / i3(I01 F/L),LUX 외,0.00,"🟡 M·전기차: 엔카는 배기량·구동만, 다나와는 모델명+등급 → 사람 확인",2014.04,2021.01,5430~6986,종료,2014.04.24,"6,400",✅ ±3개월,✅ 겹침
iX1,iX1 (U11),전기 4WD,xDrive 30 M 스포츠,,12,4372,iX1(U11),xDrive30 M Sport,1.00,✅ 등급명 일치,2023.03,2026.07,6860~7050,판매중,2023.03.27,"6,950~7,050",✅ ±3개월,✅ 겹침
iX1,iX1 (U11),전기 4WD,xDrive 30 xLine,,4,4372,iX1(U11),xDrive30 xLine,1.00,✅ 등급명 일치,2023.03,2026.07,6690~6790,판매중,2024.11.01,"6,760~6,790",🔴 +20개월,✅ 겹침
iX1,iX1 (U11),전기 2WD,eDrive 20 M 스포츠,,1,4372,iX1(U11),eDrive20 M Sport,1.00,✅ 등급명 일치,2025.01,2026.09,6650~6780,판매중,2026.07.01,"6,690",🔴 +18개월,✅ 겹침
iX2,iX2 (U10),전기 2WD,eDrive 20 M 스포츠,,10,4582,iX2(U10),eDrive20 M Sport,1.00,✅ 등급명 일치,2025.03,2025.12,6570~6580,종료,2026.01.01,"6,580",🟡 +10개월,✅ 겹침
M8,M8 (G15),가솔린 4400cc,M8 그란쿠페 컴페티션,,6,"3800,4172",M8(F92/F93) / M8(F92/F93 F/L),M8 Gran Coupe Competition 외,1.00,✅ 등급명 일치,2020.07,2026.07,23550~25180,판매중,2020.03.01,"23,670",🟡 -4개월,✅ 겹침
M8,M8 (G15),가솔린 4400cc,M8 쿠페 컴페티션,,3,"3800,4172",M8(F92/F93) / M8(F92/F93 F/L),M8 Coupe Competition 외,1.00,✅ 등급명 일치,2019.11,2026.07,23840~25210,판매중,2020.01.01,"24,110",✅ ±3개월,✅ 겹침
1M,1M (E82),가솔린 3000cc,1M 쿠페,,8,3763,1M(E82),1M,0.50,"🟡 M·전기차: 엔카는 배기량·구동만, 다나와는 모델명+등급 → 사람 확인",,2013.01,,종료,2011.07.01,"6,310~6,450",,
M6,M6 (F12),가솔린 4400cc,M6 쿠페,,4,3770,M6(F06/F12/F13),Coupe,0.50,"🟡 M·전기차: 엔카는 배기량·구동만, 다나와는 모델명+등급 → 사람 확인",2013.02,2016.08,18690,종료,2015.08.27,"18,420~18,590",🔴 +30개월,"🔴 다름(엔카 18,420~18,590 / 다나와 18690)"
M6,M6 (E63),가솔린 5000cc,M6 쿠페,,1,,,,,🔴 다나와에 이 세대 트림 정보 없음(옛 세대),,,,,,,,
Z3,Z3,가솔린 2000cc 이하,1.9,E36/7,1,,,,,🔴 다나와에 이 세대 트림 정보 없음(옛 세대),,,,,,,,
Z3,Z3,가솔린 2000cc 이하,2.0,E36/7,1,,,,,🔴 다나와에 이 세대 트림 정보 없음(옛 세대),,,,,,,,
Z3,Z3,가솔린 2000cc 이상,3.0i,E36/7,1,,,,,🔴 다나와에 이 세대 트림 정보 없음(옛 세대),,,,,,,,
M 쿠페/로드스터,M 쿠페/로드스터 (E85),가솔린 3200cc,M 쿠페,,1,,,,,🔴 다나와에 이 세대 트림 정보 없음(옛 세대),,,,,,,,
