순번,국산/수입,제조사,1뎁스 모델그룹,2뎁스 모델(세대),3뎁스 연료·구동,4뎁스 등급,5뎁스 세부등급,제조사 매물,모델그룹 매물,모델 매물,연료·구동 매물,등급 매물,세부등급 매물
1,국산,현대,그랜저,그랜저 (GN7),가솔린 2WD,2.5 가솔린 2WD,프리미엄,48489,10146,871,567,487,215
2,국산,현대,그랜저,그랜저 (GN7),가솔린 2WD,2.5 가솔린 2WD,익스클루시브,48489,10146,871,567,487,158
3,국산,현대,그랜저,그랜저 (GN7),가솔린 2WD,2.5 가솔린 2WD,캘리그래피,48489,10146,871,567,487,105
4,국산,현대,그랜저,그랜저 (GN7),가솔린 2WD,2.5 가솔린 2WD,아너스,48489,10146,871,567,487,9
5,국산,현대,아반떼,더 뉴 아반떼 AD,가솔린 1600cc,1.6,스마트,48489,5671,458,415,409,210
6,국산,현대,아반떼,더 뉴 아반떼 AD,가솔린 1600cc,1.6,스타일,48489,5671,458,415,409,130
7,국산,현대,아반떼,더 뉴 아반떼 AD,가솔린 1600cc,1.6,스마트 초이스,48489,5671,458,415,409,58
8,국산,현대,아반떼,더 뉴 아반떼 AD,가솔린 1600cc,1.6,프리미엄,48489,5671,458,415,409,11
9,국산,현대,투싼,올 뉴 투싼,디젤 2WD,디젤 2.0 2WD,모던,48489,3150,1252,965,568,334
10,국산,현대,투싼,올 뉴 투싼,디젤 2WD,디젤 2.0 2WD,프리미엄,48489,3150,1252,965,568,107
11,국산,현대,투싼,올 뉴 투싼,디젤 2WD,디젤 2.0 2WD,스마트,48489,3150,1252,965,568,52
12,국산,현대,투싼,올 뉴 투싼,디젤 2WD,디젤 2.0 2WD,스타일 스페셜,48489,3150,1252,965,568,29
13,국산,현대,투싼,올 뉴 투싼,디젤 2WD,디젤 2.0 2WD,스타일,48489,3150,1252,965,568,20
14,국산,현대,투싼,올 뉴 투싼,디젤 2WD,디젤 2.0 2WD,모던 스페셜,48489,3150,1252,965,568,15
15,국산,현대,투싼,올 뉴 투싼,디젤 2WD,디젤 2.0 2WD,익스트림 에디션,48489,3150,1252,965,568,7
16,국산,현대,투싼,올 뉴 투싼,디젤 2WD,디젤 2.0 2WD,얼티밋 에디션,48489,3150,1252,965,568,2
17,국산,현대,투싼,올 뉴 투싼,디젤 2WD,디젤 2.0 2WD,인스퍼레이션,48489,3150,1252,965,568,2
18,국산,현대,투싼,투싼 ix,디젤 2WD,디젤 2WD LX20,럭셔리,48489,3150,309,268,193,71
19,국산,현대,투싼,투싼 ix,디젤 2WD,디젤 2WD LX20,스마트팩,48489,3150,309,268,193,61
20,국산,현대,투싼,투싼 ix,디젤 2WD,디젤 2WD LX20,프리미어,48489,3150,309,268,193,56
21,국산,현대,투싼,투싼 ix,디젤 2WD,디젤 2WD LX20,모던,48489,3150,309,268,193,5
22,국산,현대,투싼,투싼 (NX4),가솔린 1600cc,가솔린 1.6 터보 2WD,인스퍼레이션,48489,3150,794,424,354,141
23,국산,현대,투싼,투싼 (NX4),가솔린 1600cc,가솔린 1.6 터보 2WD,모던,48489,3150,794,424,354,106
24,국산,현대,투싼,투싼 (NX4),가솔린 1600cc,가솔린 1.6 터보 2WD,프리미엄,48489,3150,794,424,354,93
25,국산,현대,투싼,투싼 (NX4),가솔린 1600cc,가솔린 1.6 터보 2WD,N Line 인스퍼레이션,48489,3150,794,424,354,14
26,국산,현대,싼타페,싼타페 TM,디젤 2000cc,디젤 2.0 2WD,익스클루시브,48489,5751,1475,943,783,252
27,국산,현대,싼타페,싼타페 TM,디젤 2000cc,디젤 2.0 2WD,프리미엄,48489,5751,1475,943,783,170
28,국산,현대,싼타페,싼타페 TM,디젤 2000cc,디젤 2.0 2WD,프레스티지,48489,5751,1475,943,783,153
29,국산,현대,싼타페,싼타페 TM,디젤 2000cc,디젤 2.0 2WD,익스클루시브 스페셜,48489,5751,1475,943,783,149
30,국산,현대,싼타페,싼타페 TM,디젤 2000cc,디젤 2.0 2WD,인스퍼레이션,48489,5751,1475,943,783,44
31,국산,현대,싼타페,싼타페 TM,디젤 2000cc,디젤 2.0 2WD,모던,48489,5751,1475,943,783,15
32,국산,현대,그랜저,그랜저 HG,가솔린 2400cc,HG240 모던,,48489,10146,2058,918,593,
33,국산,현대,싼타페,싼타페 더 프라임,디젤 2000cc,디젤 2.0 2WD,프리미엄,48489,5751,934,818,717,280
34,국산,현대,싼타페,싼타페 더 프라임,디젤 2000cc,디젤 2.0 2WD,익스클루시브,48489,5751,934,818,717,165
35,국산,현대,싼타페,싼타페 더 프라임,디젤 2000cc,디젤 2.0 2WD,밸류 플러스,48489,5751,934,818,717,112
36,국산,현대,싼타페,싼타페 더 프라임,디젤 2000cc,디젤 2.0 2WD,익스클루시브 스페셜,48489,5751,934,818,717,88
37,국산,현대,싼타페,싼타페 더 프라임,디젤 2000cc,디젤 2.0 2WD,1 밀리언,48489,5751,934,818,717,31
38,국산,현대,싼타페,싼타페 더 프라임,디젤 2000cc,디젤 2.0 2WD,모던,48489,5751,934,818,717,30
39,국산,현대,싼타페,싼타페 더 프라임,디젤 2000cc,디젤 2.0 2WD,스마트,48489,5751,934,818,717,7
40,국산,현대,싼타페,싼타페 더 프라임,디젤 2000cc,디젤 2.0 2WD,1 밀리언 스타일,48489,5751,934,818,717,4
41,국산,현대,그랜저,더 뉴 그랜저 IG,가솔린 2500cc,2.5,르블랑,48489,10146,2808,1849,1849,519
42,국산,현대,그랜저,더 뉴 그랜저 IG,가솔린 2500cc,2.5,프리미엄 초이스,48489,10146,2808,1849,1849,446
43,국산,현대,그랜저,더 뉴 그랜저 IG,가솔린 2500cc,2.5,익스클루시브,48489,10146,2808,1849,1849,381
44,국산,현대,그랜저,더 뉴 그랜저 IG,가솔린 2500cc,2.5,캘리그래피,48489,10146,2808,1849,1849,259
45,국산,현대,그랜저,더 뉴 그랜저 IG,가솔린 2500cc,2.5,프리미엄,48489,10146,2808,1849,1849,231
46,국산,현대,그랜저,더 뉴 그랜저 IG,가솔린 2500cc,2.5,스페셜,48489,10146,2808,1849,1849,13
47,국산,현대,투싼,투싼 하이브리드 (NX4),가솔린+전기 2WD,인스퍼레이션 2WD,,48489,3150,169,162,68,
48,국산,현대,아반떼,더 뉴 아반떼,가솔린 1600cc,1.6 GDi 스마트,기본형,48489,5671,517,400,169,169
49,국산,현대,아반떼,아반떼 (CN7),가솔린 1600cc,1.6,모던,48489,5671,1654,1416,1367,670
50,국산,현대,아반떼,더 뉴 아반떼 (CN7),가솔린 1600cc,1.6,모던,48489,5671,634,526,526,258
51,국산,현대,아반떼,더 뉴 아반떼 (CN7),가솔린 1600cc,1.6,인스퍼레이션,48489,5671,634,526,526,165
52,국산,현대,아반떼,더 뉴 아반떼 (CN7),가솔린 1600cc,1.6,스마트,48489,5671,634,526,526,61
53,국산,현대,아반떼,더 뉴 아반떼 (CN7),가솔린 1600cc,1.6,인스퍼레이션 N Line,48489,5671,634,526,526,32
54,국산,현대,아반떼,더 뉴 아반떼 (CN7),가솔린 1600cc,1.6,모던 N Line,48489,5671,634,526,526,10
55,국산,현대,아반떼,아반떼 (CN7),가솔린 1600cc,1.6,인스퍼레이션,48489,5671,1654,1416,1367,497
56,국산,현대,아반떼,아반떼 (CN7),가솔린 1600cc,1.6,스마트,48489,5671,1654,1416,1367,200
57,국산,현대,그랜저,그랜저 하이브리드 (GN7),가솔린+전기 1600cc,캘리그래피,,48489,10146,674,674,350,
58,국산,현대,쏘나타,쏘나타 하이브리드 (DN8),가솔린+전기 2000cc,인스퍼레이션,,48489,4776,270,270,69,
59,국산,현대,쏘나타,쏘나타 더 브릴리언트,가솔린 2000cc,CVVL 스마트,,48489,4776,211,143,54,
60,국산,현대,아반떼,더 뉴 아반떼 AD,가솔린 1600cc,1.6 터보 스포츠,프리미엄,48489,5671,458,415,6,4
61,국산,현대,아반떼,더 뉴 아반떼 AD,가솔린 1600cc,1.6 터보 스포츠,모던,48489,5671,458,415,6,2
62,국산,현대,그랜저,그랜저 (GN7),가솔린 2WD,3.5 가솔린 2WD,익스클루시브,48489,10146,871,567,80,32
63,국산,현대,싼타페,싼타페 (MX5),가솔린+전기 1600cc,HEV 1.6 2WD,캘리그래피,48489,5751,809,461,376,231
64,국산,현대,그랜저,그랜저 (GN7),가솔린 2WD,3.5 가솔린 2WD,캘리그래피,48489,10146,871,567,80,28
65,국산,현대,그랜저,그랜저 (GN7),가솔린 2WD,3.5 가솔린 2WD,프리미엄,48489,10146,871,567,80,20
66,국산,현대,싼타페,싼타페 (MX5),가솔린+전기 1600cc,HEV 1.6 2WD,프레스티지,48489,5751,809,461,376,61
67,국산,현대,싼타페,싼타페 (MX5),가솔린+전기 1600cc,HEV 1.6 2WD,H Pick,48489,5751,809,461,376,33
68,국산,현대,싼타페,싼타페 (MX5),가솔린+전기 1600cc,HEV 1.6 2WD,프레스티지 플러스,48489,5751,809,461,376,26
69,국산,현대,싼타페,싼타페 (MX5),가솔린+전기 1600cc,HEV 1.6 2WD,익스클루시브,48489,5751,809,461,376,25
70,국산,현대,투싼,올 뉴 투싼,디젤 2WD,디젤 1.7 2WD,모던,48489,3150,1252,965,317,181
71,국산,현대,투싼,올 뉴 투싼,디젤 2WD,디젤 1.7 2WD,스타일,48489,3150,1252,965,317,48
72,국산,현대,투싼,올 뉴 투싼,디젤 2WD,디젤 1.7 2WD,프리미엄,48489,3150,1252,965,317,32
73,국산,현대,투싼,올 뉴 투싼,디젤 2WD,디젤 1.7 2WD,모던 피버,48489,3150,1252,965,317,25
74,국산,현대,투싼,올 뉴 투싼,디젤 2WD,디젤 1.7 2WD,스마트,48489,3150,1252,965,317,22
75,국산,현대,투싼,올 뉴 투싼,디젤 2WD,디젤 1.7 2WD,스타일 피버,48489,3150,1252,965,317,9
76,국산,현대,쏘나타,LF 쏘나타,가솔린 2000cc,2.0 스마트,(세부등급 없음),48489,4776,935,585,342,296
77,국산,현대,투싼,투싼 (NX4),가솔린 1600cc,가솔린 1.6 터보 4WD,인스퍼레이션,48489,3150,794,424,70,40
78,국산,현대,싼타페,싼타페 TM,디젤 2000cc,디젤 2.0 4WD,프레스티지,48489,5751,1475,943,160,44
79,국산,현대,싼타페,싼타페 TM,디젤 2000cc,디젤 2.0 4WD,프리미엄,48489,5751,1475,943,160,36
80,국산,현대,싼타페,싼타페 TM,디젤 2000cc,디젤 2.0 4WD,익스클루시브 스페셜,48489,5751,1475,943,160,35
81,국산,현대,싼타페,싼타페 TM,디젤 2000cc,디젤 2.0 4WD,익스클루시브,48489,5751,1475,943,160,23
82,국산,현대,싼타페,싼타페 TM,디젤 2000cc,디젤 2.0 4WD,인스퍼레이션,48489,5751,1475,943,160,22
83,국산,현대,투싼,투싼 (NX4),가솔린 1600cc,가솔린 1.6 터보 4WD,프리미엄,48489,3150,794,424,70,13
84,국산,현대,투싼,투싼 (NX4),가솔린 1600cc,가솔린 1.6 터보 4WD,N Line 인스퍼레이션,48489,3150,794,424,70,9
85,국산,현대,투싼,투싼 (NX4),가솔린 1600cc,가솔린 1.6 터보 4WD,모던,48489,3150,794,424,70,6
86,국산,현대,투싼,투싼 (NX4),가솔린 1600cc,가솔린 1.6 터보 4WD,어드벤처,48489,3150,794,424,70,2
87,국산,현대,쏘나타,LF 쏘나타,가솔린 2000cc,2.0 스마트,스페셜,48489,4776,935,585,342,46
88,국산,현대,그랜저,그랜저 HG,가솔린 2400cc,HG240 럭셔리,,48489,10146,2058,918,198,
89,국산,현대,싼타페,싼타페 더 프라임,디젤 2000cc,디젤 2.0 4WD,프리미엄,48489,5751,934,818,101,42
90,국산,현대,아반떼,아반떼 AD,가솔린 1600cc,1.6 GDI 밸류 플러스,,48489,5671,1587,1442,661,
91,국산,현대,투싼,투싼 하이브리드 (NX4),가솔린+전기 2WD,프리미엄 2WD,,48489,3150,169,162,57,
92,국산,현대,싼타페,싼타페 더 프라임,디젤 2000cc,디젤 2.0 4WD,밸류 플러스,48489,5751,934,818,101,17
93,국산,현대,싼타페,싼타페 더 프라임,디젤 2000cc,디젤 2.0 4WD,익스클루시브,48489,5751,934,818,101,17
94,국산,현대,싼타페,싼타페 더 프라임,디젤 2000cc,디젤 2.0 4WD,익스클루시브 스페셜,48489,5751,934,818,101,16
95,국산,현대,싼타페,싼타페 더 프라임,디젤 2000cc,디젤 2.0 4WD,1 밀리언,48489,5751,934,818,101,9
96,국산,현대,쏘나타,쏘나타 뉴 라이즈,가솔린 2000cc,2.0 스마트,,48489,4776,481,317,86,
97,국산,현대,팰리세이드,더 뉴 팰리세이드,가솔린 4WD,가솔린 3.8 4WD,캘리그래피,48489,3914,1258,390,390,193
98,국산,현대,팰리세이드,더 뉴 팰리세이드,가솔린 4WD,가솔린 3.8 4WD,캘리그래피 블랙에디션,48489,3914,1258,390,390,64
99,국산,현대,팰리세이드,더 뉴 팰리세이드,가솔린 4WD,가솔린 3.8 4WD,프레스티지,48489,3914,1258,390,390,54
100,국산,현대,팰리세이드,더 뉴 팰리세이드,가솔린 4WD,가솔린 3.8 4WD,르블랑,48489,3914,1258,390,390,46
101,국산,현대,팰리세이드,더 뉴 팰리세이드,가솔린 4WD,가솔린 3.8 4WD,VIP,48489,3914,1258,390,390,17
102,국산,현대,팰리세이드,더 뉴 팰리세이드,가솔린 4WD,가솔린 3.8 4WD,익스클루시브,48489,3914,1258,390,390,16
103,국산,현대,싼타페,싼타페 CM,디젤 2WD,2WD(2.0 e-VGT) MLX,럭셔리,48489,5751,136,126,82,60
104,국산,현대,투싼,뉴 투싼 ix,디젤 2WD,디젤(e-VGT) 2WD,스마트 스페셜,48489,3150,292,246,246,141
105,국산,현대,싼타페,싼타페 CM,디젤 2WD,2WD(2.0 e-VGT) MLX,스마트팩,48489,5751,136,126,82,7
106,국산,현대,싼타페,싼타페 CM,디젤 2WD,2WD(2.0 e-VGT) MLX,프리미어,48489,5751,136,126,82,7
107,국산,현대,싼타페,싼타페 CM,디젤 2WD,2WD(2.0 e-VGT) MLX,디럭스,48489,5751,136,126,82,6
108,국산,현대,싼타페,싼타페 CM,디젤 2WD,2WD(2.0 e-VGT) MLX,월드컵 스페셜 에디션,48489,5751,136,126,82,2
109,국산,현대,투싼,뉴 투싼 ix,디젤 2WD,디젤(e-VGT) 2WD,모던,48489,3150,292,246,246,64
110,국산,현대,투싼,뉴 투싼 ix,디젤 2WD,디젤(e-VGT) 2WD,스마트,48489,3150,292,246,246,21
111,국산,현대,투싼,뉴 투싼 ix,디젤 2WD,디젤(e-VGT) 2WD,프리미엄,48489,3150,292,246,246,20
112,국산,현대,팰리세이드,팰리세이드,디젤 2WD,디젤 2.2 2WD,프레스티지,48489,3914,2212,754,754,374
113,국산,현대,팰리세이드,팰리세이드,디젤 2WD,디젤 2.2 2WD,익스클루시브,48489,3914,2212,754,754,216
114,국산,현대,팰리세이드,팰리세이드,디젤 2WD,디젤 2.2 2WD,캘리그래피,48489,3914,2212,754,754,155
115,국산,현대,팰리세이드,팰리세이드,디젤 2WD,디젤 2.2 2WD,VIP,48489,3914,2212,754,754,9
116,국산,현대,아반떼,더 뉴 아반떼,가솔린 1600cc,1.6 GDi 모던,기본형,48489,5671,517,400,157,157
117,국산,현대,그랜저,그랜저 하이브리드 (GN7),가솔린+전기 1600cc,익스클루시브,,48489,10146,674,674,192,
118,국산,현대,쏘나타,쏘나타 (DN8),가솔린 2000cc,2.0,프리미엄 플러스,48489,4776,1688,1112,1112,434
119,국산,현대,쏘나타,쏘나타 (DN8),가솔린 2000cc,2.0,프리미엄,48489,4776,1688,1112,1112,227
120,국산,현대,쏘나타,쏘나타 (DN8),가솔린 2000cc,2.0,모던,48489,4776,1688,1112,1112,132
121,국산,현대,쏘나타,쏘나타 (DN8),가솔린 2000cc,2.0,프리미엄 패밀리,48489,4776,1688,1112,1112,126
122,국산,현대,쏘나타,쏘나타 (DN8),가솔린 2000cc,2.0,인스퍼레이션,48489,4776,1688,1112,1112,117
123,국산,현대,쏘나타,쏘나타 (DN8),가솔린 2000cc,2.0,스마트,48489,4776,1688,1112,1112,50
124,국산,현대,쏘나타,쏘나타 (DN8),가솔린 2000cc,2.0,프리미엄 밀레니얼,48489,4776,1688,1112,1112,26
125,국산,현대,쏘나타,쏘나타 디 엣지(DN8),가솔린 2000cc,2.0,익스클루시브,48489,4776,548,288,288,150
126,국산,현대,쏘나타,쏘나타 디 엣지(DN8),가솔린 2000cc,2.0,프리미엄,48489,4776,548,288,288,108
127,국산,현대,쏘나타,쏘나타 디 엣지(DN8),가솔린 2000cc,2.0,인스퍼레이션,48489,4776,548,288,288,21
128,국산,현대,쏘나타,쏘나타 디 엣지(DN8),가솔린 2000cc,2.0,S,48489,4776,548,288,288,9
129,국산,현대,아반떼,아반떼 (CN7),가솔린 1600cc,1.6 터보 N Line,인스퍼레이션,48489,5671,1654,1416,49,34
130,국산,현대,아반떼,아반떼 MD,가솔린 1600cc,M16 GDI 럭셔리,,48489,5671,528,516,129,
131,국산,현대,아반떼,아반떼 (CN7),가솔린 1600cc,1.6 터보 N Line,스포츠,48489,5671,1654,1416,49,14
132,국산,현대,아반떼,아반떼 (CN7),가솔린 1600cc,1.6 터보 N Line,모던,48489,5671,1654,1416,49,1
133,국산,현대,쏘나타,쏘나타 하이브리드 (DN8),가솔린+전기 2000cc,모던,,48489,4776,270,270,68,
134,국산,현대,그랜저,그랜저 IG,가솔린 2400cc,2.4 프리미엄,(세부등급 없음),48489,10146,2485,1184,906,568
135,국산,현대,쏘나타,LF 쏘나타,가솔린 2000cc,2.0 스타일,(세부등급 없음),48489,4776,935,585,97,50
136,국산,현대,그랜저,그랜저 IG,가솔린 2400cc,2.4 프리미엄,스페셜,48489,10146,2485,1184,906,338
137,국산,현대,쏘나타,LF 쏘나타,가솔린 2000cc,2.0 스타일,스페셜,48489,4776,935,585,97,47
138,국산,현대,팰리세이드,팰리세이드 (LX3),가솔린 4WD,가솔린 2.5T 4WD 7인승,캘리그래피,48489,3914,444,133,84,66
139,국산,현대,팰리세이드,팰리세이드 (LX3),가솔린 4WD,가솔린 2.5T 4WD 7인승,프레스티지,48489,3914,444,133,84,16
140,국산,현대,팰리세이드,팰리세이드 (LX3),가솔린 4WD,가솔린 2.5T 4WD 7인승,익스클루시브,48489,3914,444,133,84,2
141,국산,현대,싼타페,싼타페 DM,디젤 2WD,디젤(e-VGT) 2.0 2WD 프리미엄,,48489,5751,1049,846,477,
142,국산,현대,투싼,더 뉴 투싼 하이브리드 (NX4),가솔린+전기 1600cc,HEV 1.6 2WD,인스퍼레이션,48489,3150,183,183,154,106
143,국산,현대,투싼,더 뉴 투싼 하이브리드 (NX4),가솔린+전기 1600cc,HEV 1.6 2WD,프리미엄,48489,3150,183,183,154,27
144,국산,현대,투싼,더 뉴 투싼 하이브리드 (NX4),가솔린+전기 1600cc,HEV 1.6 2WD,모던,48489,3150,183,183,154,13
145,국산,현대,투싼,더 뉴 투싼 하이브리드 (NX4),가솔린+전기 1600cc,HEV 1.6 2WD,H Pick,48489,3150,183,183,154,6
146,국산,현대,투싼,더 뉴 투싼 하이브리드 (NX4),가솔린+전기 1600cc,HEV 1.6 2WD,N Line 인스퍼레이션,48489,3150,183,183,154,2
147,국산,현대,쏘나타,쏘나타 더 브릴리언트,가솔린 2000cc,CVVL 모던,,48489,4776,211,143,32,
148,국산,현대,그랜저,더 뉴 그랜저 IG 하이브리드,가솔린+전기 2400cc,르블랑,,48489,10146,674,674,252,
149,국산,현대,그랜저,그랜저 HG,가솔린 2400cc,HG240 모던 컬렉션,,48489,10146,2058,918,120,
150,국산,현대,아반떼,더 뉴 아반떼,가솔린 1600cc,1.6 GDi 스타일,,48489,5671,517,400,36,
151,국산,현대,싼타페,싼타페 (MX5),가솔린+전기 1600cc,HEV 1.6 4WD,캘리그래피,48489,5751,809,461,85,69
152,국산,현대,싼타페,싼타페 (MX5),가솔린+전기 1600cc,HEV 1.6 4WD,H Pick,48489,5751,809,461,85,6
153,국산,현대,싼타페,싼타페 (MX5),가솔린+전기 1600cc,HEV 1.6 4WD,프레스티지,48489,5751,809,461,85,6
154,국산,현대,싼타페,싼타페 (MX5),가솔린+전기 1600cc,HEV 1.6 4WD,익스클루시브,48489,5751,809,461,85,2
155,국산,현대,싼타페,싼타페 (MX5),가솔린+전기 1600cc,HEV 1.6 4WD,프레스티지 플러스,48489,5751,809,461,85,2
156,국산,현대,아반떼,더 뉴 아반떼 (CN7),가솔린 2000cc,2.0 N,,48489,5671,634,83,83,
157,국산,현대,투싼,투싼 ix,디젤 2WD,디젤 2WD X20,럭셔리,48489,3150,309,268,56,32
158,국산,현대,투싼,투싼 ix,디젤 2WD,디젤 2WD X20,스마트,48489,3150,309,268,56,14
159,국산,현대,투싼,투싼 ix,디젤 2WD,디젤 2WD X20,스패셜 팩,48489,3150,309,268,56,6
160,국산,현대,투싼,투싼 ix,디젤 2WD,디젤 2WD X20,디럭스,48489,3150,309,268,56,2
161,국산,현대,투싼,투싼 ix,디젤 2WD,디젤 2WD X20,스타일,48489,3150,309,268,56,2
162,국산,현대,그랜저,더 뉴 그랜저 IG,LPG 3000cc,3.0 LPi (렌터카용),프리미엄,48489,10146,2808,606,405,184
163,국산,현대,그랜저,더 뉴 그랜저 IG,LPG 3000cc,3.0 LPi (렌터카용),모던,48489,10146,2808,606,405,157
164,국산,현대,그랜저,더 뉴 그랜저 IG,LPG 3000cc,3.0 LPi (렌터카용),익스클루시브,48489,10146,2808,606,405,64
165,국산,현대,그랜저,그랜저 (GN7),LPG 2WD,3.5 LPG 2WD,프리미엄,48489,10146,871,246,136,101
166,국산,현대,그랜저,그랜저 (GN7),LPG 2WD,3.5 LPG 2WD,익스클루시브,48489,10146,871,246,136,35
167,국산,현대,그랜저,그랜저 하이브리드 (GN7),가솔린+전기 1600cc,프리미엄,,48489,10146,674,674,115,
168,국산,현대,쏘나타,쏘나타 뉴 라이즈,가솔린 2000cc,2.0 모던,,48489,4776,481,317,84,
169,국산,현대,그랜저,그랜저 IG,가솔린 2400cc,2.4 모던,,48489,10146,2485,1184,187,
170,국산,현대,쏘나타,쏘나타 하이브리드 (DN8),가솔린+전기 2000cc,프리미엄 플러스,,48489,4776,270,270,66,
171,국산,현대,아반떼,더 뉴 아반떼 AD,LPG 1600cc,1.6 LPi,스마트(렌터카용),48489,5671,458,37,37,23
172,국산,현대,아반떼,더 뉴 아반떼 AD,LPG 1600cc,1.6 LPi,스타일(렌터카용),48489,5671,458,37,37,6
173,국산,현대,아반떼,더 뉴 아반떼 AD,LPG 1600cc,1.6 LPi,모던(장애인용),48489,5671,458,37,37,3
174,국산,현대,아반떼,더 뉴 아반떼 AD,LPG 1600cc,1.6 LPi,스타일,48489,5671,458,37,37,3
175,국산,현대,아반떼,더 뉴 아반떼 AD,LPG 1600cc,1.6 LPi,스마트,48489,5671,458,37,37,2
176,국산,현대,쏘나타,LF 쏘나타,가솔린 2000cc,2.0 케어플러스,,48489,4776,935,585,61,
177,국산,현대,쏘나타,쏘나타 더 브릴리언트,가솔린 2000cc,CVVL 스타일,,48489,4776,211,143,17,
178,국산,현대,투싼,투싼 (NX4),디젤 2000cc,디젤 2.0 2WD,모던,48489,3150,794,370,273,152
179,국산,현대,투싼,투싼 (NX4),디젤 2000cc,디젤 2.0 2WD,프리미엄,48489,3150,794,370,273,78
180,국산,현대,투싼,투싼 (NX4),디젤 2000cc,디젤 2.0 2WD,인스퍼레이션,48489,3150,794,370,273,36
181,국산,현대,투싼,투싼 (NX4),디젤 2000cc,디젤 2.0 2WD,N Line 인스퍼레이션,48489,3150,794,370,273,4
182,국산,현대,투싼,투싼 (NX4),디젤 2000cc,디젤 2.0 2WD,N Line 프리미엄,48489,3150,794,370,273,2
183,국산,현대,투싼,투싼 (NX4),디젤 2000cc,디젤 2.0 2WD,어드벤처,48489,3150,794,370,273,1
184,국산,현대,팰리세이드,팰리세이드 (LX3),가솔린 4WD,가솔린 2.5T 4WD 9인승,캘리그래피,48489,3914,444,133,49,41
185,국산,현대,싼타페,싼타페 DM,디젤 2WD,디젤(e-VGT) 2.0 2WD 익스클루시브,(세부등급 없음),48489,5751,1049,846,204,165
186,국산,현대,싼타페,싼타페 DM,디젤 2WD,디젤(e-VGT) 2.0 2WD 익스클루시브,스페셜,48489,5751,1049,846,204,39
187,국산,현대,팰리세이드,팰리세이드 (LX3),가솔린 4WD,가솔린 2.5T 4WD 9인승,프레스티지,48489,3914,444,133,49,8
188,국산,현대,투싼,올 뉴 투싼,디젤 2WD,디젤 1.6 2WD,모던,48489,3150,1252,965,80,49
189,국산,현대,투싼,올 뉴 투싼,디젤 2WD,디젤 1.6 2WD,프리미엄,48489,3150,1252,965,80,16
190,국산,현대,투싼,올 뉴 투싼,디젤 2WD,디젤 1.6 2WD,스마트,48489,3150,1252,965,80,15
191,국산,현대,싼타페,더 뉴 싼타페,디젤 2200cc,디젤 2.2 2WD,프레스티지,48489,5751,1347,840,616,252
192,국산,현대,싼타페,더 뉴 싼타페,디젤 2200cc,디젤 2.2 2WD,프리미엄 초이스,48489,5751,1347,840,616,115
193,국산,현대,싼타페,더 뉴 싼타페,디젤 2200cc,디젤 2.2 2WD,캘리그래피,48489,5751,1347,840,616,108
194,국산,현대,싼타페,더 뉴 싼타페,디젤 2200cc,디젤 2.2 2WD,익스클루시브,48489,5751,1347,840,616,74
195,국산,현대,싼타페,더 뉴 싼타페,디젤 2200cc,디젤 2.2 2WD,프리미엄,48489,5751,1347,840,616,65
196,국산,현대,싼타페,더 뉴 싼타페,디젤 2200cc,디젤 2.2 2WD,프레스티지 초이스,48489,5751,1347,840,616,2
197,국산,현대,투싼,투싼 ix,디젤 2WD,디젤 2WD LMX20,프리미엄,48489,3150,309,268,19,19
198,국산,현대,그랜저,더 뉴 그랜저 IG 하이브리드,가솔린+전기 2400cc,익스클루시브,,48489,10146,674,674,150,
199,국산,현대,팰리세이드,팰리세이드,가솔린 4WD,가솔린 3.8 4WD,프레스티지,48489,3914,2212,505,505,274
200,국산,현대,팰리세이드,팰리세이드,가솔린 4WD,가솔린 3.8 4WD,캘리그래피,48489,3914,2212,505,505,143
201,국산,현대,팰리세이드,팰리세이드,가솔린 4WD,가솔린 3.8 4WD,VIP,48489,3914,2212,505,505,48
202,국산,현대,팰리세이드,팰리세이드,가솔린 4WD,가솔린 3.8 4WD,익스클루시브,48489,3914,2212,505,505,40
203,국산,현대,그랜저,더 뉴 그랜저 IG,LPG 3000cc,3.0 LPi,익스클루시브,48489,10146,2808,606,135,57
204,국산,현대,그랜저,더 뉴 그랜저 IG,LPG 3000cc,3.0 LPi,프리미엄,48489,10146,2808,606,135,41
205,국산,현대,그랜저,더 뉴 그랜저 IG,LPG 3000cc,3.0 LPi,프리미엄 초이스,48489,10146,2808,606,135,37
206,국산,현대,아반떼,아반떼 (CN7),가솔린 2000cc,2.0 N,,48489,5671,1654,178,178,
207,국산,현대,아반떼,더 뉴 아반떼,가솔린 1600cc,1.6 GDi 프리미엄,기본형,48489,5671,517,400,21,20
208,국산,현대,아반떼,더 뉴 아반떼,가솔린 1600cc,1.6 GDi 프리미엄,튜익스 에디션II,48489,5671,517,400,21,1
209,국산,현대,쏘나타,쏘나타 (DN8),LPG 2000cc,2.0 LPG(렌터카용),스마트,48489,4776,1688,377,294,147
210,국산,현대,그랜저,그랜저 하이브리드 (GN7),가솔린+전기 1600cc,아너스,,48489,10146,674,674,17,
211,국산,현대,쏘나타,쏘나타 (DN8),LPG 2000cc,2.0 LPG(렌터카용),스타일,48489,4776,1688,377,294,126
212,국산,현대,쏘나타,쏘나타 (DN8),LPG 2000cc,2.0 LPG(렌터카용),프리미엄,48489,4776,1688,377,294,21
213,국산,현대,아반떼,아반떼 AD,가솔린 1600cc,1.6 GDI 스마트,(세부등급 없음),48489,5671,1587,1442,346,271
214,국산,현대,아반떼,아반떼 AD,가솔린 1600cc,1.6 GDI 스마트,스페셜,48489,5671,1587,1442,346,75
215,국산,현대,쏘나타,쏘나타 뉴 라이즈,가솔린 2000cc,2.0 스마트 스페셜,,48489,4776,481,317,57,
216,국산,현대,그랜저,그랜저 IG,가솔린 2400cc,2.4 익스클루시브,스페셜,48489,10146,2485,1184,58,58
217,국산,현대,쏘나타,쏘나타 디 엣지(DN8),가솔린 1600cc,1.6 터보,익스클루시브,48489,4776,548,140,140,69
218,국산,현대,쏘나타,쏘나타 디 엣지(DN8),가솔린 1600cc,1.6 터보,인스퍼레이션,48489,4776,548,140,140,48
219,국산,현대,쏘나타,쏘나타 디 엣지(DN8),가솔린 1600cc,1.6 터보,S,48489,4776,548,140,140,11
220,국산,현대,쏘나타,쏘나타 디 엣지(DN8),가솔린 1600cc,1.6 터보,프리미엄,48489,4776,548,140,140,9
221,국산,현대,쏘나타,쏘나타 디 엣지(DN8),가솔린 1600cc,1.6 터보,N Line,48489,4776,548,140,140,3
222,국산,현대,투싼,투싼 (NX4),디젤 2000cc,디젤 2.0 4WD,모던,48489,3150,794,370,97,60
223,국산,현대,투싼,투싼 (NX4),디젤 2000cc,디젤 2.0 4WD,인스퍼레이션,48489,3150,794,370,97,16
224,국산,현대,투싼,투싼 (NX4),디젤 2000cc,디젤 2.0 4WD,프리미엄,48489,3150,794,370,97,16
225,국산,현대,투싼,투싼 (NX4),디젤 2000cc,디젤 2.0 4WD,N Line 인스퍼레이션,48489,3150,794,370,97,3
226,국산,현대,투싼,투싼 (NX4),디젤 2000cc,디젤 2.0 4WD,어드벤처,48489,3150,794,370,97,2
227,국산,현대,쏘나타,쏘나타 하이브리드 (DN8),가솔린+전기 2000cc,프리미엄,패밀리,48489,4776,270,270,63,29
228,국산,현대,쏘나타,쏘나타 더 브릴리언트,가솔린 2000cc,CVVL 프리미엄,,48489,4776,211,143,16,
229,국산,현대,쏘나타,쏘나타 하이브리드 (DN8),가솔린+전기 2000cc,프리미엄,(세부등급 없음),48489,4776,270,270,63,27
230,국산,현대,쏘나타,쏘나타 하이브리드 (DN8),가솔린+전기 2000cc,프리미엄,밀레니얼,48489,4776,270,270,63,7
231,국산,현대,쏘나타,LF 쏘나타,가솔린 2000cc,2.0 프리미엄,(세부등급 없음),48489,4776,935,585,58,47
232,국산,현대,투싼,투싼 하이브리드 (NX4),가솔린+전기 2WD,N Line 2WD,인스퍼레이션,48489,3150,169,162,19,18
233,국산,현대,싼타페,싼타페 TM,가솔린 2000cc,가솔린 2.0T 2WD,인스퍼레이션,48489,5751,1475,311,265,78
234,국산,현대,싼타페,싼타페 TM,가솔린 2000cc,가솔린 2.0T 2WD,익스클루시브,48489,5751,1475,311,265,61
235,국산,현대,싼타페,싼타페 TM,가솔린 2000cc,가솔린 2.0T 2WD,프레스티지,48489,5751,1475,311,265,45
236,국산,현대,싼타페,싼타페 TM,가솔린 2000cc,가솔린 2.0T 2WD,익스클루시브 스페셜,48489,5751,1475,311,265,44
237,국산,현대,싼타페,싼타페 TM,가솔린 2000cc,가솔린 2.0T 2WD,프리미엄,48489,5751,1475,311,265,37
238,국산,현대,싼타페,싼타페 DM,디젤 2WD,디젤(e-VGT) 2.0 2WD 모던,,48489,5751,1049,846,88,
239,국산,현대,쏘나타,LF 쏘나타,가솔린 2000cc,2.0 프리미엄,스페셜,48489,4776,935,585,58,11
240,국산,현대,투싼,투싼 하이브리드 (NX4),가솔린+전기 2WD,N Line 2WD,프리미엄,48489,3150,169,162,19,1
241,국산,현대,그랜저,그랜저 (GN7),LPG 2WD,3.5 LPG 2WD (택시형),고급형,48489,10146,871,246,109,107
242,국산,현대,그랜저,그랜저 (GN7),LPG 2WD,3.5 LPG 2WD (택시형),VIP,48489,10146,871,246,109,2
243,국산,현대,싼타페,싼타페 CM,디젤 2WD,2WD(2.0VGT) MLX,고급형,48489,5751,136,126,12,7
244,국산,현대,투싼,더 뉴 투싼 하이브리드 (NX4),가솔린+전기 1600cc,HEV 1.6 4WD,인스퍼레이션,48489,3150,183,183,29,20
245,국산,현대,싼타페,싼타페 CM,디젤 2WD,2WD(2.0VGT) MLX,기본형,48489,5751,136,126,12,5
246,국산,현대,싼타페,더 뉴 싼타페,디젤 2200cc,디젤 2.2 4WD,프레스티지,48489,5751,1347,840,224,82
247,국산,현대,투싼,더 뉴 투싼 하이브리드 (NX4),가솔린+전기 1600cc,HEV 1.6 4WD,프리미엄,48489,3150,183,183,29,6
248,국산,현대,투싼,더 뉴 투싼 하이브리드 (NX4),가솔린+전기 1600cc,HEV 1.6 4WD,N Line 인스퍼레이션,48489,3150,183,183,29,3
249,국산,현대,싼타페,더 뉴 싼타페,디젤 2200cc,디젤 2.2 4WD,익스클루시브,48489,5751,1347,840,224,50
250,국산,현대,싼타페,더 뉴 싼타페,디젤 2200cc,디젤 2.2 4WD,캘리그래피,48489,5751,1347,840,224,41
251,국산,현대,싼타페,더 뉴 싼타페,디젤 2200cc,디젤 2.2 4WD,프리미엄 초이스,48489,5751,1347,840,224,30
252,국산,현대,싼타페,더 뉴 싼타페,디젤 2200cc,디젤 2.2 4WD,프리미엄,48489,5751,1347,840,224,20
253,국산,현대,싼타페,더 뉴 싼타페,디젤 2200cc,디젤 2.2 4WD,프레스티지 초이스,48489,5751,1347,840,224,1
254,국산,현대,아반떼,아반떼 MD,가솔린 1600cc,M16 GDI 프리미어,,48489,5671,528,516,103,
255,국산,현대,그랜저,더 뉴 그랜저 IG 하이브리드,가솔린+전기 2400cc,캘리그래피,,48489,10146,674,674,146,
256,국산,현대,싼타페,싼타페 더 프라임,디젤 2200cc,디젤 2.2 2WD,익스클루시브,48489,5751,934,103,70,28
257,국산,현대,그랜저,더 뉴 그랜저 IG,LPG 3000cc,3.0 LPi (택시형),고급형,48489,10146,2808,606,58,26
258,국산,현대,싼타페,싼타페 더 프라임,디젤 2200cc,디젤 2.2 2WD,익스클루시브 스페셜,48489,5751,934,103,70,27
259,국산,현대,싼타페,싼타페 더 프라임,디젤 2200cc,디젤 2.2 2WD,프리미엄,48489,5751,934,103,70,14
260,국산,현대,싼타페,싼타페 더 프라임,디젤 2200cc,디젤 2.2 2WD,1 밀리언 얼티밋,48489,5751,934,103,70,1
261,국산,현대,그랜저,더 뉴 그랜저 IG,LPG 3000cc,3.0 LPi (택시형),모범형,48489,10146,2808,606,58,24
262,국산,현대,그랜저,더 뉴 그랜저 IG,LPG 3000cc,3.0 LPi (택시형),고급형 VIP 패키지,48489,10146,2808,606,58,8
263,국산,현대,투싼,뉴 투싼 ix,디젤 4WD,디젤(e-VGT) 4WD,스마트 스페셜,48489,3150,292,42,42,19
264,국산,현대,투싼,뉴 투싼 ix,디젤 4WD,디젤(e-VGT) 4WD,모던,48489,3150,292,42,42,13
265,국산,현대,투싼,뉴 투싼 ix,디젤 4WD,디젤(e-VGT) 4WD,스마트,48489,3150,292,42,42,6
266,국산,현대,투싼,뉴 투싼 ix,디젤 4WD,디젤(e-VGT) 4WD,프리미엄,48489,3150,292,42,42,4
267,국산,현대,쏘나타,쏘나타 (DN8),LPG 2000cc,2.0 LPG,프리미엄 플러스,48489,4776,1688,377,44,14
268,국산,현대,쏘나타,쏘나타 (DN8),LPG 2000cc,2.0 LPG,모던,48489,4776,1688,377,44,12
269,국산,현대,쏘나타,쏘나타 (DN8),LPG 2000cc,2.0 LPG,스마트,48489,4776,1688,377,44,7
270,국산,현대,쏘나타,쏘나타 (DN8),LPG 2000cc,2.0 LPG,인스퍼레이션,48489,4776,1688,377,44,7
271,국산,현대,쏘나타,쏘나타 (DN8),LPG 2000cc,2.0 LPG,프리미엄,48489,4776,1688,377,44,4
272,국산,현대,아반떼,더 뉴 아반떼,가솔린 1600cc,1.6 GDi 텐밀리언 리미티드,기본형,48489,5671,517,400,16,16
273,국산,현대,그랜저,그랜저 HG,가솔린 2400cc,HG240 스페셜,,48489,10146,2058,918,6,
274,국산,현대,쏘나타,쏘나타 뉴 라이즈,가솔린 2000cc,2.0 스마트 초이스,,48489,4776,481,317,28,
275,국산,현대,팰리세이드,더 뉴 팰리세이드,가솔린 2WD,가솔린 3.8 2WD,캘리그래피,48489,3914,1258,319,319,114
276,국산,현대,팰리세이드,더 뉴 팰리세이드,가솔린 2WD,가솔린 3.8 2WD,르블랑,48489,3914,1258,319,319,70
277,국산,현대,팰리세이드,더 뉴 팰리세이드,가솔린 2WD,가솔린 3.8 2WD,익스클루시브,48489,3914,1258,319,319,60
278,국산,현대,팰리세이드,더 뉴 팰리세이드,가솔린 2WD,가솔린 3.8 2WD,프레스티지,48489,3914,1258,319,319,59
279,국산,현대,팰리세이드,더 뉴 팰리세이드,가솔린 2WD,가솔린 3.8 2WD,캘리그래피 블랙에디션,48489,3914,1258,319,319,14
280,국산,현대,팰리세이드,더 뉴 팰리세이드,가솔린 2WD,가솔린 3.8 2WD,VIP,48489,3914,1258,319,319,2
281,국산,현대,쏘나타,쏘나타 하이브리드 (DN8),가솔린+전기 2000cc,스마트,,48489,4776,270,270,4,
282,국산,현대,아반떼,더 뉴 아반떼 AD,디젤 1600cc,1.6 디젤,스마트,48489,5671,458,6,6,6
283,국산,현대,그랜저,그랜저 IG,가솔린 2400cc,2.4 모던 베이직 (렌터카),,48489,10146,2485,1184,17,
284,국산,현대,아반떼,아반떼 AD,가솔린 1600cc,1.6 GDI 모던,(세부등급 없음),48489,5671,1587,1442,213,155
285,국산,현대,아반떼,아반떼 AD,가솔린 1600cc,1.6 GDI 모던,스페셜,48489,5671,1587,1442,213,58
286,국산,현대,싼타페,싼타페 DM,디젤 2WD,디젤(e-VGT) 2.2 2WD 익스클루시브,(세부등급 없음),48489,5751,1049,846,41,35
287,국산,현대,싼타페,싼타페 DM,디젤 2WD,디젤(e-VGT) 2.2 2WD 익스클루시브,스페셜,48489,5751,1049,846,41,6
288,국산,현대,투싼,투싼 하이브리드 (NX4),가솔린+전기 2WD,모던 2WD,,48489,3150,169,162,18,
289,국산,현대,팰리세이드,팰리세이드 (LX3),가솔린 2WD,가솔린 2.5T 2WD 9인승,캘리그래피,48489,3914,444,117,60,30
290,국산,현대,팰리세이드,팰리세이드 (LX3),가솔린 2WD,가솔린 2.5T 2WD 9인승,프레스티지,48489,3914,444,117,60,16
291,국산,현대,팰리세이드,팰리세이드 (LX3),가솔린 2WD,가솔린 2.5T 2WD 9인승,익스클루시브,48489,3914,444,117,60,14
292,국산,현대,싼타페,싼타페 TM,가솔린 2000cc,가솔린 2.0T 4WD,인스퍼레이션,48489,5751,1475,311,46,21
293,국산,현대,싼타페,싼타페 TM,가솔린 2000cc,가솔린 2.0T 4WD,익스클루시브 스페셜,48489,5751,1475,311,46,11
294,국산,현대,싼타페,싼타페 TM,가솔린 2000cc,가솔린 2.0T 4WD,프레스티지,48489,5751,1475,311,46,10
295,국산,현대,싼타페,싼타페 TM,가솔린 2000cc,가솔린 2.0T 4WD,익스클루시브,48489,5751,1475,311,46,4
296,국산,현대,쏘나타,쏘나타 더 브릴리언트,가솔린 2000cc,CVVL 블루세이버,,48489,4776,211,143,10,
297,국산,현대,투싼,투싼 ix,디젤 4WD,디젤 4WD LX20,프리미어,48489,3150,309,41,20,17
298,국산,현대,투싼,투싼 ix,디젤 4WD,디젤 4WD LX20,모던,48489,3150,309,41,20,3
299,국산,현대,아반떼,더 뉴 아반떼 (CN7),LPG 1600cc,1.6 LPi (렌터카),스마트,48489,5671,634,25,13,10
300,국산,현대,아반떼,더 뉴 아반떼 (CN7),LPG 1600cc,1.6 LPi (렌터카),모던,48489,5671,634,25,13,3
301,국산,현대,쏘나타,LF 쏘나타,가솔린 2000cc,2.0 터보 익스클루시브,,48489,4776,935,585,16,
302,국산,현대,아반떼,아반떼 (CN7),LPG 1600cc,1.6 LPi (렌터카),스마트,48489,5671,1654,60,44,30
303,국산,현대,아반떼,아반떼 (CN7),LPG 1600cc,1.6 LPi (렌터카),스타일,48489,5671,1654,60,44,13
304,국산,현대,아반떼,아반떼 (CN7),LPG 1600cc,1.6 LPi (렌터카),모던,48489,5671,1654,60,44,1
305,국산,현대,쏘나타,쏘나타 (DN8),LPG 2000cc,2.0 LPG(장애인용),모던,48489,4776,1688,377,39,17
306,국산,현대,쏘나타,쏘나타 (DN8),LPG 2000cc,2.0 LPG(장애인용),인스퍼레이션,48489,4776,1688,377,39,14
307,국산,현대,쏘나타,쏘나타 (DN8),LPG 2000cc,2.0 LPG(장애인용),프리미엄,48489,4776,1688,377,39,8
308,국산,현대,아반떼,아반떼 AD,가솔린 1600cc,1.6 터보 스포츠,(세부등급 없음),48489,5671,1587,1442,114,82
309,국산,현대,아반떼,아반떼 AD,가솔린 1600cc,1.6 터보 스포츠,익스트림 셀렉션,48489,5671,1587,1442,114,30
310,국산,현대,아반떼,아반떼 AD,가솔린 1600cc,1.6 터보 스포츠,오리지널,48489,5671,1587,1442,114,2
311,국산,현대,그랜저,그랜저 HG,가솔린 2400cc,2.4 아제라(수출형),,48489,10146,2058,918,1,
312,국산,현대,투싼,올 뉴 투싼,가솔린 2WD,가솔린 1.6 터보 2WD,모던,48489,3150,1252,171,171,81
313,국산,현대,싼타페,싼타페 DM,디젤 2WD,디젤(e-VGT) 2.2 2WD 프리미엄,,48489,5751,1049,846,27,
314,국산,현대,투싼,올 뉴 투싼,가솔린 2WD,가솔린 1.6 터보 2WD,프리미엄,48489,3150,1252,171,171,48
315,국산,현대,투싼,올 뉴 투싼,가솔린 2WD,가솔린 1.6 터보 2WD,모던 피버,48489,3150,1252,171,171,14
316,국산,현대,투싼,올 뉴 투싼,가솔린 2WD,가솔린 1.6 터보 2WD,인스퍼레이션,48489,3150,1252,171,171,11
317,국산,현대,투싼,올 뉴 투싼,가솔린 2WD,가솔린 1.6 터보 2WD,스마트,48489,3150,1252,171,171,7
318,국산,현대,투싼,올 뉴 투싼,가솔린 2WD,가솔린 1.6 터보 2WD,스타일,48489,3150,1252,171,171,4
319,국산,현대,투싼,올 뉴 투싼,가솔린 2WD,가솔린 1.6 터보 2WD,스타일 피버,48489,3150,1252,171,171,4
320,국산,현대,투싼,올 뉴 투싼,가솔린 2WD,가솔린 1.6 터보 2WD,얼티밋 에디션,48489,3150,1252,171,171,2
321,국산,현대,싼타페,싼타페 (MX5),가솔린 2500cc,가솔린 2.5T 2WD,캘리그래피,48489,5751,809,348,230,91
322,국산,현대,싼타페,싼타페 (MX5),가솔린 2500cc,가솔린 2.5T 2WD,프레스티지,48489,5751,809,348,230,81
323,국산,현대,싼타페,싼타페 (MX5),가솔린 2500cc,가솔린 2.5T 2WD,익스클루시브,48489,5751,809,348,230,36
324,국산,현대,싼타페,싼타페 (MX5),가솔린 2500cc,가솔린 2.5T 2WD,프레스티지 플러스,48489,5751,809,348,230,14
325,국산,현대,싼타페,싼타페 (MX5),가솔린 2500cc,가솔린 2.5T 2WD,H Pick,48489,5751,809,348,230,8
326,국산,현대,싼타페,싼타페 CM,디젤 2WD,2WD(2.0VGT) CLX,최고급형,48489,5751,136,126,7,4
327,국산,현대,싼타페,싼타페 CM,디젤 2WD,2WD(2.0VGT) CLX,고급형,48489,5751,136,126,7,3
328,국산,현대,투싼,투싼 ix,디젤 4WD,디젤 4WD X20,럭셔리,48489,3150,309,41,15,13
329,국산,현대,투싼,투싼 ix,디젤 4WD,디젤 4WD X20,스마트,48489,3150,309,41,15,2
330,국산,현대,그랜저,그랜저 (GN7),LPG 2WD,3.5 LPG 2WD (장애인용),익스클루시브 플러스,48489,10146,871,246,1,1
331,국산,현대,아반떼,더 뉴 아반떼 (CN7),LPG 1600cc,1.6 LPi,인스퍼레이션,48489,5671,634,25,11,7
332,국산,현대,아반떼,더 뉴 아반떼 (CN7),LPG 1600cc,1.6 LPi,모던,48489,5671,634,25,11,2
333,국산,현대,아반떼,더 뉴 아반떼 (CN7),LPG 1600cc,1.6 LPi,스마트,48489,5671,634,25,11,2
334,국산,현대,그랜저,그랜저 IG,가솔린 2400cc,2.4 스페셜,,48489,10146,2485,1184,16,
335,국산,현대,쏘나타,쏘나타 더 브릴리언트,가솔린 2000cc,CVVL 어트랙션,,48489,4776,211,143,5,
336,국산,현대,쏘나타,LF 쏘나타,가솔린 2000cc,2.0 터보 스마트,,48489,4776,935,585,10,
337,국산,현대,그랜저,더 뉴 그랜저 IG 하이브리드,가솔린+전기 2400cc,프리미엄,,48489,10146,674,674,63,
338,국산,현대,쏘나타,쏘나타 디 엣지(DN8),LPG 2000cc,2.0 LPG(렌터카),비즈니스 1,48489,4776,548,119,50,45
339,국산,현대,쏘나타,쏘나타 뉴 라이즈,가솔린 2000cc,2.0 스타일,,48489,4776,481,317,27,
340,국산,현대,쏘나타,쏘나타 디 엣지(DN8),LPG 2000cc,2.0 LPG(렌터카),비즈니스 2,48489,4776,548,119,50,5
341,국산,현대,아반떼,아반떼 AD,가솔린 1600cc,1.6 GDI 스타일,,48489,5671,1587,1442,65,
342,국산,현대,아반떼,아반떼 (CN7),LPG 1600cc,1.6 LPi,스마트,48489,5671,1654,60,15,6
343,국산,현대,아반떼,아반떼 (CN7),LPG 1600cc,1.6 LPi,모던,48489,5671,1654,60,15,5
344,국산,현대,아반떼,아반떼 (CN7),LPG 1600cc,1.6 LPi,스타일,48489,5671,1654,60,15,4
345,국산,현대,팰리세이드,더 뉴 팰리세이드,디젤 2WD,디젤 2.2 2WD,프레스티지,48489,3914,1258,308,308,100
346,국산,현대,팰리세이드,팰리세이드 (LX3),가솔린 2WD,가솔린 2.5T 2WD 7인승,캘리그래피,48489,3914,444,117,57,28
347,국산,현대,그랜저,더 뉴 그랜저 IG,LPG 3000cc,3.0 LPi (장애인용),익스클루시브,48489,10146,2808,606,8,5
348,국산,현대,팰리세이드,더 뉴 팰리세이드,디젤 2WD,디젤 2.2 2WD,캘리그래피,48489,3914,1258,308,308,95
349,국산,현대,팰리세이드,더 뉴 팰리세이드,디젤 2WD,디젤 2.2 2WD,익스클루시브,48489,3914,1258,308,308,66
350,국산,현대,팰리세이드,더 뉴 팰리세이드,디젤 2WD,디젤 2.2 2WD,르블랑,48489,3914,1258,308,308,40
351,국산,현대,팰리세이드,더 뉴 팰리세이드,디젤 2WD,디젤 2.2 2WD,캘리그래피 블랙에디션,48489,3914,1258,308,308,4
352,국산,현대,팰리세이드,더 뉴 팰리세이드,디젤 2WD,디젤 2.2 2WD,VIP,48489,3914,1258,308,308,3
353,국산,현대,팰리세이드,팰리세이드,디젤 4WD,디젤 2.2 4WD,프레스티지,48489,3914,2212,492,492,220
354,국산,현대,팰리세이드,팰리세이드 (LX3),가솔린 2WD,가솔린 2.5T 2WD 7인승,프레스티지,48489,3914,444,117,57,23
355,국산,현대,팰리세이드,팰리세이드 (LX3),가솔린 2WD,가솔린 2.5T 2WD 7인승,익스클루시브,48489,3914,444,117,57,6
356,국산,현대,그랜저,더 뉴 그랜저 IG,LPG 3000cc,3.0 LPi (장애인용),프리미엄,48489,10146,2808,606,8,3
357,국산,현대,팰리세이드,팰리세이드,디젤 4WD,디젤 2.2 4WD,캘리그래피,48489,3914,2212,492,492,201
358,국산,현대,팰리세이드,팰리세이드,디젤 4WD,디젤 2.2 4WD,익스클루시브,48489,3914,2212,492,492,48
359,국산,현대,팰리세이드,팰리세이드,디젤 4WD,디젤 2.2 4WD,VIP,48489,3914,2212,492,492,23
360,국산,현대,아반떼,아반떼 MD,가솔린 1600cc,M16 GDI 에비뉴,,48489,5671,528,516,68,
361,국산,현대,아반떼,더 뉴 아반떼,가솔린 1600cc,1.6 GDi 월드컵 에디션,,48489,5671,517,400,1,
362,국산,현대,싼타페,싼타페 더 프라임,디젤 2200cc,디젤 2.2 4WD,익스클루시브 스페셜,48489,5751,934,103,33,17
363,국산,현대,싼타페,싼타페 더 프라임,디젤 2200cc,디젤 2.2 4WD,익스클루시브,48489,5751,934,103,33,11
364,국산,현대,싼타페,싼타페 더 프라임,디젤 2200cc,디젤 2.2 4WD,1 밀리언 얼티밋,48489,5751,934,103,33,3
365,국산,현대,싼타페,싼타페 더 프라임,디젤 2200cc,디젤 2.2 4WD,프리미엄,48489,5751,934,103,33,2
366,국산,현대,투싼,투싼 ix,디젤 4WD,디젤 4WD LMX20,프리미엄,48489,3150,309,41,6,6
367,국산,현대,싼타페,싼타페 CM,디젤 2WD,2WD(2.2VGT) MLX,최고급형,48489,5751,136,126,6,3
368,국산,현대,싼타페,싼타페 CM,디젤 2WD,2WD(2.2VGT) MLX,고급형,48489,5751,136,126,6,2
369,국산,현대,싼타페,싼타페 CM,디젤 2WD,2WD(2.2VGT) MLX,기본형,48489,5751,136,126,6,1
370,국산,현대,아반떼,더 뉴 아반떼 (CN7),LPG 1600cc,1.6 LPi (장애인),모던,48489,5671,634,25,1,1
371,국산,현대,싼타페,싼타페 (MX5),가솔린 2500cc,가솔린 2.5T 4WD,캘리그래피,48489,5751,809,348,118,84
372,국산,현대,싼타페,싼타페 (MX5),가솔린 2500cc,가솔린 2.5T 4WD,프레스티지,48489,5751,809,348,118,19
373,국산,현대,싼타페,싼타페 (MX5),가솔린 2500cc,가솔린 2.5T 4WD,익스클루시브,48489,5751,809,348,118,9
374,국산,현대,싼타페,싼타페 (MX5),가솔린 2500cc,가솔린 2.5T 4WD,프레스티지 플러스,48489,5751,809,348,118,6
375,국산,현대,싼타페,싼타페 DM,디젤 2WD,디젤(e-VGT) 2.0 2WD 스마트,,48489,5751,1049,846,6,
376,국산,현대,쏘나타,쏘나타 더 브릴리언트,가솔린 2000cc,구조변경(가솔린),스마트,48489,4776,211,143,3,3
377,국산,현대,싼타페,더 뉴 싼타페,가솔린 2500cc,가솔린 2.5T 2WD,프레스티지,48489,5751,1347,311,221,88
378,국산,현대,싼타페,더 뉴 싼타페,가솔린 2500cc,가솔린 2.5T 2WD,익스클루시브,48489,5751,1347,311,221,52
379,국산,현대,싼타페,더 뉴 싼타페,가솔린 2500cc,가솔린 2.5T 2WD,캘리그래피,48489,5751,1347,311,221,49
380,국산,현대,싼타페,더 뉴 싼타페,가솔린 2500cc,가솔린 2.5T 2WD,프리미엄 초이스,48489,5751,1347,311,221,20
381,국산,현대,싼타페,더 뉴 싼타페,가솔린 2500cc,가솔린 2.5T 2WD,프리미엄,48489,5751,1347,311,221,11
382,국산,현대,싼타페,더 뉴 싼타페,가솔린 2500cc,가솔린 2.5T 2WD,프레스티지 초이스,48489,5751,1347,311,221,1
383,국산,현대,아반떼,아반떼 (CN7),LPG 1600cc,1.6 LPi (장애인),모던,48489,5671,1654,60,1,1
384,국산,현대,그랜저,더 뉴 그랜저 IG 하이브리드,가솔린+전기 2400cc,프리미엄 초이스,,48489,10146,674,674,63,
385,국산,현대,쏘나타,쏘나타 디 엣지(DN8),LPG 2000cc,2.0 LPG(영업용),모빌리티,48489,4776,548,119,49,49
386,국산,현대,싼타페,싼타페 CM,디젤 2WD,2WD(2.0VGT) 스타일팩,,48489,5751,136,126,5,
387,국산,현대,투싼,더 뉴 투싼 (NX4),가솔린 1600cc,가솔린 1.6 터보 2WD,인스퍼레이션,48489,3150,143,130,102,45
388,국산,현대,투싼,더 뉴 투싼 (NX4),가솔린 1600cc,가솔린 1.6 터보 2WD,프리미엄,48489,3150,143,130,102,40
389,국산,현대,투싼,더 뉴 투싼 (NX4),가솔린 1600cc,가솔린 1.6 터보 2WD,모던,48489,3150,143,130,102,10
390,국산,현대,투싼,더 뉴 투싼 (NX4),가솔린 1600cc,가솔린 1.6 터보 2WD,N Line 프리미엄,48489,3150,143,130,102,4
391,국산,현대,투싼,더 뉴 투싼 (NX4),가솔린 1600cc,가솔린 1.6 터보 2WD,N Line 인스퍼레이션,48489,3150,143,130,102,2
392,국산,현대,투싼,더 뉴 투싼 (NX4),가솔린 1600cc,가솔린 1.6 터보 2WD,H Pick,48489,3150,143,130,102,1
393,국산,현대,그랜저,그랜저 HG,가솔린 3000cc 이상,HG300 프리미엄,,48489,10146,2058,624,198,
394,국산,현대,쏘나타,쏘나타 (DN8),가솔린 1600cc,1.6 터보,프리미엄 플러스,48489,4776,1688,185,185,70
395,국산,현대,쏘나타,쏘나타 (DN8),가솔린 1600cc,1.6 터보,인스퍼레이션,48489,4776,1688,185,185,49
396,국산,현대,쏘나타,쏘나타 (DN8),가솔린 1600cc,1.6 터보,프리미엄 패밀리,48489,4776,1688,185,185,34
397,국산,현대,쏘나타,쏘나타 (DN8),가솔린 1600cc,1.6 터보,프리미엄,48489,4776,1688,185,185,16
398,국산,현대,쏘나타,쏘나타 (DN8),가솔린 1600cc,1.6 터보,모던,48489,4776,1688,185,185,12
399,국산,현대,쏘나타,쏘나타 (DN8),가솔린 1600cc,1.6 터보,프리미엄 밀레니얼,48489,4776,1688,185,185,4
400,국산,현대,싼타페,싼타페 TM,디젤 2200cc,디젤 2.2 2WD,프레스티지,48489,5751,1475,221,133,59
401,국산,현대,싼타페,싼타페 TM,디젤 2200cc,디젤 2.2 2WD,익스클루시브,48489,5751,1475,221,133,47
402,국산,현대,싼타페,싼타페 TM,디젤 2200cc,디젤 2.2 2WD,인스퍼레이션,48489,5751,1475,221,133,24
403,국산,현대,싼타페,싼타페 TM,디젤 2200cc,디젤 2.2 2WD,프리미엄,48489,5751,1475,221,133,3
404,국산,현대,쏘나타,YF 쏘나타,가솔린 2000cc,Y20 프리미어,(세부등급 없음),48489,4776,201,117,37,20
405,국산,현대,쏘나타,YF 쏘나타,가솔린 2000cc,Y20 프리미어,고급형,48489,4776,201,117,37,10
406,국산,현대,쏘나타,YF 쏘나타,가솔린 2000cc,Y20 프리미어,최고급형,48489,4776,201,117,37,7
407,국산,현대,쏘나타,LF 쏘나타,가솔린 2000cc,2.0 구조변경(가솔린),스마트,48489,4776,935,585,1,1
408,국산,현대,그랜저,그랜저 (GN7),가솔린 4WD,3.5 가솔린 4WD,캘리그래피,48489,10146,871,58,58,46
409,국산,현대,그랜저,그랜저 (GN7),가솔린 4WD,3.5 가솔린 4WD,익스클루시브,48489,10146,871,58,58,9
410,국산,현대,그랜저,그랜저 (GN7),가솔린 4WD,3.5 가솔린 4WD,프리미엄,48489,10146,871,58,58,2
411,국산,현대,그랜저,그랜저 (GN7),가솔린 4WD,3.5 가솔린 4WD,아너스,48489,10146,871,58,58,1
412,국산,현대,쏘나타,쏘나타 뉴 라이즈,가솔린 2000cc,2.0 프리미엄 스페셜,,48489,4776,481,317,26,
413,국산,현대,그랜저,그랜저 IG,가솔린 3000cc,3.0 익스클루시브,스페셜,48489,10146,2485,650,576,299
414,국산,현대,그랜저,그랜저 IG,가솔린 3000cc,3.0 익스클루시브,(세부등급 없음),48489,10146,2485,650,576,277
415,국산,현대,그랜저,그랜저 IG 하이브리드,가솔린+전기 2400cc,익스클루시브,스페셜,48489,10146,339,339,269,167
416,국산,현대,그랜저,그랜저 IG 하이브리드,가솔린+전기 2400cc,익스클루시브,(세부등급 없음),48489,10146,339,339,269,102
417,국산,현대,아반떼,아반떼 하이브리드 (CN7),가솔린+전기 1600cc,인스퍼레이션,,48489,5671,145,145,52,
418,국산,현대,투싼,올 뉴 투싼,디젤 4WD,디젤 2.0 4WD,프리미엄,48489,3150,1252,108,105,39
419,국산,현대,투싼,올 뉴 투싼,디젤 4WD,디젤 2.0 4WD,모던,48489,3150,1252,108,105,37
420,국산,현대,투싼,올 뉴 투싼,디젤 4WD,디젤 2.0 4WD,스마트,48489,3150,1252,108,105,16
421,국산,현대,투싼,올 뉴 투싼,디젤 4WD,디젤 2.0 4WD,스타일,48489,3150,1252,108,105,5
422,국산,현대,투싼,올 뉴 투싼,디젤 4WD,디젤 2.0 4WD,스타일 스페셜,48489,3150,1252,108,105,3
423,국산,현대,투싼,올 뉴 투싼,디젤 4WD,디젤 2.0 4WD,인스퍼레이션,48489,3150,1252,108,105,3
424,국산,현대,투싼,올 뉴 투싼,디젤 4WD,디젤 2.0 4WD,모던 스페셜,48489,3150,1252,108,105,1
425,국산,현대,투싼,올 뉴 투싼,디젤 4WD,디젤 2.0 4WD,얼티밋 에디션,48489,3150,1252,108,105,1
426,국산,현대,투싼,뉴 투싼 ix,수소 2WD,수소(Fuel Cell) 2WD,,48489,3150,292,4,4,
427,국산,현대,아반떼,더 뉴 아반떼,디젤 1600cc,1.6 VGT 모던,기본형,48489,5671,517,103,42,42
428,국산,현대,쏘나타,쏘나타 더 브릴리언트,가솔린 2000cc,터보 GDI 모던,,48489,4776,211,143,2,
429,국산,현대,그랜저,더 뉴 그랜저 IG,가솔린 3300cc,3.3,캘리그래피,48489,10146,2808,353,353,120
430,국산,현대,그랜저,더 뉴 그랜저 IG,가솔린 3300cc,3.3,익스클루시브,48489,10146,2808,353,353,116
431,국산,현대,그랜저,더 뉴 그랜저 IG,가솔린 3300cc,3.3,르블랑,48489,10146,2808,353,353,53
432,국산,현대,그랜저,더 뉴 그랜저 IG,가솔린 3300cc,3.3,프리미엄 초이스,48489,10146,2808,353,353,36
433,국산,현대,그랜저,더 뉴 그랜저 IG,가솔린 3300cc,3.3,프리미엄,48489,10146,2808,353,353,28
434,국산,현대,싼타페,더 뉴 싼타페,가솔린 2500cc,가솔린 2.5T 4WD,캘리그래피,48489,5751,1347,311,90,37
435,국산,현대,싼타페,더 뉴 싼타페,가솔린 2500cc,가솔린 2.5T 4WD,프레스티지,48489,5751,1347,311,90,22
436,국산,현대,싼타페,더 뉴 싼타페,가솔린 2500cc,가솔린 2.5T 4WD,익스클루시브,48489,5751,1347,311,90,19
437,국산,현대,싼타페,더 뉴 싼타페,가솔린 2500cc,가솔린 2.5T 4WD,프리미엄 초이스,48489,5751,1347,311,90,10
438,국산,현대,싼타페,더 뉴 싼타페,가솔린 2500cc,가솔린 2.5T 4WD,프리미엄,48489,5751,1347,311,90,2
439,국산,현대,투싼,투싼 하이브리드 (NX4),가솔린+전기 4WD,인스퍼레이션 4WD,,48489,3150,169,7,4,
440,국산,현대,아반떼,아반떼 AD,가솔린 1600cc,1.6 GDI 프리미엄,,48489,5671,1587,1442,43,
441,국산,현대,쏘나타,쏘나타 디 엣지(DN8),LPG 2000cc,2.0 LPG,익스클루시브,48489,4776,548,119,18,7
442,국산,현대,쏘나타,쏘나타 디 엣지(DN8),LPG 2000cc,2.0 LPG,인스퍼레이션,48489,4776,548,119,18,6
443,국산,현대,쏘나타,쏘나타 디 엣지(DN8),LPG 2000cc,2.0 LPG,프리미엄,48489,4776,548,119,18,5
444,국산,현대,팰리세이드,팰리세이드,가솔린 2WD,가솔린 3.8 2WD,프레스티지,48489,3914,2212,461,461,222
445,국산,현대,팰리세이드,팰리세이드,가솔린 2WD,가솔린 3.8 2WD,캘리그래피,48489,3914,2212,461,461,119
446,국산,현대,팰리세이드,팰리세이드,가솔린 2WD,가솔린 3.8 2WD,익스클루시브,48489,3914,2212,461,461,104
447,국산,현대,팰리세이드,팰리세이드,가솔린 2WD,가솔린 3.8 2WD,VIP,48489,3914,2212,461,461,16
448,국산,현대,그랜저,그랜저 HG,가솔린 3000cc 이상,HG300 익스클루시브,,48489,10146,2058,624,172,
449,국산,현대,싼타페,싼타페 TM,디젤 2200cc,디젤 2.2 4WD,프레스티지,48489,5751,1475,221,88,46
450,국산,현대,싼타페,싼타페 TM,디젤 2200cc,디젤 2.2 4WD,인스퍼레이션,48489,5751,1475,221,88,31
451,국산,현대,싼타페,싼타페 TM,디젤 2200cc,디젤 2.2 4WD,익스클루시브,48489,5751,1475,221,88,10
452,국산,현대,싼타페,싼타페 TM,디젤 2200cc,디젤 2.2 4WD,프리미엄,48489,5751,1475,221,88,1
453,국산,현대,싼타페,싼타페 CM,디젤 2WD,2WD(2.0 e-VGT) CLX,디럭스,48489,5751,136,126,4,4
454,국산,현대,쏘나타,쏘나타 뉴 라이즈,가솔린 2000cc,2.0 터보 익스클루시브,,48489,4776,481,317,7,
455,국산,현대,투싼,더 뉴 투싼 (NX4),가솔린 1600cc,가솔린 1.6 터보 4WD,인스퍼레이션,48489,3150,143,130,28,17
456,국산,현대,투싼,더 뉴 투싼 (NX4),가솔린 1600cc,가솔린 1.6 터보 4WD,프리미엄,48489,3150,143,130,28,5
457,국산,현대,투싼,더 뉴 투싼 (NX4),가솔린 1600cc,가솔린 1.6 터보 4WD,모던,48489,3150,143,130,28,3
458,국산,현대,투싼,더 뉴 투싼 (NX4),가솔린 1600cc,가솔린 1.6 터보 4WD,H Pick,48489,3150,143,130,28,2
459,국산,현대,투싼,더 뉴 투싼 (NX4),가솔린 1600cc,가솔린 1.6 터보 4WD,N Line 인스퍼레이션,48489,3150,143,130,28,1
460,국산,현대,아반떼,아반떼 하이브리드 (CN7),가솔린+전기 1600cc,모던,,48489,5671,145,145,47,
461,국산,현대,투싼,올 뉴 투싼,디젤 4WD,디젤 1.6 4WD,모던,48489,3150,1252,108,3,2
462,국산,현대,투싼,올 뉴 투싼,디젤 4WD,디젤 1.6 4WD,스마트,48489,3150,1252,108,3,1
463,국산,현대,아반떼,더 뉴 아반떼,디젤 1600cc,1.6 VGT 스마트,기본형,48489,5671,517,103,31,31
464,국산,현대,그랜저,그랜저 IG 하이브리드,가솔린+전기 2400cc,프리미엄,,48489,10146,339,339,70,
465,국산,현대,투싼,투싼,디젤 2WD,디젤(VGT) 2WD MX,고급형,48489,3150,8,8,5,4
466,국산,현대,투싼,투싼,디젤 2WD,디젤(VGT) 2WD MX,스타일팩,48489,3150,8,8,5,1
467,국산,현대,팰리세이드,팰리세이드 (LX3),가솔린+전기 4WD,HEV 2.5T 4WD 9인승,캘리그래피,48489,3914,444,104,57,40
468,국산,현대,팰리세이드,팰리세이드 (LX3),가솔린+전기 4WD,HEV 2.5T 4WD 9인승,익스클루시브,48489,3914,444,104,57,9
469,국산,현대,팰리세이드,팰리세이드 (LX3),가솔린+전기 4WD,HEV 2.5T 4WD 9인승,프레스티지,48489,3914,444,104,57,8
470,국산,현대,아반떼,아반떼 MD,가솔린 1600cc,M16 GDI 스마트,,48489,5671,528,516,64,
471,국산,현대,그랜저,그랜저 HG,가솔린 3000cc 이상,HG300 노블,,48489,10146,2058,624,74,
472,국산,현대,싼타페,싼타페 DM,디젤 2WD,디젤(e-VGT) 2.2 2WD 모던,,48489,5751,1049,846,3,
473,국산,현대,투싼,투싼 하이브리드 (NX4),가솔린+전기 4WD,프리미엄 4WD,,48489,3150,169,7,3,
474,국산,현대,싼타페,싼타페 CM,디젤 2WD,2WD(2.2 e-VGT) MLX,럭셔리,48489,5751,136,126,4,3
475,국산,현대,싼타페,싼타페 CM,디젤 2WD,2WD(2.2 e-VGT) MLX,프리미어,48489,5751,136,126,4,1
476,국산,현대,쏘나타,YF 쏘나타,가솔린 2000cc,Y20 프라임,최고급형,48489,4776,201,117,29,11
477,국산,현대,쏘나타,YF 쏘나타,가솔린 2000cc,Y20 프라임,고급형,48489,4776,201,117,29,9
478,국산,현대,쏘나타,YF 쏘나타,가솔린 2000cc,Y20 프라임,블랙,48489,4776,201,117,29,6
479,국산,현대,쏘나타,YF 쏘나타,가솔린 2000cc,Y20 프라임,(세부등급 없음),48489,4776,201,117,29,3
480,국산,현대,쏘나타,쏘나타 (DN8),가솔린 2500cc,2.5 터보 N Line,인스퍼레이션,48489,4776,1688,14,14,7
481,국산,현대,쏘나타,쏘나타 뉴 라이즈,가솔린 2000cc,2.0 구조변경(가솔린),스타일,48489,4776,481,317,2,2
482,국산,현대,쏘나타,쏘나타 (DN8),가솔린 2500cc,2.5 터보 N Line,프리미엄,48489,4776,1688,14,14,5
483,국산,현대,쏘나타,쏘나타 (DN8),가솔린 2500cc,2.5 터보 N Line,익스클루시브,48489,4776,1688,14,14,2
484,국산,현대,쏘나타,쏘나타 더 브릴리언트,가솔린 2000cc,터보 GDI 스마트,,48489,4776,211,143,2,
485,국산,현대,그랜저,그랜저 IG,가솔린 3000cc,3.0 프리미엄,(세부등급 없음),48489,10146,2485,650,52,52
486,국산,현대,아반떼,아반떼 하이브리드 (CN7),가솔린+전기 1600cc,스마트,,48489,5671,145,145,46,
487,국산,현대,아반떼,더 뉴 아반떼,디젤 1600cc,1.6 VGT 스타일,,48489,5671,517,103,15,
488,국산,현대,아반떼,더 뉴 아반떼 하이브리드 (CN7),가솔린+전기 1600cc,모던,,48489,5671,60,60,28,
489,국산,현대,그랜저,그랜저 HG,가솔린 3000cc 이상,HG300 프라임,,48489,10146,2058,624,67,
490,국산,현대,싼타페,더 뉴 싼타페,가솔린+전기 1600cc,HEV 1.6 2WD,프레스티지,48489,5751,1347,196,157,72
491,국산,현대,싼타페,더 뉴 싼타페,가솔린+전기 1600cc,HEV 1.6 2WD,캘리그래피,48489,5751,1347,196,157,39
492,국산,현대,싼타페,더 뉴 싼타페,가솔린+전기 1600cc,HEV 1.6 2WD,익스클루시브,48489,5751,1347,196,157,36
493,국산,현대,싼타페,더 뉴 싼타페,가솔린+전기 1600cc,HEV 1.6 2WD,프레스티지 초이스,48489,5751,1347,196,157,10
494,국산,현대,투싼,투싼,디젤 2WD,디젤(CRDI) 2WD MX,고급형,48489,3150,8,8,1,1
495,국산,현대,그랜저,그랜저 HG 하이브리드,가솔린+전기 2400cc,프리미엄,,48489,10146,129,129,121,
496,국산,현대,팰리세이드,더 뉴 팰리세이드,디젤 4WD,디젤 2.2 4WD,캘리그래피,48489,3914,1258,241,241,138
497,국산,현대,팰리세이드,더 뉴 팰리세이드,디젤 4WD,디젤 2.2 4WD,프레스티지,48489,3914,1258,241,241,32
498,국산,현대,팰리세이드,더 뉴 팰리세이드,디젤 4WD,디젤 2.2 4WD,르블랑,48489,3914,1258,241,241,29
499,국산,현대,팰리세이드,더 뉴 팰리세이드,디젤 4WD,디젤 2.2 4WD,캘리그래피 블랙에디션,48489,3914,1258,241,241,18
500,국산,현대,팰리세이드,더 뉴 팰리세이드,디젤 4WD,디젤 2.2 4WD,익스클루시브,48489,3914,1258,241,241,15
501,국산,현대,팰리세이드,더 뉴 팰리세이드,디젤 4WD,디젤 2.2 4WD,VIP,48489,3914,1258,241,241,9
502,국산,현대,아반떼,아반떼 AD,디젤 1600cc,1.6 e-VGT 스마트,(세부등급 없음),48489,5671,1587,116,87,48
503,국산,현대,아반떼,아반떼 AD,디젤 1600cc,1.6 e-VGT 스마트,스페셜,48489,5671,1587,116,87,39
504,국산,현대,싼타페,싼타페 CM,디젤 2WD,2WD(2.0 e-VGT) SLX,프리미엄,48489,5751,136,126,3,3
505,국산,현대,팰리세이드,팰리세이드 (LX3),가솔린+전기 4WD,HEV 2.5T 4WD 7인승,캘리그래피,48489,3914,444,104,47,35
506,국산,현대,팰리세이드,팰리세이드 (LX3),가솔린+전기 4WD,HEV 2.5T 4WD 7인승,익스클루시브,48489,3914,444,104,47,6
507,국산,현대,팰리세이드,팰리세이드 (LX3),가솔린+전기 4WD,HEV 2.5T 4WD 7인승,프레스티지,48489,3914,444,104,47,6
508,국산,현대,아반떼,아반떼 MD,가솔린 1600cc,M16 GDI 탑,,48489,5671,528,516,50,
509,국산,현대,쏘나타,쏘나타 더 브릴리언트,가솔린 2000cc,터보 GDI 프리미엄,,48489,4776,211,143,2,
510,국산,현대,쏘나타,YF 쏘나타,가솔린 2000cc,Y20 탑,(세부등급 없음),48489,4776,201,117,17,9
511,국산,현대,쏘나타,YF 쏘나타,가솔린 2000cc,Y20 탑,고급형,48489,4776,201,117,17,6
512,국산,현대,쏘나타,YF 쏘나타,가솔린 2000cc,Y20 탑,최고급형,48489,4776,201,117,17,2
513,국산,현대,쏘나타,LF 쏘나타,LPG 2000cc,LPI 프리미엄,,48489,4776,935,232,59,
514,국산,현대,투싼,더 뉴 투싼 (NX4),디젤 2000cc,디젤 2.0 2WD,모던,48489,3150,143,13,8,4
515,국산,현대,아반떼,더 뉴 아반떼 하이브리드 (CN7),가솔린+전기 1600cc,인스퍼레이션,,48489,5671,60,60,22,
516,국산,현대,투싼,더 뉴 투싼 (NX4),디젤 2000cc,디젤 2.0 2WD,N Line 프리미엄,48489,3150,143,13,8,2
517,국산,현대,투싼,더 뉴 투싼 (NX4),디젤 2000cc,디젤 2.0 2WD,인스퍼레이션,48489,3150,143,13,8,1
518,국산,현대,투싼,더 뉴 투싼 (NX4),디젤 2000cc,디젤 2.0 2WD,프리미엄,48489,3150,143,13,8,1
519,국산,현대,아반떼,더 뉴 아반떼,디젤 1600cc,1.6 VGT 프리미엄,기본형,48489,5671,517,103,10,10
520,국산,현대,그랜저,그랜저 HG,가솔린 3000cc 이상,HG300 로얄,,48489,10146,2058,624,38,
521,국산,현대,그랜저,그랜저 HG 하이브리드,가솔린+전기 2400cc,프리미엄 컬렉션,,48489,10146,129,129,8,
522,국산,현대,쏘나타,쏘나타 디 엣지(DN8),LPG 2000cc,2.0 LPG(장애인),익스클루시브,48489,4776,548,119,2,2
523,국산,현대,싼타페,싼타페,가솔린 4WD,2.7 가솔린 4WD GOLD,기본형,48489,5751,1,1,1,1
524,국산,현대,그랜저,더 뉴 그랜저 (GN7),가솔린 2500cc,2.5 가솔린 2WD,캘리그래피,48489,10146,22,20,20,8
525,국산,현대,투싼,올 뉴 투싼,가솔린 4WD,가솔린 1.6 터보 4WD,인스퍼레이션,48489,3150,1252,8,8,4
526,국산,현대,투싼,올 뉴 투싼,가솔린 4WD,가솔린 1.6 터보 4WD,모던,48489,3150,1252,8,8,2
527,국산,현대,투싼,올 뉴 투싼,가솔린 4WD,가솔린 1.6 터보 4WD,프리미엄,48489,3150,1252,8,8,2
528,국산,현대,그랜저,더 뉴 그랜저 (GN7),가솔린 2500cc,2.5 가솔린 2WD,프리미엄,48489,10146,22,20,20,7
529,국산,현대,그랜저,더 뉴 그랜저 (GN7),가솔린 2500cc,2.5 가솔린 2WD,익스클루시브,48489,10146,22,20,20,5
530,국산,현대,그랜저,그랜저 뉴 럭셔리,가솔린 2700cc,Q270 럭셔리,기본형,48489,10146,22,11,10,6
531,국산,현대,그랜저,그랜저 뉴 럭셔리,가솔린 2700cc,Q270 럭셔리,스마트팩,48489,10146,22,11,10,4
532,국산,현대,싼타페,더 뉴 싼타페,가솔린+전기 1600cc,HEV 1.6 4WD,캘리그래피,48489,5751,1347,196,39,18
533,국산,현대,싼타페,더 뉴 싼타페,가솔린+전기 1600cc,HEV 1.6 4WD,익스클루시브,48489,5751,1347,196,39,12
534,국산,현대,싼타페,더 뉴 싼타페,가솔린+전기 1600cc,HEV 1.6 4WD,프레스티지,48489,5751,1347,196,39,9
535,국산,현대,투싼,투싼,디젤 2WD,디젤(CRDI) 2WD MXL,고급형,48489,3150,8,8,1,1
536,국산,현대,아반떼,아반떼 HD,가솔린 1600cc,1.6 VVT S16,럭셔리,48489,5671,46,44,34,26
537,국산,현대,아반떼,아반떼 HD,가솔린 1600cc,1.6 VVT S16,프리미어,48489,5671,46,44,34,3
538,국산,현대,아반떼,아반떼 HD,가솔린 1600cc,1.6 VVT S16,럭셔리 어드밴스팩,48489,5671,46,44,34,2
539,국산,현대,아반떼,아반떼 HD,가솔린 1600cc,1.6 VVT S16,월드컵 스페셜 에디션,48489,5671,46,44,34,2
540,국산,현대,아반떼,아반떼 HD,가솔린 1600cc,1.6 VVT S16,파이브 밀리언,48489,5671,46,44,34,1
541,국산,현대,싼타페,싼타페 더 프라임,가솔린 2000cc,가솔린 2.0 터보 2WD,밸류 플러스,48489,5751,934,13,10,6
542,국산,현대,싼타페,싼타페 더 프라임,가솔린 2000cc,가솔린 2.0 터보 2WD,프리미엄,48489,5751,934,13,10,4
543,국산,현대,아반떼,아반떼 AD,디젤 1600cc,1.6 e-VGT 스타일,,48489,5671,1587,116,15,
544,국산,현대,싼타페,싼타페 CM,디젤 2WD,2WD(2.2VGT) CLX,고급형,48489,5751,136,126,2,1
545,국산,현대,싼타페,싼타페 CM,디젤 2WD,2WD(2.2VGT) CLX,최고급형,48489,5751,136,126,2,1
546,국산,현대,아반떼,아반떼 MD,가솔린 1600cc,M16 GDI 모던,,48489,5671,528,516,48,
547,국산,현대,쏘나타,YF 쏘나타,가솔린 2000cc,Y20 럭셔리,,48489,4776,201,117,12,
548,국산,현대,투싼,더 뉴 투싼 (NX4),디젤 2000cc,디젤 2.0 4WD,모던,48489,3150,143,13,5,4
549,국산,현대,투싼,더 뉴 투싼 (NX4),디젤 2000cc,디젤 2.0 4WD,프리미엄,48489,3150,143,13,5,1
550,국산,현대,쏘나타,쏘나타 뉴 라이즈,LPG 2000cc,LPI 스타일,,48489,4776,481,123,53,
551,국산,현대,그랜저,그랜저 IG,가솔린 3000cc,3.0 모던 베이직 (렌터카),,48489,10146,2485,650,22,
552,국산,현대,쏘나타,LF 쏘나타,LPG 2000cc,LPI 스마트,,48489,4776,935,232,51,
553,국산,현대,아반떼,아반떼 AD,디젤 1600cc,1.6 e-VGT 프리미엄,,48489,5671,1587,116,14,
554,국산,현대,투싼,투싼,디젤 2WD,디젤(VGT) 2WD MXL,고급형,48489,3150,8,8,1,1
555,국산,현대,싼타페,싼타페 더 프라임,가솔린 2000cc,가솔린 2.0 터보 4WD,밸류 플러스,48489,5751,934,13,3,2
556,국산,현대,싼타페,싼타페 더 프라임,가솔린 2000cc,가솔린 2.0 터보 4WD,프리미엄,48489,5751,934,13,3,1
557,국산,현대,그랜저,그랜저 뉴 럭셔리,가솔린 2700cc,Q270 디럭스,,48489,10146,22,11,1,
558,국산,현대,그랜저,더 뉴 그랜저 하이브리드 (GN7),가솔린+전기 2WD,익스클루시브,,48489,10146,14,14,7,
559,국산,현대,팰리세이드,팰리세이드 (LX3),가솔린+전기 2WD,HEV 2.5T 2WD 9인승,캘리그래피,48489,3914,444,90,50,21
560,국산,현대,팰리세이드,팰리세이드 (LX3),가솔린+전기 2WD,HEV 2.5T 2WD 9인승,프레스티지,48489,3914,444,90,50,17
561,국산,현대,팰리세이드,팰리세이드 (LX3),가솔린+전기 2WD,HEV 2.5T 2WD 9인승,익스클루시브,48489,3914,444,90,50,12
562,국산,현대,아반떼,아반떼 MD,가솔린 1600cc,M16 GDI 디럭스,,48489,5671,528,516,18,
563,국산,현대,싼타페,싼타페 CM,디젤 2WD,2WD(2.2VGT) SLX,최고급형,48489,5751,136,126,1,1
564,국산,현대,그랜저,그랜저 HG,가솔린 3000cc 이상,HG330 셀러브리티,,48489,10146,2058,624,32,
565,국산,현대,쏘나타,LF 쏘나타 하이브리드,가솔린+전기 2000cc,2.0 HEV,모던,48489,4776,120,120,115,66
566,국산,현대,쏘나타,LF 쏘나타 하이브리드,가솔린+전기 2000cc,2.0 HEV,프리미엄,48489,4776,120,120,115,28
567,국산,현대,쏘나타,LF 쏘나타 하이브리드,가솔린+전기 2000cc,2.0 HEV,스마트,48489,4776,120,120,115,14
568,국산,현대,쏘나타,LF 쏘나타 하이브리드,가솔린+전기 2000cc,2.0 HEV,프리미엄 스페셜,48489,4776,120,120,115,4
569,국산,현대,쏘나타,LF 쏘나타 하이브리드,가솔린+전기 2000cc,2.0 HEV,모던 스페셜,48489,4776,120,120,115,3
570,국산,현대,아반떼,더 뉴 아반떼 하이브리드 (CN7),가솔린+전기 1600cc,스마트,,48489,5671,60,60,6,
571,국산,현대,쏘나타,쏘나타 더 브릴리언트,LPG 2000cc,LPI 스마트,,48489,4776,211,68,22,
572,국산,현대,쏘나타,LF 쏘나타,LPG 2000cc,LPI 모던,,48489,4776,935,232,42,
573,국산,현대,싼타페,싼타페 DM,디젤 4WD,디젤(e-VGT) 2.0 4WD 프리미엄,,48489,5751,1049,203,75,
574,국산,현대,그랜저,더 뉴 그랜저 하이브리드 (GN7),가솔린+전기 2WD,캘리그래피,,48489,10146,14,14,4,
575,국산,현대,쏘나타,쏘나타 디 엣지(DN8),가솔린 2500cc,2.5 터보,N Line,48489,4776,548,1,1,1
576,국산,현대,그랜저,더 뉴 그랜저 (GN7),가솔린 3500cc,3.5 가솔린 2WD,익스클루시브,48489,10146,22,2,1,1
577,국산,현대,아반떼,아반떼 MD,가솔린 1600cc,M16 GDI 프리미엄,,48489,5671,528,516,15,
578,국산,현대,팰리세이드,팰리세이드 (LX3),가솔린+전기 2WD,HEV 2.5T 2WD 7인승,프레스티지,48489,3914,444,90,40,19
579,국산,현대,팰리세이드,팰리세이드 (LX3),가솔린+전기 2WD,HEV 2.5T 2WD 7인승,캘리그래피,48489,3914,444,90,40,16
580,국산,현대,팰리세이드,팰리세이드 (LX3),가솔린+전기 2WD,HEV 2.5T 2WD 7인승,익스클루시브,48489,3914,444,90,40,5
581,국산,현대,쏘나타,LF 쏘나타 하이브리드,가솔린+전기 2000cc,2.0 플러그인 HEV,프리미엄,48489,4776,120,120,5,3
582,국산,현대,쏘나타,LF 쏘나타 하이브리드,가솔린+전기 2000cc,2.0 플러그인 HEV,익스클루시브,48489,4776,120,120,5,2
583,국산,현대,쏘나타,YF 쏘나타,가솔린 2000cc,CVVL 럭셔리,,48489,4776,201,117,8,
584,국산,현대,쏘나타,쏘나타 뉴 라이즈,LPG 2000cc,LPI 택시형,스타일,48489,4776,481,123,29,17
585,국산,현대,쏘나타,쏘나타 뉴 라이즈,LPG 2000cc,LPI 택시형,인스퍼레이션,48489,4776,481,123,29,4
586,국산,현대,쏘나타,쏘나타 뉴 라이즈,LPG 2000cc,LPI 택시형,모던,48489,4776,481,123,29,3
587,국산,현대,쏘나타,쏘나타 뉴 라이즈,LPG 2000cc,LPI 택시형,프리미엄,48489,4776,481,123,29,3
588,국산,현대,쏘나타,쏘나타 뉴 라이즈,LPG 2000cc,LPI 택시형,경제형,48489,4776,481,123,29,2
589,국산,현대,아반떼,아반떼 AD,LPG 1600cc,1.6 LPI 스마트(렌터카),,48489,5671,1587,27,16,
590,국산,현대,그랜저,그랜저 HG,가솔린 3000cc 이상,HG300 익스클루시브 스페셜,,48489,10146,2058,624,28,
591,국산,현대,아반떼,아반떼 (CN8),가솔린 2000cc,2.0,모던,48489,5671,10,10,10,4
592,국산,현대,아반떼,아반떼 (CN8),가솔린 2000cc,2.0,인스퍼레이션,48489,5671,10,10,10,3
593,국산,현대,아반떼,아반떼 (CN8),가솔린 2000cc,2.0,프리미엄,48489,5671,10,10,10,3
594,국산,현대,쏘나타,쏘나타 더 브릴리언트,LPG 2000cc,LPI 모던,,48489,4776,211,68,11,
595,국산,현대,아반떼,더 뉴 아반떼 하이브리드 (CN7),가솔린+전기 1600cc,인스퍼레이션 N Line,,48489,5671,60,60,3,
596,국산,현대,그랜저,그랜저 IG,LPG 3000cc,3.0 LPi 모던 (렌터카),,48489,10146,2485,451,262,
597,국산,현대,싼타페,싼타페 DM,디젤 4WD,디젤(e-VGT) 2.0 4WD 익스클루시브,(세부등급 없음),48489,5751,1049,203,54,43
598,국산,현대,싼타페,싼타페 DM,디젤 4WD,디젤(e-VGT) 2.0 4WD 익스클루시브,스페셜,48489,5751,1049,203,54,11
599,국산,현대,그랜저,더 뉴 그랜저 (GN7),가솔린 3500cc,3.5 가솔린 4WD,캘리그라피,48489,10146,22,2,1,1
600,국산,현대,그랜저,그랜저 TG,가솔린 2700cc 이하,Q270 럭셔리,기본형,48489,10146,12,10,6,6
601,국산,현대,아반떼,아반떼 MD,가솔린 1600cc,M16 GDI 스타일,,48489,5671,528,516,11,
602,국산,현대,아반떼,아반떼 HD,가솔린 1600cc,1.6 VVT E16,디럭스,48489,5671,46,44,7,6
603,국산,현대,아반떼,더 뉴 아반떼,디젤 1600cc,1.6 VGT 텐밀리언 리미티드,기본형,48489,5671,517,103,5,5
604,국산,현대,아반떼,아반떼 HD,가솔린 1600cc,1.6 VVT E16,밸류,48489,5671,46,44,7,1
605,국산,현대,쏘나타,YF 쏘나타,가솔린 2000cc,Y20 그랜드,,48489,4776,201,117,4,
606,국산,현대,쏘나타,쏘나타 뉴 라이즈,LPG 2000cc,LPI 모던,,48489,4776,481,123,20,
607,국산,현대,아반떼,아반떼 AD,LPG 1600cc,1.6 LPI 스타일(렌터카),,48489,5671,1587,27,10,
608,국산,현대,싼타페,싼타페 CM,디젤 4WD,4WD(2.2 e-VGT) CLX,디럭스,48489,5751,136,10,4,4
609,국산,현대,쏘나타,LF 쏘나타,LPG 2000cc,LPI 모던(장애인용),,48489,4776,935,232,32,
610,국산,현대,그랜저,그랜저 HG,가솔린 3000cc 이상,HG300 프리미엄 컬렉션,,48489,10146,2058,624,8,
611,국산,현대,아반떼,더 뉴 아반떼 하이브리드 (CN7),가솔린+전기 1600cc,N Line,,48489,5671,60,60,1,
612,국산,현대,쏘나타,쏘나타 더 브릴리언트,LPG 2000cc,LPI 모던(장애인용),,48489,4776,211,68,10,
613,국산,현대,그랜저,그랜저 IG,LPG 3000cc,3.0 LPi 익스클루시브 (렌터카),,48489,10146,2485,451,66,
614,국산,현대,아반떼,아반떼 HD,가솔린 1600cc,1.6 VVT X16,럭셔리 블랙,48489,5671,46,44,3,1
615,국산,현대,아반떼,아반떼 HD,가솔린 1600cc,1.6 VVT X16,프리미어,48489,5671,46,44,3,1
616,국산,현대,아반떼,아반떼 HD,가솔린 1600cc,1.6 VVT X16,프리미어 블랙,48489,5671,46,44,3,1
617,국산,현대,쏘나타,쏘나타 뉴 라이즈,LPG 2000cc,LPI 프리미엄,,48489,4776,481,123,11,
618,국산,현대,쏘나타,YF 쏘나타,가솔린 2000cc,CVVL 프리미어,,48489,4776,201,117,3,
619,국산,현대,싼타페,싼타페 CM,디젤 4WD,4WD(2.2 e-VGT) MLX,럭셔리,48489,5751,136,10,4,4
620,국산,현대,쏘나타,쏘나타 더 브릴리언트,LPG 2000cc,LPI 프리미엄,,48489,4776,211,68,10,
621,국산,현대,싼타페,싼타페 DM,디젤 4WD,디젤(e-VGT) 2.2 4WD 익스클루시브,(세부등급 없음),48489,5751,1049,203,37,30
622,국산,현대,싼타페,싼타페 DM,디젤 4WD,디젤(e-VGT) 2.2 4WD 익스클루시브,스페셜,48489,5751,1049,203,37,7
623,국산,현대,그랜저,그랜저 TG,가솔린 2700cc 이하,Q270 디럭스,기본형,48489,10146,12,10,3,3
624,국산,현대,그랜저,그랜저 IG,LPG 3000cc,3.0 LPi 장애인용,익스클루시브 스페셜,48489,10146,2485,451,52,36
625,국산,현대,그랜저,그랜저 IG,LPG 3000cc,3.0 LPi 장애인용,프리미엄 스페셜,48489,10146,2485,451,52,16
626,국산,현대,그랜저,그랜저 HG,가솔린 3000cc 이상,HG300 익스클루시브 컬렉션,,48489,10146,2058,624,5,
627,국산,현대,아반떼,아반떼 MD,가솔린 1600cc,M16 GDI 블루세이버,,48489,5671,528,516,10,
628,국산,현대,쏘나타,LF 쏘나타,LPG 2000cc,LPI 프리미엄 스페셜,,48489,4776,935,232,24,
629,국산,현대,그랜저,더 뉴 그랜저 하이브리드 (GN7),가솔린+전기 2WD,프리미엄,,48489,10146,14,14,3,
630,국산,현대,그랜저,그랜저 뉴 럭셔리,LPG 2700cc,LPI Q270 장애인용,,48489,10146,22,10,6,
631,국산,현대,쏘나타,쏘나타 뉴 라이즈,LPG 2000cc,LPI 모던(장애인용),,48489,4776,481,123,9,
632,국산,현대,아반떼,아반떼 하이브리드,LPG+전기 1600cc,HDeII,기본형,48489,5671,10,10,5,5
633,국산,현대,싼타페,싼타페 CM,디젤 4WD,4WD(2.2VGT) CLX,기본형,48489,5751,136,10,1,1
634,국산,현대,쏘나타,쏘나타 더 브릴리언트,LPG 2000cc,LPI 스타일,,48489,4776,211,68,7,
635,국산,현대,싼타페,싼타페 DM,디젤 4WD,디젤(e-VGT) 2.2 4WD 프리미엄,,48489,5751,1049,203,23,
636,국산,현대,아반떼,아반떼 AD,LPG 1600cc,1.6 LPI 모던(장애인),,48489,5671,1587,27,1,
637,국산,현대,쏘나타,쏘나타 디 엣지 하이브리드(DN8),가솔린+전기 2000cc,인스퍼레이션,,48489,4776,116,116,47,
638,국산,현대,그랜저,그랜저 TG,가솔린 2700cc 이하,Q270 기본형,기본형,48489,10146,12,10,1,1
639,국산,현대,스타렉스,스타렉스,LPG 2WD,6인승 LPG 윈도우밴,SVX,48489,3093,2,1,1,1
640,국산,현대,아반떼,더 뉴 아반떼,LPG 1600cc,1.6 LPi 모던,,48489,5671,517,14,5,
641,국산,현대,그랜저,그랜저 HG,가솔린 3000cc 이상,아제라(수출형),,48489,10146,2058,624,2,
642,국산,현대,그랜저,그랜저 IG,LPG 3000cc,3.0 LPi 모던 베이직 (렌터카),,48489,10146,2485,451,33,
643,국산,현대,쏘나타,LF 쏘나타,LPG 2000cc,LPI 택시형,스타일,48489,4776,935,232,16,12
644,국산,현대,쏘나타,LF 쏘나타,LPG 2000cc,LPI 택시형,모던,48489,4776,935,232,16,4
645,국산,현대,스타렉스,스타렉스 점보,디젤,9인승 CRDi,GRX 고급형,48489,3093,1,1,1,1
646,국산,현대,그랜저,더 럭셔리 그랜저,LPG 2700cc,LPI Q270 장애인용,,48489,10146,12,7,3,
647,국산,현대,스타리아,더 뉴 스타리아,가솔린+전기 2WD,HEV 1.6T 카고 5인승,모던,48489,1806,50,23,8,8
648,국산,현대,쏘나타,쏘나타 하이브리드,가솔린+전기 2000cc,2.0,로열,48489,4776,106,106,106,28
649,국산,현대,쏘나타,쏘나타 하이브리드,가솔린+전기 2000cc,2.0,프리미어,48489,4776,106,106,106,27
650,국산,현대,쏘나타,쏘나타 하이브리드,가솔린+전기 2000cc,2.0,모던,48489,4776,106,106,106,19
651,국산,현대,쏘나타,쏘나타 하이브리드,가솔린+전기 2000cc,2.0,스마트,48489,4776,106,106,106,19
652,국산,현대,쏘나타,쏘나타 하이브리드,가솔린+전기 2000cc,2.0,프리미엄,48489,4776,106,106,106,13
653,국산,현대,아반떼,아반떼 하이브리드,LPG+전기 1600cc,HDeIII,어드밴스팩,48489,5671,10,10,4,3
654,국산,현대,아반떼,아반떼 하이브리드,LPG+전기 1600cc,HDeIII,기본형,48489,5671,10,10,4,1
655,국산,현대,쏘나타,YF 쏘나타,가솔린 2000cc,Y20 월드컵 스페셜 에디션,,48489,4776,201,117,3,
656,국산,현대,쏘나타,쏘나타 더 브릴리언트,LPG 2000cc,LPI 스마트(장애인용),,48489,4776,211,68,3,
657,국산,현대,싼타페,싼타페 DM,디젤 4WD,디젤(e-VGT) 2.2 4WD 모던,,48489,5751,1049,203,6,
658,국산,현대,스타렉스,더 뉴 그랜드 스타렉스,디젤 2WD,밴 5인승,모던,48489,3093,1330,1098,383,209
659,국산,현대,스타렉스,더 뉴 그랜드 스타렉스,디젤 2WD,밴 5인승,스마트,48489,3093,1330,1098,383,152
660,국산,현대,스타렉스,더 뉴 그랜드 스타렉스,디젤 2WD,밴 5인승,스타일,48489,3093,1330,1098,383,22
661,국산,현대,쏘나타,쏘나타 뉴 라이즈,LPG 2000cc,LPI 스마트(장애인용),,48489,4776,481,123,1,
662,국산,현대,아반떼,아반떼 MD,LPG 1600cc,LPI M16 디럭스,,48489,5671,528,12,6,
663,국산,현대,그랜저,그랜저 IG,LPG 3000cc,3.0 LPI 택시형,모범형,48489,10146,2485,451,23,14
664,국산,현대,그랜저,그랜저 IG,LPG 3000cc,3.0 LPI 택시형,개인형,48489,10146,2485,451,23,6
665,국산,현대,그랜저,그랜저 IG,LPG 3000cc,3.0 LPI 택시형,VIP 패키지,48489,10146,2485,451,23,3
666,국산,현대,아반떼,더 뉴 아반떼,LPG 1600cc,1.6 LPi 스마트,,48489,5671,517,14,5,
667,국산,현대,쏘나타,LF 쏘나타,LPG 2000cc,LPI 스마트(장애인용),,48489,4776,935,232,8,
668,국산,현대,그랜저,더 럭셔리 그랜저,LPG 2700cc,LPI Q270 모범형,,48489,10146,12,7,2,
669,국산,현대,아반떼,아반떼 HD,가솔린 2000cc,2.0 VVT S20,프리미어,48489,5671,46,1,1,1
670,국산,현대,쏘나타,쏘나타 디 엣지 하이브리드(DN8),가솔린+전기 2000cc,익스클루시브,,48489,4776,116,116,34,
671,국산,현대,스타리아,더 뉴 스타리아,가솔린+전기 2WD,HEV 1.6T 카고 2인승,모던,48489,1806,50,23,7,7
672,국산,현대,싼타페,싼타페 CM,디젤 4WD,4WD(2.2VGT) MLX,고급형,48489,5751,136,10,1,1
673,국산,현대,쏘나타,쏘나타 더 브릴리언트,LPG 2000cc,LPI 택시형,스타일,48489,4776,211,68,3,3
674,국산,현대,아반떼,아반떼 하이브리드,LPG+전기 1600cc,HDeI,기본형,48489,5671,10,10,1,1
675,국산,현대,스타리아,스타리아,디젤 2WD,카고 5인승,모던,48489,1806,1756,946,334,273
676,국산,현대,스타리아,스타리아,디젤 2WD,카고 5인승,스마트,48489,1806,1756,946,334,61
677,국산,현대,아반떼,아반떼 AD,가솔린 2000cc,2.0 CVVT 프리미엄,,48489,5671,1587,2,2,
678,국산,현대,스타렉스,더 뉴 그랜드 스타렉스,디젤 2WD,밴 3인승,스마트,48489,3093,1330,1098,241,210
679,국산,현대,스타렉스,더 뉴 그랜드 스타렉스,디젤 2WD,밴 3인승,스타일,48489,3093,1330,1098,241,31
680,국산,현대,싼타페,싼타페 DM,디젤 4WD,디젤(e-VGT) 2.0 4WD 모던,,48489,5751,1049,203,5,
681,국산,현대,아반떼,아반떼 MD,LPG 1600cc,LPI M16 럭셔리,,48489,5671,528,12,2,
682,국산,현대,그랜저,더 럭셔리 그랜저,LPG 2700cc,LPI Q270 팩1,,48489,10146,12,7,2,
683,국산,현대,그랜저,그랜저 IG,LPG 3000cc,3.0 LPI 모던,,48489,10146,2485,451,11,
684,국산,현대,그랜저,그랜저 뉴 럭셔리,LPG 2700cc,LPI Q270 팩2,,48489,10146,22,10,4,
685,국산,현대,스타렉스,스타렉스,디젤 2WD,9인승 CRDi 2WD,GRX,48489,3093,2,1,1,1
686,국산,현대,쏘나타,쏘나타 디 엣지 하이브리드(DN8),가솔린+전기 2000cc,프리미엄,,48489,4776,116,116,29,
687,국산,현대,그랜저,그랜저 HG,LPG 3000cc,LPG HG300 모던,,48489,10146,2058,292,88,
688,국산,현대,쏘나타,쏘나타 더 브릴리언트,LPG 2000cc,LPI 프리미엄 스페셜,,48489,4776,211,68,2,
689,국산,현대,스타리아,스타리아,디젤 2WD,카고 3인승,모던,48489,1806,1756,946,303,219
690,국산,현대,그랜저,그랜저,가솔린 2000cc,2.0,,48489,10146,9,4,4,
691,국산,현대,스타리아,스타리아,디젤 2WD,카고 3인승,스마트,48489,1806,1756,946,303,84
692,국산,현대,스타렉스,더 뉴 그랜드 스타렉스,디젤 2WD,웨건 12인승,스마트,48489,3093,1330,1098,134,76
693,국산,현대,스타리아,더 뉴 스타리아,가솔린+전기 2WD,HEV 1.6T 어린이보호차,11인승,48489,1806,50,23,4,4
694,국산,현대,스타렉스,더 뉴 그랜드 스타렉스,디젤 2WD,웨건 12인승,모던,48489,3093,1330,1098,134,53
695,국산,현대,스타렉스,더 뉴 그랜드 스타렉스,디젤 2WD,웨건 12인승,스타일,48489,3093,1330,1098,134,5
696,국산,현대,싼타페,싼타페 DM,디젤 4WD,디젤(e-VGT) 2.2 4WD 스마트,,48489,5751,1049,203,2,
697,국산,현대,쏘나타,YF 쏘나타,가솔린 2000cc,F20 터보 GDI,최고급형,48489,4776,201,117,2,2
698,국산,현대,쏘나타,쏘나타 디 엣지 하이브리드(DN8),가솔린+전기 2000cc,S,,48489,4776,116,116,6,
699,국산,현대,쏘나타,쏘나타 뉴 라이즈,가솔린 1600cc,1.6 터보 프리미엄,,48489,4776,481,26,9,
700,국산,현대,아반떼,아반떼 MD,LPG 1600cc,LPI M16 스마트,,48489,5671,528,12,2,
701,국산,현대,아반떼,더 뉴 아반떼,LPG 1600cc,1.6 LPi 스타일,,48489,5671,517,14,4,
702,국산,현대,아반떼,아반떼 쿠페,가솔린 2000cc,2.0 GDi 프리미엄,기본형,48489,5671,8,8,7,7
703,국산,현대,그랜저,그랜저 HG,LPG 3000cc,LPG HG300 익스클루시브,,48489,10146,2058,292,54,
704,국산,현대,스타렉스,더 뉴 그랜드 스타렉스,디젤 2WD,어반 9인승,익스클루시브,48489,3093,1330,1098,104,59
705,국산,현대,스타렉스,더 뉴 그랜드 스타렉스,디젤 2WD,어반 9인승,프리미엄 스페셜,48489,3093,1330,1098,104,26
706,국산,현대,스타렉스,더 뉴 그랜드 스타렉스,디젤 2WD,어반 9인승,프리미엄,48489,3093,1330,1098,104,19
707,국산,현대,싼타페,싼타페 DM,디젤 4WD,디젤(e-VGT) 2.0 4WD 스마트,,48489,5751,1049,203,1,
708,국산,현대,그랜저,그랜저 TG,LPG 2700cc,LPI Q270 모범형,,48489,10146,12,2,1,
709,국산,현대,아반떼,아반떼 HD,디젤 1600cc,디젤 1.6 VGT S16,럭셔리,48489,5671,46,1,1,1
710,국산,현대,쏘나타,YF 쏘나타,가솔린 2000cc,CVVL 프라임,,48489,4776,201,117,1,
711,국산,현대,쏘나타,LF 쏘나타,디젤 1700cc,1.7 디젤 스마트,(세부등급 없음),48489,4776,935,71,64,39
712,국산,현대,쏘나타,LF 쏘나타,디젤 1700cc,1.7 디젤 스마트,스페셜,48489,4776,935,71,64,25
713,국산,현대,스타리아,더 뉴 스타리아,가솔린+전기 2WD,HEV 1.6T 라운지 7인승,인스퍼레이션,48489,1806,50,23,2,2
714,국산,현대,쏘나타,쏘나타 뉴 라이즈 하이브리드,가솔린+전기 2000cc,프리미엄,(세부등급 없음),48489,4776,65,65,34,28
715,국산,현대,쏘나타,쏘나타 뉴 라이즈 하이브리드,가솔린+전기 2000cc,프리미엄,스페셜,48489,4776,65,65,34,6
716,국산,현대,그랜저,그랜저 뉴 럭셔리,가솔린 2400cc,Q240 디럭스,,48489,10146,22,1,1,
717,국산,현대,스타리아,스타리아,디젤 2WD,투어러 11인승,모던,48489,1806,1756,946,133,105
718,국산,현대,스타리아,스타리아,디젤 2WD,투어러 11인승,스마트,48489,1806,1756,946,133,28
719,국산,현대,아반떼,아반떼 MD,LPG 1600cc,LPI M16 프리미어,,48489,5671,528,12,2,
720,국산,현대,쏘나타,쏘나타 뉴 라이즈,가솔린 1600cc,1.6 터보 마이 트립 에디션,,48489,4776,481,26,5,
721,국산,현대,아반떼,아반떼 쿠페,가솔린 2000cc,2.0 GDi 스마트,,48489,5671,8,8,1,
722,국산,현대,그랜저,그랜저 IG,LPG 3000cc,3.0 LPI 익스클루시브,(세부등급 없음),48489,10146,2485,451,4,4
723,국산,현대,그랜저,그랜저 HG,LPG 3000cc,LPG HG300 장애인용,,48489,10146,2058,292,36,
724,국산,현대,스타렉스,더 뉴 그랜드 스타렉스,디젤 2WD,어린이보호차,,48489,3093,1330,1098,95,
725,국산,현대,스타렉스,그랜드 스타렉스,디젤 2WD,5인승 밴,스마트,48489,3093,1760,1585,551,157
726,국산,현대,스타렉스,그랜드 스타렉스,디젤 2WD,5인승 밴,CVX 럭셔리,48489,3093,1760,1585,551,138
727,국산,현대,스타렉스,그랜드 스타렉스,디젤 2WD,5인승 밴,모던,48489,3093,1760,1585,551,116
728,국산,현대,스타렉스,그랜드 스타렉스,디젤 2WD,5인승 밴,CVX 프리미엄,48489,3093,1760,1585,551,91
729,국산,현대,스타렉스,그랜드 스타렉스,디젤 2WD,5인승 밴,CVX 디럭스,48489,3093,1760,1585,551,47
730,국산,현대,스타렉스,그랜드 스타렉스,디젤 2WD,5인승 밴,CVX 밸류,48489,3093,1760,1585,551,1
731,국산,현대,스타렉스,그랜드 스타렉스,디젤 2WD,5인승 밴,스마트 기본형,48489,3093,1760,1585,551,1
732,국산,현대,그랜저,그랜저,가솔린 2400cc,2.4,,48489,10146,9,4,4,
733,국산,현대,쏘나타,YF 쏘나타,가솔린 2000cc,Y20 스포츠,,48489,4776,201,117,1,
734,국산,현대,아반떼,뉴 아반떼 XD,가솔린 1500cc,1.5 VVT 골드,기본형,48489,5671,4,2,2,1
735,국산,현대,아반떼,뉴 아반떼 XD,가솔린 1500cc,1.5 VVT 골드,최고급형,48489,5671,4,2,2,1
736,국산,현대,그랜저,더 럭셔리 그랜저,가솔린 2400cc,Q240 디럭스,,48489,10146,12,3,2,
737,국산,현대,쏘나타,쏘나타 뉴 라이즈 하이브리드,가솔린+전기 2000cc,모던,,48489,4776,65,65,21,
738,국산,현대,그랜저,그랜저 TG,LPG 2700cc,LPI Q270 장애인용,,48489,10146,12,2,1,
739,국산,현대,쏘나타,쏘나타 뉴 라이즈,가솔린 1600cc,1.6 터보 모던,,48489,4776,481,26,5,
740,국산,현대,쏘나타,LF 쏘나타,디젤 1700cc,1.7 디젤 스타일,,48489,4776,935,71,7,
741,국산,현대,스타리아,더 뉴 스타리아,가솔린+전기 2WD,HEV 1.6T 라운지 9인승,인스퍼레이션,48489,1806,50,23,1,1
742,국산,현대,아반떼,아반떼,가솔린 1500cc,1.5 GLS,,48489,5671,6,5,5,
743,국산,현대,그랜저,그랜저 HG,LPG 3000cc,LPG HG300 이그제큐티브,,48489,10146,2058,292,33,
744,국산,현대,쏘나타,쏘나타 뉴 라이즈 하이브리드,가솔린+전기 2000cc,스마트,,48489,4776,65,65,6,
745,국산,현대,쏘나타,NF 쏘나타 트랜스폼,LPG 2000cc,LPG N20 럭셔리,,48489,4776,16,12,5,
746,국산,현대,그랜저,더 럭셔리 그랜저,가솔린 2400cc,Q240 기본형,,48489,10146,12,3,1,
747,국산,현대,스타렉스,더 뉴 그랜드 스타렉스,디젤 2WD,웨건 11인승,스마트,48489,3093,1330,1098,58,39
748,국산,현대,스타렉스,더 뉴 그랜드 스타렉스,디젤 2WD,웨건 11인승,모던,48489,3093,1330,1098,58,18
749,국산,현대,스타렉스,더 뉴 그랜드 스타렉스,디젤 2WD,웨건 11인승,스타일,48489,3093,1330,1098,58,1
750,국산,현대,스타리아,스타리아,디젤 2WD,투어러 9인승,모던,48489,1806,1756,946,77,77
751,국산,현대,스타렉스,그랜드 스타렉스,디젤 2WD,12인승 왜건,CVX 럭셔리,48489,3093,1760,1585,449,140
752,국산,현대,스타렉스,그랜드 스타렉스,디젤 2WD,12인승 왜건,스마트,48489,3093,1760,1585,449,124
753,국산,현대,스타렉스,그랜드 스타렉스,디젤 2WD,12인승 왜건,CVX 디럭스,48489,3093,1760,1585,449,72
754,국산,현대,스타렉스,그랜드 스타렉스,디젤 2WD,12인승 왜건,모던,48489,3093,1760,1585,449,55
755,국산,현대,스타렉스,그랜드 스타렉스,디젤 2WD,12인승 왜건,CVX 프리미엄,48489,3093,1760,1585,449,44
756,국산,현대,스타렉스,그랜드 스타렉스,디젤 2WD,12인승 왜건,모던 스페셜,48489,3093,1760,1585,449,10
757,국산,현대,스타렉스,그랜드 스타렉스,디젤 2WD,12인승 왜건,CVX 밸류,48489,3093,1760,1585,449,2
758,국산,현대,스타렉스,그랜드 스타렉스,디젤 2WD,12인승 왜건,스마트 기본형,48489,3093,1760,1585,449,2
759,국산,현대,그랜저,그랜저 IG,디젤 2200cc,2.2 디젤 프리미엄,(세부등급 없음),48489,10146,2485,153,137,73
760,국산,현대,그랜저,그랜저 IG,디젤 2200cc,2.2 디젤 프리미엄,스페셜,48489,10146,2485,153,137,64
761,국산,현대,스타리아,더 뉴 스타리아,가솔린+전기 2WD,HEV 1.6T 투어러 11인승,모던,48489,1806,50,23,1,1
762,국산,현대,쏘나타,쏘나타 뉴 라이즈,가솔린 1600cc,1.6 터보 스마트,,48489,4776,481,26,5,
763,국산,현대,아반떼,아반떼 XD,가솔린 1500cc,1.5 DOHC GLS,고급형,48489,5671,2,2,1,1
764,국산,현대,아반떼,뉴 아반떼 XD,가솔린 1600cc,1.6 VVT 골드,기본형,48489,5671,4,2,1,1
765,국산,현대,쏘나타,YF 쏘나타,LPG 2000cc,LPI 프리미어(장애인용),,48489,4776,201,78,24,
766,국산,현대,쏘나타,NF 쏘나타 트랜스폼,LPG 2000cc,LPG N20 디럭스,,48489,4776,16,12,3,
767,국산,현대,쏘나타,쏘나타 뉴 라이즈 하이브리드,가솔린+전기 2000cc,2.0 플러그인 HEV,프리미엄,48489,4776,65,65,4,4
768,국산,현대,스타리아,스타리아,디젤 2WD,라운지 9인승,인스퍼레이션,48489,1806,1756,946,57,36
769,국산,현대,스타리아,스타리아,디젤 2WD,라운지 9인승,프레스티지,48489,1806,1756,946,57,21
770,국산,현대,그랜저,그랜저,가솔린 3000cc,3.0 V6,,48489,10146,9,1,1,
771,국산,현대,스타렉스,그랜드 스타렉스,디젤 2WD,3인승 밴,스마트,48489,3093,1760,1585,215,86
772,국산,현대,스타렉스,그랜드 스타렉스,디젤 2WD,3인승 밴,CVX 럭셔리,48489,3093,1760,1585,215,49
773,국산,현대,스타렉스,그랜드 스타렉스,디젤 2WD,3인승 밴,CVX 디럭스,48489,3093,1760,1585,215,40
774,국산,현대,스타렉스,그랜드 스타렉스,디젤 2WD,3인승 밴,모던,48489,3093,1760,1585,215,28
775,국산,현대,스타렉스,그랜드 스타렉스,디젤 2WD,3인승 밴,스마트 스페셜,48489,3093,1760,1585,215,10
776,국산,현대,스타렉스,그랜드 스타렉스,디젤 2WD,3인승 밴,CVX 밸류,48489,3093,1760,1585,215,2
777,국산,현대,그랜저,그랜저 HG,LPG 3000cc,LPG HG300 프리미엄,,48489,10146,2058,292,32,
778,국산,현대,그랜저,뉴 그랜저 XG,가솔린 2500cc 이하,R20,기본형,48489,10146,9,5,3,3
779,국산,현대,그랜저,그랜저 IG,디젤 2200cc,2.2 디젤 모던,,48489,10146,2485,153,16,
780,국산,현대,아반떼,아반떼,가솔린 1800cc,투어링 1.8 ELS DLX,,48489,5671,6,1,1,
781,국산,현대,아반떼,뉴 아반떼 XD,가솔린 1600cc,1.6 VVT 디럭스,기본형,48489,5671,4,2,1,1
782,국산,현대,쏘나타,NF 쏘나타 트랜스폼,LPG 2000cc,LPG N20 프리미어,,48489,4776,16,12,3,
783,국산,현대,아반떼,아반떼 XD,가솔린 1500cc,5DR 1.5 DOHC 스포츠,기본형,48489,5671,2,2,1,1
784,국산,현대,쏘나타,YF 쏘나타,LPG 2000cc,LPI 프리미어,,48489,4776,201,78,20,
785,국산,현대,아반떼,올 뉴 아반떼,가솔린 1500cc,1.5 스페셜,,48489,5671,2,2,1,
786,국산,현대,쏘나타,쏘나타 뉴 라이즈,가솔린 1600cc,1.6 터보 마이 시티 에디션,,48489,4776,481,26,1,
787,국산,현대,스타리아,스타리아,디젤 2WD,2WD 캠핑카,특장업체,48489,1806,1756,946,26,13
788,국산,현대,스타리아,스타리아,디젤 2WD,2WD 캠핑카,프레스티지 캠퍼 4인승,48489,1806,1756,946,26,13
789,국산,현대,그랜저,그랜저 HG,LPG 3000cc,LPG HG300 프라임,,48489,10146,2058,292,28,
790,국산,현대,그랜저,뉴 그랜저 XG,가솔린 2500cc 이하,S25,기본형,48489,10146,9,5,2,1
791,국산,현대,그랜저,뉴 그랜저 XG,가솔린 2500cc 이하,S25,슈퍼형,48489,10146,9,5,2,1
792,국산,현대,그랜저,더 럭셔리 그랜저,가솔린 2700cc,Q270 럭셔리,기본형,48489,10146,12,2,2,1
793,국산,현대,그랜저,더 럭셔리 그랜저,가솔린 2700cc,Q270 럭셔리,스마트팩,48489,10146,12,2,2,1
794,국산,현대,스타렉스,그랜드 스타렉스,디젤 2WD,11인승 왜건,CVX 프리미엄,48489,3093,1760,1585,115,42
795,국산,현대,스타렉스,그랜드 스타렉스,디젤 2WD,11인승 왜건,CVX 럭셔리,48489,3093,1760,1585,115,29
796,국산,현대,스타렉스,그랜드 스타렉스,디젤 2WD,11인승 왜건,스마트,48489,3093,1760,1585,115,18
797,국산,현대,스타렉스,그랜드 스타렉스,디젤 2WD,11인승 왜건,모던,48489,3093,1760,1585,115,13
798,국산,현대,스타렉스,그랜드 스타렉스,디젤 2WD,11인승 왜건,모던 스페셜,48489,3093,1760,1585,115,13
799,국산,현대,그랜저,뉴 그랜저,가솔린 2500cc 이하,2.5 V6,,48489,10146,8,7,3,
800,국산,현대,쏘나타,NF 쏘나타 트랜스폼,LPG 2000cc,LPG N20 고급형,,48489,4776,16,12,1,
801,국산,현대,쏘나타,쏘나타 뉴 라이즈,가솔린 1600cc,1.6 터보 스타일,,48489,4776,481,26,1,
802,국산,현대,캐스퍼,캐스퍼 일렉트릭,전기,인스퍼레이션,,48489,1667,172,172,158,
803,국산,현대,스타렉스,더 뉴 그랜드 스타렉스,디젤 2WD,캠핑카,,48489,3093,1330,1098,48,
804,국산,현대,스타리아,스타리아,디젤 2WD,라운지 7인승,리무진,48489,1806,1756,946,7,4
805,국산,현대,스타리아,스타리아,디젤 2WD,라운지 7인승,인스퍼레이션,48489,1806,1756,946,7,3
806,국산,현대,캐스퍼,캐스퍼,가솔린 1000cc,터보 인스퍼레이션,,48489,1667,1379,1379,357,
807,국산,현대,쏘나타,NF 쏘나타,가솔린 2000cc 이하,N20 기본형,,48489,4776,5,3,2,
808,국산,현대,그랜저,그랜저 IG,가솔린 3300cc,3.3 셀러브리티,,48489,10146,2485,47,47,
809,국산,현대,스타렉스,그랜드 스타렉스,디젤 2WD,어린이보호차,,48489,3093,1760,1585,93,
810,국산,현대,그랜저,그랜저 HG,LPG 3000cc,LPG HG300 택시형,,48489,10146,2058,292,21,
811,국산,현대,스타리아,더 뉴 스타리아,LPG 2WD,L3.5 카고 3인승,모던,48489,1806,50,21,6,6
812,국산,현대,쏘나타,LF 쏘나타,가솔린 2400cc,2.4 익스클루시브,,48489,4776,935,25,16,
813,국산,현대,캐스퍼,더 뉴 캐스퍼,가솔린 1000cc,터보 인스퍼레이션,,48489,1667,116,116,78,
814,국산,현대,아반떼,올 뉴 아반떼,가솔린 1500cc,린번 1.5 에센셜,,48489,5671,2,2,1,
815,국산,현대,캐스퍼,캐스퍼 일렉트릭,전기,크로스,,48489,1667,172,172,7,
816,국산,현대,쏘나타,뉴 EF 쏘나타,가솔린 2000cc 이하,1.8 DOHC,기본형,48489,4776,4,3,1,1
817,국산,현대,스타렉스,더 뉴 그랜드 스타렉스,디젤 2WD,리무진,,48489,3093,1330,1098,13,
818,국산,현대,쏘나타,NF 쏘나타,가솔린 2000cc 이하,N20 블랙 프리미어,,48489,4776,5,3,1,
819,국산,현대,쏘나타,YF 쏘나타,LPG 2000cc,LPI 럭셔리,,48489,4776,201,78,15,
820,국산,현대,스타렉스,그랜드 스타렉스,디젤 2WD,캠핑카,,48489,3093,1760,1585,78,
821,국산,현대,스타리아,더 뉴 스타리아,LPG 2WD,L3.5 어린이보호차,15인승,48489,1806,50,21,4,4
822,국산,현대,그랜저,뉴 그랜저,가솔린 2500cc 이하,2.0 디럭스,,48489,10146,8,7,2,
823,국산,현대,캐스퍼,캐스퍼,가솔린 1000cc,모던,,48489,1667,1379,1379,280,
824,국산,현대,쏘나타,NF 쏘나타 트랜스폼,가솔린 2000cc,N20 럭셔리,,48489,4776,16,3,1,
825,국산,현대,캐스퍼,캐스퍼 일렉트릭,전기,프리미엄,,48489,1667,172,172,6,
826,국산,현대,쏘나타,LF 쏘나타,가솔린 2400cc,2.4 스타일,,48489,4776,935,25,9,
827,국산,현대,캐스퍼,더 뉴 캐스퍼,가솔린 1000cc,터보 디 에센셜,,48489,1667,116,116,15,
828,국산,현대,쏘나타,쏘나타 뉴 라이즈,디젤 1700cc,1.7 디젤 스마트,,48489,4776,481,15,8,
829,국산,현대,쏘나타,YF 쏘나타,LPG 2000cc,LPI 탑,,48489,4776,201,78,13,
830,국산,현대,쏘나타,뉴 EF 쏘나타,가솔린 2000cc 이하,2.0 GVS,기본형,48489,4776,4,3,1,1
831,국산,현대,스타렉스,그랜드 스타렉스,디젤 2WD,11인승 왜건 HVX,VIP PACK,48489,3093,1760,1585,24,21
832,국산,현대,스타렉스,그랜드 스타렉스,디젤 2WD,11인승 왜건 HVX,프리미엄,48489,3093,1760,1585,24,3
833,국산,현대,그랜저,뉴 그랜저,가솔린 2500cc 이하,2.0 DOHC,,48489,10146,8,7,1,
834,국산,현대,쏘나타,NF 쏘나타 트랜스폼,가솔린 2000cc,N20 트랜스폼,기본형,48489,4776,16,3,1,1
835,국산,현대,그랜저,그랜저 HG,디젤 2200cc,HG220 디젤 프리미엄,,48489,10146,2058,224,135,
836,국산,현대,쏘나타,쏘나타 뉴 라이즈,디젤 1700cc,1.7 디젤 스타일,,48489,4776,481,15,3,
837,국산,현대,캐스퍼,캐스퍼 일렉트릭,전기,라운지,,48489,1667,172,172,1,
838,국산,현대,스타렉스,그랜드 스타렉스,디젤 2WD,리무진,,48489,3093,1760,1585,20,
839,국산,현대,그랜저,뉴 그랜저,가솔린 2500cc 이하,2.0 이그제큐티브,,48489,10146,8,7,1,
840,국산,현대,스타렉스,더 뉴 그랜드 스타렉스,디젤 2WD,냉동차,,48489,3093,1330,1098,10,
841,국산,현대,쏘나타,뉴 EF 쏘나타,가솔린 2000cc 이하,2.0 골드,고급형,48489,4776,4,3,1,1
842,국산,현대,쏘나타,NF 쏘나타 트랜스폼,가솔린 2000cc,N20 프리미어 블랙,최고급형,48489,4776,16,3,1,1
843,국산,현대,쏘나타,YF 쏘나타,LPG 2000cc,LPI 디럭스,,48489,4776,201,78,5,
844,국산,현대,스타리아,스타리아,디젤 2WD,휠체어 리프트/슬로프,,48489,1806,1756,946,3,
845,국산,현대,스타리아,더 뉴 스타리아,LPG 2WD,L3.5 카고 5인승,모던,48489,1806,50,21,4,4
846,국산,현대,쏘나타,LF 쏘나타,가솔린 1600cc,1.6 터보 스마트,스페셜,48489,4776,935,22,16,11
847,국산,현대,쏘나타,LF 쏘나타,가솔린 1600cc,1.6 터보 스마트,(세부등급 없음),48489,4776,935,22,16,5
848,국산,현대,그랜저,뉴 그랜저 XG,LPG 2700cc,LPG X2.7,기본형,48489,10146,9,2,2,2
849,국산,현대,쏘나타,NF 쏘나타,LPG 2000cc 이하,LPG N20 디럭스,고급형,48489,4776,5,1,1,1
850,국산,현대,캐스퍼,캐스퍼,가솔린 1000cc,인스퍼레이션,,48489,1667,1379,1379,223,
851,국산,현대,쏘나타,쏘나타 뉴 라이즈,디젤 1700cc,1.7 디젤 모던,,48489,4776,481,15,2,
852,국산,현대,그랜저,그랜저 HG,디젤 2200cc,HG220 디젤 모던,,48489,10146,2058,224,75,
853,국산,현대,코나,코나 하이브리드 (SX2),가솔린+전기 1600cc,인스퍼레이션,,48489,1476,91,91,43,
854,국산,현대,스타렉스,그랜드 스타렉스,디젤 2WD,앰뷸런스,,48489,3093,1760,1585,18,
855,국산,현대,스타리아,스타리아,디젤 2WD,2WD 리무진 (특장업체),9인승,48489,1806,1756,946,2,2
856,국산,현대,쏘나타,LF 쏘나타,가솔린 1600cc,1.6 터보 스타일,,48489,4776,935,22,3,
857,국산,현대,쏘나타,YF 쏘나타,LPG 2000cc,LPI 럭셔리(장애인용),,48489,4776,201,78,1,
858,국산,현대,스타리아,더 뉴 스타리아,LPG 2WD,L3.5 투어러 11인승,모던,48489,1806,50,21,4,2
859,국산,현대,스타리아,더 뉴 스타리아,LPG 2WD,L3.5 투어러 11인승,스마트,48489,1806,50,21,4,2
860,국산,현대,캐스퍼,캐스퍼,가솔린 1000cc,스마트,,48489,1667,1379,1379,140,
861,국산,현대,쏘나타,쏘나타 뉴 라이즈,디젤 1700cc,1.7 디젤 프리미엄,,48489,4776,481,15,2,
862,국산,현대,쏘나타,뉴 EF 쏘나타,LPG 2000cc 이하,LPG 2.0 VXL,,48489,4776,4,1,1,
863,국산,현대,그랜저,그랜저 HG,디젤 2200cc,HG220 디젤 모던 컬렉션,,48489,10146,2058,224,7,
864,국산,현대,코나,코나 일렉트릭 (SX2),전기,롱레인지,인스퍼레이션,48489,1476,77,77,61,30
865,국산,현대,코나,코나 일렉트릭 (SX2),전기,롱레인지,프리미엄,48489,1476,77,77,61,30
866,국산,현대,코나,코나 일렉트릭 (SX2),전기,롱레인지,모던 플러스,48489,1476,77,77,61,1
867,국산,현대,코나,코나 하이브리드 (SX2),가솔린+전기 1600cc,프리미엄,,48489,1476,91,91,23,
868,국산,현대,쏘나타,NF 쏘나타 트랜스폼,디젤 2000cc,디젤(VGT) N20 럭셔리,,48489,4776,16,1,1,
869,국산,현대,그랜저,뉴 그랜저 XG,가솔린 3000cc 이상,3.5 (수출형),,48489,10146,9,2,1,
870,국산,현대,쏘나타,LF 쏘나타,가솔린 1600cc,1.6 터보 썸머 스페셜,,48489,4776,935,22,3,
871,국산,현대,스타렉스,그랜드 스타렉스,디젤 2WD,휠체어 리프트/슬로프,,48489,3093,1760,1585,11,
872,국산,현대,스타리아,더 뉴 스타리아,LPG 2WD,L3.5 라운지 7인승,인스퍼레이션,48489,1806,50,21,3,3
873,국산,현대,캐스퍼,더 뉴 캐스퍼,가솔린 1000cc,디 에센셜,,48489,1667,116,116,12,
874,국산,현대,코나,코나 일렉트릭,전기,프리미엄,,48489,1476,157,157,121,
875,국산,현대,코나,더 뉴 코나,가솔린 1600cc,가솔린 1.6 터보 2WD,모던,48489,1476,156,83,59,19
876,국산,현대,코나,더 뉴 코나,가솔린 1600cc,가솔린 1.6 터보 2WD,인스퍼레이션,48489,1476,156,83,59,19
877,국산,현대,코나,더 뉴 코나,가솔린 1600cc,가솔린 1.6 터보 2WD,스마트,48489,1476,156,83,59,18
878,국산,현대,코나,더 뉴 코나,가솔린 1600cc,가솔린 1.6 터보 2WD,N Line 인스퍼레이션,48489,1476,156,83,59,3
879,국산,현대,쏘나타,NF 쏘나타,디젤 2000cc 이하,디젤(VGT) N20 럭셔리,기본형,48489,4776,5,1,1,1
880,국산,현대,그랜저,그랜저 HG,디젤 2200cc,HG220 디젤 프리미엄 컬렉션,,48489,10146,2058,224,7,
881,국산,현대,스타리아,스타리아,디젤 2WD,2WD 어린이보호차,14인승,48489,1806,1756,946,2,2
882,국산,현대,코나,코나,가솔린 1600cc,1.6 터보 2WD,모던 팝,48489,1476,658,519,465,102
883,국산,현대,코나,코나,가솔린 1600cc,1.6 터보 2WD,프리미엄,48489,1476,658,519,465,79
884,국산,현대,코나,코나,가솔린 1600cc,1.6 터보 2WD,모던 초이스,48489,1476,658,519,465,78
885,국산,현대,코나,코나,가솔린 1600cc,1.6 터보 2WD,모던 아트,48489,1476,658,519,465,70
886,국산,현대,코나,코나,가솔린 1600cc,1.6 터보 2WD,모던,48489,1476,658,519,465,63
887,국산,현대,코나,코나,가솔린 1600cc,1.6 터보 2WD,모던 테크,48489,1476,658,519,465,52
888,국산,현대,코나,코나,가솔린 1600cc,1.6 터보 2WD,아이언맨 에디션,48489,1476,658,519,465,13
889,국산,현대,코나,코나,가솔린 1600cc,1.6 터보 2WD,스마트,48489,1476,658,519,465,8
890,국산,현대,코나,코나 (SX2),가솔린 1600cc,가솔린 1.6 터보 2WD,프리미엄,48489,1476,220,180,146,50
891,국산,현대,코나,코나 (SX2),가솔린 1600cc,가솔린 1.6 터보 2WD,인스퍼레이션,48489,1476,220,180,146,41
892,국산,현대,코나,코나 (SX2),가솔린 1600cc,가솔린 1.6 터보 2WD,모던,48489,1476,220,180,146,30
893,국산,현대,코나,코나 (SX2),가솔린 1600cc,가솔린 1.6 터보 2WD,모던 플러스,48489,1476,220,180,146,13
894,국산,현대,코나,코나 (SX2),가솔린 1600cc,가솔린 1.6 터보 2WD,H Pick,48489,1476,220,180,146,6
895,국산,현대,코나,코나 (SX2),가솔린 1600cc,가솔린 1.6 터보 2WD,인스퍼레이션 N Line,48489,1476,220,180,146,4
896,국산,현대,코나,코나 (SX2),가솔린 1600cc,가솔린 1.6 터보 2WD,프리미엄 N Line,48489,1476,220,180,146,2
897,국산,현대,코나,코나 일렉트릭 (SX2),전기,스탠다드,프리미엄,48489,1476,77,77,16,13
898,국산,현대,코나,코나 일렉트릭 (SX2),전기,스탠다드,E-Value+,48489,1476,77,77,16,3
899,국산,현대,코나,코나 하이브리드 (SX2),가솔린+전기 1600cc,모던 플러스,,48489,1476,91,91,9,
900,국산,현대,캐스퍼,더 뉴 캐스퍼,가솔린 1000cc,밴,스마트 초이스,48489,1667,116,116,4,3
901,국산,현대,캐스퍼,더 뉴 캐스퍼,가솔린 1000cc,밴,스마트,48489,1667,116,116,4,1
902,국산,현대,코나,코나 일렉트릭,전기,모던,,48489,1476,157,157,35,
903,국산,현대,스타렉스,더 뉴 그랜드 스타렉스,디젤 2WD,하이루프,,48489,3093,1330,1098,5,
904,국산,현대,코나,더 뉴 코나,가솔린 1600cc,가솔린 1.6 터보 4WD,N Line 인스퍼레이션,48489,1476,156,83,24,12
905,국산,현대,코나,더 뉴 코나,가솔린 1600cc,가솔린 1.6 터보 4WD,인스퍼레이션,48489,1476,156,83,24,6
906,국산,현대,코나,더 뉴 코나,가솔린 1600cc,가솔린 1.6 터보 4WD,N Line 모던,48489,1476,156,83,24,2
907,국산,현대,코나,더 뉴 코나,가솔린 1600cc,가솔린 1.6 터보 4WD,모던,48489,1476,156,83,24,2
908,국산,현대,코나,더 뉴 코나,가솔린 1600cc,가솔린 1.6 터보 4WD,스마트,48489,1476,156,83,24,2
909,국산,현대,스타렉스,그랜드 스타렉스,디젤 2WD,냉동차,,48489,3093,1760,1585,6,
910,국산,현대,그랜저,뉴 그랜저,가솔린 3000cc 이상,3.0 골드,,48489,10146,8,1,1,
911,국산,현대,코나,코나,가솔린 1600cc,1.6 터보 4WD,프리미엄,48489,1476,658,519,41,15
912,국산,현대,코나,코나,가솔린 1600cc,1.6 터보 4WD,모던 아트,48489,1476,658,519,41,8
913,국산,현대,코나,코나,가솔린 1600cc,1.6 터보 4WD,모던,48489,1476,658,519,41,5
914,국산,현대,코나,코나,가솔린 1600cc,1.6 터보 4WD,모던 테크,48489,1476,658,519,41,5
915,국산,현대,코나,코나,가솔린 1600cc,1.6 터보 4WD,모던 팝,48489,1476,658,519,41,5
916,국산,현대,코나,코나,가솔린 1600cc,1.6 터보 4WD,아이언맨 에디션,48489,1476,658,519,41,3
917,국산,현대,코나,코나 (SX2),가솔린 1600cc,가솔린 1.6 터보 4WD,인스퍼레이션,48489,1476,220,180,34,14
918,국산,현대,코나,코나 (SX2),가솔린 1600cc,가솔린 1.6 터보 4WD,프리미엄,48489,1476,220,180,34,11
919,국산,현대,코나,코나 (SX2),가솔린 1600cc,가솔린 1.6 터보 4WD,인스퍼레이션 N Line,48489,1476,220,180,34,7
920,국산,현대,코나,코나 (SX2),가솔린 1600cc,가솔린 1.6 터보 4WD,모던,48489,1476,220,180,34,2
921,국산,현대,쏘나타,YF 쏘나타,가솔린 2400cc,F24 GDI,최고급형,48489,4776,201,6,6,6
922,국산,현대,그랜저,뉴 그랜저 XG,가솔린 3000cc 이상,S30,모젠팩 고급형,48489,10146,9,2,1,1
923,국산,현대,캐스퍼,더 뉴 캐스퍼,가솔린 1000cc,인스퍼레이션,,48489,1667,116,116,4,
924,국산,현대,코나,코나 일렉트릭,전기,택시형,,48489,1476,157,157,1,
925,국산,현대,코나,코나 하이브리드 (SX2),가솔린+전기 1600cc,모던,,48489,1476,91,91,8,
926,국산,현대,스타렉스,더 뉴 그랜드 스타렉스,디젤 2WD,리무진 (특장업체),,48489,3093,1330,1098,3,
927,국산,현대,쏘나타,쏘나타 II,가솔린 2000cc,2.0 GLS,,48489,4776,4,3,3,
928,국산,현대,스타리아,더 뉴 스타리아,전기 2WD,EV 투어러 11인승,모던,48489,1806,50,6,3,3
929,국산,현대,스타리아,스타리아,디젤 2WD,앰뷸런스,,48489,1806,1756,946,2,
930,국산,현대,캐스퍼,캐스퍼,가솔린 1000cc,터보 디 에센셜,,48489,1667,1379,1379,102,
931,국산,현대,코나,코나,가솔린 1600cc,1.6 터보 2WD 플럭스,프리미엄,48489,1476,658,519,13,7
932,국산,현대,코나,코나,가솔린 1600cc,1.6 터보 2WD 플럭스,모던,48489,1476,658,519,13,4
933,국산,현대,코나,코나,가솔린 1600cc,1.6 터보 2WD 플럭스,프리미엄 스페셜,48489,1476,658,519,13,2
934,국산,현대,코나,더 뉴 코나,가솔린 2000cc,가솔린 2.0 2WD,2.0 N,48489,1476,156,73,73,26
935,국산,현대,코나,더 뉴 코나,가솔린 2000cc,가솔린 2.0 2WD,인스퍼레이션,48489,1476,156,73,73,20
936,국산,현대,코나,더 뉴 코나,가솔린 2000cc,가솔린 2.0 2WD,모던,48489,1476,156,73,73,17
937,국산,현대,코나,더 뉴 코나,가솔린 2000cc,가솔린 2.0 2WD,스마트,48489,1476,156,73,73,9
938,국산,현대,코나,더 뉴 코나,가솔린 2000cc,가솔린 2.0 2WD,모던 초이스,48489,1476,156,73,73,1
939,국산,현대,스타렉스,그랜드 스타렉스,디젤 2WD,기타 특장차,,48489,3093,1760,1585,3,
940,국산,현대,코나,코나 하이브리드 (SX2),가솔린+전기 1600cc,H Pick,,48489,1476,91,91,4,
941,국산,현대,쏘나타,쏘나타 III,가솔린 1800cc,1.8 DOHC,,48489,4776,3,3,2,
942,국산,현대,스타렉스,더 뉴 그랜드 스타렉스,디젤 2WD,앰뷸런스,,48489,3093,1330,1098,2,
943,국산,현대,캐스퍼,더 뉴 캐스퍼,가솔린 1000cc,터보 스마트,,48489,1667,116,116,2,
944,국산,현대,쏘나타,EF 쏘나타,가솔린 2000cc,2.0 골드,기본형,48489,4776,3,3,3,3
945,국산,현대,스타리아,더 뉴 스타리아,전기 2WD,EV 라운지 11인승,프레스티지,48489,1806,50,6,2,2
946,국산,현대,스타렉스,그랜드 스타렉스,디젤 2WD,11인승 왜건 프리미엄 레저팩,,48489,3093,1760,1585,2,
947,국산,현대,코나,코나 하이브리드 (SX2),가솔린+전기 1600cc,인스퍼레이션 N Line,,48489,1476,91,91,4,
948,국산,현대,쏘나타,쏘나타 III,가솔린 1800cc,1.8 스페셜 에디션,,48489,4776,3,3,1,
949,국산,현대,쏘나타,쏘나타 II,가솔린 1800cc,1.8 GL,,48489,4776,4,1,1,
950,국산,현대,코나,코나 (SX2),가솔린 2000cc,가솔린 2.0 2WD,모던,48489,1476,220,40,40,14
951,국산,현대,코나,코나 (SX2),가솔린 2000cc,가솔린 2.0 2WD,인스퍼레이션,48489,1476,220,40,40,14
952,국산,현대,코나,코나 (SX2),가솔린 2000cc,가솔린 2.0 2WD,프리미엄,48489,1476,220,40,40,11
953,국산,현대,코나,코나 (SX2),가솔린 2000cc,가솔린 2.0 2WD,H Pick,48489,1476,220,40,40,1
954,국산,현대,스타렉스,더 뉴 그랜드 스타렉스,디젤 2WD,휠체어 리프트/슬로프,,48489,3093,1330,1098,2,
955,국산,현대,스타리아,스타리아,LPG 2WD,L3.5 카고 5인승,모던,48489,1806,1756,388,113,113
956,국산,현대,캐스퍼,더 뉴 캐스퍼,가솔린 1000cc,터보 밴,스마트 초이스,48489,1667,116,116,1,1
957,국산,현대,캐스퍼,캐스퍼,가솔린 1000cc,디 에센셜,,48489,1667,1379,1379,99,
958,국산,현대,제네시스,제네시스 쿠페,가솔린 2000cc,200 터보 P,,48489,1416,89,51,21,
959,국산,현대,코나,코나 하이브리드,가솔린+전기 1600cc,프리미엄 스페셜,,48489,1476,59,59,30,
960,국산,현대,제네시스,제네시스,가솔린 3300cc,BH330 럭셔리,기본형,48489,1416,294,231,85,62
961,국산,현대,제네시스,제네시스,가솔린 3300cc,BH330 럭셔리,VIP팩,48489,1416,294,231,85,18
962,국산,현대,제네시스,제네시스,가솔린 3300cc,BH330 럭셔리,프라임팩,48489,1416,294,231,85,5
963,국산,현대,캐스퍼,캐스퍼,가솔린 1000cc,밴,스마트,48489,1667,1379,1379,45,41
964,국산,현대,캐스퍼,캐스퍼,가솔린 1000cc,밴,스마트 초이스,48489,1667,1379,1379,45,4
965,국산,현대,코나,더 뉴 코나 하이브리드,가솔린+전기 1600cc,모던,,48489,1476,58,58,35,
966,국산,현대,코나,코나,디젤 1600cc,디젤 1.6 2WD,모던,48489,1476,658,139,134,35
967,국산,현대,코나,코나,디젤 1600cc,디젤 1.6 2WD,모던 테크,48489,1476,658,139,134,28
968,국산,현대,코나,코나,디젤 1600cc,디젤 1.6 2WD,모던 팝,48489,1476,658,139,134,24
969,국산,현대,코나,코나,디젤 1600cc,디젤 1.6 2WD,프리미엄,48489,1476,658,139,134,16
970,국산,현대,코나,코나,디젤 1600cc,디젤 1.6 2WD,모던 초이스,48489,1476,658,139,134,14
971,국산,현대,코나,코나,디젤 1600cc,디젤 1.6 2WD,모던 아트,48489,1476,658,139,134,10
972,국산,현대,코나,코나,디젤 1600cc,디젤 1.6 2WD,스마트,48489,1476,658,139,134,7
973,국산,현대,제네시스,제네시스 DH,가솔린 4WD,G330 프리미엄 AWD,,48489,1416,965,626,334,
974,국산,현대,스타리아,더 뉴 스타리아,전기 2WD,EV 카고 5인승,모던,48489,1806,50,6,1,1
975,국산,현대,코나,더 뉴 코나 하이브리드,가솔린+전기 1600cc,인스퍼레이션,,48489,1476,58,58,14,
976,국산,현대,스타렉스,그랜드 스타렉스,디젤 4WD,4WD 12인승 왜건,모던,48489,3093,1760,130,46,13
977,국산,현대,스타렉스,그랜드 스타렉스,디젤 4WD,4WD 12인승 왜건,CVX 럭셔리,48489,3093,1760,130,46,12
978,국산,현대,스타렉스,그랜드 스타렉스,디젤 4WD,4WD 12인승 왜건,스마트,48489,3093,1760,130,46,10
979,국산,현대,스타렉스,그랜드 스타렉스,디젤 4WD,4WD 12인승 왜건,모던 스페셜,48489,3093,1760,130,46,7
980,국산,현대,스타렉스,그랜드 스타렉스,디젤 4WD,4WD 12인승 왜건,CVX 프리미엄,48489,3093,1760,130,46,3
981,국산,현대,스타렉스,그랜드 스타렉스,디젤 4WD,4WD 12인승 왜건,CVX 디럭스,48489,3093,1760,130,46,1
982,국산,현대,제네시스,제네시스,가솔린 3300cc,BH330 프리미엄,기본형,48489,1416,294,231,65,34
983,국산,현대,제네시스,제네시스,가솔린 3300cc,BH330 프리미엄,스페셜,48489,1416,294,231,65,20
984,국산,현대,제네시스,제네시스,가솔린 3300cc,BH330 프리미엄,다이나믹,48489,1416,294,231,65,11
985,국산,현대,코나,코나,디젤 1600cc,디젤 1.6 4WD,스마트,48489,1476,658,139,4,4
986,국산,현대,제네시스,더 뉴 제네시스 쿠페,가솔린 2000cc,200 터보 S,,48489,1416,68,34,23,
987,국산,현대,스타렉스,그랜드 스타렉스,디젤 4WD,4WD 11인승 왜건,모던 스페셜,48489,3093,1760,130,28,12
988,국산,현대,스타렉스,그랜드 스타렉스,디젤 4WD,4WD 11인승 왜건,모던,48489,3093,1760,130,28,6
989,국산,현대,스타렉스,그랜드 스타렉스,디젤 4WD,4WD 11인승 왜건,스마트,48489,3093,1760,130,28,4
990,국산,현대,스타렉스,그랜드 스타렉스,디젤 4WD,4WD 11인승 왜건,CVX 럭셔리,48489,3093,1760,130,28,3
991,국산,현대,스타렉스,그랜드 스타렉스,디젤 4WD,4WD 11인승 왜건,CVX 프리미엄,48489,3093,1760,130,28,3
992,국산,현대,코나,코나,디젤 1600cc,디젤 1.6 2WD 플럭스,프리미엄 스페셜,48489,1476,658,139,1,1
993,국산,현대,스타리아,스타리아,LPG 2WD,L3.5 어린이보호차,11인승,48489,1806,1756,388,79,51
994,국산,현대,스타리아,스타리아,LPG 2WD,L3.5 어린이보호차,15인승,48489,1806,1756,388,79,26
995,국산,현대,스타리아,스타리아,LPG 2WD,L3.5 어린이보호차,13인승,48489,1806,1756,388,79,2
996,국산,현대,아이오닉5,아이오닉5,전기,롱레인지,프레스티지,48489,1230,998,998,658,319
997,국산,현대,아이오닉5,아이오닉5,전기,롱레인지,익스클루시브,48489,1230,998,998,658,296
998,국산,현대,아이오닉5,아이오닉5,전기,롱레인지,영업용 롱레인지 패키지,48489,1230,998,998,658,27
999,국산,현대,아이오닉5,아이오닉5,전기,롱레인지,영업용,48489,1230,998,998,658,16
1000,국산,현대,제네시스,제네시스,가솔린 3300cc,BH330 그랜드,프라임팩,48489,1416,294,231,42,29
1001,국산,현대,제네시스,제네시스,가솔린 3300cc,BH330 그랜드,기본형,48489,1416,294,231,42,13
1002,국산,현대,코나,더 뉴 코나 하이브리드,가솔린+전기 1600cc,스마트,,48489,1476,58,58,7,
1003,국산,현대,제네시스,더 뉴 제네시스 쿠페,가솔린 2000cc,200 터보 D,,48489,1416,68,34,11,
1004,국산,현대,아이오닉5,더 뉴 아이오닉5,전기,롱레인지,프레스티지,48489,1230,232,232,170,136
1005,국산,현대,아이오닉5,더 뉴 아이오닉5,전기,롱레인지,익스클루시브,48489,1230,232,232,170,21
1006,국산,현대,아이오닉5,더 뉴 아이오닉5,전기,롱레인지,영업용,48489,1230,232,232,170,7
1007,국산,현대,아이오닉5,더 뉴 아이오닉5,전기,롱레인지,N Line,48489,1230,232,232,170,2
1008,국산,현대,아이오닉5,더 뉴 아이오닉5,전기,롱레인지,익스클루시브 N Line,48489,1230,232,232,170,2
1009,국산,현대,아이오닉5,더 뉴 아이오닉5,전기,롱레인지,프레스티지 N Line,48489,1230,232,232,170,2
1010,국산,현대,제네시스,제네시스 쿠페,가솔린 2000cc,200 터보 R,,48489,1416,89,51,13,
1011,국산,현대,스타렉스,더 뉴 그랜드 스타렉스,디젤 4WD,4WD 어반 9인승,익스클루시브,48489,3093,1330,145,50,34
1012,국산,현대,스타렉스,더 뉴 그랜드 스타렉스,디젤 4WD,4WD 어반 9인승,프리미엄,48489,3093,1330,145,50,10
1013,국산,현대,스타렉스,더 뉴 그랜드 스타렉스,디젤 4WD,4WD 어반 9인승,프리미엄 스페셜,48489,3093,1330,145,50,6
1014,국산,현대,코나,코나 하이브리드,가솔린+전기 1600cc,모던 스페셜,,48489,1476,59,59,23,
1015,국산,현대,스타렉스,그랜드 스타렉스,디젤 4WD,4WD 어린이보호차,,48489,3093,1760,130,24,
1016,국산,현대,캐스퍼,캐스퍼,가솔린 1000cc,터보 모던,,48489,1667,1379,1379,41,
1017,국산,현대,제네시스,제네시스,가솔린 3300cc,BH330 모던,기본형,48489,1416,294,231,39,28
1018,국산,현대,제네시스,제네시스,가솔린 3300cc,BH330 모던,스페셜,48489,1416,294,231,39,11
1019,국산,현대,스타리아,스타리아,LPG 2WD,L3.5 카고 3인승,모던,48489,1806,1756,388,64,64
1020,국산,현대,제네시스,제네시스 쿠페,가솔린 2000cc,200 터보 D,,48489,1416,89,51,11,
1021,국산,현대,아이오닉5,아이오닉5,전기,롱레인지 AWD,프레스티지,48489,1230,998,998,307,162
1022,국산,현대,아이오닉5,아이오닉5,전기,롱레인지 AWD,익스클루시브,48489,1230,998,998,307,133
1023,국산,현대,아이오닉5,아이오닉5,전기,롱레인지 AWD,영업용 롱레인지 패키지,48489,1230,998,998,307,11
1024,국산,현대,아이오닉5,아이오닉5,전기,롱레인지 AWD,E-Lite,48489,1230,998,998,307,1
1025,국산,현대,아이오닉5,더 뉴 아이오닉5,전기,롱레인지 AWD,프레스티지,48489,1230,232,232,55,37
1026,국산,현대,아이오닉5,더 뉴 아이오닉5,전기,롱레인지 AWD,N Line,48489,1230,232,232,55,8
1027,국산,현대,아이오닉5,더 뉴 아이오닉5,전기,롱레인지 AWD,프레스티지 N Line,48489,1230,232,232,55,5
1028,국산,현대,아이오닉5,더 뉴 아이오닉5,전기,롱레인지 AWD,영업용,48489,1230,232,232,55,3
1029,국산,현대,아이오닉5,더 뉴 아이오닉5,전기,롱레인지 AWD,익스클루시브,48489,1230,232,232,55,2
1030,국산,현대,스타렉스,더 뉴 그랜드 스타렉스,디젤 4WD,4WD 웨건 12인승,스마트,48489,3093,1330,145,31,17
1031,국산,현대,스타렉스,더 뉴 그랜드 스타렉스,디젤 4WD,4WD 웨건 12인승,모던,48489,3093,1330,145,31,14
1032,국산,현대,스타렉스,그랜드 스타렉스,디젤 4WD,4WD 캠핑카,,48489,3093,1760,130,17,
1033,국산,현대,코나,코나 하이브리드,가솔린+전기 1600cc,스마트 스페셜,,48489,1476,59,59,6,
1034,국산,현대,코나,더 뉴 코나 하이브리드,가솔린+전기 1600cc,모던 초이스,,48489,1476,58,58,2,
1035,국산,현대,제네시스,더 뉴 제네시스 쿠페,가솔린 3800cc,380 GT-R,,48489,1416,68,34,28,
1036,국산,현대,제네시스,제네시스 DH,가솔린 4WD,G330 모던 AWD,,48489,1416,965,626,159,
1037,국산,현대,제네시스,제네시스 쿠페,가솔린 2000cc,200 터보 RW,,48489,1416,89,51,6,
1038,국산,현대,아이오닉5,아이오닉5,전기,스탠다드,익스클루시브,48489,1230,998,998,27,16
1039,국산,현대,아이오닉5,아이오닉5,전기,스탠다드,영업용,48489,1230,998,998,27,11
1040,국산,현대,아이오닉5,더 뉴 아이오닉5,전기,스탠다드,E-Value+,48489,1230,232,232,7,7
1041,국산,현대,스타렉스,더 뉴 그랜드 스타렉스,디젤 4WD,4WD 캠핑카,,48489,3093,1330,145,24,
1042,국산,현대,스타렉스,그랜드 스타렉스,디젤 4WD,4WD 리무진,,48489,3093,1760,130,8,
1043,국산,현대,제네시스,더 뉴 제네시스 쿠페,가솔린 3800cc,380 GT-P,,48489,1416,68,34,6,
1044,국산,현대,아이오닉5,아이오닉5,전기,N,,48489,1230,998,998,6,
1045,국산,현대,캐스퍼,캐스퍼,가솔린 1000cc,터보 스마트,,48489,1667,1379,1379,34,
1046,국산,현대,스타리아,스타리아,LPG 2WD,L3.5 라운지 9인승,인스퍼레이션,48489,1806,1756,388,39,23
1047,국산,현대,스타리아,스타리아,LPG 2WD,L3.5 라운지 9인승,모빌리티,48489,1806,1756,388,39,8
1048,국산,현대,스타리아,스타리아,LPG 2WD,L3.5 라운지 9인승,프레스티지,48489,1806,1756,388,39,8
1049,국산,현대,스타렉스,그랜드 스타렉스,디젤 4WD,4WD 11인승 왜건 HVX,VIP 패키지,48489,3093,1760,130,6,6
1050,국산,현대,스타렉스,더 뉴 그랜드 스타렉스,디젤 4WD,4WD 웨건 11인승,모던,48489,3093,1330,145,19,11
1051,국산,현대,스타렉스,더 뉴 그랜드 스타렉스,디젤 4WD,4WD 웨건 11인승,스마트,48489,3093,1330,145,19,8
1052,국산,현대,캐스퍼,캐스퍼,가솔린 1000cc,디 에센셜 라이트,,48489,1667,1379,1379,24,
1053,국산,현대,제네시스,제네시스,가솔린 3800cc,BH380 로얄,기본형,48489,1416,294,45,19,10
1054,국산,현대,제네시스,제네시스,가솔린 3800cc,BH380 로얄,VIP팩,48489,1416,294,45,19,9
1055,국산,현대,제네시스,제네시스 DH,가솔린 4WD,G380 프레스티지 AWD,,48489,1416,965,626,59,
1056,국산,현대,제네시스,제네시스 쿠페,가솔린 3800cc,380 GT-R,,48489,1416,89,38,21,
1057,국산,현대,스타리아,스타리아,LPG 2WD,L3.5 투어러 11인승,모던,48489,1806,1756,388,38,38
1058,국산,현대,스타렉스,그랜드 스타렉스,디젤 4WD,4WD 앰뷸런스,,48489,3093,1760,130,1,
1059,국산,현대,캐스퍼,캐스퍼,가솔린 1000cc,터보 디 에센셜 라이트,,48489,1667,1379,1379,17,
1060,국산,현대,스타렉스,더 뉴 그랜드 스타렉스,디젤 4WD,4WD 어린이보호차,,48489,3093,1330,145,13,
1061,국산,현대,제네시스,제네시스 DH,가솔린 4WD,G380 파이니스트 에디션 AWD,,48489,1416,965,626,41,
1062,국산,현대,에쿠스,에쿠스(신형),가솔린 3800cc,VS380,모던,48489,498,477,359,352,89
1063,국산,현대,에쿠스,에쿠스(신형),가솔린 3800cc,VS380,프레스티지,48489,498,477,359,352,78
1064,국산,현대,에쿠스,에쿠스(신형),가솔린 3800cc,VS380,럭셔리,48489,498,477,359,352,56
1065,국산,현대,에쿠스,에쿠스(신형),가솔린 3800cc,VS380,익스클루시브,48489,498,477,359,352,41
1066,국산,현대,에쿠스,에쿠스(신형),가솔린 3800cc,VS380,프리미엄,48489,498,477,359,352,33
1067,국산,현대,에쿠스,에쿠스(신형),가솔린 3800cc,VS380,프라임,48489,498,477,359,352,27
1068,국산,현대,에쿠스,에쿠스(신형),가솔린 3800cc,VS380,프라임 VIP팩,48489,498,477,359,352,11
1069,국산,현대,에쿠스,에쿠스(신형),가솔린 3800cc,VS380,프레스티지 VVIP팩,48489,498,477,359,352,7
1070,국산,현대,에쿠스,에쿠스(신형),가솔린 3800cc,VS380,프레스티지 VIP팩 I,48489,498,477,359,352,6
1071,국산,현대,에쿠스,에쿠스(신형),가솔린 3800cc,VS380,프레스티지 VIP팩 II,48489,498,477,359,352,4
1072,국산,현대,제네시스,제네시스 쿠페,가솔린 3800cc,380 GT-RW,,48489,1416,89,38,12,
1073,국산,현대,스타리아,스타리아,LPG 2WD,L3.5 투어러 9인승,모던,48489,1806,1756,388,24,24
1074,국산,현대,제네시스,제네시스,가솔린 3800cc,3.8 수출형,,48489,1416,294,45,10,
1075,국산,현대,제네시스,제네시스 DH,가솔린 4WD,G380 익스클루시브 AWD,,48489,1416,965,626,30,
1076,국산,현대,에쿠스,에쿠스(신형),가솔린 3800cc,VL380,프레스티지,48489,498,477,359,7,7
1077,국산,현대,제네시스,제네시스 쿠페,가솔린 3800cc,380 GT-P,,48489,1416,89,38,5,
1078,국산,현대,스타렉스,그랜드 스타렉스,LPG 2WD,12인승 LPi 왜건,스마트,48489,3093,1760,45,14,8
1079,국산,현대,스타렉스,그랜드 스타렉스,LPG 2WD,12인승 LPi 왜건,CVX 럭셔리,48489,3093,1760,45,14,6
1080,국산,현대,스타리아,스타리아,LPG 2WD,L3.5 라운지 7인승,인스퍼레이션,48489,1806,1756,388,23,12
1081,국산,현대,스타리아,스타리아,LPG 2WD,L3.5 라운지 7인승,모빌리티,48489,1806,1756,388,23,11
1082,국산,현대,제네시스,제네시스,가솔린 3800cc,BH380 럭셔리,,48489,1416,294,45,10,
1083,국산,현대,제네시스,제네시스 DH,가솔린 4WD,3.8 AWD 수출형,,48489,1416,965,626,3,
1084,국산,현대,스타렉스,그랜드 스타렉스,LPG 2WD,5인승 LPi 밴,CVX 럭셔리,48489,3093,1760,45,14,7
1085,국산,현대,스타렉스,그랜드 스타렉스,LPG 2WD,5인승 LPi 밴,스마트,48489,3093,1760,45,14,7
1086,국산,현대,에쿠스,에쿠스,가솔린 3500cc 이하,JS330,고급형,48489,498,21,12,6,3
1087,국산,현대,스타렉스,더 뉴 그랜드 스타렉스,디젤 4WD,4WD 리무진,,48489,3093,1330,145,7,
1088,국산,현대,에쿠스,에쿠스,가솔린 3500cc 이하,JS330,럭셔리,48489,498,21,12,6,2
1089,국산,현대,에쿠스,에쿠스,가솔린 3500cc 이하,JS330,프리미어,48489,498,21,12,6,1
1090,국산,현대,제네시스,제네시스,가솔린 3800cc,BH380 익스클루시브,기본형,48489,1416,294,45,2,1
1091,국산,현대,제네시스,제네시스,가솔린 3800cc,BH380 익스클루시브,다이나믹,48489,1416,294,45,2,1
1092,국산,현대,스타리아,스타리아,LPG 2WD,L3.5 휠체어 리프트/슬로프,,48489,1806,1756,388,7,
1093,국산,현대,캐스퍼,캐스퍼,가솔린 1000cc,터보 밴,스마트,48489,1667,1379,1379,17,16
1094,국산,현대,캐스퍼,캐스퍼,가솔린 1000cc,터보 밴,스마트 초이스,48489,1667,1379,1379,17,1
1095,국산,현대,맥스크루즈,더 뉴 맥스크루즈,디젤 2WD,디젤 2.2 2WD,익스클루시브,48489,493,313,164,164,61
1096,국산,현대,맥스크루즈,더 뉴 맥스크루즈,디젤 2WD,디젤 2.2 2WD,파이니스트 에디션,48489,493,313,164,164,38
1097,국산,현대,맥스크루즈,더 뉴 맥스크루즈,디젤 2WD,디젤 2.2 2WD,익스클루시브 스페셜,48489,493,313,164,164,36
1098,국산,현대,맥스크루즈,더 뉴 맥스크루즈,디젤 2WD,디젤 2.2 2WD,프레스티지,48489,493,313,164,164,29
1099,국산,현대,맥스크루즈,맥스크루즈,디젤 4WD,디젤(e-VGT) 2.2 4WD 익스클루시브,스페셜,48489,493,180,93,93,57
1100,국산,현대,맥스크루즈,맥스크루즈,디젤 4WD,디젤(e-VGT) 2.2 4WD 익스클루시브,기본형,48489,493,180,93,93,36
1101,국산,현대,제네시스,제네시스,가솔린 3800cc,BH380 프레스티지,기본형,48489,1416,294,45,2,1
1102,국산,현대,제네시스,제네시스,가솔린 3800cc,BH380 프레스티지,스페셜,48489,1416,294,45,2,1
1103,국산,현대,에쿠스,에쿠스,가솔린 3500cc 이하,JS350,럭셔리 VIP,48489,498,21,12,5,2
1104,국산,현대,에쿠스,에쿠스,가솔린 3500cc 이하,JS350,VIP,48489,498,21,12,5,1
1105,국산,현대,에쿠스,에쿠스,가솔린 3500cc 이하,JS350,기본형,48489,498,21,12,5,1
1106,국산,현대,에쿠스,에쿠스,가솔린 3500cc 이하,JS350,밸류 최고급형,48489,498,21,12,5,1
1107,국산,현대,에쿠스,에쿠스(신형),가솔린 5000cc,VS500,프레스티지,48489,498,477,99,56,56
1108,국산,현대,스타렉스,더 뉴 그랜드 스타렉스,디젤 4WD,4WD 휠체어 리프트/슬로프,,48489,3093,1330,145,1,
1109,국산,현대,스타렉스,그랜드 스타렉스,LPG 2WD,어린이보호차 LPi,,48489,3093,1760,45,9,
1110,국산,현대,제네시스,제네시스,가솔린 3800cc,프라다 GP380,,48489,1416,294,45,2,
1111,국산,현대,스타렉스,그랜드 스타렉스,LPG 2WD,3인승 LPi 밴,CVX 럭셔리,48489,3093,1760,45,8,4
1112,국산,현대,스타렉스,그랜드 스타렉스,LPG 2WD,3인승 LPi 밴,스마트,48489,3093,1760,45,8,4
1113,국산,현대,스타리아,스타리아,LPG 2WD,L3.5 캠핑카,,48489,1806,1756,388,1,
1114,국산,현대,에쿠스,에쿠스(신형),가솔린 5000cc,VL500,프레스티지,48489,498,477,99,38,38
1115,국산,현대,맥스크루즈,맥스크루즈,디젤 2WD,디젤(e-VGT) 2.2 2WD 익스클루시브,기본형,48489,493,180,85,85,53
1116,국산,현대,맥스크루즈,맥스크루즈,디젤 2WD,디젤(e-VGT) 2.2 2WD 익스클루시브,스페셜,48489,493,180,85,85,32
1117,국산,현대,맥스크루즈,더 뉴 맥스크루즈,디젤 4WD,디젤 2.2 4WD,파이니스트 에디션,48489,493,313,106,106,62
1118,국산,현대,맥스크루즈,더 뉴 맥스크루즈,디젤 4WD,디젤 2.2 4WD,프레스티지,48489,493,313,106,106,16
1119,국산,현대,맥스크루즈,더 뉴 맥스크루즈,디젤 4WD,디젤 2.2 4WD,익스클루시브 스페셜,48489,493,313,106,106,15
1120,국산,현대,맥스크루즈,더 뉴 맥스크루즈,디젤 4WD,디젤 2.2 4WD,익스클루시브,48489,493,313,106,106,13
1121,국산,현대,에쿠스,에쿠스,가솔린 3500cc 이하,JL350 리무진,,48489,498,21,12,1,
1122,국산,현대,스타렉스,더 뉴 그랜드 스타렉스,LPG 2WD,어린이보호차 LPi,,48489,3093,1330,87,72,
1123,국산,현대,제네시스,제네시스 DH,가솔린 2WD,G330 프리미엄,,48489,1416,965,332,160,
1124,국산,현대,스타렉스,더 뉴 그랜드 스타렉스,LPG 2WD,12인승 LPi,스마트,48489,3093,1330,87,9,9
1125,국산,현대,제네시스,제네시스,가솔린 5000cc,프라다 GP500,,48489,1416,294,18,17,
1126,국산,현대,에쿠스,에쿠스(신형),가솔린 5000cc,5.0 수출형,,48489,498,477,99,5,
1127,국산,현대,엑센트,엑센트(신형),가솔린 1400cc,1.4 VVT 모던,,48489,459,459,258,126,
1128,국산,현대,스타리아,스타리아,디젤 4WD,4WD 라운지 9인승,인스퍼레이션,48489,1806,1756,311,138,106
1129,국산,현대,스타리아,스타리아,디젤 4WD,4WD 라운지 9인승,리무진,48489,1806,1756,311,138,18
1130,국산,현대,스타리아,스타리아,디젤 4WD,4WD 라운지 9인승,프레스티지,48489,1806,1756,311,138,14
1131,국산,현대,스타렉스,더 뉴 그랜드 스타렉스,LPG 2WD,캠핑카 LPi,,48489,3093,1330,87,3,
1132,국산,현대,에쿠스,에쿠스,가솔린 3500cc 이상,JS380,프리미어,48489,498,21,9,5,2
1133,국산,현대,에쿠스,에쿠스,가솔린 3500cc 이상,JS380,고급형,48489,498,21,9,5,1
1134,국산,현대,에쿠스,에쿠스,가솔린 3500cc 이상,JS380,럭셔리,48489,498,21,9,5,1
1135,국산,현대,에쿠스,에쿠스,가솔린 3500cc 이상,JS380,프리미어 VIP,48489,498,21,9,5,1
1136,국산,현대,맥스크루즈,더 뉴 맥스크루즈,가솔린 4WD,가솔린 3.3 4WD,프레스티지,48489,493,313,30,30,13
1137,국산,현대,맥스크루즈,더 뉴 맥스크루즈,가솔린 4WD,가솔린 3.3 4WD,파이니스트 에디션,48489,493,313,30,30,10
1138,국산,현대,맥스크루즈,더 뉴 맥스크루즈,가솔린 4WD,가솔린 3.3 4WD,익스클루시브,48489,493,313,30,30,5
1139,국산,현대,맥스크루즈,더 뉴 맥스크루즈,가솔린 4WD,가솔린 3.3 4WD,익스클루시브 스페셜,48489,493,313,30,30,2
1140,국산,현대,맥스크루즈,맥스크루즈,가솔린 4WD,가솔린 3.3 4WD 익스클루시브,스페셜,48489,493,180,2,2,2
1141,국산,현대,엑센트,엑센트(신형),가솔린 1400cc,1.4 VVT 프리미어,,48489,459,459,258,49,
1142,국산,현대,제네시스,제네시스,가솔린 5000cc,5.0 수출형,,48489,1416,294,18,1,
1143,국산,현대,제네시스,제네시스 DH,가솔린 2WD,G330 모던,,48489,1416,965,332,132,
1144,국산,현대,스타렉스,더 뉴 그랜드 스타렉스,LPG 2WD,밴 5인승 LPi,스마트,48489,3093,1330,87,2,2
1145,국산,현대,스타리아,스타리아,디젤 4WD,4WD 투어러 9인승,모던,48489,1806,1756,311,59,59
1146,국산,현대,에쿠스,에쿠스(신형),가솔린 4600cc,VS460,프레스티지,48489,498,477,9,9,9
1147,국산,현대,에쿠스,에쿠스,가솔린 3500cc 이상,JL380 리무진,,48489,498,21,9,3,
1148,국산,현대,스타렉스,더 뉴 그랜드 스타렉스,LPG 2WD,리무진 LPi,,48489,3093,1330,87,1,
1149,국산,현대,스타리아,스타리아,디젤 4WD,4WD 라운지 7인승,인스퍼레이션,48489,1806,1756,311,54,45
1150,국산,현대,스타리아,스타리아,디젤 4WD,4WD 라운지 7인승,리무진,48489,1806,1756,311,54,9
1151,국산,현대,맥스크루즈,더 뉴 맥스크루즈,가솔린 2WD,가솔린 3.3 2WD,익스클루시브,48489,493,313,13,13,5
1152,국산,현대,맥스크루즈,더 뉴 맥스크루즈,가솔린 2WD,가솔린 3.3 2WD,프레스티지,48489,493,313,13,13,5
1153,국산,현대,맥스크루즈,더 뉴 맥스크루즈,가솔린 2WD,가솔린 3.3 2WD,익스클루시브 스페셜,48489,493,313,13,13,2
1154,국산,현대,맥스크루즈,더 뉴 맥스크루즈,가솔린 2WD,가솔린 3.3 2WD,파이니스트 에디션,48489,493,313,13,13,1
1155,국산,현대,에쿠스,에쿠스,가솔린 3500cc 이상,VS450,프리미어,48489,498,21,9,1,1
1156,국산,현대,엑센트,엑센트(신형),가솔린 1400cc,위트 1.4 VVT 모던,(세부등급 없음),48489,459,459,258,21,18
1157,국산,현대,엑센트,엑센트(신형),가솔린 1400cc,위트 1.4 VVT 모던,스페셜,48489,459,459,258,21,3
1158,국산,현대,제네시스,제네시스 DH,가솔린 2WD,G380 익스클루시브,,48489,1416,965,332,25,
1159,국산,현대,스타리아,스타리아,디젤 4WD,4WD 투어러 11인승,모던,48489,1806,1756,311,36,34
1160,국산,현대,스타리아,스타리아,디젤 4WD,4WD 투어러 11인승,스마트,48489,1806,1756,311,36,2
1161,국산,현대,에쿠스,에쿠스(신형),가솔린+LPG 3800cc,3.8 구조변경 (바이퓨얼),,48489,498,477,6,6,
1162,국산,현대,제네시스,제네시스 DH,가솔린 2WD,G380 프레스티지,,48489,1416,965,332,11,
1163,국산,현대,엑센트,엑센트(신형),가솔린 1400cc,1.4 VVT 프리미엄,,48489,459,459,258,20,
1164,국산,현대,제네시스,제네시스 DH,가솔린 2WD,3.8 수출형,,48489,1416,965,332,2,
1165,국산,현대,엑센트,엑센트(신형),가솔린 1400cc,1.4 VVT 스마트,,48489,459,459,258,17,
1166,국산,현대,스타리아,스타리아,디젤 4WD,4WD 캠핑카,프레스티지 캠퍼 4인승,48489,1806,1756,311,17,10
1167,국산,현대,스타리아,스타리아,디젤 4WD,4WD 캠핑카,특장업체,48489,1806,1756,311,17,5
1168,국산,현대,스타리아,스타리아,디젤 4WD,4WD 캠핑카,프레스티지 캠퍼 11인승,48489,1806,1756,311,17,2
1169,국산,현대,벨로스터,더 뉴 벨로스터,가솔린 1600cc,1.6 터보 디 스펙,,48489,397,29,29,24,
1170,국산,현대,엑센트,엑센트(신형),가솔린 1400cc,위트 1.4 VVT 프리미어,,48489,459,459,258,9,
1171,국산,현대,에쿠스,에쿠스(신형),가솔린+CNG 3800cc,3.8 구조변경 (바이퓨얼),,48489,498,477,2,2,
1172,국산,현대,제네시스,제네시스 DH,가솔린 2WD,G380 파이니스트 에디션,,48489,1416,965,332,2,
1173,국산,현대,벨로스터,벨로스터,가솔린 1600cc,익스트림,,48489,397,95,95,23,
1174,국산,현대,스타리아,스타리아,디젤 4WD,4WD 휠체어리프트/슬로프,,48489,1806,1756,311,3,
1175,국산,현대,벨로스터,더 뉴 벨로스터,가솔린 1600cc,1.6 PYL DCT,,48489,397,29,29,3,
1176,국산,현대,베뉴,베뉴,가솔린 1600cc,1.6 모던,,48489,424,424,424,145,
1177,국산,현대,벨로스터,더 뉴 벨로스터,가솔린 1600cc,1.6 PYL,,48489,397,29,29,2,
1178,국산,현대,벨로스터,벨로스터,가솔린 1600cc,PYL,,48489,397,95,95,21,
1179,국산,현대,벨로스터,벨로스터 (JS),가솔린 2000cc,2.0 N,,48489,397,273,191,191,
1180,국산,현대,스타리아,스타리아,디젤 4WD,4WD 리무진 (특장업체),9인승,48489,1806,1756,311,2,2
1181,국산,현대,베뉴,베뉴,가솔린 1600cc,1.6 플럭스,,48489,424,424,424,99,
1182,국산,현대,벨로스터,벨로스터,가솔린 1600cc,터보 D 스펙,,48489,397,95,95,16,
1183,국산,현대,제네시스,제네시스 DH,가솔린+LPG 4WD,3.3 AWD 구조변경 (바이퓨얼),,48489,1416,965,4,4,
1184,국산,현대,스타리아,스타리아,디젤 4WD,4WD 어린이보호차,11인승,48489,1806,1756,311,2,2
1185,국산,현대,엑센트,엑센트(신형),가솔린 1400cc,1.4 VVT 스마트스페셜,,48489,459,459,258,6,
1186,국산,현대,베뉴,베뉴,가솔린 1600cc,1.6 프리미엄,,48489,424,424,424,86,
1187,국산,현대,벨로스터,벨로스터,가솔린 1600cc,DCT팩,,48489,397,95,95,14,
1188,국산,현대,벨로스터,벨로스터 (JS),가솔린 1600cc,1.6 터보 스포츠,코어,48489,397,273,64,64,58
1189,국산,현대,벨로스터,벨로스터 (JS),가솔린 1600cc,1.6 터보 스포츠,(세부등급 없음),48489,397,273,64,64,4
1190,국산,현대,벨로스터,벨로스터 (JS),가솔린 1600cc,1.6 터보 스포츠,JBL 익스트림 사운드 에디션,48489,397,273,64,64,2
1191,국산,현대,엑센트,엑센트(신형),가솔린 1400cc,1.4 VVT 밸류 플러스,,48489,459,459,258,4,
1192,국산,현대,벨로스터,벨로스터,가솔린 1600cc,터보 GDi 익스트림,,48489,397,95,95,12,
1193,국산,현대,에쿠스,에쿠스(신형),가솔린+LPG 5000cc,5.0 구조변경 (바이퓨얼),,48489,498,477,2,2,
1194,국산,현대,베뉴,베뉴,가솔린 1600cc,1.6 모던 플러스,,48489,424,424,424,57,
1195,국산,현대,엑센트,엑센트(신형),가솔린 1400cc,1.4 VVT 스타일,,48489,459,459,258,3,
1196,국산,현대,벨로스터,벨로스터,가솔린 1600cc,유니크,,48489,397,95,95,9,
1197,국산,현대,제네시스,제네시스 DH,가솔린+LPG 2WD,3.3 구조변경 (바이퓨얼),,48489,1416,965,3,3,
1198,국산,현대,베뉴,베뉴,가솔린 1600cc,1.6 스마트,,48489,424,424,424,37,
1199,국산,현대,엑센트,엑센트(신형),가솔린 1400cc,1.4 VVT 모던(장애인용),,48489,459,459,258,2,
1200,국산,현대,스타리아,스타리아,가솔린+전기 2WD,HEV 1.6 카고 5인승,모던,48489,1806,1756,111,38,38
1201,국산,현대,벨로스터,벨로스터 (JS),가솔린 1400cc,1.4 터보 모던,(세부등급 없음),48489,397,273,18,18,10
1202,국산,현대,벨로스터,벨로스터 (JS),가솔린 1400cc,1.4 터보 모던,코어,48489,397,273,18,18,8
1203,국산,현대,스타리아,스타리아,가솔린+전기 2WD,HEV 1.6 투어러 11인승,모던,48489,1806,1756,111,23,23
1204,국산,현대,엑센트,엑센트(신형),가솔린 1400cc,1.4 VVT 럭셔리,,48489,459,459,258,1,
1205,국산,현대,엑센트,엑센트(신형),디젤 1600cc,디젤 1.6 VGT 프리미어,,48489,459,459,114,25,
1206,국산,현대,i30,i30,가솔린 1600cc,1.6 VVT 럭셔리,,48489,306,20,18,10,
1207,국산,현대,넥쏘,넥쏘 (NH2),수소,프레스티지,,48489,393,7,7,5,
1208,국산,현대,엑센트,엑센트(신형),디젤 1600cc,위트 디젤 1.6 VGT 프리미어,,48489,459,459,114,20,
1209,국산,현대,i30,더 뉴 i30,가솔린 2000cc,2.0 PYL,,48489,306,17,11,9,
1210,국산,현대,i30,i30(신형),디젤 1600cc,디젤 1.6 VGT PYL,,48489,306,121,62,36,
1211,국산,현대,스타리아,스타리아,가솔린+전기 2WD,HEV 1.6 카고 3인승,모던,48489,1806,1756,111,18,18
1212,국산,현대,i30,i30 cw,가솔린 1600cc,1.6 VVT 럭셔리,,48489,306,7,5,3,
1213,국산,현대,i30,i30,가솔린 1600cc,1.6 VVT 프리미어,기본형,48489,306,20,18,7,7
1214,국산,현대,엑센트,엑센트(신형),디젤 1600cc,위트 디젤 1.6 VGT 모던,(세부등급 없음),48489,459,459,114,16,16
1215,국산,현대,아이오닉6,더 뉴 아이오닉6,전기 4WD,N,,48489,386,15,12,8,
1216,국산,현대,i30,i30(신형),디젤 1600cc,디젤 1.6 VGT 익스트림,,48489,306,121,62,14,
1217,국산,현대,넥쏘,넥쏘,수소,프리미엄,,48489,393,386,386,358,
1218,국산,현대,i30,더 뉴 i30,가솔린 2000cc,2.0 디 스펙,,48489,306,17,11,1,
1219,국산,현대,i30,i30 cw,가솔린 1600cc,1.6 VVT 디럭스,,48489,306,7,5,1,
1220,국산,현대,i30,i30 (PD),가솔린 1600cc,1.6 터보,N Line,48489,306,141,84,84,50
1221,국산,현대,i30,i30 (PD),가솔린 1600cc,1.6 터보,스포츠 프리미엄,48489,306,141,84,84,26
1222,국산,현대,i30,i30 (PD),가솔린 1600cc,1.6 터보,스포츠,48489,306,141,84,84,8
1223,국산,현대,스타리아,스타리아,가솔린+전기 2WD,HEV 1.6 라운지 7인승,인스퍼레이션,48489,1806,1756,111,16,13
1224,국산,현대,스타리아,스타리아,가솔린+전기 2WD,HEV 1.6 라운지 7인승,모빌리티,48489,1806,1756,111,16,3
1225,국산,현대,아이오닉6,아이오닉6,전기,롱레인지,프레스티지,48489,386,371,371,233,104
1226,국산,현대,아이오닉6,아이오닉6,전기,롱레인지,익스클루시브,48489,386,371,371,233,66
1227,국산,현대,아이오닉6,아이오닉6,전기,롱레인지,익스클루시브 플러스,48489,386,371,371,233,61
1228,국산,현대,아이오닉6,아이오닉6,전기,롱레인지,E-Lite,48489,386,371,371,233,2
1229,국산,현대,베라크루즈,베라크루즈,디젤 3000cc,디젤 4WD 300VXL,(세부등급 없음),48489,226,226,209,60,41
1230,국산,현대,베라크루즈,베라크루즈,디젤 3000cc,디젤 4WD 300VXL,프리미엄,48489,226,226,209,60,18
1231,국산,현대,베라크루즈,베라크루즈,디젤 3000cc,디젤 4WD 300VXL,슈프림,48489,226,226,209,60,1
1232,국산,현대,넥쏘,넥쏘 (NH2),수소,익스클루시브,,48489,393,7,7,1,
1233,국산,현대,아이오닉6,더 뉴 아이오닉6,전기 4WD,롱레인지 AWD,프레스티지 N Line,48489,386,15,12,4,4
1234,국산,현대,엑센트,엑센트(신형),디젤 1600cc,디젤 1.6 VGT 프리미엄,,48489,459,459,114,14,
1235,국산,현대,넥쏘,넥쏘,수소,모던,,48489,393,386,386,28,
1236,국산,현대,i30,i30 cw,가솔린 1600cc,1.6 VVT 프리미어,,48489,306,7,5,1,
1237,국산,현대,아이오닉6,아이오닉6,전기,롱레인지 AWD,프레스티지,48489,386,371,371,127,78
1238,국산,현대,아이오닉6,아이오닉6,전기,롱레인지 AWD,익스클루시브 플러스,48489,386,371,371,127,34
1239,국산,현대,아이오닉6,아이오닉6,전기,롱레인지 AWD,익스클루시브,48489,386,371,371,127,13
1240,국산,현대,아이오닉6,아이오닉6,전기,롱레인지 AWD,E-Lite,48489,386,371,371,127,2
1241,국산,현대,i30,더 뉴 i30,가솔린 2000cc,2.0 유니크,,48489,306,17,11,1,
1242,국산,현대,베라크루즈,베라크루즈,디젤 3000cc,디젤 4WD 익스클루시브,스페셜,48489,226,226,209,52,49
1243,국산,현대,베라크루즈,베라크루즈,디젤 3000cc,디젤 4WD 익스클루시브,기본형,48489,226,226,209,52,3
1244,국산,현대,넥쏘,넥쏘 (NH2),수소,익스클루시브 스페셜,,48489,393,7,7,1,
1245,국산,현대,i30,i30,가솔린 1600cc,1.6 VVT 트렌디,,48489,306,20,18,1,
1246,국산,현대,스타리아,스타리아,가솔린+전기 2WD,HEV 1.6 라운지 9인승,인스퍼레이션,48489,1806,1756,111,10,10
1247,국산,현대,아이오닉6,아이오닉6,전기,스탠다드,E-Value+,48489,386,371,371,11,7
1248,국산,현대,아이오닉6,아이오닉6,전기,스탠다드,익스클루시브,48489,386,371,371,11,4
1249,국산,현대,스타리아,스타리아,가솔린+전기 2WD,HEV 1.6 투어러 9인승,모던,48489,1806,1756,111,5,5
1250,국산,현대,베라크루즈,베라크루즈,디젤 3000cc,디젤 2WD 300VX,럭셔리,48489,226,226,209,30,15
1251,국산,현대,베라크루즈,베라크루즈,디젤 3000cc,디젤 2WD 300VX,(세부등급 없음),48489,226,226,209,30,9
1252,국산,현대,베라크루즈,베라크루즈,디젤 3000cc,디젤 2WD 300VX,스마트팩,48489,226,226,209,30,4
1253,국산,현대,베라크루즈,베라크루즈,디젤 3000cc,디젤 2WD 300VX,프리미어,48489,226,226,209,30,2
1254,국산,현대,아이오닉6,더 뉴 아이오닉6,전기 2WD,스탠다드,E-Value+,48489,386,15,3,3,3
1255,국산,현대,i30,i30 (PD),가솔린 1400cc,1.4 터보,스타일,48489,306,141,50,50,17
1256,국산,현대,i30,i30 (PD),가솔린 1400cc,1.4 터보,모던,48489,306,141,50,50,15
1257,국산,현대,i30,i30 (PD),가솔린 1400cc,1.4 터보,프리미엄,48489,306,141,50,50,11
1258,국산,현대,i30,i30 (PD),가솔린 1400cc,1.4 터보,스마트,48489,306,141,50,50,7
1259,국산,현대,i30,i30 cw,디젤 1600cc,디젤 1.6 VGT 럭셔리,,48489,306,7,2,2,
1260,국산,현대,스타리아,스타리아,가솔린+전기 2WD,HEV 1.6 캠핑카,특장업체,48489,1806,1756,111,1,1
1261,국산,현대,베라크루즈,베라크루즈,디젤 3000cc,디젤 4WD 300VX,럭셔리,48489,226,226,209,22,9
1262,국산,현대,베라크루즈,베라크루즈,디젤 3000cc,디젤 4WD 300VX,프리미어,48489,226,226,209,22,8
1263,국산,현대,베라크루즈,베라크루즈,디젤 3000cc,디젤 4WD 300VX,(세부등급 없음),48489,226,226,209,22,5
1264,국산,현대,i30,i30,디젤 1600cc,디젤 1.6 VGT 디럭스,,48489,306,20,2,1,
1265,국산,현대,i30,더 뉴 i30,디젤 1600cc,디젤 1.6 PYL,,48489,306,17,6,6,
1266,국산,현대,i30,i30(신형),디젤 1600cc,디젤 1.6 VGT 유니크,,48489,306,121,62,12,
1267,국산,현대,엑센트,엑센트(신형),디젤 1600cc,디젤 1.6 VGT 모던,,48489,459,459,114,12,
1268,국산,현대,베라크루즈,베라크루즈,디젤 3000cc,디젤 2WD 익스클루시브,기본형,48489,226,226,209,19,12
1269,국산,현대,베라크루즈,베라크루즈,디젤 3000cc,디젤 2WD 익스클루시브,스페셜,48489,226,226,209,19,7
1270,국산,현대,i30,i30,디젤 1600cc,디젤 1.6 VGT 럭셔리,,48489,306,20,2,1,
1271,국산,현대,i30,i30 (PD),디젤 1600cc,디젤 1.6,프리미엄,48489,306,141,7,7,5
1272,국산,현대,i30,i30 (PD),디젤 1600cc,디젤 1.6,모던,48489,306,141,7,7,1
1273,국산,현대,i30,i30 (PD),디젤 1600cc,디젤 1.6,스마트,48489,306,141,7,7,1
1274,국산,현대,i40,더 뉴 i40,디젤 1700cc,1.7 VGT,PYL,48489,219,30,21,21,9
1275,국산,현대,i40,더 뉴 i40,디젤 1700cc,1.7 VGT,디 스펙,48489,219,30,21,21,7
1276,국산,현대,i40,더 뉴 i40,디젤 1700cc,1.7 VGT,스마트,48489,219,30,21,21,4
1277,국산,현대,i40,더 뉴 i40,디젤 1700cc,1.7 VGT,유니크,48489,219,30,21,21,1
1278,국산,현대,베라크루즈,베라크루즈,디젤 3000cc,디젤 2WD 300VXL,(세부등급 없음),48489,226,226,209,12,7
1279,국산,현대,베라크루즈,베라크루즈,디젤 3000cc,디젤 2WD 300VXL,프리미엄,48489,226,226,209,12,5
1280,국산,현대,엑센트,엑센트(신형),디젤 1600cc,위트 디젤 1.6 VGT 스마트,,48489,459,459,114,10,
1281,국산,현대,i40,더 뉴 i40 살룬,가솔린 2000cc,2.0 GDi,PYL,48489,219,27,14,14,9
1282,국산,현대,i40,더 뉴 i40 살룬,가솔린 2000cc,2.0 GDi,디 스펙,48489,219,27,14,14,4
1283,국산,현대,i40,더 뉴 i40 살룬,가솔린 2000cc,2.0 GDi,유니크,48489,219,27,14,14,1
1284,국산,현대,아이오닉,아이오닉 하이브리드,가솔린+전기 1600cc,N,(세부등급 없음),48489,177,81,81,46,40
1285,국산,현대,아이오닉,아이오닉 하이브리드,가솔린+전기 1600cc,N,플러스,48489,177,81,81,46,6
1286,국산,현대,i40,i40,디젤 1700cc,1.7 VGT,PYL,48489,219,56,42,42,16
1287,국산,현대,i40,i40,디젤 1700cc,1.7 VGT,D 스펙,48489,219,56,42,42,10
1288,국산,현대,i40,i40,디젤 1700cc,1.7 VGT,모던,48489,219,56,42,42,8
1289,국산,현대,i40,i40,디젤 1700cc,1.7 VGT,스마트,48489,219,56,42,42,4
1290,국산,현대,i40,i40,디젤 1700cc,1.7 VGT,프리미엄,48489,219,56,42,42,4
1291,국산,현대,i40,i40 살룬,디젤 1700cc,1.7 VGT,PYL,48489,219,106,61,61,15
1292,국산,현대,i40,i40 살룬,디젤 1700cc,1.7 VGT,모던,48489,219,106,61,61,15
1293,국산,현대,i40,i40 살룬,디젤 1700cc,1.7 VGT,D 스펙,48489,219,106,61,61,13
1294,국산,현대,i40,i40 살룬,디젤 1700cc,1.7 VGT,프리미엄,48489,219,106,61,61,13
1295,국산,현대,i40,i40 살룬,디젤 1700cc,1.7 VGT,스마트,48489,219,106,61,61,5
1296,국산,현대,i30,i30(신형),가솔린 1600cc,1.6 GDI PYL,,48489,306,121,59,39,
1297,국산,현대,베라크루즈,베라크루즈,디젤 3000cc,디젤 2WD 300X,디럭스,48489,226,226,209,12,9
1298,국산,현대,베라크루즈,베라크루즈,디젤 3000cc,디젤 2WD 300X,밸류,48489,226,226,209,12,2
1299,국산,현대,베라크루즈,베라크루즈,디젤 3000cc,디젤 2WD 300X,스타일팩,48489,226,226,209,12,1
1300,국산,현대,i40,더 뉴 i40,가솔린 2000cc,2.0 GDi,디 스펙,48489,219,30,9,9,5
1301,국산,현대,i40,더 뉴 i40,가솔린 2000cc,2.0 GDi,PYL,48489,219,30,9,9,3
1302,국산,현대,i40,더 뉴 i40,가솔린 2000cc,2.0 GDi,스마트,48489,219,30,9,9,1
1303,국산,현대,아이오닉,더 뉴 아이오닉 하이브리드,가솔린+전기 1600cc,1.6 HEV,Q,48489,177,40,40,40,18
1304,국산,현대,아이오닉,더 뉴 아이오닉 하이브리드,가솔린+전기 1600cc,1.6 HEV,I,48489,177,40,40,40,11
1305,국산,현대,아이오닉,더 뉴 아이오닉 하이브리드,가솔린+전기 1600cc,1.6 HEV,N,48489,177,40,40,40,11
1306,국산,현대,아이오닉,더 뉴 아이오닉 일렉트릭,전기,Q,,48489,177,15,15,8,
1307,국산,현대,아이오닉,아이오닉 하이브리드,가솔린+전기 1600cc,Q,,48489,177,81,81,28,
1308,국산,현대,i30,i30(신형),가솔린 1600cc,1.6 GDI 익스트림,,48489,306,121,59,19,
1309,국산,현대,아이오닉,아이오닉 일렉트릭,전기,Q,,48489,177,41,41,33,
1310,국산,현대,베라크루즈,베라크루즈,디젤 3000cc,디젤 4WD 300X,디럭스,48489,226,226,209,2,2
1311,국산,현대,i40,더 뉴 i40 살룬,디젤 1700cc,1.7 VGT,PYL,48489,219,27,13,13,5
1312,국산,현대,i40,더 뉴 i40 살룬,디젤 1700cc,1.7 VGT,디 스펙,48489,219,27,13,13,5
1313,국산,현대,i40,더 뉴 i40 살룬,디젤 1700cc,1.7 VGT,유니크,48489,219,27,13,13,3
1314,국산,현대,아이오닉,아이오닉 일렉트릭,전기,N,,48489,177,41,41,5,
1315,국산,현대,아이오닉,아이오닉 하이브리드,가솔린+전기 1600cc,I,플러스,48489,177,81,81,7,6
1316,국산,현대,아이오닉,아이오닉 하이브리드,가솔린+전기 1600cc,I,(세부등급 없음),48489,177,81,81,7,1
1317,국산,현대,아이오닉,더 뉴 아이오닉 일렉트릭,전기,N,,48489,177,15,15,7,
1318,국산,현대,i40,i40,가솔린 2000cc,2.0 GDi,D 스펙,48489,219,56,14,14,5
1319,국산,현대,i40,i40,가솔린 2000cc,2.0 GDi,PYL,48489,219,56,14,14,4
1320,국산,현대,i40,i40,가솔린 2000cc,2.0 GDi,모던,48489,219,56,14,14,4
1321,국산,현대,i40,i40,가솔린 2000cc,2.0 GDi,프리미엄,48489,219,56,14,14,1
1322,국산,현대,엑센트,엑센트(신형),디젤 1600cc,디젤 1.6 VGT 스마트,,48489,459,459,114,7,
1323,국산,현대,아슬란,아슬란,가솔린 3000cc,G300 모던,,48489,130,130,81,51,
1324,국산,현대,i40,i40 살룬,가솔린 2000cc,2.0 GDi,모던,48489,219,106,45,45,16
1325,국산,현대,i40,i40 살룬,가솔린 2000cc,2.0 GDi,프리미엄,48489,219,106,45,45,15
1326,국산,현대,i40,i40 살룬,가솔린 2000cc,2.0 GDi,PYL,48489,219,106,45,45,8
1327,국산,현대,i40,i40 살룬,가솔린 2000cc,2.0 GDi,D 스펙,48489,219,106,45,45,4
1328,국산,현대,i40,i40 살룬,가솔린 2000cc,2.0 GDi,스마트,48489,219,106,45,45,2
1329,국산,현대,베라크루즈,베라크루즈,가솔린 3800cc,가솔린 4WD 380VXL,프리미엄,48489,226,226,17,8,7
1330,국산,현대,베라크루즈,베라크루즈,가솔린 3800cc,가솔린 4WD 380VXL,(세부등급 없음),48489,226,226,17,8,1
1331,국산,현대,엑센트,엑센트(신형),디젤 1600cc,디젤 1.6 VGT 스타일,,48489,459,459,114,5,
1332,국산,현대,i30,i30(신형),가솔린 1600cc,1.6 GDI 유니크,,48489,306,121,59,1,
1333,국산,현대,아이오닉,아이오닉 일렉트릭,전기,I,,48489,177,41,41,3,
1334,국산,현대,아슬란,아슬란,가솔린 3000cc,G300 모던 스페셜,,48489,130,130,81,16,
1335,국산,현대,베라크루즈,베라크루즈,가솔린 3800cc,수출형,,48489,226,226,17,5,
1336,국산,현대,엑센트,엑센트(신형),디젤 1600cc,디젤 1.6 VGT 럭셔리,,48489,459,459,114,3,
1337,국산,현대,베라크루즈,베라크루즈,가솔린 3800cc,가솔린 2WD 380VX,노블팩,48489,226,226,17,3,3
1338,국산,현대,아슬란,아슬란,가솔린 3000cc,G300 모던 베이직,,48489,130,130,81,7,
1339,국산,현대,엑센트,엑센트(신형),디젤 1600cc,위트 디젤 1.6 VGT 프리미엄,(세부등급 없음),48489,459,459,114,2,2
1340,국산,현대,베라크루즈,베라크루즈,가솔린 3800cc,가솔린 4WD 380VX,노블팩,48489,226,226,17,1,1
1341,국산,현대,아슬란,아슬란,가솔린 3000cc,G300 익스클루시브,,48489,130,130,81,7,
1342,국산,현대,아이오닉9,아이오닉9,전기 4WD,성능형 AWD,6인승 캘리그래피,48489,43,43,34,29,11
1343,국산,현대,아이오닉9,아이오닉9,전기 4WD,성능형 AWD,6인승 프레스티지,48489,43,43,34,29,10
1344,국산,현대,아이오닉9,아이오닉9,전기 4WD,성능형 AWD,7인승 캘리그래피,48489,43,43,34,29,4
1345,국산,현대,아이오닉9,아이오닉9,전기 4WD,성능형 AWD,7인승 익스클루시브,48489,43,43,34,29,2
1346,국산,현대,아이오닉9,아이오닉9,전기 4WD,성능형 AWD,7인승 프레스티지,48489,43,43,34,29,2
1347,국산,현대,쏠라티,쏠라티,디젤,15인승,럭셔리,48489,122,122,122,79,72
1348,국산,현대,쏠라티,쏠라티,디젤,15인승,디럭스,48489,122,122,122,79,6
1349,국산,현대,쏠라티,쏠라티,디젤,15인승,스탠다드,48489,122,122,122,79,1
1350,국산,현대,아슬란,아슬란,가솔린 3300cc,G330 프리미엄,,48489,130,130,49,40,
1351,국산,현대,아이오닉9,아이오닉9,전기 4WD,항속형 AWD,6인승 익스클루시브,48489,43,43,34,5,3
1352,국산,현대,아이오닉9,아이오닉9,전기 4WD,항속형 AWD,7인승 익스클루시브,48489,43,43,34,5,2
1353,국산,현대,엑센트,엑센트(신형),가솔린 1600cc,1.6 GDI 모던,,48489,459,459,87,27,
1354,국산,현대,ST1,ST1,전기,카고,프리미엄,48489,35,35,35,20,14
1355,국산,현대,ST1,ST1,전기,카고,스마트,48489,35,35,35,20,6
1356,국산,현대,쏠라티,쏠라티,디젤,16인승,디럭스,48489,122,122,122,19,17
1357,국산,현대,쏠라티,쏠라티,디젤,16인승,럭셔리,48489,122,122,122,19,2
1358,국산,현대,ST1,ST1,전기,카고 냉동,스마트,48489,35,35,35,15,8
1359,국산,현대,ST1,ST1,전기,카고 냉동,프리미엄,48489,35,35,35,15,7
1360,국산,현대,쏠라티,쏠라티,디젤,11인승,럭셔리,48489,122,122,122,10,5
1361,국산,현대,쏠라티,쏠라티,디젤,11인승,투어,48489,122,122,122,10,5
1362,국산,현대,아슬란,아슬란,가솔린 3300cc,G330 익스클루시브,,48489,130,130,49,8,
1363,국산,현대,엑센트,엑센트(신형),가솔린 1600cc,1.6 GDI 탑,,48489,459,459,87,22,
1364,국산,현대,갤로퍼,갤로퍼,디젤 2500cc,지프 터보엑시드,,48489,23,6,6,3,
1365,국산,현대,엑센트,엑센트(신형),가솔린 1600cc,1.6 GDI 프리미엄,,48489,459,459,87,19,
1366,국산,현대,아슬란,아슬란,가솔린 3300cc,G330 모던,,48489,130,130,49,1,
1367,국산,현대,쏠라티,쏠라티,디젤,리무진,,48489,122,122,122,7,
1368,국산,현대,갤로퍼,갤로퍼,디젤 2500cc,지프 인터쿨러엑시드,,48489,23,6,6,2,
1369,국산,현대,엑센트,엑센트(신형),가솔린 1600cc,1.6 GDI 프리미어,,48489,459,459,87,11,
1370,국산,현대,아이오닉9,아이오닉9,전기 2WD,항속형 2WD,7인승 프레스티지,48489,43,43,9,9,5
1371,국산,현대,아이오닉9,아이오닉9,전기 2WD,항속형 2WD,6인승 익스클루시브,48489,43,43,9,9,2
1372,국산,현대,아이오닉9,아이오닉9,전기 2WD,항속형 2WD,6인승 캘리그래피,48489,43,43,9,9,1
1373,국산,현대,아이오닉9,아이오닉9,전기 2WD,항속형 2WD,6인승 프레스티지,48489,43,43,9,9,1
1374,국산,현대,갤로퍼,갤로퍼 2,LPG 3000cc,9인승 V6 LPG,,48489,23,17,9,6,
1375,국산,현대,쏠라티,쏠라티,디젤,14인승,럭셔리,48489,122,122,122,2,2
1376,국산,현대,테라칸,테라칸,디젤 4WD,4WD JX290 골드,최고급형,48489,21,21,17,9,5
1377,국산,현대,테라칸,테라칸,디젤 4WD,4WD JX290 골드,고급형,48489,21,21,17,9,4
1378,국산,현대,갤로퍼,갤로퍼,디젤 2500cc,S 인터쿨러슈퍼엑시드,,48489,23,6,6,1,
1379,국산,현대,갤로퍼,갤로퍼 2,LPG 3000cc,7인승 LPG V6 엑시드,,48489,23,17,9,3,
1380,국산,현대,테라칸,테라칸,디젤 4WD,4WD JX290,기본형,48489,21,21,17,5,4
1381,국산,현대,테라칸,테라칸,디젤 4WD,4WD JX290,최고급형,48489,21,21,17,5,1
1382,국산,현대,쏠라티,쏠라티,디젤,앰뷸런스,,48489,122,122,122,2,
1383,국산,현대,엑센트,엑센트(신형),가솔린 1600cc,1.6 GDI 블루세이버,,48489,459,459,87,4,
1384,국산,현대,테라칸,테라칸,디젤 4WD,4WD JX250,고급형,48489,21,21,17,2,1
1385,국산,현대,테라칸,테라칸,디젤 4WD,4WD JX250,최고급형,48489,21,21,17,2,1
1386,국산,현대,쏠라티,쏠라티,디젤,어린이버스,15인승,48489,122,122,122,2,1
1387,국산,현대,쏠라티,쏠라티,디젤,어린이버스,23인승,48489,122,122,122,2,1
1388,국산,현대,엑센트,엑센트(신형),가솔린 1600cc,위트 1.6 GDI 탑,,48489,459,459,87,2,
1389,국산,현대,갤로퍼,갤로퍼 2,디젤 2500cc,밴 터보 (숏보디),,48489,23,17,7,3,
1390,국산,현대,테라칸,테라칸,디젤 4WD,4WD EX290,기본형,48489,21,21,17,1,1
1391,국산,현대,쏠라티,쏠라티,디젤,캠핑카,,48489,122,122,122,1,
1392,국산,현대,투스카니,투스카니,가솔린 2000cc,2.0 GTS,고급형,48489,7,2,2,1,1
1393,국산,현대,엑센트,엑센트(신형),가솔린 1600cc,위트 1.6 GDI 프리미엄,(세부등급 없음),48489,459,459,87,2,2
1394,국산,현대,티뷰론,티뷰론,가솔린 2000cc,2.0 SRX,,48489,7,7,4,1,
1395,국산,현대,갤로퍼,갤로퍼 2,디젤 2500cc,7인승 인터쿨러슈퍼,기본형,48489,23,17,7,2,1
1396,국산,현대,갤로퍼,갤로퍼 2,디젤 2500cc,7인승 인터쿨러슈퍼,최고급형,48489,23,17,7,2,1
1397,국산,현대,투스카니,투스카니(신형),가솔린 2000cc,2.0 GL,고급형,48489,7,5,5,3,3
1398,국산,현대,투스카니,투스카니,가솔린 2000cc,2.0 GTS (I),기본형,48489,7,2,2,1,1
1399,국산,현대,갤로퍼,갤로퍼 2,디젤 2500cc,밴 디젤엑시드 (숏보디),,48489,23,17,7,1,
1400,국산,현대,테라칸,테라칸,디젤 2WD,2WD JX290,기본형,48489,21,21,3,3,3
1401,국산,현대,티뷰론,티뷰론,가솔린 2000cc,2.0 TGX,,48489,7,7,4,1,
1402,국산,현대,투스카니,투스카니(신형),가솔린 2000cc,2.0 GTS (I),기본형,48489,7,5,5,2,2
1403,국산,현대,갤로퍼,갤로퍼 2,디젤 2500cc,숏보디 인터쿨러슈퍼,,48489,23,17,7,1,
1404,국산,현대,티뷰론,티뷰론,가솔린 2000cc,터뷸런스 2.0 타입-R,고급형,48489,7,7,4,1,1
1405,국산,현대,티뷰론,티뷰론,가솔린 2000cc,터뷸런스 2.0 타입-S,고급형,48489,7,7,4,1,1
1406,국산,현대,테라칸,테라칸,가솔린 4WD,4WD 가솔린 VX350,최고급형,48489,21,21,1,1,1
1407,국산,현대,다이너스티,다이너스티,가솔린 2500cc,2.5 시그니쳐 SV,,48489,5,5,4,3,
1408,국산,현대,갤로퍼,갤로퍼 2,가솔린 3000cc,롱보디 V6 골드,골드,48489,23,17,1,1,1
1409,국산,현대,베르나,베르나,가솔린 1300cc,4DR 1.3 SL,기본형,48489,6,1,1,1,1
1410,국산,현대,베르나,베르나 트랜스폼,가솔린 1400cc,1.4 DOHC 디럭스,,48489,6,2,1,1,
1411,국산,현대,다이너스티,다이너스티,가솔린 2500cc,2.5 시그니쳐,,48489,5,5,4,1,
1412,국산,현대,마르샤,마르샤,가솔린 2000cc,2.0 VLS,,48489,5,5,5,3,
1413,국산,현대,베르나,베르나(신형),디젤 1400cc 이상,디젤 1.5 VGT 엘레강스,,48489,6,3,2,2,
1414,국산,현대,티뷰론,티뷰론,가솔린 1800cc,터뷸런스 1.8 DOHC,기본형,48489,7,7,3,3,2
1415,국산,현대,티뷰론,티뷰론,가솔린 1800cc,터뷸런스 1.8 DOHC,최고급형,48489,7,7,3,3,1
1416,국산,현대,마르샤,마르샤,가솔린 2000cc,2.0 VL,,48489,5,5,5,2,
1417,국산,현대,베르나,베르나 트랜스폼,가솔린 1600cc,1.6 VVT 프리미어,,48489,6,2,1,1,
1418,국산,현대,다이너스티,다이너스티,가솔린 3000cc,3.0 V6,,48489,5,5,1,1,
1419,국산,현대,베르나,베르나(신형),가솔린+전기 1400cc 이하,하이브리드,,48489,6,3,1,1,
1420,국산,현대,포니,포니투,가솔린,픽업,,48489,3,3,3,3,
1421,국산,현대,트라제 XG,트라제 XG,LPG 9 인승,9인승 LPG 2.7 GLS,고급형,48489,3,3,1,1,1
1422,국산,현대,클릭,뉴 클릭,가솔린 1400cc,1.4 DOHC w,팬시팩 I,48489,2,2,2,2,2
1423,국산,현대,엑셀,엑셀,가솔린 1500cc,5DR 1.5 GSD,,48489,1,1,1,1,
1424,국산,현대,트라제 XG,트라제 XG,디젤 7 인승,7인승 디젤 GLS,고급형,48489,3,3,1,1,1
1425,국산,현대,프레스토,프레스토,가솔린 1500cc,1500 AMX,고급형,48489,1,1,1,1,1
1426,국산,현대,트라제 XG,트라제 XG,디젤 9 인승,9인승 디젤(VGT) 골드,고급형,48489,3,3,1,1,1
1427,국산,현대,엘란트라,뉴엘란트라,가솔린 1500cc,1.5 GLS,,48489,1,1,1,1,
1428,국산,제네시스,GV80,GV80,가솔린 2500cc,2.5T 가솔린 AWD,(세부등급 없음),12277,2655,2513,1422,1152,1129
1429,국산,제네시스,GV80,GV80,가솔린 2500cc,2.5T 가솔린 AWD,블랙,12277,2655,2513,1422,1152,23
1430,국산,제네시스,G70,더 뉴 G70,가솔린 2WD,가솔린 2.0T 2WD,(세부등급 없음),12277,1213,288,134,99,99
1431,국산,제네시스,G80,G80 (RG3),가솔린 4WD,가솔린 2.5 터보 AWD,(세부등급 없음),12277,4441,2722,1922,1417,1405
1432,국산,제네시스,G80,G80 (RG3),가솔린 4WD,가솔린 2.5 터보 AWD,블랙,12277,4441,2722,1922,1417,12
1433,국산,제네시스,G80,G80,가솔린 4WD,3.3 GDI AWD,프리미엄 럭셔리,12277,4441,1609,1011,827,423
1434,국산,제네시스,G80,G80,가솔린 4WD,3.3 GDI AWD,럭셔리,12277,4441,1609,1011,827,277
1435,국산,제네시스,G80,G80,가솔린 4WD,3.3 GDI AWD,프레스티지,12277,4441,1609,1011,827,106
1436,국산,제네시스,G80,G80,가솔린 4WD,3.3 GDI AWD,럭셔리 스페셜,12277,4441,1609,1011,827,21
1437,국산,제네시스,GV80,GV80,가솔린 2500cc,2.5T 가솔린 2WD,,12277,2655,2513,1422,270,
1438,국산,제네시스,G70,G70,가솔린 4WD,2.0T AWD,엘리트,12277,1213,878,419,286,117
1439,국산,제네시스,G70,G70,가솔린 4WD,2.0T AWD,스포츠 패키지,12277,1213,878,419,286,92
1440,국산,제네시스,G70,G70,가솔린 4WD,2.0T AWD,슈프림,12277,1213,878,419,286,61
1441,국산,제네시스,G70,G70,가솔린 4WD,2.0T AWD,어드밴스드,12277,1213,878,419,286,16
1442,국산,제네시스,G80,G80,가솔린 4WD,3.8 GDI AWD,프레스티지,12277,4441,1609,1011,106,63
1443,국산,제네시스,G80,G80,가솔린 4WD,3.8 GDI AWD,파이니스트,12277,4441,1609,1011,106,40
1444,국산,제네시스,G80,G80,가솔린 4WD,3.8 GDI AWD,프리미엄 럭셔리,12277,4441,1609,1011,106,2
1445,국산,제네시스,G80,G80,가솔린 4WD,3.8 GDI AWD,수출형,12277,4441,1609,1011,106,1
1446,국산,제네시스,G80,G80 (RG3),가솔린 4WD,가솔린 3.5 터보 AWD,(세부등급 없음),12277,4441,2722,1922,505,497
1447,국산,제네시스,G80,G80 (RG3),가솔린 4WD,가솔린 3.5 터보 AWD,블랙,12277,4441,2722,1922,505,8
1448,국산,제네시스,GV70,GV70,가솔린 2500cc,2.5T 가솔린 AWD,(세부등급 없음),12277,1412,1343,1079,637,637
1449,국산,제네시스,EQ900,EQ900,가솔린 4WD,3.8 GDI AWD,프리미엄 럭셔리,12277,803,803,706,387,185
1450,국산,제네시스,EQ900,EQ900,가솔린 4WD,3.8 GDI AWD,럭셔리,12277,803,803,706,387,148
1451,국산,제네시스,EQ900,EQ900,가솔린 4WD,3.8 GDI AWD,프레스티지,12277,803,803,706,387,54
1452,국산,제네시스,G90,G90,가솔린 4WD,3.8 AWD,럭셔리,12277,1652,744,653,456,202
1453,국산,제네시스,G90,G90,가솔린 4WD,3.8 AWD,프리미엄 럭셔리,12277,1652,744,653,456,184
1454,국산,제네시스,G90,G90,가솔린 4WD,3.8 AWD,프레스티지,12277,1652,744,653,456,70
1455,국산,제네시스,G70,G70,가솔린 4WD,3.3T 스포츠 AWD,프레스티지,12277,1213,878,419,133,75
1456,국산,제네시스,G70,G70,가솔린 4WD,3.3T 스포츠 AWD,슈프림,12277,1213,878,419,133,42
1457,국산,제네시스,G70,G70,가솔린 4WD,3.3T 스포츠 AWD,엘리트,12277,1213,878,419,133,14
1458,국산,제네시스,G70,G70,가솔린 4WD,3.3T 스포츠 AWD,어드밴스드,12277,1213,878,419,133,2
1459,국산,제네시스,GV70,일렉트리파이드 GV70,전기,e-AWD,,12277,1412,69,69,69,
1460,국산,제네시스,G80,G80,가솔린 4WD,3.3 T-GDI AWD,스포츠,12277,4441,1609,1011,78,78
1461,국산,제네시스,GV80,GV80,디젤 3000cc,3.0 디젤 AWD,,12277,2655,2513,612,533,
1462,국산,제네시스,G70,더 뉴 G70 슈팅브레이크,가솔린 2WD,가솔린 2.0T 2WD,(세부등급 없음),12277,1213,47,24,15,15
1463,국산,제네시스,GV70,GV70,가솔린 2500cc,2.5T 가솔린 2WD,(세부등급 없음),12277,1412,1343,1079,442,442
1464,국산,제네시스,EQ900,EQ900,가솔린 4WD,3.3 T-GDI AWD,프리미엄 럭셔리,12277,803,803,706,187,89
1465,국산,제네시스,EQ900,EQ900,가솔린 4WD,3.3 T-GDI AWD,프레스티지,12277,803,803,706,187,53
1466,국산,제네시스,EQ900,EQ900,가솔린 4WD,3.3 T-GDI AWD,럭셔리,12277,803,803,706,187,45
1467,국산,제네시스,G90,G90 (RS4),가솔린 4WD,가솔린 3.5 터보 AWD,(세부등급 없음),12277,1652,908,833,697,685
1468,국산,제네시스,G90,G90 (RS4),가솔린 4WD,가솔린 3.5 터보 AWD,블랙,12277,1652,908,833,697,12
1469,국산,제네시스,G80,일렉트리파이드 G80 (RG3),전기,e-AWD,,12277,4441,110,110,110,
1470,국산,제네시스,G80,G80 (RG3),가솔린 2WD,가솔린 2.5 터보 2WD,(세부등급 없음),12277,4441,2722,718,600,600
1471,국산,제네시스,G70,더 뉴 G70,가솔린 2WD,가솔린 2.5T 2WD,(세부등급 없음),12277,1213,288,134,19,19
1472,국산,제네시스,G70,더 뉴 G70 슈팅브레이크,가솔린 2WD,가솔린 2.5T 2WD,(세부등급 없음),12277,1213,47,24,9,9
1473,국산,제네시스,GV80,GV80,디젤 3000cc,3.0 디젤 2WD,,12277,2655,2513,612,79,
1474,국산,제네시스,G90,G90 (RS4),가솔린 4WD,가솔린 3.5 터보 e-S/C AWD,(세부등급 없음),12277,1652,908,833,74,54
1475,국산,제네시스,G90,G90 (RS4),가솔린 4WD,가솔린 3.5 터보 e-S/C AWD,블랙,12277,1652,908,833,74,20
1476,국산,제네시스,EQ900,EQ900,가솔린 4WD,5.0 GDI AWD,프레스티지,12277,803,803,706,101,101
1477,국산,제네시스,G90,G90,가솔린 4WD,3.3 T AWD,프리미엄 럭셔리,12277,1652,744,653,106,55
1478,국산,제네시스,G90,G90,가솔린 4WD,3.3 T AWD,프레스티지,12277,1652,744,653,106,32
1479,국산,제네시스,G90,G90,가솔린 4WD,3.3 T AWD,럭셔리,12277,1652,744,653,106,19
1480,국산,제네시스,G70,G70,가솔린 2WD,2.0T,스포츠 패키지,12277,1213,878,381,307,103
1481,국산,제네시스,G70,G70,가솔린 2WD,2.0T,엘리트,12277,1213,878,381,307,99
1482,국산,제네시스,G70,G70,가솔린 2WD,2.0T,슈프림,12277,1213,878,381,307,60
1483,국산,제네시스,G70,G70,가솔린 2WD,2.0T,어드밴스드,12277,1213,878,381,307,45
1484,국산,제네시스,GV80,GV80 쿠페,가솔린 2500cc,2.5T 가솔린 AWD,(세부등급 없음),12277,2655,142,87,87,83
1485,국산,제네시스,GV80,GV80 쿠페,가솔린 2500cc,2.5T 가솔린 AWD,블랙,12277,2655,142,87,87,4
1486,국산,제네시스,G80,G80 (RG3),가솔린 2WD,가솔린 3.5 터보 2WD,(세부등급 없음),12277,4441,2722,718,118,118
1487,국산,제네시스,G70,더 뉴 G70,가솔린 2WD,가솔린 3.3T 2WD,(세부등급 없음),12277,1213,288,134,16,16
1488,국산,제네시스,G90,G90 (RS4),가솔린 4WD,가솔린 3.5 터보 e-S/C AWD LWB,(세부등급 없음),12277,1652,908,833,62,60
1489,국산,제네시스,G90,G90 (RS4),가솔린 4WD,가솔린 3.5 터보 e-S/C AWD LWB,블랙,12277,1652,908,833,62,2
1490,국산,제네시스,G90,G90,가솔린 4WD,5.0 AWD,프레스티지,12277,1652,744,653,91,55
1491,국산,제네시스,G90,G90,가솔린 4WD,5.0 AWD,리무진 프레스티지,12277,1652,744,653,91,36
1492,국산,제네시스,EQ900,EQ900,가솔린 4WD,5.0 GDI AWD 리무진,프레스티지,12277,803,803,706,31,31
1493,국산,제네시스,G80,G80,가솔린 2WD,3.3 GDI,럭셔리,12277,4441,1609,508,461,237
1494,국산,제네시스,G80,G80,가솔린 2WD,3.3 GDI,프리미엄 럭셔리,12277,4441,1609,508,461,195
1495,국산,제네시스,G80,G80,가솔린 2WD,3.3 GDI,프레스티지,12277,4441,1609,508,461,17
1496,국산,제네시스,G80,G80,가솔린 2WD,3.3 GDI,럭셔리 스페셜,12277,4441,1609,508,461,12
1497,국산,제네시스,G70,G70,가솔린 2WD,3.3T 스포츠,프레스티지,12277,1213,878,381,74,30
1498,국산,제네시스,G70,G70,가솔린 2WD,3.3T 스포츠,엘리트,12277,1213,878,381,74,18
1499,국산,제네시스,G70,G70,가솔린 2WD,3.3T 스포츠,슈프림,12277,1213,878,381,74,14
1500,국산,제네시스,G70,G70,가솔린 2WD,3.3T 스포츠,어드밴스드,12277,1213,878,381,74,12
1501,국산,제네시스,G70,더 뉴 G70 슈팅브레이크,가솔린 4WD,가솔린 2.0T 4WD,(세부등급 없음),12277,1213,47,23,16,16
1502,국산,제네시스,GV70,GV70,디젤 2200cc,2.2 디젤 AWD,(세부등급 없음),12277,1412,1343,162,95,95
1503,국산,제네시스,GV80,GV80,가솔린 3500cc,3.5T 가솔린 AWD,(세부등급 없음),12277,2655,2513,479,454,441
1504,국산,제네시스,GV80,GV80,가솔린 3500cc,3.5T 가솔린 AWD,블랙,12277,2655,2513,479,454,13
1505,국산,제네시스,G80,G80,가솔린 2WD,3.8 GDI,프레스티지,12277,4441,1609,508,32,23
1506,국산,제네시스,G80,G80,가솔린 2WD,3.8 GDI,럭셔리,12277,4441,1609,508,32,3
1507,국산,제네시스,G80,G80,가솔린 2WD,3.8 GDI,파이니스트,12277,4441,1609,508,32,3
1508,국산,제네시스,G80,G80,가솔린 2WD,3.8 GDI,프리미엄 럭셔리,12277,4441,1609,508,32,2
1509,국산,제네시스,G80,G80,가솔린 2WD,3.8 GDI,수출형,12277,4441,1609,508,32,1
1510,국산,제네시스,GV70,GV70,디젤 2200cc,2.2 디젤 2WD,(세부등급 없음),12277,1412,1343,162,67,67
1511,국산,제네시스,G70,더 뉴 G70 슈팅브레이크,가솔린 4WD,가솔린 2.5T 4WD,(세부등급 없음),12277,1213,47,23,7,7
1512,국산,제네시스,GV80,GV80,가솔린 3500cc,3.5T 가솔린 2WD,,12277,2655,2513,479,25,
1513,국산,제네시스,G80,G80,가솔린 2WD,3.3 T-GDI,스포츠,12277,4441,1609,508,15,14
1514,국산,제네시스,G80,G80,가솔린 2WD,3.3 T-GDI,수출형,12277,4441,1609,508,15,1
1515,국산,제네시스,G80,G80 (RG3),디젤 2WD,디젤 2.2 2WD,(세부등급 없음),12277,4441,2722,41,41,41
1516,국산,제네시스,G70,G70,디젤 2WD,2.2D,엘리트,12277,1213,878,53,53,30
1517,국산,제네시스,G70,G70,디젤 2WD,2.2D,슈프림,12277,1213,878,53,53,16
1518,국산,제네시스,G70,G70,디젤 2WD,2.2D,어드밴스드,12277,1213,878,53,53,7
1519,국산,제네시스,G90,G90 (RS4),가솔린 2WD,가솔린 3.5 터보 2WD,(세부등급 없음),12277,1652,908,75,75,75
1520,국산,제네시스,GV80,GV80 쿠페,가솔린 3500cc,3.5T 가솔린 AWD,(세부등급 없음),12277,2655,142,55,28,26
1521,국산,제네시스,GV80,GV80 쿠페,가솔린 3500cc,3.5T 가솔린 AWD,블랙,12277,2655,142,55,28,2
1522,국산,제네시스,G70,더 뉴 G70,가솔린 4WD,가솔린 2.0T 4WD,(세부등급 없음),12277,1213,288,128,71,71
1523,국산,제네시스,EQ900,EQ900,가솔린 2WD,3.8 GDI,럭셔리,12277,803,803,89,66,66
1524,국산,제네시스,G90,G90,가솔린 2WD,3.8,럭셔리,12277,1652,744,85,77,77
1525,국산,제네시스,GV70,GV70,가솔린 3500cc,3.5T 가솔린 AWD,(세부등급 없음),12277,1412,1343,102,98,98
1526,국산,제네시스,G70,더 뉴 G70,가솔린 4WD,가솔린 3.3T 4WD,(세부등급 없음),12277,1213,288,128,38,38
1527,국산,제네시스,G80,G80,디젤 4WD,2.2D AWD,럭셔리,12277,4441,1609,64,64,34
1528,국산,제네시스,G80,G80,디젤 4WD,2.2D AWD,프리미엄 럭셔리,12277,4441,1609,64,64,30
1529,국산,제네시스,EQ900,EQ900,가솔린 2WD,3.3 T-GDI,럭셔리,12277,803,803,89,23,23
1530,국산,제네시스,G90,G90,가솔린 2WD,3.3 T,럭셔리,12277,1652,744,85,8,8
1531,국산,제네시스,G70,G70,디젤 4WD,2.2D AWD,슈프림,12277,1213,878,25,25,13
1532,국산,제네시스,G70,G70,디젤 4WD,2.2D AWD,엘리트,12277,1213,878,25,25,8
1533,국산,제네시스,G70,G70,디젤 4WD,2.2D AWD,어드밴스드,12277,1213,878,25,25,4
1534,국산,제네시스,GV70,GV70,가솔린 3500cc,3.5T 가솔린 2WD,(세부등급 없음),12277,1412,1343,102,4,4
1535,국산,제네시스,G80,G80 (RG3),디젤 4WD,디젤 2.2 AWD,(세부등급 없음),12277,4441,2722,41,41,41
1536,국산,제네시스,G80,G80,디젤 2WD,2.2D,럭셔리,12277,4441,1609,21,21,14
1537,국산,제네시스,G80,G80,디젤 2WD,2.2D,프리미엄 럭셔리,12277,4441,1609,21,21,7
1538,국산,제네시스,GV80,GV80 쿠페,가솔린 3500cc,3.5T e-S/C 가솔린 AWD,(세부등급 없음),12277,2655,142,55,27,22
1539,국산,제네시스,GV80,GV80 쿠페,가솔린 3500cc,3.5T e-S/C 가솔린 AWD,블랙,12277,2655,142,55,27,5
1540,국산,제네시스,EQ900,EQ900,가솔린+LPG 4WD,3.8 AWD 구조변경 (바이퓨얼),,12277,803,803,8,5,
1541,국산,제네시스,G70,더 뉴 G70,가솔린 4WD,가솔린 2.5T 4WD,(세부등급 없음),12277,1213,288,128,19,19
1542,국산,제네시스,EQ900,EQ900,가솔린+LPG 4WD,5.0 AWD 구조변경 (바이퓨얼),,12277,803,803,8,3,
1543,국산,제네시스,G90,G90,가솔린+LPG 4WD,5.0 AWD 구조변경 (바이퓨얼),,12277,1652,744,5,3,
1544,국산,제네시스,G80,G80,LPG 2WD,3.8 GDI 구조변경 (LPG),,12277,4441,1609,3,2,
1545,국산,제네시스,G70,더 뉴 G70,디젤 4WD,디젤 2.2 4WD,(세부등급 없음),12277,1213,288,14,14,14
1546,국산,제네시스,G90,G90,가솔린+LPG 4WD,3.8 AWD 구조변경 (바이퓨얼),,12277,1652,744,5,2,
1547,국산,제네시스,G80,G80,LPG 2WD,3.3 GDI 구조변경 (LPG),,12277,4441,1609,3,1,
1548,국산,제네시스,GV60,GV60,전기 2WD,스탠다드,(세부등급 없음),12277,101,101,65,65,65
1549,국산,제네시스,G70,더 뉴 G70,디젤 2WD,디젤 2.2 2WD,(세부등급 없음),12277,1213,288,12,12,12
1550,국산,제네시스,G90,G90,가솔린+LPG 2WD,3.8 구조변경 (바이퓨얼),,12277,1652,744,1,1,
1551,국산,제네시스,G80,G80,LPG 4WD,3.8 GDI AWD 구조변경 (LPG),,12277,4441,1609,2,2,
1552,국산,제네시스,GV60,GV60,전기 4WD,스탠다드 AWD,(세부등급 없음),12277,101,101,36,29,29
1553,국산,제네시스,GV60,GV60,전기 4WD,퍼포먼스 AWD,(세부등급 없음),12277,101,101,36,7,7
1554,국산,기아,스포티지,스포티지 4세대,디젤 2WD,디젤 2.0 2WD 노블레스,(세부등급 없음),48652,3974,880,792,308,177
1555,국산,기아,스포티지,스포티지 4세대,디젤 2WD,디젤 2.0 2WD 노블레스,플러스,48652,3974,880,792,308,72
1556,국산,기아,스포티지,스포티지 4세대,디젤 2WD,디젤 2.0 2WD 노블레스,스페셜,48652,3974,880,792,308,59
1557,국산,기아,스포티지,스포티지 R,디젤 2WD,디젤 2WD TLX,최고급형,48652,3974,313,272,249,159
1558,국산,기아,스포티지,스포티지 R,디젤 2WD,디젤 2WD TLX,프리미엄,48652,3974,313,272,249,48
1559,국산,기아,스포티지,스포티지 R,디젤 2WD,디젤 2WD TLX,고급형,48652,3974,313,272,249,42
1560,국산,기아,카니발,더 뉴 카니발 4세대,가솔린+전기 1600cc,HEV 9인승 노블레스,,48652,9273,1307,605,121,
1561,국산,기아,K5,K5 3세대,가솔린 2000cc,2.0,프레스티지,48652,4470,1733,1075,1075,456
1562,국산,기아,K5,K5 3세대,가솔린 2000cc,2.0,노블레스,48652,4470,1733,1075,1075,324
1563,국산,기아,K5,K5 3세대,가솔린 2000cc,2.0,시그니처,48652,4470,1733,1075,1075,160
1564,국산,기아,K5,K5 3세대,가솔린 2000cc,2.0,트렌디,48652,4470,1733,1075,1075,135
1565,국산,기아,카니발,카니발 R,디젤 2200cc,그랜드 카니발 GLX,프리미엄,48652,9273,302,291,183,64
1566,국산,기아,카니발,카니발 R,디젤 2200cc,그랜드 카니발 GLX,고급형,48652,9273,302,291,183,48
1567,국산,기아,카니발,카니발 R,디젤 2200cc,그랜드 카니발 GLX,최고급형,48652,9273,302,291,183,44
1568,국산,기아,카니발,카니발 R,디젤 2200cc,그랜드 카니발 GLX,R 스페셜,48652,9273,302,291,183,22
1569,국산,기아,카니발,카니발 R,디젤 2200cc,그랜드 카니발 GLX,(세부등급 없음),48652,9273,302,291,183,3
1570,국산,기아,카니발,카니발 R,디젤 2200cc,그랜드 카니발 GLX,기본형,48652,9273,302,291,183,2
1571,국산,기아,레이,레이,가솔린 1000cc,럭셔리,,48652,4749,1177,1124,348,
1572,국산,기아,카니발,그랜드 카니발,LPG 2700cc,LPI GLX,기본형,48652,9273,16,8,6,6
1573,국산,기아,쏘렌토,올 뉴 쏘렌토,디젤 2WD,디젤 2.0 2WD,프레스티지,48652,5942,1338,1040,909,334
1574,국산,기아,쏘렌토,올 뉴 쏘렌토,디젤 2WD,디젤 2.0 2WD,노블레스,48652,5942,1338,1040,909,316
1575,국산,기아,쏘렌토,올 뉴 쏘렌토,디젤 2WD,디젤 2.0 2WD,노블레스 스페셜,48652,5942,1338,1040,909,225
1576,국산,기아,쏘렌토,올 뉴 쏘렌토,디젤 2WD,디젤 2.0 2WD,럭셔리,48652,5942,1338,1040,909,32
1577,국산,기아,쏘렌토,올 뉴 쏘렌토,디젤 2WD,디젤 2.0 2WD,디럭스,48652,5942,1338,1040,909,2
1578,국산,기아,K5,K5 2세대,가솔린 2000cc,2.0 MX,프레스티지,48652,4470,547,302,170,81
1579,국산,기아,K5,K5 2세대,가솔린 2000cc,2.0 MX,노블레스,48652,4470,547,302,170,36
1580,국산,기아,K5,K5 2세대,가솔린 2000cc,2.0 MX,럭셔리,48652,4470,547,302,170,20
1581,국산,기아,K5,K5 2세대,가솔린 2000cc,2.0 MX,스타일 에디션,48652,4470,547,302,170,18
1582,국산,기아,K5,K5 2세대,가솔린 2000cc,2.0 MX,노블레스 스페셜,48652,4470,547,302,170,9
1583,국산,기아,K5,K5 2세대,가솔린 2000cc,2.0 MX,시그니처,48652,4470,547,302,170,3
1584,국산,기아,K5,K5 2세대,가솔린 2000cc,2.0 MX,디럭스,48652,4470,547,302,170,2
1585,국산,기아,K5,K5 2세대,가솔린 2000cc,2.0 MX,스페셜 에디션,48652,4470,547,302,170,1
1586,국산,기아,K5,더 뉴 K5 2세대,가솔린 2000cc,2.0,프레스티지,48652,4470,369,232,232,94
1587,국산,기아,모닝,더 뉴 모닝 (JA),가솔린 1000cc,프레스티지,,48652,3738,300,300,123,
1588,국산,기아,K5,더 뉴 K5 2세대,가솔린 2000cc,2.0,노블레스,48652,4470,369,232,232,85
1589,국산,기아,K5,더 뉴 K5 2세대,가솔린 2000cc,2.0,인텔리전트,48652,4470,369,232,232,29
1590,국산,기아,K5,더 뉴 K5 2세대,가솔린 2000cc,2.0,럭셔리,48652,4470,369,232,232,21
1591,국산,기아,K5,더 뉴 K5 2세대,가솔린 2000cc,2.0,월드컵 에디션,48652,4470,369,232,232,3
1592,국산,기아,카니발,올 뉴 카니발,디젤 9 인승,9인승 프레스티지,,48652,9273,2097,1473,541,
1593,국산,기아,카니발,더 뉴 카니발,디젤 9 인승,9인승 노블레스 스페셜,,48652,9273,1823,1205,360,
1594,국산,기아,레이,더 뉴 기아 레이 EV,전기,에어,,48652,4749,269,269,229,
1595,국산,기아,쏘렌토,뉴 쏘렌토 R,디젤 2WD,디젤 2.0 2WD,TLX 스페셜,48652,5942,241,204,201,60
1596,국산,기아,쏘렌토,뉴 쏘렌토 R,디젤 2WD,디젤 2.0 2WD,프레스티지,48652,5942,241,204,201,58
1597,국산,기아,쏘렌토,뉴 쏘렌토 R,디젤 2WD,디젤 2.0 2WD,트렌디,48652,5942,241,204,201,32
1598,국산,기아,쏘렌토,뉴 쏘렌토 R,디젤 2WD,디젤 2.0 2WD,리미티드,48652,5942,241,204,201,17
1599,국산,기아,쏘렌토,뉴 쏘렌토 R,디젤 2WD,디젤 2.0 2WD,노블레스,48652,5942,241,204,201,15
1600,국산,기아,쏘렌토,뉴 쏘렌토 R,디젤 2WD,디젤 2.0 2WD,TLX,48652,5942,241,204,201,11
1601,국산,기아,쏘렌토,뉴 쏘렌토 R,디젤 2WD,디젤 2.0 2WD,LX,48652,5942,241,204,201,3
1602,국산,기아,쏘렌토,뉴 쏘렌토 R,디젤 2WD,디젤 2.0 2WD,럭셔리,48652,5942,241,204,201,3
1603,국산,기아,쏘렌토,뉴 쏘렌토 R,디젤 2WD,디젤 2.0 2WD,리미티드 스페셜,48652,5942,241,204,201,2
1604,국산,기아,스포티지,스포티지 4세대,디젤 2WD,디젤 1.7 2WD 노블레스,(세부등급 없음),48652,3974,880,792,211,198
1605,국산,기아,스포티지,스포티지 4세대,디젤 2WD,디젤 1.7 2WD 노블레스,스페셜,48652,3974,880,792,211,13
1606,국산,기아,K5,더 뉴 K5 3세대,가솔린 2000cc,2.0,프레스티지,48652,4470,633,389,389,170
1607,국산,기아,K5,더 뉴 K5 3세대,가솔린 2000cc,2.0,노블레스,48652,4470,633,389,389,117
1608,국산,기아,K5,더 뉴 K5 3세대,가솔린 2000cc,2.0,시그니처,48652,4470,633,389,389,86
1609,국산,기아,K5,더 뉴 K5 3세대,가솔린 2000cc,2.0,베스트 셀렉션,48652,4470,633,389,389,12
1610,국산,기아,K5,더 뉴 K5 3세대,가솔린 2000cc,2.0,스마트 셀렉션,48652,4470,633,389,389,4
1611,국산,기아,카니발,카니발 4세대,디젤 2200cc,디젤 9인승 프레스티지,,48652,9273,3724,2601,783,
1612,국산,기아,쏘렌토,더 뉴 쏘렌토,디젤 2WD,디젤 2.2 2WD,노블레스 스페셜,48652,5942,1085,768,390,119
1613,국산,기아,쏘렌토,더 뉴 쏘렌토,디젤 2WD,디젤 2.2 2WD,노블레스,48652,5942,1085,768,390,110
1614,국산,기아,쏘렌토,더 뉴 쏘렌토,디젤 2WD,디젤 2.2 2WD,마스터,48652,5942,1085,768,390,70
1615,국산,기아,쏘렌토,더 뉴 쏘렌토,디젤 2WD,디젤 2.2 2WD,프레스티지,48652,5942,1085,768,390,31
1616,국산,기아,쏘렌토,더 뉴 쏘렌토,디젤 2WD,디젤 2.2 2WD,넘버원 에디션,48652,5942,1085,768,390,30
1617,국산,기아,쏘렌토,더 뉴 쏘렌토,디젤 2WD,디젤 2.2 2WD,마스터 스페셜,48652,5942,1085,768,390,28
1618,국산,기아,쏘렌토,더 뉴 쏘렌토,디젤 2WD,디젤 2.2 2WD,럭셔리,48652,5942,1085,768,390,2
1619,국산,기아,K5,K5 하이브리드 3세대,가솔린+전기 2000cc,시그니처,,48652,4470,290,290,96,
1620,국산,기아,쏘렌토,쏘렌토 R,디젤 2WD,디젤 2.0 2WD TLX,최고급형,48652,5942,231,208,166,105
1621,국산,기아,쏘렌토,쏘렌토 R,디젤 2WD,디젤 2.0 2WD TLX,프리미엄,48652,5942,231,208,166,46
1622,국산,기아,쏘렌토,쏘렌토 R,디젤 2WD,디젤 2.0 2WD TLX,고급형,48652,5942,231,208,166,15
1623,국산,기아,카니발,그랜드 카니발,LPG 2700cc,LPI GX,(세부등급 없음),48652,9273,16,8,2,1
1624,국산,기아,카니발,그랜드 카니발,LPG 2700cc,LPI GX,고급형,48652,9273,16,8,2,1
1625,국산,기아,레이,더 뉴 기아 레이,가솔린 1000cc,시그니처,,48652,4749,1065,1065,440,
1626,국산,기아,카니발,카니발 R,디젤 2200cc,뉴카니발 리무진 GLX,최고급형,48652,9273,302,291,31,24
1627,국산,기아,스포티지,스포티지 R,디젤 2WD,디젤 2WD 리미티드,,48652,3974,313,272,23,
1628,국산,기아,모닝,더 뉴 모닝,가솔린 1000cc,럭셔리,,48652,3738,595,556,313,
1629,국산,기아,카니발,카니발 R,디젤 2200cc,뉴카니발 리무진 GLX,(세부등급 없음),48652,9273,302,291,31,7
1630,국산,기아,레이,더 뉴 레이,가솔린 1000cc,밴,스탠다드,48652,4749,2238,2209,1093,458
1631,국산,기아,쏘렌토,쏘렌토 4세대,디젤 2200cc,디젤 2.2 2WD,프레스티지,48652,5942,1970,1141,835,285
1632,국산,기아,레이,더 뉴 레이,가솔린 1000cc,밴,프레스티지,48652,4749,2238,2209,1093,292
1633,국산,기아,레이,더 뉴 레이,가솔린 1000cc,밴,고급형,48652,4749,2238,2209,1093,158
1634,국산,기아,레이,더 뉴 레이,가솔린 1000cc,밴,프레스티지 스페셜,48652,4749,2238,2209,1093,116
1635,국산,기아,레이,더 뉴 레이,가솔린 1000cc,밴,(세부등급 없음),48652,4749,2238,2209,1093,31
1636,국산,기아,레이,더 뉴 레이,가솔린 1000cc,밴,럭셔리 스페셜,48652,4749,2238,2209,1093,17
1637,국산,기아,레이,더 뉴 레이,가솔린 1000cc,밴,프레스티지 스페셜(1인승),48652,4749,2238,2209,1093,8
1638,국산,기아,레이,더 뉴 레이,가솔린 1000cc,밴,럭셔리,48652,4749,2238,2209,1093,7
1639,국산,기아,레이,더 뉴 레이,가솔린 1000cc,밴,프레스티지(1인승),48652,4749,2238,2209,1093,6
1640,국산,기아,쏘렌토,쏘렌토 4세대,디젤 2200cc,디젤 2.2 2WD,노블레스,48652,5942,1970,1141,835,281
1641,국산,기아,쏘렌토,쏘렌토 4세대,디젤 2200cc,디젤 2.2 2WD,시그니처,48652,5942,1970,1141,835,181
1642,국산,기아,쏘렌토,쏘렌토 4세대,디젤 2200cc,디젤 2.2 2WD,트렌디,48652,5942,1970,1141,835,73
1643,국산,기아,쏘렌토,쏘렌토 4세대,디젤 2200cc,디젤 2.2 2WD,그래비티,48652,5942,1970,1141,835,15
1644,국산,기아,카니발,더 뉴 카니발 4세대,가솔린+전기 1600cc,HEV 9인승 시그니처,,48652,9273,1307,605,106,
1645,국산,기아,모닝,더 뉴 모닝 (JA),가솔린 1000cc,시그니처,,48652,3738,300,300,103,
1646,국산,기아,스포티지,스포티지 더 볼드,디젤 2WD,디젤 2.0 2WD,프레스티지,48652,3974,644,505,406,233
1647,국산,기아,스포티지,스포티지 더 볼드,디젤 2WD,디젤 2.0 2WD,인텔리전트,48652,3974,644,505,406,63
1648,국산,기아,스포티지,스포티지 더 볼드,디젤 2WD,디젤 2.0 2WD,노블레스,48652,3974,644,505,406,44
1649,국산,기아,스포티지,스포티지 더 볼드,디젤 2WD,디젤 2.0 2WD,트렌디,48652,3974,644,505,406,30
1650,국산,기아,스포티지,스포티지 더 볼드,디젤 2WD,디젤 2.0 2WD,럭셔리,48652,3974,644,505,406,16
1651,국산,기아,스포티지,스포티지 더 볼드,디젤 2WD,디젤 2.0 2WD,시그니처,48652,3974,644,505,406,13
1652,국산,기아,스포티지,스포티지 더 볼드,디젤 2WD,디젤 2.0 2WD,시그니처 그래비티,48652,3974,644,505,406,5
1653,국산,기아,스포티지,스포티지 더 볼드,디젤 2WD,디젤 2.0 2WD,프레스티지 그래비티,48652,3974,644,505,406,2
1654,국산,기아,레이,레이,가솔린 1000cc,프레스티지,,48652,4749,1177,1124,303,
1655,국산,기아,스포티지,스포티지 5세대 하이브리드,가솔린+전기 2WD,시그니처 2WD,,48652,3974,385,323,124,
1656,국산,기아,스포티지,스포티지 5세대,가솔린 2WD,가솔린 1.6 터보 2WD,시그니처,48652,3974,976,359,359,127
1657,국산,기아,스포티지,스포티지 5세대,가솔린 2WD,가솔린 1.6 터보 2WD,노블레스,48652,3974,976,359,359,73
1658,국산,기아,스포티지,스포티지 5세대,가솔린 2WD,가솔린 1.6 터보 2WD,프레스티지,48652,3974,976,359,359,56
1659,국산,기아,스포티지,스포티지 5세대,가솔린 2WD,가솔린 1.6 터보 2WD,시그니처 그래비티,48652,3974,976,359,359,47
1660,국산,기아,스포티지,스포티지 5세대,가솔린 2WD,가솔린 1.6 터보 2WD,트렌디,48652,3974,976,359,359,41
1661,국산,기아,스포티지,스포티지 5세대,가솔린 2WD,가솔린 1.6 터보 2WD,노블레스 그래비티,48652,3974,976,359,359,13
1662,국산,기아,스포티지,스포티지 5세대,가솔린 2WD,가솔린 1.6 터보 2WD,30주년 에디션,48652,3974,976,359,359,2
1663,국산,기아,카니발,더 뉴 카니발,디젤 9 인승,9인승 프레스티지,,48652,9273,1823,1205,327,
1664,국산,기아,모닝,모닝 어반 (JA),가솔린 1000cc,프레스티지,,48652,3738,725,725,325,
1665,국산,기아,스포티지,더 뉴 스포티지 R,디젤 2WD,디젤 2WD 트렌디,,48652,3974,393,354,153,
1666,국산,기아,모닝,뉴모닝,가솔린 1000cc,LX,기본형 블랙프리미엄,48652,3738,121,109,56,35
1667,국산,기아,모닝,뉴모닝,가솔린 1000cc,LX,고급형 블랙프리미엄,48652,3738,121,109,56,16
1668,국산,기아,모닝,뉴모닝,가솔린 1000cc,LX,기본형,48652,3738,121,109,56,4
1669,국산,기아,모닝,뉴모닝,가솔린 1000cc,LX,고급형,48652,3738,121,109,56,1
1670,국산,기아,쏘렌토,더 뉴 쏘렌토,디젤 2WD,디젤 2.0 2WD,노블레스,48652,5942,1085,768,378,129
1671,국산,기아,쏘렌토,더 뉴 쏘렌토,디젤 2WD,디젤 2.0 2WD,프레스티지,48652,5942,1085,768,378,102
1672,국산,기아,쏘렌토,더 뉴 쏘렌토,디젤 2WD,디젤 2.0 2WD,마스터,48652,5942,1085,768,378,93
1673,국산,기아,쏘렌토,더 뉴 쏘렌토,디젤 2WD,디젤 2.0 2WD,노블레스 스페셜,48652,5942,1085,768,378,40
1674,국산,기아,쏘렌토,더 뉴 쏘렌토,디젤 2WD,디젤 2.0 2WD,마스터 스페셜,48652,5942,1085,768,378,8
1675,국산,기아,쏘렌토,더 뉴 쏘렌토,디젤 2WD,디젤 2.0 2WD,럭셔리,48652,5942,1085,768,378,6
1676,국산,기아,K5,K5 2세대,가솔린 2000cc,2.0 SX,프레스티지,48652,4470,547,302,113,53
1677,국산,기아,K5,K5 2세대,가솔린 2000cc,2.0 SX,노블레스,48652,4470,547,302,113,25
1678,국산,기아,K5,K5 2세대,가솔린 2000cc,2.0 SX,럭셔리,48652,4470,547,302,113,12
1679,국산,기아,K5,K5 2세대,가솔린 2000cc,2.0 SX,스타일 에디션,48652,4470,547,302,113,9
1680,국산,기아,K5,K5 2세대,가솔린 2000cc,2.0 SX,디럭스,48652,4470,547,302,113,6
1681,국산,기아,K5,K5 2세대,가솔린 2000cc,2.0 SX,노블레스 스페셜,48652,4470,547,302,113,5
1682,국산,기아,K5,K5 2세대,가솔린 2000cc,2.0 SX,시그니처,48652,4470,547,302,113,3
1683,국산,기아,카니발,올 뉴 카니발,디젤 9 인승,9인승 노블레스,,48652,9273,2097,1473,391,
1684,국산,기아,모닝,올 뉴 모닝,가솔린 1000cc,디럭스 스페셜,,48652,3738,1091,1047,363,
1685,국산,기아,쏘렌토,뉴 쏘렌토 R,디젤 2WD,디젤 2.2 2WD,TLX 스페셜,48652,5942,241,204,3,3
1686,국산,기아,K5,K5 하이브리드 3세대,가솔린+전기 2000cc,노블레스,,48652,4470,290,290,95,
1687,국산,기아,K5,더 뉴 K5,가솔린 2000cc,럭셔리,트랜디,48652,4470,286,169,105,82
1688,국산,기아,K5,더 뉴 K5,가솔린 2000cc,럭셔리,기본형,48652,4470,286,169,105,22
1689,국산,기아,K5,더 뉴 K5,가솔린 2000cc,럭셔리,스페셜,48652,4470,286,169,105,1
1690,국산,기아,쏘렌토,쏘렌토 R,디젤 2WD,디젤 2.2 2WD TLX,최고급형,48652,5942,231,208,25,15
1691,국산,기아,쏘렌토,쏘렌토 R,디젤 2WD,디젤 2.2 2WD TLX,프리미엄,48652,5942,231,208,25,8
1692,국산,기아,쏘렌토,쏘렌토 R,디젤 2WD,디젤 2.2 2WD TLX,고급형,48652,5942,231,208,25,2
1693,국산,기아,카니발,카니발 4세대,디젤 2200cc,디젤 9인승 노블레스,,48652,9273,3724,2601,652,
1694,국산,기아,스포티지,스포티지 4세대,디젤 2WD,디젤 2.0 2WD 프레스티지,,48652,3974,880,792,176,
1695,국산,기아,레이,더 뉴 레이,가솔린 1000cc,프레스티지,,48652,4749,2238,2209,419,
1696,국산,기아,레이,더 뉴 기아 레이 EV,전기,밴,2인승 에어,48652,4749,269,269,30,26
1697,국산,기아,레이,더 뉴 기아 레이 EV,전기,밴,1인승 에어,48652,4749,269,269,30,2
1698,국산,기아,레이,더 뉴 기아 레이 EV,전기,밴,2인승 라이트,48652,4749,269,269,30,2
1699,국산,기아,카니발,더 뉴 카니발 4세대,가솔린+전기 1600cc,HEV 9인승 그래비티,,48652,9273,1307,605,58,
1700,국산,기아,모닝,더 뉴 모닝 (JA),가솔린 1000cc,트렌디,,48652,3738,300,300,40,
1701,국산,기아,쏘렌토,쏘렌토 4세대,디젤 2200cc,디젤 2.2 4WD,프레스티지,48652,5942,1970,1141,306,114
1702,국산,기아,모닝,올 뉴 모닝 (JA),가솔린 1000cc,럭셔리,,48652,3738,902,846,399,
1703,국산,기아,쏘렌토,쏘렌토 4세대,디젤 2200cc,디젤 2.2 4WD,시그니처,48652,5942,1970,1141,306,97
1704,국산,기아,쏘렌토,쏘렌토 4세대,디젤 2200cc,디젤 2.2 4WD,노블레스,48652,5942,1970,1141,306,65
1705,국산,기아,쏘렌토,쏘렌토 4세대,디젤 2200cc,디젤 2.2 4WD,그래비티,48652,5942,1970,1141,306,22
1706,국산,기아,쏘렌토,쏘렌토 4세대,디젤 2200cc,디젤 2.2 4WD,트렌디,48652,5942,1970,1141,306,8
1707,국산,기아,쏘렌토,올 뉴 쏘렌토,디젤 2WD,디젤 2.2 2WD,노블레스 스페셜,48652,5942,1338,1040,131,93
1708,국산,기아,K5,K5 3세대,가솔린 1600cc,1.6 터보,시그니처,48652,4470,1733,463,463,231
1709,국산,기아,쏘렌토,올 뉴 쏘렌토,디젤 2WD,디젤 2.2 2WD,노블레스,48652,5942,1338,1040,131,27
1710,국산,기아,쏘렌토,올 뉴 쏘렌토,디젤 2WD,디젤 2.2 2WD,프레스티지,48652,5942,1338,1040,131,11
1711,국산,기아,K5,K5 3세대,가솔린 1600cc,1.6 터보,노블레스,48652,4470,1733,463,463,131
1712,국산,기아,K5,K5 3세대,가솔린 1600cc,1.6 터보,프레스티지,48652,4470,1733,463,463,95
1713,국산,기아,K5,K5 3세대,가솔린 1600cc,1.6 터보,트렌디,48652,4470,1733,463,463,6
1714,국산,기아,K5,더 뉴 K5 2세대,LPG 2000cc,2.0 LPI 렌터카용,럭셔리,48652,4470,369,110,103,57
1715,국산,기아,K5,더 뉴 K5 2세대,LPG 2000cc,2.0 LPI 렌터카용,프레스티지,48652,4470,369,110,103,32
1716,국산,기아,K5,더 뉴 K5 2세대,LPG 2000cc,2.0 LPI 렌터카용,노블레스,48652,4470,369,110,103,11
1717,국산,기아,K5,더 뉴 K5 2세대,LPG 2000cc,2.0 LPI 렌터카용,노블레스 스페셜,48652,4470,369,110,103,3
1718,국산,기아,카니발,카니발 R,디젤 2200cc,뉴카니발 리무진 President,,48652,9273,302,291,19,
1719,국산,기아,레이,레이,가솔린 1000cc,밴 고급형,,48652,4749,1177,1124,109,
1720,국산,기아,쏘렌토,더 뉴 쏘렌토 4세대,가솔린+전기 1600cc,HEV 1.6 2WD,그래비티,48652,5942,1077,698,564,194
1721,국산,기아,모닝,더 뉴 모닝,가솔린 1000cc,디럭스,,48652,3738,595,556,140,
1722,국산,기아,스포티지,스포티지 5세대 하이브리드,가솔린+전기 2WD,노블레스 2WD,,48652,3974,385,323,68,
1723,국산,기아,스포티지,스포티지 더 볼드,디젤 2WD,디젤 1.6 2WD,프레스티지,48652,3974,644,505,99,46
1724,국산,기아,카니발,더 뉴 카니발,디젤 9 인승,9인승 럭셔리,,48652,9273,1823,1205,199,
1725,국산,기아,스포티지,스포티지 더 볼드,디젤 2WD,디젤 1.6 2WD,트렌디,48652,3974,644,505,99,21
1726,국산,기아,스포티지,스포티지 더 볼드,디젤 2WD,디젤 1.6 2WD,럭셔리,48652,3974,644,505,99,16
1727,국산,기아,스포티지,스포티지 더 볼드,디젤 2WD,디젤 1.6 2WD,프레스티지 그래비티,48652,3974,644,505,99,5
1728,국산,기아,스포티지,스포티지 더 볼드,디젤 2WD,디젤 1.6 2WD,시그니처,48652,3974,644,505,99,4
1729,국산,기아,스포티지,스포티지 더 볼드,디젤 2WD,디젤 1.6 2WD,시그니처 그래비티,48652,3974,644,505,99,3
1730,국산,기아,스포티지,스포티지 더 볼드,디젤 2WD,디젤 1.6 2WD,인텔리전트,48652,3974,644,505,99,3
1731,국산,기아,스포티지,스포티지 더 볼드,디젤 2WD,디젤 1.6 2WD,노블레스,48652,3974,644,505,99,1
1732,국산,기아,쏘렌토,더 뉴 쏘렌토 4세대,가솔린+전기 1600cc,HEV 1.6 2WD,시그니처,48652,5942,1077,698,564,151
1733,국산,기아,쏘렌토,더 뉴 쏘렌토 4세대,가솔린+전기 1600cc,HEV 1.6 2WD,노블레스,48652,5942,1077,698,564,113
1734,국산,기아,쏘렌토,더 뉴 쏘렌토 4세대,가솔린+전기 1600cc,HEV 1.6 2WD,시그니처 X Line,48652,5942,1077,698,564,65
1735,국산,기아,쏘렌토,더 뉴 쏘렌토 4세대,가솔린+전기 1600cc,HEV 1.6 2WD,프레스티지,48652,5942,1077,698,564,41
1736,국산,기아,스포티지,스포티지 R,디젤 4WD,디젤 4WD TLX,최고급형,48652,3974,313,35,19,19
1737,국산,기아,모닝,모닝 어반 (JA),가솔린 1000cc,시그니처,(세부등급 없음),48652,3738,725,725,236,210
1738,국산,기아,모닝,뉴모닝,가솔린 1000cc,SLX,고급형 블랙프리미엄,48652,3738,121,109,19,17
1739,국산,기아,모닝,모닝 어반 (JA),가솔린 1000cc,시그니처,엣지-UP,48652,3738,725,725,236,26
1740,국산,기아,카니발,올 뉴 카니발,디젤 9 인승,9인승 하이리무진,프레스티지,48652,9273,2097,1473,238,111
1741,국산,기아,카니발,올 뉴 카니발,디젤 9 인승,9인승 하이리무진,노블레스,48652,9273,2097,1473,238,86
1742,국산,기아,카니발,올 뉴 카니발,디젤 9 인승,9인승 하이리무진,프레스티지 하이루프,48652,9273,2097,1473,238,34
1743,국산,기아,카니발,올 뉴 카니발,디젤 9 인승,9인승 하이리무진,럭셔리,48652,9273,2097,1473,238,7
1744,국산,기아,모닝,뉴모닝,가솔린 1000cc,SLX,고급형,48652,3738,121,109,19,2
1745,국산,기아,모닝,올 뉴 모닝,가솔린 1000cc,럭셔리,,48652,3738,1091,1047,339,
1746,국산,기아,K5,K5 하이브리드 3세대,가솔린+전기 2000cc,프레스티지,,48652,4470,290,290,71,
1747,국산,기아,카니발,카니발 4세대,디젤 2200cc,디젤 9인승 시그니처,,48652,9273,3724,2601,543,
1748,국산,기아,K5,더 뉴 K5 3세대,가솔린 1600cc,1.6 터보,시그니처,48652,4470,633,158,158,69
1749,국산,기아,K5,더 뉴 K5 3세대,가솔린 1600cc,1.6 터보,노블레스,48652,4470,633,158,158,51
1750,국산,기아,K5,더 뉴 K5 3세대,가솔린 1600cc,1.6 터보,프레스티지,48652,4470,633,158,158,25
1751,국산,기아,K5,더 뉴 K5 3세대,가솔린 1600cc,1.6 터보,베스트 셀렉션,48652,4470,633,158,158,13
1752,국산,기아,쏘렌토,쏘렌토 R,디젤 2WD,디젤 2.0 2WD 리미티드,고급형,48652,5942,231,208,11,6
1753,국산,기아,쏘렌토,쏘렌토 R,디젤 2WD,디젤 2.0 2WD 리미티드,프리미엄,48652,5942,231,208,11,5
1754,국산,기아,레이,더 뉴 레이,가솔린 1000cc,시그니처,,48652,4749,2238,2209,232,
1755,국산,기아,카니발,더 뉴 카니발 4세대,가솔린+전기 1600cc,HEV 9인승 프레스티지,,48652,9273,1307,605,53,
1756,국산,기아,K5,더 뉴 K5,가솔린 2000cc,프레스티지,,48652,4470,286,169,31,
1757,국산,기아,스포티지,더 뉴 스포티지 R,디젤 2WD,디젤 2WD 프레스티지,,48652,3974,393,354,120,
1758,국산,기아,레이,더 뉴 기아 레이,가솔린 1000cc,프레스티지,,48652,4749,1065,1065,249,
1759,국산,기아,레이,더 뉴 기아 레이 EV,전기,라이트,,48652,4749,269,269,10,
1760,국산,기아,스포티지,스포티지 4세대,디젤 2WD,디젤 1.7 2WD 트렌디,,48652,3974,880,792,74,
1761,국산,기아,K5,K5 2세대,가솔린 2000cc,2.0 터보 SX,노블레스 스페셜,48652,4470,547,302,19,13
1762,국산,기아,K5,K5 2세대,가솔린 2000cc,2.0 터보 SX,GT,48652,4470,547,302,19,3
1763,국산,기아,K5,K5 2세대,가솔린 2000cc,2.0 터보 SX,GT LINE,48652,4470,547,302,19,3
1764,국산,기아,모닝,더 뉴 모닝 (JA),가솔린 1000cc,GT Line,,48652,3738,300,300,23,
1765,국산,기아,카니발,그랜드 카니발,디젤 2900cc,GLX,(세부등급 없음),48652,9273,16,8,3,3
1766,국산,기아,레이,레이,가솔린 1000cc,디럭스,,48652,4749,1177,1124,108,
1767,국산,기아,카니발,카니발 R,디젤 2200cc,뉴카니발 GLX,최고급형,48652,9273,302,291,16,11
1768,국산,기아,카니발,카니발 R,디젤 2200cc,뉴카니발 GLX,기본형,48652,9273,302,291,16,5
1769,국산,기아,카니발,올 뉴 카니발,디젤 9 인승,9인승 럭셔리,,48652,9273,2097,1473,230,
1770,국산,기아,스포티지,스포티지 R,디젤 4WD,디젤 4WD 리미티드,,48652,3974,313,35,11,
1771,국산,기아,모닝,더 뉴 모닝,가솔린 1000cc,밴,고급형,48652,3738,595,556,39,30
1772,국산,기아,모닝,더 뉴 모닝,가솔린 1000cc,밴,기본형,48652,3738,595,556,39,9
1773,국산,기아,모닝,올 뉴 모닝,가솔린 1000cc,디럭스,,48652,3738,1091,1047,135,
1774,국산,기아,쏘렌토,더 뉴 쏘렌토,디젤 4WD,디젤 2.2 4WD,노블레스 스페셜,48652,5942,1085,219,161,58
1775,국산,기아,쏘렌토,더 뉴 쏘렌토,디젤 4WD,디젤 2.2 4WD,마스터,48652,5942,1085,219,161,44
1776,국산,기아,쏘렌토,더 뉴 쏘렌토,디젤 4WD,디젤 2.2 4WD,노블레스,48652,5942,1085,219,161,29
1777,국산,기아,쏘렌토,더 뉴 쏘렌토,디젤 4WD,디젤 2.2 4WD,마스터 스페셜,48652,5942,1085,219,161,14
1778,국산,기아,쏘렌토,더 뉴 쏘렌토,디젤 4WD,디젤 2.2 4WD,프레스티지,48652,5942,1085,219,161,12
1779,국산,기아,쏘렌토,더 뉴 쏘렌토,디젤 4WD,디젤 2.2 4WD,넘버원 에디션,48652,5942,1085,219,161,4
1780,국산,기아,모닝,뉴모닝,가솔린 1000cc,SLX 스페셜,,48652,3738,121,109,18,
1781,국산,기아,K5,더 뉴 K5 2세대,LPG 2000cc,2.0 LPI 택시형,디럭스,48652,4470,369,110,3,3
1782,국산,기아,쏘렌토,더 뉴 쏘렌토 4세대,가솔린+전기 1600cc,HEV 1.6 4WD,그래비티,48652,5942,1077,698,134,69
1783,국산,기아,쏘렌토,더 뉴 쏘렌토 4세대,가솔린+전기 1600cc,HEV 1.6 4WD,시그니처,48652,5942,1077,698,134,28
1784,국산,기아,쏘렌토,더 뉴 쏘렌토 4세대,가솔린+전기 1600cc,HEV 1.6 4WD,시그니처 X Line,48652,5942,1077,698,134,25
1785,국산,기아,쏘렌토,더 뉴 쏘렌토 4세대,가솔린+전기 1600cc,HEV 1.6 4WD,노블레스,48652,5942,1077,698,134,9
1786,국산,기아,쏘렌토,더 뉴 쏘렌토 4세대,가솔린+전기 1600cc,HEV 1.6 4WD,프레스티지,48652,5942,1077,698,134,3
1787,국산,기아,쏘렌토,뉴 쏘렌토 R,디젤 4WD,디젤 2.0 4WD,노블레스,48652,5942,241,37,29,13
1788,국산,기아,쏘렌토,뉴 쏘렌토 R,디젤 4WD,디젤 2.0 4WD,트렌디,48652,5942,241,37,29,5
1789,국산,기아,쏘렌토,뉴 쏘렌토 R,디젤 4WD,디젤 2.0 4WD,TLX 스페셜,48652,5942,241,37,29,4
1790,국산,기아,쏘렌토,뉴 쏘렌토 R,디젤 4WD,디젤 2.0 4WD,프레스티지,48652,5942,241,37,29,4
1791,국산,기아,쏘렌토,뉴 쏘렌토 R,디젤 4WD,디젤 2.0 4WD,리미티드,48652,5942,241,37,29,2
1792,국산,기아,쏘렌토,뉴 쏘렌토 R,디젤 4WD,디젤 2.0 4WD,LX,48652,5942,241,37,29,1
1793,국산,기아,스포티지,더 뉴 스포티지 R,디젤 2WD,디젤 2WD 에이스,,48652,3974,393,354,29,
1794,국산,기아,쏘렌토,쏘렌토 R,디젤 2WD,디젤 2.2 2WD 리미티드,프리미엄,48652,5942,231,208,5,3
1795,국산,기아,쏘렌토,쏘렌토 R,디젤 2WD,디젤 2.2 2WD 리미티드,고급형,48652,5942,231,208,5,2
1796,국산,기아,스포티지,스포티지 5세대 하이브리드,가솔린+전기 2WD,시그니처 그래비티 2WD,,48652,3974,385,323,57,
1797,국산,기아,레이,더 뉴 기아 레이,가솔린 1000cc,밴,2인승 프레스티지 스페셜,48652,4749,1065,1065,187,105
1798,국산,기아,레이,더 뉴 기아 레이,가솔린 1000cc,밴,2인승 프레스티지,48652,4749,1065,1065,187,45
1799,국산,기아,레이,더 뉴 기아 레이,가솔린 1000cc,밴,1인승 프레스티지 스페셜,48652,4749,1065,1065,187,21
1800,국산,기아,레이,더 뉴 기아 레이,가솔린 1000cc,밴,2인승 트렌디,48652,4749,1065,1065,187,12
1801,국산,기아,레이,더 뉴 기아 레이,가솔린 1000cc,밴,1인승 프레스티지,48652,4749,1065,1065,187,4
1802,국산,기아,카니발,올 뉴 카니발,디젤 9 인승,9인승 노블레스 스페셜,,48652,9273,2097,1473,61,
1803,국산,기아,레이,레이,가솔린 1000cc,터보 프레스티지,,48652,4749,1177,1124,107,
1804,국산,기아,카니발,그랜드 카니발,디젤 2900cc,LIMITED 리무진 9인승,,48652,9273,16,8,2,
1805,국산,기아,카니발,카니발 R,디젤 2200cc,그랜드 카니발 President,,48652,9273,302,291,12,
1806,국산,기아,쏘렌토,올 뉴 쏘렌토,디젤 4WD,디젤 2.2 4WD,노블레스 스페셜,48652,5942,1338,298,171,118
1807,국산,기아,쏘렌토,올 뉴 쏘렌토,디젤 4WD,디젤 2.2 4WD,노블레스,48652,5942,1338,298,171,34
1808,국산,기아,쏘렌토,올 뉴 쏘렌토,디젤 4WD,디젤 2.2 4WD,프레스티지,48652,5942,1338,298,171,19
1809,국산,기아,K5,K5 하이브리드 3세대,가솔린+전기 2000cc,트렌디,,48652,4470,290,290,28,
1810,국산,기아,카니발,카니발 4세대,디젤 2200cc,디젤 7인승 시그니처,,48652,9273,3724,2601,225,
1811,국산,기아,스포티지,스포티지 4세대,디젤 2WD,디젤 2.0 2WD 트렌디,,48652,3974,880,792,14,
1812,국산,기아,스포티지,스포티지 5세대,디젤 2WD,디젤 2.0 2WD,프레스티지,48652,3974,976,338,338,158
1813,국산,기아,스포티지,스포티지 5세대,디젤 2WD,디젤 2.0 2WD,노블레스,48652,3974,976,338,338,76
1814,국산,기아,스포티지,스포티지 5세대,디젤 2WD,디젤 2.0 2WD,트렌디,48652,3974,976,338,338,41
1815,국산,기아,스포티지,스포티지 5세대,디젤 2WD,디젤 2.0 2WD,시그니처,48652,3974,976,338,338,33
1816,국산,기아,스포티지,스포티지 5세대,디젤 2WD,디젤 2.0 2WD,시그니처 그래비티,48652,3974,976,338,338,19
1817,국산,기아,스포티지,스포티지 5세대,디젤 2WD,디젤 2.0 2WD,노블레스 그래비티,48652,3974,976,338,338,9
1818,국산,기아,스포티지,스포티지 5세대,디젤 2WD,디젤 2.0 2WD,30주년 에디션,48652,3974,976,338,338,2
1819,국산,기아,쏘렌토,더 뉴 쏘렌토,디젤 4WD,디젤 2.0 4WD,프레스티지,48652,5942,1085,219,58,27
1820,국산,기아,모닝,올 뉴 모닝 (JA),가솔린 1000cc,프레스티지,,48652,3738,902,846,239,
1821,국산,기아,카니발,더 뉴 카니발,디젤 9 인승,9인승 하이리무진,노블레스 스페셜,48652,9273,1823,1205,193,123
1822,국산,기아,쏘렌토,더 뉴 쏘렌토,디젤 4WD,디젤 2.0 4WD,노블레스,48652,5942,1085,219,58,12
1823,국산,기아,쏘렌토,더 뉴 쏘렌토,디젤 4WD,디젤 2.0 4WD,노블레스 스페셜,48652,5942,1085,219,58,8
1824,국산,기아,쏘렌토,더 뉴 쏘렌토,디젤 4WD,디젤 2.0 4WD,마스터,48652,5942,1085,219,58,8
1825,국산,기아,쏘렌토,더 뉴 쏘렌토,디젤 4WD,디젤 2.0 4WD,마스터 스페셜,48652,5942,1085,219,58,3
1826,국산,기아,카니발,더 뉴 카니발 4세대,가솔린+전기 1600cc,HEV 9인승 X Line,,48652,9273,1307,605,43,
1827,국산,기아,스포티지,스포티지 R,디젤 4WD,디젤 4WD LX,,48652,3974,313,35,5,
1828,국산,기아,카니발,더 뉴 카니발,디젤 9 인승,9인승 하이리무진,프레스티지 하이루프,48652,9273,1823,1205,193,31
1829,국산,기아,카니발,더 뉴 카니발,디젤 9 인승,9인승 하이리무진,프레스티지,48652,9273,1823,1205,193,30
1830,국산,기아,카니발,더 뉴 카니발,디젤 9 인승,9인승 하이리무진,럭셔리,48652,9273,1823,1205,193,9
1831,국산,기아,레이,더 뉴 레이,가솔린 1000cc,럭셔리,,48652,4749,2238,2209,197,
1832,국산,기아,K5,K5 3세대,LPG 2000cc,2.0 LPI(렌터카용),트렌디,48652,4470,1733,195,147,84
1833,국산,기아,모닝,더 뉴 모닝,가솔린 1000cc,스마트,,48652,3738,595,556,31,
1834,국산,기아,K5,더 뉴 K5,가솔린 2000cc,노블레스,,48652,4470,286,169,15,
1835,국산,기아,모닝,올 뉴 모닝,가솔린 1000cc,디럭스 트렌디,,48652,3738,1091,1047,106,
1836,국산,기아,K5,K5 3세대,LPG 2000cc,2.0 LPI(렌터카용),스탠다드,48652,4470,1733,195,147,63
1837,국산,기아,스포티지,스포티지 더 볼드,가솔린 2WD,가솔린 2.0 2WD,프레스티지,48652,3974,644,71,71,45
1838,국산,기아,스포티지,스포티지 더 볼드,가솔린 2WD,가솔린 2.0 2WD,인텔리전트,48652,3974,644,71,71,10
1839,국산,기아,스포티지,스포티지 더 볼드,가솔린 2WD,가솔린 2.0 2WD,시그니처,48652,3974,644,71,71,8
1840,국산,기아,스포티지,스포티지 더 볼드,가솔린 2WD,가솔린 2.0 2WD,노블레스,48652,3974,644,71,71,6
1841,국산,기아,스포티지,스포티지 더 볼드,가솔린 2WD,가솔린 2.0 2WD,시그니처 그래비티,48652,3974,644,71,71,2
1842,국산,기아,모닝,모닝 어반 (JA),가솔린 1000cc,밴,스페셜,48652,3738,725,725,91,52
1843,국산,기아,K5,더 뉴 K5 2세대,LPG 2000cc,2.0 LPI,노블레스 스페셜,48652,4470,369,110,2,1
1844,국산,기아,모닝,더 뉴 모닝 (JA),가솔린 1000cc,밴,프레스티지,48652,3738,300,300,11,11
1845,국산,기아,모닝,모닝 어반 (JA),가솔린 1000cc,밴,(세부등급 없음),48652,3738,725,725,91,39
1846,국산,기아,K5,더 뉴 K5 2세대,LPG 2000cc,2.0 LPI,프레스티지,48652,4470,369,110,2,1
1847,국산,기아,쏘렌토,뉴 쏘렌토 R,디젤 4WD,디젤 2.2 4WD,노블레스,48652,5942,241,37,8,2
1848,국산,기아,쏘렌토,뉴 쏘렌토 R,디젤 4WD,디젤 2.2 4WD,리미티드,48652,5942,241,37,8,2
1849,국산,기아,쏘렌토,뉴 쏘렌토 R,디젤 4WD,디젤 2.2 4WD,TLX,48652,5942,241,37,8,1
1850,국산,기아,쏘렌토,뉴 쏘렌토 R,디젤 4WD,디젤 2.2 4WD,TLX 스페셜,48652,5942,241,37,8,1
1851,국산,기아,쏘렌토,뉴 쏘렌토 R,디젤 4WD,디젤 2.2 4WD,트렌디,48652,5942,241,37,8,1
1852,국산,기아,쏘렌토,뉴 쏘렌토 R,디젤 4WD,디젤 2.2 4WD,프레스티지,48652,5942,241,37,8,1
1853,국산,기아,K5,K5 2세대,LPG 2000cc,LPI MX,프레스티지,48652,4470,547,145,90,42
1854,국산,기아,K5,K5 2세대,LPG 2000cc,LPI MX,럭셔리,48652,4470,547,145,90,37
1855,국산,기아,K5,K5 2세대,LPG 2000cc,LPI MX,노블레스,48652,4470,547,145,90,7
1856,국산,기아,K5,K5 2세대,LPG 2000cc,LPI MX,노블레스 스페셜,48652,4470,547,145,90,4
1857,국산,기아,쏘렌토,쏘렌토 R,디젤 2WD,디젤 2.2 2WD LX,고급형,48652,5942,231,208,1,1
1858,국산,기아,레이,더 뉴 기아 레이,가솔린 1000cc,시그니처 X Line,,48652,4749,1065,1065,54,
1859,국산,기아,스포티지,스포티지 5세대 하이브리드,가솔린+전기 2WD,프레스티지 2WD,,48652,3974,385,323,44,
1860,국산,기아,모닝,뉴모닝,가솔린 1000cc,LX 스페셜,,48652,3738,121,109,9,
1861,국산,기아,스포티지,더 뉴 스포티지 R,디젤 2WD,디젤 2WD 노블레스,,48652,3974,393,354,26,
1862,국산,기아,레이,레이,가솔린 1000cc,디럭스 스페셜,,48652,4749,1177,1124,75,
1863,국산,기아,카니발,그랜드 카니발,디젤 2900cc,GLX 하이리무진 11인승,,48652,9273,16,8,1,
1864,국산,기아,스포티지,스포티지 4세대,디젤 2WD,디젤 2.0 2WD 스타일 에디션,,48652,3974,880,792,9,
1865,국산,기아,쏘렌토,올 뉴 쏘렌토,디젤 4WD,디젤 2.0 4WD,노블레스 스페셜,48652,5942,1338,298,127,48
1866,국산,기아,쏘렌토,올 뉴 쏘렌토,디젤 4WD,디젤 2.0 4WD,노블레스,48652,5942,1338,298,127,42
1867,국산,기아,쏘렌토,올 뉴 쏘렌토,디젤 4WD,디젤 2.0 4WD,프레스티지,48652,5942,1338,298,127,37
1868,국산,기아,카니발,올 뉴 카니발,디젤 9 인승,9인승 아웃도어,프레스티지,48652,9273,2097,1473,8,7
1869,국산,기아,카니발,올 뉴 카니발,디젤 9 인승,9인승 아웃도어,럭셔리,48652,9273,2097,1473,8,1
1870,국산,기아,카니발,더 뉴 카니발 4세대,가솔린+전기 1600cc,HEV 7인승 그래비티,,48652,9273,1307,605,40,
1871,국산,기아,카니발,카니발 4세대,디젤 2200cc,디젤 9인승 하이리무진,시그니처,48652,9273,3724,2601,118,118
1872,국산,기아,레이,더 뉴 레이,가솔린 1000cc,스탠다드,,48652,4749,2238,2209,116,
1873,국산,기아,K5,더 뉴 K5,가솔린 2000cc,디럭스,,48652,4470,286,169,9,
1874,국산,기아,모닝,올 뉴 모닝 (JA),가솔린 1000cc,밴,고급형,48652,3738,902,846,65,55
1875,국산,기아,모닝,올 뉴 모닝 (JA),가솔린 1000cc,밴,(세부등급 없음),48652,3738,902,846,65,10
1876,국산,기아,모닝,올 뉴 모닝,가솔린 1000cc,럭셔리 스포츠,,48652,3738,1091,1047,36,
1877,국산,기아,쏘렌토,더 뉴 쏘렌토 4세대,가솔린 2500cc,가솔린 2.5T 2WD,시그니처,48652,5942,1077,237,159,55
1878,국산,기아,쏘렌토,더 뉴 쏘렌토 4세대,가솔린 2500cc,가솔린 2.5T 2WD,노블레스,48652,5942,1077,237,159,52
1879,국산,기아,쏘렌토,더 뉴 쏘렌토 4세대,가솔린 2500cc,가솔린 2.5T 2WD,그래비티,48652,5942,1077,237,159,26
1880,국산,기아,쏘렌토,더 뉴 쏘렌토 4세대,가솔린 2500cc,가솔린 2.5T 2WD,프레스티지,48652,5942,1077,237,159,19
1881,국산,기아,쏘렌토,더 뉴 쏘렌토 4세대,가솔린 2500cc,가솔린 2.5T 2WD,시그니처 X Line,48652,5942,1077,237,159,7
1882,국산,기아,카니발,더 뉴 카니발,디젤 9 인승,9인승 노블레스,,48652,9273,1823,1205,109,
1883,국산,기아,K5,K5 2세대,LPG 2000cc,LPI SX,럭셔리,48652,4470,547,145,44,21
1884,국산,기아,K5,K5 2세대,LPG 2000cc,LPI SX,프레스티지,48652,4470,547,145,44,11
1885,국산,기아,K5,K5 2세대,LPG 2000cc,LPI SX,노블레스,48652,4470,547,145,44,7
1886,국산,기아,K5,K5 2세대,LPG 2000cc,LPI SX,노블레스 스페셜,48652,4470,547,145,44,5
1887,국산,기아,모닝,모닝 어반 (JA),가솔린 1000cc,스탠다드,(세부등급 없음),48652,3738,725,725,43,39
1888,국산,기아,스포티지,스포티지 5세대 하이브리드,가솔린+전기 2WD,30주년 에디션 2WD,,48652,3974,385,323,16,
1889,국산,기아,K5,K5 3세대,LPG 2000cc,2.0 LPI,시그니처,48652,4470,1733,195,48,29
1890,국산,기아,K5,K5 3세대,LPG 2000cc,2.0 LPI,노블레스,48652,4470,1733,195,48,14
1891,국산,기아,K5,K5 3세대,LPG 2000cc,2.0 LPI,프레스티지,48652,4470,1733,195,48,5
1892,국산,기아,모닝,뉴모닝,가솔린 1000cc,SLX 뷰티,프리미엄,48652,3738,121,109,7,4
1893,국산,기아,모닝,모닝 어반 (JA),가솔린 1000cc,스탠다드,마이너스,48652,3738,725,725,43,4
1894,국산,기아,모닝,뉴모닝,가솔린 1000cc,SLX 뷰티,기본형,48652,3738,121,109,7,3
1895,국산,기아,카니발,그랜드 카니발,디젤 2900cc,이지무브 GLX 고급형 11인승,,48652,9273,16,8,1,
1896,국산,기아,쏘렌토,쏘렌토 4세대,가솔린+전기 1600cc,HEV 1.6 2WD,노블레스,48652,5942,1970,614,434,158
1897,국산,기아,쏘렌토,쏘렌토 4세대,가솔린+전기 1600cc,HEV 1.6 2WD,시그니처,48652,5942,1970,614,434,113
1898,국산,기아,쏘렌토,쏘렌토 4세대,가솔린+전기 1600cc,HEV 1.6 2WD,프레스티지,48652,5942,1970,614,434,82
1899,국산,기아,쏘렌토,쏘렌토 4세대,가솔린+전기 1600cc,HEV 1.6 2WD,그래비티,48652,5942,1970,614,434,81
1900,국산,기아,카니발,올 뉴 카니발,디젤 9 인승,9인승 하이리무진(특장업체),,48652,9273,2097,1473,4,
1901,국산,기아,스포티지,스포티지 5세대,LPG 2WD,LPG 2.0 2WD,시그니처,48652,3974,976,160,160,86
1902,국산,기아,스포티지,스포티지 5세대,LPG 2WD,LPG 2.0 2WD,시그니처 그래비티,48652,3974,976,160,160,28
1903,국산,기아,스포티지,스포티지 5세대,LPG 2WD,LPG 2.0 2WD,노블레스,48652,3974,976,160,160,19
1904,국산,기아,스포티지,스포티지 5세대,LPG 2WD,LPG 2.0 2WD,프레스티지,48652,3974,976,160,160,18
1905,국산,기아,스포티지,스포티지 5세대,LPG 2WD,LPG 2.0 2WD,노블레스 그래비티,48652,3974,976,160,160,4
1906,국산,기아,스포티지,스포티지 5세대,LPG 2WD,LPG 2.0 2WD,트렌디,48652,3974,976,160,160,3
1907,국산,기아,스포티지,스포티지 5세대,LPG 2WD,LPG 2.0 2WD,30주년 에디션,48652,3974,976,160,160,2
1908,국산,기아,모닝,올 뉴 모닝 (JA),가솔린 1000cc,트렌디,,48652,3738,902,846,56,
1909,국산,기아,레이,더 뉴 레이,가솔린 1000cc,베스트 셀렉션,,48652,4749,2238,2209,84,
1910,국산,기아,모닝,올 뉴 모닝,가솔린 1000cc,밴,고급형,48652,3738,1091,1047,28,22
1911,국산,기아,모닝,올 뉴 모닝,가솔린 1000cc,밴,기본형,48652,3738,1091,1047,28,6
1912,국산,기아,스포티지,스포티지 R,가솔린 2WD,가솔린 터보 GDI 2WD TLX,최고급형,48652,3974,313,3,3,3
1913,국산,기아,카니발,카니발 R,디젤 2200cc,그랜드 카니발 하이리무진 GLX,프리미엄,48652,9273,302,291,12,10
1914,국산,기아,카니발,카니발 R,디젤 2200cc,그랜드 카니발 하이리무진 GLX,(세부등급 없음),48652,9273,302,291,12,1
1915,국산,기아,카니발,카니발 R,디젤 2200cc,그랜드 카니발 하이리무진 GLX,최고급형,48652,9273,302,291,12,1
1916,국산,기아,레이,더 뉴 기아 레이,가솔린 1000cc,스탠다드,,48652,4749,1065,1065,50,
1917,국산,기아,K5,더 뉴 K5 2세대,LPG 2000cc,2.0 LPI 장애인용,노블레스,48652,4470,369,110,2,1
1918,국산,기아,K5,더 뉴 K5 2세대,LPG 2000cc,2.0 LPI 장애인용,노블레스 스페셜,48652,4470,369,110,2,1
1919,국산,기아,쏘렌토,더 뉴 쏘렌토,가솔린 2WD,가솔린 2.0 터보 2WD,마스터 스페셜,48652,5942,1085,73,73,40
1920,국산,기아,쏘렌토,더 뉴 쏘렌토,가솔린 2WD,가솔린 2.0 터보 2WD,노블레스,48652,5942,1085,73,73,22
1921,국산,기아,쏘렌토,더 뉴 쏘렌토,가솔린 2WD,가솔린 2.0 터보 2WD,프레스티지,48652,5942,1085,73,73,11
1922,국산,기아,카니발,더 뉴 카니발,디젤 9 인승,9인승 하이리무진(특장업체),,48652,9273,1823,1205,11,
1923,국산,기아,레이,레이,가솔린 1000cc,밴,,48652,4749,1177,1124,39,
1924,국산,기아,스포티지,더 뉴 스포티지 R,디젤 2WD,디젤 2WD 럭셔리,,48652,3974,393,354,23,
1925,국산,기아,모닝,더 뉴 모닝,가솔린 1000cc,터보 럭셔리,,48652,3738,595,556,17,
1926,국산,기아,쏘렌토,더 뉴 쏘렌토 4세대,가솔린 2500cc,가솔린 2.5T 4WD,그래비티,48652,5942,1077,237,78,31
1927,국산,기아,쏘렌토,더 뉴 쏘렌토 4세대,가솔린 2500cc,가솔린 2.5T 4WD,노블레스,48652,5942,1077,237,78,18
1928,국산,기아,쏘렌토,더 뉴 쏘렌토 4세대,가솔린 2500cc,가솔린 2.5T 4WD,시그니처,48652,5942,1077,237,78,17
1929,국산,기아,쏘렌토,더 뉴 쏘렌토 4세대,가솔린 2500cc,가솔린 2.5T 4WD,시그니처 X Line,48652,5942,1077,237,78,8
1930,국산,기아,쏘렌토,더 뉴 쏘렌토 4세대,가솔린 2500cc,가솔린 2.5T 4WD,프레스티지,48652,5942,1077,237,78,4
1931,국산,기아,카니발,카니발 4세대,디젤 2200cc,디젤 7인승 노블레스,,48652,9273,3724,2601,88,
1932,국산,기아,스포티지,스포티지 더 볼드,디젤 4WD,디젤 2.0 4WD,프레스티지,48652,3974,644,68,41,19
1933,국산,기아,스포티지,스포티지 더 볼드,디젤 4WD,디젤 2.0 4WD,인텔리전트,48652,3974,644,68,41,7
1934,국산,기아,스포티지,스포티지 더 볼드,디젤 4WD,디젤 2.0 4WD,럭셔리,48652,3974,644,68,41,4
1935,국산,기아,스포티지,스포티지 더 볼드,디젤 4WD,디젤 2.0 4WD,트렌디,48652,3974,644,68,41,4
1936,국산,기아,스포티지,스포티지 더 볼드,디젤 4WD,디젤 2.0 4WD,시그니처,48652,3974,644,68,41,3
1937,국산,기아,스포티지,스포티지 더 볼드,디젤 4WD,디젤 2.0 4WD,노블레스,48652,3974,644,68,41,2
1938,국산,기아,스포티지,스포티지 더 볼드,디젤 4WD,디젤 2.0 4WD,시그니처 그래비티,48652,3974,644,68,41,2
1939,국산,기아,K5,더 뉴 K5,가솔린 2000cc,터보 GDI 노블레스,,48652,4470,286,169,5,
1940,국산,기아,카니발,그랜드 카니발,디젤 2900cc,하이리무진 L290 7인승,고급형,48652,9273,16,8,1,1
1941,국산,기아,쏘렌토,쏘렌토 4세대,가솔린+전기 1600cc,HEV 1.6 4WD,시그니처,48652,5942,1970,614,180,72
1942,국산,기아,쏘렌토,쏘렌토 4세대,가솔린+전기 1600cc,HEV 1.6 4WD,그래비티,48652,5942,1970,614,180,44
1943,국산,기아,쏘렌토,쏘렌토 4세대,가솔린+전기 1600cc,HEV 1.6 4WD,프레스티지,48652,5942,1970,614,180,41
1944,국산,기아,쏘렌토,쏘렌토 4세대,가솔린+전기 1600cc,HEV 1.6 4WD,노블레스,48652,5942,1970,614,180,23
1945,국산,기아,스포티지,스포티지 4세대,디젤 4WD,디젤 2.0 4WD 노블레스,(세부등급 없음),48652,3974,880,60,38,20
1946,국산,기아,스포티지,스포티지 5세대 하이브리드,가솔린+전기 2WD,노블레스 그래비티 2WD,,48652,3974,385,323,14,
1947,국산,기아,K5,더 뉴 K5 3세대,LPG 2000cc,2.0 LPi(렌트카용),트렌디,48652,4470,633,86,73,42
1948,국산,기아,스포티지,스포티지 4세대,디젤 4WD,디젤 2.0 4WD 노블레스,스페셜,48652,3974,880,60,38,16
1949,국산,기아,스포티지,스포티지 4세대,디젤 4WD,디젤 2.0 4WD 노블레스,플러스,48652,3974,880,60,38,2
1950,국산,기아,카니발,더 뉴 카니발 4세대,가솔린+전기 1600cc,HEV 9인승 하이리무진,시그니처,48652,9273,1307,605,39,39
1951,국산,기아,K5,K5 2세대,LPG 2000cc,LPI 택시형,MX 디럭스,48652,4470,547,145,7,7
1952,국산,기아,K5,더 뉴 K5 3세대,LPG 2000cc,2.0 LPi(렌트카용),프레스티지,48652,4470,633,86,73,31
1953,국산,기아,레이,더 뉴 레이,가솔린 1000cc,트렌디,,48652,4749,2238,2209,43,
1954,국산,기아,모닝,올 뉴 모닝 (JA),가솔린 1000cc,디럭스,,48652,3738,902,846,31,
1955,국산,기아,모닝,모닝 어반 (JA),가솔린 1000cc,베스트 셀렉션,,48652,3738,725,725,30,
1956,국산,기아,모닝,올 뉴 모닝,가솔린 1000cc,스마트,,48652,3738,1091,1047,25,
1957,국산,기아,모닝,더 뉴 모닝,가솔린 1000cc,스포츠 RUN HIGH,,48652,3738,595,556,9,
1958,국산,기아,쏘렌토,쏘렌토 R,디젤 4WD,디젤 2.2 4WD TLX,최고급형,48652,5942,231,16,15,10
1959,국산,기아,쏘렌토,쏘렌토 R,디젤 4WD,디젤 2.2 4WD TLX,프리미엄,48652,5942,231,16,15,3
1960,국산,기아,쏘렌토,쏘렌토 R,디젤 4WD,디젤 2.2 4WD TLX,고급형,48652,5942,231,16,15,2
1961,국산,기아,레이,더 뉴 기아 레이,가솔린 1000cc,트렌디,,48652,4749,1065,1065,43,
1962,국산,기아,레이,레이,가솔린 1000cc,터보,,48652,4749,1177,1124,29,
1963,국산,기아,카니발,더 뉴 카니발,디젤 9 인승,9인승 아웃도어,프레스티지,48652,9273,1823,1205,6,6
1964,국산,기아,K5,K5 2세대,LPG 2000cc,LPI 장애인용,MX 노블레스,48652,4470,547,145,4,2
1965,국산,기아,K5,K5 2세대,LPG 2000cc,LPI 장애인용,MX 프레스티지,48652,4470,547,145,4,2
1966,국산,기아,모닝,뉴모닝,LPG 1000cc,LPI LX,기본형 블랙프리미엄,48652,3738,121,12,10,7
1967,국산,기아,모닝,뉴모닝,LPG 1000cc,LPI LX,기본형,48652,3738,121,12,10,2
1968,국산,기아,모닝,뉴모닝,LPG 1000cc,LPI LX,고급형 블랙프리미엄,48652,3738,121,12,10,1
1969,국산,기아,카니발,카니발 4세대,디젤 2200cc,디젤 11인승 프레스티지,,48652,9273,3724,2601,62,
1970,국산,기아,레이,더 뉴 레이,가솔린 1000cc,디럭스,,48652,4749,2238,2209,23,
1971,국산,기아,스포티지,더 뉴 스포티지 R,디젤 2WD,디젤 2WD W 스페셜,,48652,3974,393,354,3,
1972,국산,기아,카니발,더 뉴 카니발 4세대,가솔린+전기 1600cc,HEV 9인승 하이리무진 (특장업체),,48652,9273,1307,605,34,
1973,국산,기아,카니발,올 뉴 카니발,디젤 7 인승,7인승 리무진,프레지던트,48652,9273,2097,274,243,121
1974,국산,기아,카니발,올 뉴 카니발,디젤 7 인승,7인승 리무진,VIP,48652,9273,2097,274,243,112
1975,국산,기아,카니발,올 뉴 카니발,디젤 7 인승,7인승 리무진,매직스페이스,48652,9273,2097,274,243,10
1976,국산,기아,카니발,카니발 R,디젤 2200cc,그랜드 카니발 GX,그랜드 팩,48652,9273,302,291,7,4
1977,국산,기아,모닝,모닝,가솔린 1000cc,LX,최고급형,48652,3738,4,4,2,2
1978,국산,기아,카니발,카니발 R,디젤 2200cc,그랜드 카니발 GX,(세부등급 없음),48652,9273,302,291,7,2
1979,국산,기아,카니발,카니발 R,디젤 2200cc,그랜드 카니발 GX,기본형,48652,9273,302,291,7,1
1980,국산,기아,K5,더 뉴 K5 2세대,가솔린 1600cc,1.6 터보,노블레스,48652,4470,369,15,15,9
1981,국산,기아,스포티지,스포티지 5세대,디젤 4WD,디젤 2.0 4WD,프레스티지,48652,3974,976,88,88,41
1982,국산,기아,K5,더 뉴 K5 2세대,가솔린 1600cc,1.6 터보,노블레스 스페셜,48652,4470,369,15,15,5
1983,국산,기아,K5,더 뉴 K5 2세대,가솔린 1600cc,1.6 터보,프레스티지,48652,4470,369,15,15,1
1984,국산,기아,스포티지,스포티지 5세대,디젤 4WD,디젤 2.0 4WD,트렌디,48652,3974,976,88,88,31
1985,국산,기아,스포티지,스포티지 5세대,디젤 4WD,디젤 2.0 4WD,시그니처 그래비티,48652,3974,976,88,88,10
1986,국산,기아,스포티지,스포티지 5세대,디젤 4WD,디젤 2.0 4WD,노블레스,48652,3974,976,88,88,3
1987,국산,기아,스포티지,스포티지 5세대,디젤 4WD,디젤 2.0 4WD,시그니처,48652,3974,976,88,88,2
1988,국산,기아,스포티지,스포티지 5세대,디젤 4WD,디젤 2.0 4WD,노블레스 그래비티,48652,3974,976,88,88,1
1989,국산,기아,스포티지,스포티지 4세대,디젤 4WD,디젤 2.0 4WD 프레스티지,,48652,3974,880,60,15,
1990,국산,기아,스포티지,스포티지 더 볼드,디젤 4WD,디젤 1.6 4WD,트렌디,48652,3974,644,68,27,26
1991,국산,기아,스포티지,스포티지 더 볼드,디젤 4WD,디젤 1.6 4WD,프레스티지,48652,3974,644,68,27,1
1992,국산,기아,레이,더 뉴 기아 레이,가솔린 1000cc,그래비티,,48652,4749,1065,1065,38,
1993,국산,기아,쏘렌토,쏘렌토 R,디젤 4WD,디젤 2.2 4WD 리미티드,프리미엄,48652,5942,231,16,1,1
1994,국산,기아,레이,레이,가솔린 1000cc,에코플러스 프레스티지,,48652,4749,1177,1124,3,
1995,국산,기아,쏘렌토,더 뉴 쏘렌토,가솔린 4WD,가솔린 2.0 터보 4WD,노블레스,48652,5942,1085,25,25,13
1996,국산,기아,쏘렌토,더 뉴 쏘렌토,가솔린 4WD,가솔린 2.0 터보 4WD,마스터 스페셜,48652,5942,1085,25,25,10
1997,국산,기아,쏘렌토,더 뉴 쏘렌토,가솔린 4WD,가솔린 2.0 터보 4WD,프레스티지,48652,5942,1085,25,25,2
1998,국산,기아,레이,더 뉴 레이,가솔린 1000cc,휠체어 리프트/슬로프,,48652,4749,2238,2209,2,
1999,국산,기아,K5,더 뉴 K5 3세대,LPG 2000cc,2.0 LPi,시그니처,48652,4470,633,86,11,7
2000,국산,기아,K5,더 뉴 K5 3세대,LPG 2000cc,2.0 LPi,노블레스,48652,4470,633,86,11,3
2001,국산,기아,K5,더 뉴 K5 3세대,LPG 2000cc,2.0 LPi,프레스티지,48652,4470,633,86,11,1
2002,국산,기아,모닝,뉴모닝,LPG 1000cc,LPI SLX,고급형 블랙프리미엄,48652,3738,121,12,2,2
2003,국산,기아,쏘렌토,더 뉴 쏘렌토 4세대,디젤 2200cc,디젤 2.2 4WD,그래비티,48652,5942,1077,142,73,19
2004,국산,기아,쏘렌토,더 뉴 쏘렌토 4세대,디젤 2200cc,디젤 2.2 4WD,시그니처 X Line,48652,5942,1077,142,73,17
2005,국산,기아,쏘렌토,더 뉴 쏘렌토 4세대,디젤 2200cc,디젤 2.2 4WD,시그니처,48652,5942,1077,142,73,16
2006,국산,기아,쏘렌토,더 뉴 쏘렌토 4세대,디젤 2200cc,디젤 2.2 4WD,프레스티지,48652,5942,1077,142,73,11
2007,국산,기아,쏘렌토,더 뉴 쏘렌토 4세대,디젤 2200cc,디젤 2.2 4WD,노블레스,48652,5942,1077,142,73,10
2008,국산,기아,모닝,올 뉴 모닝 (JA),가솔린 1000cc,터보 프레스티지,,48652,3738,902,846,27,
2009,국산,기아,모닝,올 뉴 모닝,가솔린 1000cc,스마트 스페셜,,48652,3738,1091,1047,12,
2010,국산,기아,카니발,카니발 R,디젤 2200cc,뉴카니발 GX,기본형,48652,9273,302,291,6,6
2011,국산,기아,모닝,더 뉴 모닝,가솔린 1000cc,스포츠 RUN,,48652,3738,595,556,6,
2012,국산,기아,모닝,모닝,가솔린 1000cc,SLX,스페셜,48652,3738,4,4,2,2
2013,국산,기아,카니발,올 뉴 카니발,디젤 7 인승,7인승 하이리무진,프레지던트,48652,9273,2097,274,31,17
2014,국산,기아,카니발,올 뉴 카니발,디젤 7 인승,7인승 하이리무진,VIP,48652,9273,2097,274,31,14
2015,국산,기아,레이,더 뉴 기아 레이,가솔린 1000cc,휠체어 리프트/슬로프,,48652,4749,1065,1065,4,
2016,국산,기아,레이,레이,가솔린 1000cc,에코플러스 럭셔리,,48652,4749,1177,1124,1,
2017,국산,기아,스포티지,스포티지 4세대,디젤 4WD,디젤 2.0 4WD 트렌디,,48652,3974,880,60,5,
2018,국산,기아,카니발,더 뉴 카니발 4세대,가솔린+전기 1600cc,HEV 7인승 X Line,,48652,9273,1307,605,24,
2019,국산,기아,카니발,더 뉴 카니발,디젤 7 인승,7인승 리무진,프레지던트,48652,9273,1823,226,190,105
2020,국산,기아,스포티지,스포티지 R,가솔린 4WD,가솔린 터보 GDI 4WD 리미티드,,48652,3974,313,3,3,
2021,국산,기아,카니발,더 뉴 카니발,디젤 7 인승,7인승 리무진,VIP,48652,9273,1823,226,190,85
2022,국산,기아,카니발,카니발 4세대,디젤 2200cc,디젤 7인승 하이리무진,시그니처,48652,9273,3724,2601,59,59
2023,국산,기아,K5,더 뉴 K5,가솔린 2000cc,W 스페셜,,48652,4470,286,169,3,
2024,국산,기아,K5,더 뉴 K5 2세대,디젤 1700cc,1.7 디젤,프레스티지,48652,4470,369,12,12,10
2025,국산,기아,K5,더 뉴 K5 2세대,디젤 1700cc,1.7 디젤,노블레스 스페셜,48652,4470,369,12,12,2
2026,국산,기아,스포티지,더 뉴 스포티지 R,디젤 4WD,디젤 4WD 노블레스,,48652,3974,393,35,17,
2027,국산,기아,K5,더 뉴 K5 하이브리드 3세대,가솔린+전기 2000cc,시그니처,,48652,4470,161,161,80,
2028,국산,기아,카니발,카니발 R,디젤 2200cc,어린이 보호차,,48652,9273,302,291,2,
2029,국산,기아,K5,K5,가솔린 2000cc,2.0 프레스티지,기본형,48652,4470,276,150,59,58
2030,국산,기아,K5,K5,가솔린 2000cc,2.0 프레스티지,브라운,48652,4470,276,150,59,1
2031,국산,기아,레이,레이,가솔린 1000cc,터보 럭셔리,,48652,4749,1177,1124,1,
2032,국산,기아,쏘렌토,더 뉴 쏘렌토 4세대,디젤 2200cc,디젤 2.2 2WD,프레스티지,48652,5942,1077,142,69,23
2033,국산,기아,K5,K5 2세대,디젤 1700cc,1.7 디젤 SX,프레스티지,48652,4470,547,68,36,19
2034,국산,기아,모닝,올 뉴 모닝 (JA),가솔린 1000cc,레이디,,48652,3738,902,846,18,
2035,국산,기아,쏘렌토,더 뉴 쏘렌토 4세대,디젤 2200cc,디젤 2.2 2WD,시그니처,48652,5942,1077,142,69,19
2036,국산,기아,쏘렌토,더 뉴 쏘렌토 4세대,디젤 2200cc,디젤 2.2 2WD,노블레스,48652,5942,1077,142,69,15
2037,국산,기아,쏘렌토,더 뉴 쏘렌토 4세대,디젤 2200cc,디젤 2.2 2WD,그래비티,48652,5942,1077,142,69,12
2038,국산,기아,K5,K5 2세대,디젤 1700cc,1.7 디젤 SX,노블레스,48652,4470,547,68,36,6
2039,국산,기아,K5,K5 2세대,디젤 1700cc,1.7 디젤 SX,노블레스 스페셜,48652,4470,547,68,36,3
2040,국산,기아,스포티지,스포티지 5세대,가솔린 4WD,가솔린 1.6 터보 4WD,시그니처 그래비티,48652,3974,976,31,31,13
2041,국산,기아,모닝,올 뉴 모닝,가솔린 1000cc,에코 다이나믹스 트렌디,,48652,3738,1091,1047,2,
2042,국산,기아,스포티지,스포티지 5세대,가솔린 4WD,가솔린 1.6 터보 4WD,시그니처,48652,3974,976,31,31,10
2043,국산,기아,스포티지,스포티지 5세대,가솔린 4WD,가솔린 1.6 터보 4WD,노블레스 그래비티,48652,3974,976,31,31,4
2044,국산,기아,스포티지,스포티지 5세대,가솔린 4WD,가솔린 1.6 터보 4WD,30주년 에디션,48652,3974,976,31,31,3
2045,국산,기아,스포티지,스포티지 5세대,가솔린 4WD,가솔린 1.6 터보 4WD,프레스티지,48652,3974,976,31,31,1
2046,국산,기아,K5,K5 2세대,디젤 1700cc,1.7 디젤 SX,럭셔리,48652,4470,547,68,36,3
2047,국산,기아,K5,K5 2세대,디젤 1700cc,1.7 디젤 SX,시그니처,48652,4470,547,68,36,3
2048,국산,기아,K5,K5 2세대,디젤 1700cc,1.7 디젤 SX,디럭스,48652,4470,547,68,36,2
2049,국산,기아,쏘렌토,쏘렌토 4세대,가솔린 2500cc,가솔린 2.5T 2WD,노블레스,48652,5942,1970,215,146,38
2050,국산,기아,쏘렌토,쏘렌토 4세대,가솔린 2500cc,가솔린 2.5T 2WD,프레스티지,48652,5942,1970,215,146,34
2051,국산,기아,쏘렌토,쏘렌토 4세대,가솔린 2500cc,가솔린 2.5T 2WD,시그니처,48652,5942,1970,215,146,30
2052,국산,기아,쏘렌토,쏘렌토 4세대,가솔린 2500cc,가솔린 2.5T 2WD,그래비티,48652,5942,1970,215,146,25
2053,국산,기아,쏘렌토,쏘렌토 4세대,가솔린 2500cc,가솔린 2.5T 2WD,트렌디,48652,5942,1970,215,146,19
2054,국산,기아,스포티지,스포티지 5세대 하이브리드,가솔린+전기 4WD,프레스티지 4WD,,48652,3974,385,62,22,
2055,국산,기아,K5,더 뉴 K5 3세대,LPG 2000cc,2.0 LPi(장애인용),시그니처,48652,4470,633,86,2,2
2056,국산,기아,스포티지,더 뉴 스포티지 R,디젤 4WD,디젤 4WD 트렌디,,48652,3974,393,35,10,
2057,국산,기아,카니발,카니발 4세대,디젤 2200cc,디젤 9인승 하이리무진(특장업체),,48652,9273,3724,2601,27,
2058,국산,기아,카니발,더 뉴 카니발,디젤 7 인승,7인승 하이리무진,프레지던트,48652,9273,1823,226,34,30
2059,국산,기아,카니발,더 뉴 카니발,디젤 7 인승,7인승 하이리무진,VIP,48652,9273,1823,226,34,4
2060,국산,기아,K5,더 뉴 K5 하이브리드 3세대,가솔린+전기 2000cc,노블레스,,48652,4470,161,161,43,
2061,국산,기아,모닝,더 뉴 모닝,가솔린 1000cc,스포츠 터보 RUN HIGH,,48652,3738,595,556,1,
2062,국산,기아,카니발,뉴카니발,LPG 2700cc,9인승 LPI GLX,기본형,48652,9273,3,3,3,3
2063,국산,기아,카니발,카니발 R,디젤 2200cc,그랜드카니발 7인승 하이리무진,기본형,48652,9273,302,291,1,1
2064,국산,기아,카니발,더 뉴 카니발 4세대,가솔린+전기 1600cc,HEV 7인승 시그니처,,48652,9273,1307,605,24,
2065,국산,기아,레이,레이,가솔린 1000cc,휠체어 리프트/슬로프,,48652,4749,1177,1124,1,
2066,국산,기아,K5,K5,가솔린 2000cc,2.0 럭셔리,,48652,4470,276,150,34,
2067,국산,기아,스포티지,스포티지 4세대,디젤 4WD,디젤 2.0 4WD 스타일 에디션,,48652,3974,880,60,2,
2068,국산,기아,쏘렌토,쏘렌토 R,LPG 2WD,LPG 2.7 2WD TLX,최고급형,48652,5942,231,7,7,3
2069,국산,기아,쏘렌토,쏘렌토 R,LPG 2WD,LPG 2.7 2WD TLX,고급형,48652,5942,231,7,7,2
2070,국산,기아,쏘렌토,쏘렌토 R,LPG 2WD,LPG 2.7 2WD TLX,프리미엄,48652,5942,231,7,7,2
2071,국산,기아,모닝,올 뉴 모닝,가솔린 1000cc,에코플러스 디럭스 스페셜,,48652,3738,1091,1047,1,
2072,국산,기아,모닝,올 뉴 모닝 (JA),가솔린 1000cc,터보 럭셔리,,48652,3738,902,846,6,
2073,국산,기아,스포티지,스포티지 5세대 하이브리드,가솔린+전기 4WD,시그니처 그래비티 4WD,,48652,3974,385,62,16,
2074,국산,기아,카니발,카니발 4세대,디젤 2200cc,디젤 7인승 아웃도어,노블레스,48652,9273,3724,2601,24,24
2075,국산,기아,쏘렌토,쏘렌토 4세대,가솔린 2500cc,가솔린 2.5T 4WD,그래비티,48652,5942,1970,215,69,30
2076,국산,기아,쏘렌토,쏘렌토 4세대,가솔린 2500cc,가솔린 2.5T 4WD,노블레스,48652,5942,1970,215,69,16
2077,국산,기아,쏘렌토,쏘렌토 4세대,가솔린 2500cc,가솔린 2.5T 4WD,시그니처,48652,5942,1970,215,69,11
2078,국산,기아,쏘렌토,쏘렌토 4세대,가솔린 2500cc,가솔린 2.5T 4WD,프레스티지,48652,5942,1970,215,69,10
2079,국산,기아,쏘렌토,쏘렌토 4세대,가솔린 2500cc,가솔린 2.5T 4WD,트렌디,48652,5942,1970,215,69,2
2080,국산,기아,카니발,더 뉴 카니발 4세대,가솔린+전기 1600cc,HEV 4인승 하이리무진,시그니처,48652,9273,1307,605,23,23
2081,국산,기아,K5,K5,가솔린 2000cc,2.0 디럭스,,48652,4470,276,150,19,
2082,국산,기아,스포티지,더 뉴 스포티지 5세대,가솔린 1600cc,가솔린 1.6 터보 2WD,시그니처,48652,3974,274,213,182,89
2083,국산,기아,카니발,올 뉴 카니발,디젤 11 인승,11인승 프레스티지,,48652,9273,2097,164,52,
2084,국산,기아,스포티지,더 뉴 스포티지 5세대,가솔린 1600cc,가솔린 1.6 터보 2WD,시그니처 X Line,48652,3974,274,213,182,59
2085,국산,기아,스포티지,더 뉴 스포티지 5세대,가솔린 1600cc,가솔린 1.6 터보 2WD,노블레스,48652,3974,274,213,182,23
2086,국산,기아,스포티지,더 뉴 스포티지 5세대,가솔린 1600cc,가솔린 1.6 터보 2WD,프레스티지,48652,3974,274,213,182,11
2087,국산,기아,스포티지,더 뉴 스포티지 R,디젤 4WD,디젤 4WD 에이스,,48652,3974,393,35,5,
2088,국산,기아,레이,더 뉴 레이,LPG 1000cc,LPI 프레스티지,,48652,4749,2238,29,29,
2089,국산,기아,K5,K5 2세대,디젤 1700cc,1.7 디젤 MX,프레스티지,48652,4470,547,68,32,20
2090,국산,기아,K5,K5 2세대,디젤 1700cc,1.7 디젤 MX,럭셔리,48652,4470,547,68,32,4
2091,국산,기아,K5,K5 2세대,디젤 1700cc,1.7 디젤 MX,시그니처,48652,4470,547,68,32,4
2092,국산,기아,K5,K5 2세대,디젤 1700cc,1.7 디젤 MX,노블레스,48652,4470,547,68,32,3
2093,국산,기아,K5,K5 2세대,디젤 1700cc,1.7 디젤 MX,디럭스,48652,4470,547,68,32,1
2094,국산,기아,K5,더 뉴 K5 하이브리드 3세대,가솔린+전기 2000cc,프레스티지,,48652,4470,161,161,28,
2095,국산,기아,모닝,올 뉴 모닝 (JA),가솔린 1000cc,베이직 플러스,,48652,3738,902,846,5,
2096,국산,기아,K5,더 뉴 K5,가솔린 2000cc,구조변경(가솔린),디럭스,48652,4470,286,169,1,1
2097,국산,기아,스포티지,스포티지 5세대 하이브리드,가솔린+전기 4WD,시그니처 4WD,,48652,3974,385,62,12,
2098,국산,기아,카니발,더 뉴 카니발,디젤 7 인승,7인승 하이리무진 (특장업체),,48652,9273,1823,226,2,
2099,국산,기아,카니발,카니발 R,디젤 2200cc,이지무브 11인승 GLX 기본형,,48652,9273,302,291,1,
2100,국산,기아,모닝,더 뉴 모닝,가솔린+LPG 1000cc,바이퓨얼 스마트,,48652,3738,595,39,31,
2101,국산,기아,스포티지,더 뉴 스포티지 R,디젤 4WD,디젤 4WD 프레스티지,,48652,3974,393,35,2,
2102,국산,기아,K5,K5,가솔린 2000cc,2.0 스마트,스페셜,48652,4470,276,150,15,13
2103,국산,기아,K5,K5,가솔린 2000cc,2.0 스마트,기본형,48652,4470,276,150,15,2
2104,국산,기아,스포티지,더 뉴 스포티지 5세대,가솔린 1600cc,가솔린 1.6 터보 4WD,시그니처 X Line,48652,3974,274,213,31,18
2105,국산,기아,스포티지,더 뉴 스포티지 5세대,가솔린 1600cc,가솔린 1.6 터보 4WD,노블레스,48652,3974,274,213,31,10
2106,국산,기아,스포티지,더 뉴 스포티지 5세대,가솔린 1600cc,가솔린 1.6 터보 4WD,시그니처,48652,3974,274,213,31,3
2107,국산,기아,카니발,올 뉴 카니발,디젤 11 인승,11인승 럭셔리,,48652,9273,2097,164,47,
2108,국산,기아,카니발,더 뉴 카니발 4세대,가솔린+전기 1600cc,HEV 7인승 하이리무진,시그니처,48652,9273,1307,605,20,20
2109,국산,기아,스포티지,New 스포티지,디젤 2WD,디젤(VGT) 2WD TLX,고급형,48652,3974,10,9,7,3
2110,국산,기아,스포티지,New 스포티지,디젤 2WD,디젤(VGT) 2WD TLX,VIP팩,48652,3974,10,9,7,2
2111,국산,기아,스포티지,New 스포티지,디젤 2WD,디젤(VGT) 2WD TLX,최고급형,48652,3974,10,9,7,2
2112,국산,기아,레이,레이,가솔린+LPG 1000cc,프레스티지 바이퓨얼,,48652,4749,1177,48,42,
2113,국산,기아,K5,더 뉴 K5 하이브리드 3세대,가솔린+전기 2000cc,베스트 셀렉션,,48652,4470,161,161,10,
2114,국산,기아,스포티지,더 뉴 스포티지 5세대 하이브리드,가솔린+전기 1600cc,HEV 1.6 2WD,시그니처,48652,3974,99,99,83,41
2115,국산,기아,스포티지,더 뉴 스포티지 5세대 하이브리드,가솔린+전기 1600cc,HEV 1.6 2WD,시그니처 X Line,48652,3974,99,99,83,17
2116,국산,기아,스포티지,더 뉴 스포티지 5세대 하이브리드,가솔린+전기 1600cc,HEV 1.6 2WD,노블레스,48652,3974,99,99,83,14
2117,국산,기아,스포티지,더 뉴 스포티지 5세대 하이브리드,가솔린+전기 1600cc,HEV 1.6 2WD,프레스티지,48652,3974,99,99,83,11
2118,국산,기아,카니발,카니발 R,디젤 2200cc,이지무브 8인승,,48652,9273,302,291,1,
2119,국산,기아,모닝,올 뉴 모닝,가솔린+LPG 1000cc,바이퓨얼 스마트,,48652,3738,1091,44,14,
2120,국산,기아,K5,K5 2세대,가솔린 1600cc,1.6 터보 SX,프레스티지,48652,4470,547,32,32,22
2121,국산,기아,K5,K5 2세대,가솔린 1600cc,1.6 터보 SX,노블레스,48652,4470,547,32,32,4
2122,국산,기아,K5,K5 2세대,가솔린 1600cc,1.6 터보 SX,럭셔리,48652,4470,547,32,32,4
2123,국산,기아,K5,K5 2세대,가솔린 1600cc,1.6 터보 SX,GT LINE,48652,4470,547,32,32,1
2124,국산,기아,K5,K5 2세대,가솔린 1600cc,1.6 터보 SX,노블레스 스페셜,48652,4470,547,32,32,1
2125,국산,기아,스포티지,스포티지 5세대 하이브리드,가솔린+전기 4WD,30주년 에디션 4WD,,48652,3974,385,62,5,
2126,국산,기아,모닝,올 뉴 모닝 (JA),LPG 1000cc,LPi 럭셔리,,48652,3738,902,56,32,
2127,국산,기아,카니발,카니발 II,디젤 2900cc,9인승 디젤 파크,,48652,9273,1,1,1,
2128,국산,기아,스포티지,스포티지 4세대,가솔린 2WD,가솔린 2.0 2WD 노블레스,,48652,3974,880,28,28,
2129,국산,기아,K5,K5 하이브리드 2세대,가솔린+전기 2000cc,노블레스,(세부등급 없음),48652,4470,52,52,48,34
2130,국산,기아,K5,K5 하이브리드 2세대,가솔린+전기 2000cc,노블레스,스페셜,48652,4470,52,52,48,14
2131,국산,기아,카니발,카니발 4세대,디젤 2200cc,디젤 11인승 시그니처,,48652,9273,3724,2601,10,
2132,국산,기아,레이,레이,가솔린+LPG 1000cc,럭셔리 바이퓨얼,,48652,4749,1177,48,4,
2133,국산,기아,카니발,더 뉴 카니발 4세대,가솔린+전기 1600cc,HEV 7인승 노블레스,,48652,9273,1307,605,12,
2134,국산,기아,카니발,더 뉴 카니발,가솔린 9 인승,가솔린 9인승 노블레스 스페셜,,48652,9273,1823,193,82,
2135,국산,기아,K5,K5 하이브리드,가솔린+전기 2000cc,프레스티지,,48652,4470,87,86,35,
2136,국산,기아,K5,K5,가솔린 2000cc,2.0 노블레스,,48652,4470,276,150,11,
2137,국산,기아,스포티지,New 스포티지,디젤 2WD,디젤(CRDI) 2WD TLX,고급형,48652,3974,10,9,2,1
2138,국산,기아,스포티지,New 스포티지,디젤 2WD,디젤(CRDI) 2WD TLX,최고급형,48652,3974,10,9,2,1
2139,국산,기아,스포티지,더 뉴 스포티지 R,디젤 4WD,디젤 4WD 럭셔리,,48652,3974,393,35,1,
2140,국산,기아,스포티지,더 뉴 스포티지 5세대 하이브리드,가솔린+전기 1600cc,HEV 1.6 4WD,시그니처 X Line,48652,3974,99,99,16,9
2141,국산,기아,스포티지,더 뉴 스포티지 5세대 하이브리드,가솔린+전기 1600cc,HEV 1.6 4WD,시그니처,48652,3974,99,99,16,4
2142,국산,기아,스포티지,더 뉴 스포티지 5세대 하이브리드,가솔린+전기 1600cc,HEV 1.6 4WD,프레스티지,48652,3974,99,99,16,3
2143,국산,기아,스포티지,더 뉴 스포티지 5세대,LPG 2000cc,LPG 2.0 2WD,노블레스,48652,3974,274,61,61,22
2144,국산,기아,스포티지,더 뉴 스포티지 5세대,LPG 2000cc,LPG 2.0 2WD,시그니처,48652,3974,274,61,61,20
2145,국산,기아,스포티지,더 뉴 스포티지 5세대,LPG 2000cc,LPG 2.0 2WD,프레스티지,48652,3974,274,61,61,15
2146,국산,기아,스포티지,더 뉴 스포티지 5세대,LPG 2000cc,LPG 2.0 2WD,시그니처 X Line,48652,3974,274,61,61,4
2147,국산,기아,K5,더 뉴 K5,LPG 2000cc,LPI 디럭스,,48652,4470,286,117,58,
2148,국산,기아,모닝,올 뉴 모닝 (JA),LPG 1000cc,LPi 디럭스,,48652,3738,902,56,24,
2149,국산,기아,카니발,올 뉴 카니발,디젤 11 인승,11인승 디럭스,,48652,9273,2097,164,29,
2150,국산,기아,모닝,올 뉴 모닝,가솔린+LPG 1000cc,바이퓨얼 디럭스 스페셜,,48652,3738,1091,44,11,
2151,국산,기아,K5,K5 하이브리드 2세대,가솔린+전기 2000cc,프레스티지,,48652,4470,52,52,3,
2152,국산,기아,모닝,더 뉴 모닝,가솔린+LPG 1000cc,바이퓨얼 럭셔리,,48652,3738,595,39,8,
2153,국산,기아,카니발,카니발 4세대,디젤 2200cc,디젤 11인승 노블레스,,48652,9273,3724,2601,6,
2154,국산,기아,K5,K5,가솔린 2000cc,2.0 터보 GDI 프레스티지,,48652,4470,276,150,8,
2155,국산,기아,레이,레이,가솔린+LPG 1000cc,디럭스 스페셜 바이퓨얼,,48652,4749,1177,48,2,
2156,국산,기아,스포티지,스포티지 5세대 하이브리드,가솔린+전기 4WD,노블레스 4WD,,48652,3974,385,62,5,
2157,국산,기아,카니발,카니발 R,가솔린 3500cc,그랜드 카니발 하이리무진 가솔린 GLX,프리미엄,48652,9273,302,8,4,4
2158,국산,기아,카니발,더 뉴 카니발,가솔린 9 인승,가솔린 9인승 하이리무진,노블레스 스페셜,48652,9273,1823,193,62,60
2159,국산,기아,카니발,더 뉴 카니발,가솔린 9 인승,가솔린 9인승 하이리무진,노블레스 스페셜 하이루프,48652,9273,1823,193,62,2
2160,국산,기아,모닝,올 뉴 모닝,가솔린+LPG 1000cc,바이퓨얼 럭셔리,,48652,3738,1091,44,11,
2161,국산,기아,K7,더 뉴 K7,가솔린 2400cc,2.4 GDI 프레스티지,,48652,2868,332,219,113,
2162,국산,기아,K7,올 뉴 K7,가솔린 2400cc,2.4 GDI 프레스티지,,48652,2868,1342,673,333,
2163,국산,기아,K5,K5 하이브리드,가솔린+전기 2000cc,럭셔리,,48652,4470,87,86,18,
2164,국산,기아,K7,더 프레스티지 K7,가솔린 2400cc,2.4 GDI 프레스티지,,48652,2868,74,45,30,
2165,국산,기아,K7,K7 프리미어 하이브리드,가솔린+전기 2400cc,시그니처,,48652,2868,138,138,72,
2166,국산,기아,K5,K5 하이브리드 2세대,가솔린+전기 2000cc,2.0 플러그인 HEV,노블레스 스페셜,48652,4470,52,52,1,1
2167,국산,기아,K5,더 뉴 K5 하이브리드 2세대,가솔린+전기 2000cc,노블레스,(세부등급 없음),48652,4470,36,36,32,24
2168,국산,기아,K5,더 뉴 K5 하이브리드 2세대,가솔린+전기 2000cc,노블레스,스페셜,48652,4470,36,36,32,8
2169,국산,기아,카니발,카니발 4세대,디젤 2200cc,9인승 노블레스,,48652,9273,3724,2601,2,
2170,국산,기아,K5,더 뉴 K5,LPG 2000cc,LPI 럭셔리,,48652,4470,286,117,32,
2171,국산,기아,K5,K5,가솔린 2000cc,2.0 터보 GDI 노블레스,,48652,4470,276,150,3,
2172,국산,기아,K7,올 뉴 K7 하이브리드,가솔린+전기 2400cc,노블레스,,48652,2868,166,166,91,
2173,국산,기아,스포티지,더 뉴 스포티지 R,가솔린 2WD,가솔린 2WD 터보 GDI 트렌디,,48652,3974,393,4,4,
2174,국산,기아,카니발,카니발 R,가솔린 3500cc,그랜드 카니발 가솔린 President,,48652,9273,302,8,2,
2175,국산,기아,스포티지,New 스포티지,가솔린 2WD,가솔린 2WD TLX,고급형,48652,3974,10,1,1,1
2176,국산,기아,카니발,올 뉴 카니발,디젤 11 인승,11인승 노블레스,,48652,9273,2097,164,18,
2177,국산,기아,카니발,더 뉴 카니발,가솔린 9 인승,가솔린 9인승 하이리무진(특장업체),,48652,9273,1823,193,30,
2178,국산,기아,스포티지,스포티지 5세대 하이브리드,가솔린+전기 4WD,노블레스 그래비티 4WD,,48652,3974,385,62,2,
2179,국산,기아,K7,더 뉴 K7,가솔린 2400cc,2.4 GDI 프레스티지 스페셜,,48652,2868,332,219,106,
2180,국산,기아,K7,K7 프리미어 하이브리드,가솔린+전기 2400cc,노블레스,,48652,2868,138,138,49,
2181,국산,기아,K5,더 뉴 K5 하이브리드 2세대,가솔린+전기 2000cc,프레스티지,,48652,4470,36,36,4,
2182,국산,기아,카니발,카니발 4세대,디젤 2200cc,디젤 7인승 하이리무진(특장업체),,48652,9273,3724,2601,2,
2183,국산,기아,K5,더 뉴 K5,LPG 2000cc,LPI 프레스티지,,48652,4470,286,117,15,
2184,국산,기아,카니발,더 뉴 카니발 4세대,가솔린+전기 1600cc,HEV 7인승 아웃도어,노블레스,48652,9273,1307,605,3,3
2185,국산,기아,K5,K5,가솔린 2000cc,2.0 트렌디,,48652,4470,276,150,1,
2186,국산,기아,K7,올 뉴 K7 하이브리드,가솔린+전기 2400cc,노블레스 스페셜,,48652,2868,166,166,52,
2187,국산,기아,레이,레이,전기,EV,,48652,4749,1177,5,5,
2188,국산,기아,카니발,더 뉴 카니발,가솔린 9 인승,가솔린 9인승 프레스티지,,48652,9273,1823,193,10,
2189,국산,기아,K5,K5 하이브리드,가솔린+전기 2000cc,500h 프레스티지,,48652,4470,87,86,17,
2190,국산,기아,K7,올 뉴 K7,가솔린 2400cc,2.4 GDI 리미티드,,48652,2868,1342,673,217,
2191,국산,기아,K7,더 프레스티지 K7,가솔린 2400cc,2.4 GDI 럭셔리,,48652,2868,74,45,15,
2192,국산,기아,모닝,올 뉴 모닝,가솔린+LPG 1000cc,바이퓨얼 스마트 트렌디,,48652,3738,1091,44,8,
2193,국산,기아,카니발,카니발 R,가솔린 3500cc,카니발 리무진 가솔린 GLX,최고급형,48652,9273,302,8,1,1
2194,국산,기아,K5,더 뉴 K5,LPG 2000cc,LPI 노블레스,,48652,4470,286,117,6,
2195,국산,기아,카니발,올 뉴 카니발,디젤 11 인승,11인승 하이리무진,프레스티지,48652,9273,2097,164,11,11
2196,국산,기아,K7,올 뉴 K7 하이브리드,가솔린+전기 2400cc,프레스티지,,48652,2868,166,166,23,
2197,국산,기아,카니발,더 뉴 카니발 4세대,가솔린+전기 1600cc,HEV 7인승 하이리무진 (특장업체),,48652,9273,1307,605,3,
2198,국산,기아,K7,K7 프리미어 하이브리드,가솔린+전기 2400cc,프레스티지,,48652,2868,138,138,17,
2199,국산,기아,카니발,더 뉴 카니발,가솔린 9 인승,가솔린 9인승 노블레스,,48652,9273,1823,193,9,
2200,국산,기아,K7,올 뉴 K7,가솔린 2400cc,2.4 GDI 노블레스,,48652,2868,1342,673,71,
2201,국산,기아,카니발,카니발 4세대,가솔린 3500cc,가솔린 9인승 시그니처,,48652,9273,3724,1105,241,
2202,국산,기아,K5,더 뉴 K5,LPG 2000cc,LPI 프레스티지(장애인용),,48652,4470,286,117,6,
2203,국산,기아,K7,K7 프리미어,가솔린 2500cc,2.5 GDI 노블레스,,48652,2868,752,477,231,
2204,국산,기아,K5,K5,LPG 2000cc,LPI 프레스티지,,48652,4470,276,121,60,
2205,국산,기아,카니발,더 뉴 카니발 4세대,가솔린+전기 1600cc,HEV 4인승 하이리무진 (특장업체),,48652,9273,1307,605,2,
2206,국산,기아,K7,더 뉴 K7,LPG 3000cc,LPI 3.0 프레스티지,,48652,2868,332,67,35,
2207,국산,기아,카니발,카니발 R,가솔린 3500cc,카니발 리무진 가솔린 프레지던트,,48652,9273,302,8,1,
2208,국산,기아,K7,올 뉴 K7,가솔린 2400cc,2.4 GDI 리미티드 에디션,,48652,2868,1342,673,39,
2209,국산,기아,카니발,올 뉴 카니발,디젤 11 인승,11인승 어린이 보호차,,48652,9273,2097,164,5,
2210,국산,기아,카니발,카니발 4세대,가솔린 3500cc,가솔린 9인승 하이리무진,시그니처,48652,9273,3724,1105,150,150
2211,국산,기아,K7,K7 프리미어,가솔린 2500cc,2.5 GDI X 에디션,,48652,2868,752,477,195,
2212,국산,기아,K5,K5 하이브리드,가솔린+전기 2000cc,노블레스,,48652,4470,87,86,7,
2213,국산,기아,K5,K5,LPG 2000cc,LPI 럭셔리,,48652,4470,276,121,34,
2214,국산,기아,K7,더 프레스티지 K7,가솔린 3000cc,3.0 GDI 노블레스,,48652,2868,74,16,6,
2215,국산,기아,K7,올 뉴 K7,가솔린 2400cc,2.4 월드컵 에디션,,48652,2868,1342,673,12,
2216,국산,기아,K3,더 뉴 K3,가솔린 1600cc,트렌디,스타일,48652,2596,358,320,238,103
2217,국산,기아,K3,더 뉴 K3,가솔린 1600cc,트렌디,(세부등급 없음),48652,2596,358,320,238,87
2218,국산,기아,K3,더 뉴 K3,가솔린 1600cc,트렌디,E 타입,48652,2596,358,320,238,28
2219,국산,기아,K3,더 뉴 K3,가솔린 1600cc,트렌디,A 타입,48652,2596,358,320,238,11
2220,국산,기아,K3,더 뉴 K3,가솔린 1600cc,트렌디,C 타입,48652,2596,358,320,238,9
2221,국산,기아,카니발,카니발 4세대,가솔린 3500cc,가솔린 7인승 시그니처,,48652,9273,3724,1105,130,
2222,국산,기아,K3,K3,가솔린 1600cc,트렌디,,48652,2596,589,519,189,
2223,국산,기아,모하비,더 뉴 모하비,디젤 4WD,디젤 3.0 4WD,프레지던트,48652,2088,535,522,522,404
2224,국산,기아,모하비,더 뉴 모하비,디젤 4WD,디젤 3.0 4WD,VIP,48652,2088,535,522,522,118
2225,국산,기아,모하비,모하비 더 마스터,디젤 4WD,디젤 3.0 4WD 6인승,마스터즈,48652,2088,1191,1191,489,376
2226,국산,기아,모하비,모하비 더 마스터,디젤 4WD,디젤 3.0 4WD 6인승,마스터즈 그래비티,48652,2088,1191,1191,489,94
2227,국산,기아,모하비,모하비 더 마스터,디젤 4WD,디젤 3.0 4WD 6인승,플래티넘,48652,2088,1191,1191,489,19
2228,국산,기아,K7,더 프레스티지 K7,가솔린 3000cc,3.0 GDI 프레스티지,,48652,2868,74,16,6,
2229,국산,기아,K7,더 뉴 K7,LPG 3000cc,LPI 3.0 럭셔리,,48652,2868,332,67,31,
2230,국산,기아,카니발,올 뉴 카니발,디젤 11 인승,11인승 아웃도어,럭셔리,48652,9273,2097,164,2,2
2231,국산,기아,K5,K5 하이브리드,가솔린+전기 2000cc,500h 노블레스,,48652,4470,87,86,6,
2232,국산,기아,K5,K5,LPG 2000cc,LPI 디럭스,,48652,4470,276,121,16,
2233,국산,기아,카니발,더 뉴 카니발 4세대,가솔린 3500cc,가솔린 9인승 하이리무진 (특장업체),,48652,9273,1307,376,69,
2234,국산,기아,K3,더 뉴 K3 2세대,가솔린 1600cc,1.6,프레스티지,48652,2596,892,892,851,373
2235,국산,기아,K3,더 뉴 K3 2세대,가솔린 1600cc,1.6,트렌디,48652,2596,892,892,851,258
2236,국산,기아,K3,더 뉴 K3 2세대,가솔린 1600cc,1.6,시그니처,48652,2596,892,892,851,135
2237,국산,기아,K3,더 뉴 K3 2세대,가솔린 1600cc,1.6,노블레스,48652,2596,892,892,851,85
2238,국산,기아,카니발,카니발 R,LPG 2700cc,그랜드 카니발 LPI GLX,기본형,48652,9273,302,3,2,2
2239,국산,기아,K7,올 뉴 K7,가솔린 2400cc,2.4 GDI 스페셜,,48652,2868,1342,673,1,
2240,국산,기아,K3,K3 쿱,가솔린 1600cc,1.6 터보 노블레스,,48652,2596,11,11,6,
2241,국산,기아,K7,K7 하이브리드,가솔린+전기 2400cc,700h 프레스티지,,48652,2868,34,34,32,
2242,국산,기아,카니발,카니발 4세대,가솔린 3500cc,가솔린 9인승 노블레스,,48652,9273,3724,1105,129,
2243,국산,기아,K3,더 뉴 K3,가솔린 1600cc,디럭스,,48652,2596,358,320,34,
2244,국산,기아,모하비,모하비,디젤 3000cc 이하,4WD KV300,(세부등급 없음),48652,2088,362,354,254,222
2245,국산,기아,카니발,더 뉴 카니발,디젤 11 인승,11인승 프레스티지,,48652,9273,1823,96,56,
2246,국산,기아,모하비,모하비,디젤 3000cc 이하,4WD KV300,최고급형,48652,2088,362,354,254,25
2247,국산,기아,모하비,모하비,디젤 3000cc 이하,4WD KV300,고급형,48652,2088,362,354,254,7
2248,국산,기아,K3,K3,가솔린 1600cc,럭셔리,,48652,2596,589,519,133,
2249,국산,기아,K3,K3 유로,가솔린 1600cc,프레스티지,,48652,2596,4,4,3,
2250,국산,기아,모하비,모하비 더 마스터,디젤 4WD,디젤 3.0 4WD 5인승,마스터즈,48652,2088,1191,1191,464,318
2251,국산,기아,모하비,모하비 더 마스터,디젤 4WD,디젤 3.0 4WD 5인승,플래티넘,48652,2088,1191,1191,464,80
2252,국산,기아,모하비,모하비 더 마스터,디젤 4WD,디젤 3.0 4WD 5인승,마스터즈 그래비티,48652,2088,1191,1191,464,66
2253,국산,기아,K7,더 프레스티지 K7,가솔린 3000cc,3.0 GDI 럭셔리,,48652,2868,74,16,4,
2254,국산,기아,K7,더 뉴 K7,LPG 3000cc,LPI 3.0 택시형,디럭스,48652,2868,332,67,1,1
2255,국산,기아,카니발,더 뉴 카니발 4세대,가솔린 3500cc,가솔린 9인승 시그니처,,48652,9273,1307,376,47,
2256,국산,기아,K7,K7,LPG 2700cc,LPI VG270 럭셔리,기본형,48652,2868,28,11,4,4
2257,국산,기아,K3,더 뉴 K3 2세대,가솔린 1600cc,1.6 터보 GT 5도어,시그니처,48652,2596,892,892,41,41
2258,국산,기아,K7,K7 하이브리드,가솔린+전기 2400cc,700h 럭셔리,,48652,2868,34,34,2,
2259,국산,기아,K7,K7 프리미어,가솔린 2500cc,2.5 GDI 프레스티지,,48652,2868,752,477,51,
2260,국산,기아,K3,더 뉴 K3,가솔린 1600cc,프레스티지,(세부등급 없음),48652,2596,358,320,31,23
2261,국산,기아,K3,더 뉴 K3,가솔린 1600cc,프레스티지,스페셜,48652,2596,358,320,31,8
2262,국산,기아,카니발,더 뉴 카니발,디젤 11 인승,11인승 디럭스,,48652,9273,1823,96,37,
2263,국산,기아,셀토스,더 뉴 셀토스,가솔린 1600cc,가솔린 1.6 터보 2WD,시그니처,48652,1611,644,410,359,163
2264,국산,기아,셀토스,더 뉴 셀토스,가솔린 1600cc,가솔린 1.6 터보 2WD,트렌디,48652,1611,644,410,359,81
2265,국산,기아,셀토스,더 뉴 셀토스,가솔린 1600cc,가솔린 1.6 터보 2WD,프레스티지,48652,1611,644,410,359,73
2266,국산,기아,셀토스,더 뉴 셀토스,가솔린 1600cc,가솔린 1.6 터보 2WD,그래비티,48652,1611,644,410,359,38
2267,국산,기아,셀토스,더 뉴 셀토스,가솔린 1600cc,가솔린 1.6 터보 2WD,X-Line,48652,1611,644,410,359,4
2268,국산,기아,카니발,카니발 4세대,가솔린 3500cc,가솔린 9인승 프레스티지,,48652,9273,3724,1105,112,
2269,국산,기아,카니발,카니발 R,LPG 2700cc,그랜드 카니발 LPI GX,그랜드 팩,48652,9273,302,3,1,1
2270,국산,기아,모하비,더 뉴 모하비,디젤 2WD,디젤 3.0 2WD,노블레스,48652,2088,535,13,13,13
2271,국산,기아,K3,올 뉴 K3,가솔린 1600cc,럭셔리,,48652,2596,739,739,264,
2272,국산,기아,모하비,모하비 더 마스터,디젤 4WD,디젤 3.0 4WD 7인승,마스터즈,48652,2088,1191,1191,238,183
2273,국산,기아,모하비,모하비 더 마스터,디젤 4WD,디젤 3.0 4WD 7인승,마스터즈 그래비티,48652,2088,1191,1191,238,42
2274,국산,기아,모하비,모하비 더 마스터,디젤 4WD,디젤 3.0 4WD 7인승,플래티넘,48652,2088,1191,1191,238,13
2275,국산,기아,셀토스,셀토스,가솔린 1600cc,가솔린 1.6 터보 2WD,시그니처,48652,1611,877,736,653,207
2276,국산,기아,셀토스,셀토스,가솔린 1600cc,가솔린 1.6 터보 2WD,노블레스,48652,1611,877,736,653,192
2277,국산,기아,셀토스,셀토스,가솔린 1600cc,가솔린 1.6 터보 2WD,프레스티지,48652,1611,877,736,653,117
2278,국산,기아,셀토스,셀토스,가솔린 1600cc,가솔린 1.6 터보 2WD,트렌디,48652,1611,877,736,653,108
2279,국산,기아,셀토스,셀토스,가솔린 1600cc,가솔린 1.6 터보 2WD,그래비티,48652,1611,877,736,653,29
2280,국산,기아,K3,K3 유로,가솔린 1600cc,노블레스,,48652,2596,4,4,1,
2281,국산,기아,셀토스,셀토스 2세대,가솔린 1600cc,가솔린 1.6T 2WD,시그니처,48652,1611,90,52,42,15
2282,국산,기아,셀토스,셀토스 2세대,가솔린 1600cc,가솔린 1.6T 2WD,프레스티지,48652,1611,90,52,42,14
2283,국산,기아,셀토스,셀토스 2세대,가솔린 1600cc,가솔린 1.6T 2WD,트렌디,48652,1611,90,52,42,8
2284,국산,기아,셀토스,셀토스 2세대,가솔린 1600cc,가솔린 1.6T 2WD,시그니처 X Line,48652,1611,90,52,42,5
2285,국산,기아,K7,K7,LPG 2700cc,LPI VG270 프레스티지,기본형,48652,2868,28,11,4,3
2286,국산,기아,K7,K7,LPG 2700cc,LPI VG270 프레스티지,프리미엄,48652,2868,28,11,4,1
2287,국산,기아,K5,K5,LPG 2000cc,LPI 스마트,,48652,4470,276,121,11,
2288,국산,기아,K3,K3,가솔린 1600cc,프레스티지,,48652,2596,589,519,88,
2289,국산,기아,카니발,더 뉴 카니발,디젤 11 인승,11인승 하이리무진,프레스티지,48652,9273,1823,96,3,3
2290,국산,기아,K7,올 뉴 K7,가솔린 3300cc,3.3 GDI 노블레스,스페셜,48652,2868,1342,253,196,112
2291,국산,기아,K7,올 뉴 K7,가솔린 3300cc,3.3 GDI 노블레스,(세부등급 없음),48652,2868,1342,253,196,84
2292,국산,기아,K5,K5 하이브리드,가솔린+전기 2000cc,디럭스,,48652,4470,87,86,2,
2293,국산,기아,K3,더 뉴 K3,가솔린 1600cc,노블레스,,48652,2596,358,320,17,
2294,국산,기아,카니발,올 뉴 카니발,가솔린 9 인승,가솔린 9인승 노블레스,,48652,9273,2097,92,45,
2295,국산,기아,카니발,더 뉴 카니발 4세대,가솔린 3500cc,가솔린 9인승 노블레스,,48652,9273,1307,376,44,
2296,국산,기아,셀토스,셀토스,가솔린 1600cc,가솔린 1.6 터보 4WD,노블레스,48652,1611,877,736,83,28
2297,국산,기아,셀토스,셀토스,가솔린 1600cc,가솔린 1.6 터보 4WD,시그니처,48652,1611,877,736,83,22
2298,국산,기아,셀토스,셀토스,가솔린 1600cc,가솔린 1.6 터보 4WD,그래비티,48652,1611,877,736,83,13
2299,국산,기아,셀토스,셀토스,가솔린 1600cc,가솔린 1.6 터보 4WD,프레스티지,48652,1611,877,736,83,11
2300,국산,기아,셀토스,셀토스,가솔린 1600cc,가솔린 1.6 터보 4WD,트렌디,48652,1611,877,736,83,9
2301,국산,기아,셀토스,더 뉴 셀토스,가솔린 1600cc,가솔린 1.6 터보 4WD,시그니처,48652,1611,644,410,51,21
2302,국산,기아,셀토스,더 뉴 셀토스,가솔린 1600cc,가솔린 1.6 터보 4WD,그래비티,48652,1611,644,410,51,15
2303,국산,기아,셀토스,더 뉴 셀토스,가솔린 1600cc,가솔린 1.6 터보 4WD,프레스티지,48652,1611,644,410,51,8
2304,국산,기아,셀토스,더 뉴 셀토스,가솔린 1600cc,가솔린 1.6 터보 4WD,트렌디,48652,1611,644,410,51,7
2305,국산,기아,카니발,카니발 4세대,가솔린 3500cc,가솔린 9인승 하이리무진(특장업체),,48652,9273,3724,1105,93,
2306,국산,기아,셀토스,셀토스 2세대,가솔린 1600cc,가솔린 1.6T 4WD,시그니처,48652,1611,90,52,10,6
2307,국산,기아,셀토스,셀토스 2세대,가솔린 1600cc,가솔린 1.6T 4WD,시그니처 X Line,48652,1611,90,52,10,4
2308,국산,기아,K3,올 뉴 K3,가솔린 1600cc,프레스티지,,48652,2596,739,739,187,
2309,국산,기아,K7,K7,LPG 2700cc,LPI VG270 디럭스,,48652,2868,28,11,3,
2310,국산,기아,K7,K7 프리미어,가솔린 3000cc,3.0 GDI 시그니처,,48652,2868,752,161,93,
2311,국산,기아,K3,K3 쿱,가솔린 1600cc,1.6 프레스티지,,48652,2596,11,11,3,
2312,국산,기아,K3,K3,가솔린 1600cc,노블레스,,48652,2596,589,519,59,
2313,국산,기아,K7,올 뉴 K7,가솔린 3300cc,3.3 GDI 리미티드 플러스,,48652,2868,1342,253,37,
2314,국산,기아,K5,K5 하이브리드,가솔린+전기 2000cc,500h 럭셔리,,48652,4470,87,86,1,
2315,국산,기아,카니발,올 뉴 카니발,가솔린 9 인승,가솔린 9인승 하이리무진,노블레스,48652,9273,2097,92,37,37
2316,국산,기아,카니발,카니발 4세대,가솔린 3500cc,가솔린 7인승 하이리무진,시그니처,48652,9273,3724,1105,90,90
2317,국산,기아,K7,더 프레스티지 K7,LPG 3000cc,LPI 3.0 프레스티지,,48652,2868,74,9,5,
2318,국산,기아,카니발,더 뉴 카니발 4세대,가솔린 3500cc,가솔린 9인승 그래비티,,48652,9273,1307,376,33,
2319,국산,기아,모하비,모하비,디젤 3000cc 이하,4WD QV300,(세부등급 없음),48652,2088,362,354,59,47
2320,국산,기아,모하비,모하비,디젤 3000cc 이하,4WD QV300,최고급형,48652,2088,362,354,59,9
2321,국산,기아,모하비,모하비,디젤 3000cc 이하,4WD QV300,고급형,48652,2088,362,354,59,3
2322,국산,기아,K3,더 뉴 K3 쿱,가솔린 1600cc,터보 노블레스,,48652,2596,3,3,3,
2323,국산,기아,K7,K7 프리미어,가솔린 3000cc,3.0 GDI 노블레스,,48652,2868,752,161,68,
2324,국산,기아,K3,올 뉴 K3,가솔린 1600cc,트렌디,,48652,2596,739,739,98,
2325,국산,기아,K3,K3,가솔린 1600cc,디럭스,,48652,2596,589,519,47,
2326,국산,기아,K3,더 뉴 K3,디젤 1600cc,디젤 트렌디,(세부등급 없음),48652,2596,358,38,29,19
2327,국산,기아,K3,더 뉴 K3,디젤 1600cc,디젤 트렌디,E 타입,48652,2596,358,38,29,6
2328,국산,기아,K3,더 뉴 K3,디젤 1600cc,디젤 트렌디,C 타입,48652,2596,358,38,29,3
2329,국산,기아,K3,더 뉴 K3,디젤 1600cc,디젤 트렌디,A 타입,48652,2596,358,38,29,1
2330,국산,기아,카니발,더 뉴 카니발,가솔린 7 인승,가솔린 7인승 리무진,프레지던트,48652,9273,1823,94,72,65
2331,국산,기아,카니발,더 뉴 카니발,가솔린 7 인승,가솔린 7인승 리무진,VIP,48652,9273,1823,94,72,7
2332,국산,기아,카니발,올 뉴 카니발,가솔린 9 인승,가솔린 9인승 하이리무진(특장업체),,48652,9273,2097,92,10,
2333,국산,기아,셀토스,셀토스,디젤 1600cc,디젤 1.6 2WD,노블레스,48652,1611,877,141,119,43
2334,국산,기아,셀토스,셀토스,디젤 1600cc,디젤 1.6 2WD,프레스티지,48652,1611,877,141,119,41
2335,국산,기아,셀토스,셀토스,디젤 1600cc,디젤 1.6 2WD,트렌디,48652,1611,877,141,119,22
2336,국산,기아,셀토스,셀토스,디젤 1600cc,디젤 1.6 2WD,시그니처,48652,1611,877,141,119,12
2337,국산,기아,셀토스,셀토스,디젤 1600cc,디젤 1.6 2WD,그래비티,48652,1611,877,141,119,1
2338,국산,기아,K3,K3 쿱,가솔린 1600cc,1.6 터보 프레스티지,,48652,2596,11,11,2,
2339,국산,기아,K7,더 뉴 K7,가솔린 3000cc,3.0 GDI 프레스티지,,48652,2868,332,41,35,
2340,국산,기아,셀토스,더 뉴 셀토스,가솔린 2000cc,가솔린 2.0 2WD,시그니처,48652,1611,644,234,220,91
2341,국산,기아,셀토스,더 뉴 셀토스,가솔린 2000cc,가솔린 2.0 2WD,트렌디,48652,1611,644,234,220,59
2342,국산,기아,셀토스,더 뉴 셀토스,가솔린 2000cc,가솔린 2.0 2WD,프레스티지,48652,1611,644,234,220,58
2343,국산,기아,셀토스,더 뉴 셀토스,가솔린 2000cc,가솔린 2.0 2WD,그래비티,48652,1611,644,234,220,12
2344,국산,기아,K3,올 뉴 K3,가솔린 1600cc,노블레스,,48652,2596,739,739,64,
2345,국산,기아,셀토스,셀토스 2세대,가솔린+전기 1600cc,HEV 1.6 2WD,시그니처,48652,1611,90,38,38,12
2346,국산,기아,셀토스,셀토스 2세대,가솔린+전기 1600cc,HEV 1.6 2WD,시그니처 X Line,48652,1611,90,38,38,11
2347,국산,기아,셀토스,셀토스 2세대,가솔린+전기 1600cc,HEV 1.6 2WD,프레스티지,48652,1611,90,38,38,11
2348,국산,기아,셀토스,셀토스 2세대,가솔린+전기 1600cc,HEV 1.6 2WD,트렌디,48652,1611,90,38,38,4
2349,국산,기아,K5,K5,가솔린 2400cc,2.4 GDI 프레스티지,,48652,4470,276,5,3,
2350,국산,기아,카니발,카니발 4세대,가솔린 3500cc,가솔린 7인승 노블레스,,48652,9273,3724,1105,68,
2351,국산,기아,K5,K5 하이브리드,가솔린+전기 2400cc,수출형,,48652,4470,87,1,1,
2352,국산,기아,카니발,더 뉴 카니발,가솔린 7 인승,가솔린 7인승 하이리무진,프레지던트,48652,9273,1823,94,14,14
2353,국산,기아,모하비,모하비,디젤 3000cc 이하,2WD KV300,(세부등급 없음),48652,2088,362,354,26,17
2354,국산,기아,모하비,모하비,디젤 3000cc 이하,2WD KV300,최고급형,48652,2088,362,354,26,6
2355,국산,기아,모하비,모하비,디젤 3000cc 이하,2WD KV300,고급형,48652,2088,362,354,26,3
2356,국산,기아,K7,더 프레스티지 K7,LPG 3000cc,LPI 3.0 디럭스,,48652,2868,74,9,2,
2357,국산,기아,K3,더 뉴 K3,디젤 1600cc,디젤 프레스티지,(세부등급 없음),48652,2596,358,38,4,2
2358,국산,기아,K3,더 뉴 K3,디젤 1600cc,디젤 프레스티지,스페셜,48652,2596,358,38,4,2
2359,국산,기아,K7,더 뉴 K7,가솔린 3000cc,3.0 GDI 프레스티지 스페셜,,48652,2868,332,41,6,
2360,국산,기아,셀토스,더 뉴 셀토스,가솔린 2000cc,가솔린 2.0 4WD,프레스티지,48652,1611,644,234,14,9
2361,국산,기아,셀토스,더 뉴 셀토스,가솔린 2000cc,가솔린 2.0 4WD,그래비티,48652,1611,644,234,14,4
2362,국산,기아,셀토스,더 뉴 셀토스,가솔린 2000cc,가솔린 2.0 4WD,시그니처,48652,1611,644,234,14,1
2363,국산,기아,K5,K5,가솔린 2400cc,2.4 GDI 노블레스,,48652,4470,276,5,2,
2364,국산,기아,K7,K7 프리미어,LPG 3000cc,3.0 LPI 트렌디(렌터카),,48652,2868,752,91,34,
2365,국산,기아,카니발,더 뉴 카니발 4세대,가솔린 3500cc,가솔린 7인승 하이리무진,시그니처,48652,9273,1307,376,28,28
2366,국산,기아,카니발,더 뉴 카니발,가솔린 7 인승,가솔린 7인승 하이리무진(특장업체),,48652,9273,1823,94,8,
2367,국산,기아,모하비,모하비,디젤 3000cc 이하,4WD JV300,(세부등급 없음),48652,2088,362,354,7,6
2368,국산,기아,모하비,모하비,디젤 3000cc 이하,4WD JV300,고급형,48652,2088,362,354,7,1
2369,국산,기아,K7,더 프레스티지 K7,LPG 3000cc,LPI 3.0 럭셔리,,48652,2868,74,9,2,
2370,국산,기아,카니발,카니발 4세대,가솔린 3500cc,가솔린 4인승 하이리무진,시그니처,48652,9273,3724,1105,29,29
2371,국산,기아,카니발,올 뉴 카니발,가솔린 7 인승,가솔린 7인승 리무진,프레지던트,48652,9273,2097,79,43,43
2372,국산,기아,셀토스,셀토스,디젤 1600cc,디젤 1.6 4WD,시그니처,48652,1611,877,141,22,7
2373,국산,기아,셀토스,셀토스,디젤 1600cc,디젤 1.6 4WD,트렌디,48652,1611,877,141,22,6
2374,국산,기아,셀토스,셀토스,디젤 1600cc,디젤 1.6 4WD,프레스티지,48652,1611,877,141,22,5
2375,국산,기아,셀토스,셀토스,디젤 1600cc,디젤 1.6 4WD,노블레스,48652,1611,877,141,22,4
2376,국산,기아,K3,더 뉴 K3,디젤 1600cc,디젤 디럭스,,48652,2596,358,38,3,
2377,국산,기아,K7,K7 프리미어,LPG 3000cc,3.0 LPI 프레스티지,,48652,2868,752,91,19,
2378,국산,기아,K3,올 뉴 K3,가솔린 1600cc,스탠다드,,48652,2596,739,739,43,
2379,국산,기아,모하비,모하비,디젤 3000cc 이하,2WD QV300,(세부등급 없음),48652,2088,362,354,5,3
2380,국산,기아,모하비,모하비,디젤 3000cc 이하,2WD QV300,고급형,48652,2088,362,354,5,1
2381,국산,기아,모하비,모하비,디젤 3000cc 이하,2WD QV300,최고급형,48652,2088,362,354,5,1
2382,국산,기아,카니발,더 뉴 카니발 4세대,가솔린 3500cc,가솔린 7인승 그래비티,,48652,9273,1307,376,27,
2383,국산,기아,K7,올 뉴 K7,가솔린 3300cc,3.3 GDI 리미티드 에디션,,48652,2868,1342,253,20,
2384,국산,기아,카니발,올 뉴 카니발,가솔린 7 인승,가솔린 7인승 하이리무진,프레지던트,48652,9273,2097,79,36,36
2385,국산,기아,K7,K7,가솔린 2700cc,VG270 럭셔리,프리미엄,48652,2868,28,9,4,3
2386,국산,기아,K7,K7,가솔린 2700cc,VG270 럭셔리,기본형,48652,2868,28,9,4,1
2387,국산,기아,K3,K3,가솔린 1600cc,에코플러스,,48652,2596,589,519,2,
2388,국산,기아,K3,더 뉴 K3,디젤 1600cc,디젤 노블레스,,48652,2596,358,38,2,
2389,국산,기아,K3,올 뉴 K3,가솔린 1600cc,5도어 GT 플러스,,48652,2596,739,739,33,
2390,국산,기아,카니발,카니발 4세대,가솔린 3500cc,가솔린 7인승 아웃도어,노블레스,48652,9273,3724,1105,17,17
2391,국산,기아,카니발,더 뉴 카니발,가솔린 11 인승,가솔린 11인승 프레스티지,,48652,9273,1823,4,4,
2392,국산,기아,K7,K7 프리미어,LPG 3000cc,3.0 LPI 프레스티지(렌터카),,48652,2868,752,91,17,
2393,국산,기아,K7,더 뉴 K7,가솔린 3300cc,3.3 GDI 노블레스,,48652,2868,332,5,5,
2394,국산,기아,K7,더 프레스티지 K7,가솔린 3300cc,3.3 GDI 노블레스,,48652,2868,74,4,4,
2395,국산,기아,K3,올 뉴 K3,가솔린 1600cc,5도어 GT 시그니처,,48652,2596,739,739,16,
2396,국산,기아,카니발,더 뉴 카니발 4세대,가솔린 3500cc,가솔린 9인승 프레스티지,,48652,9273,1307,376,25,
2397,국산,기아,모하비,모하비,디젤 3000cc 이하,2WD JV300,에센스,48652,2088,362,354,3,2
2398,국산,기아,모하비,모하비,디젤 3000cc 이하,2WD JV300,고급형,48652,2088,362,354,3,1
2399,국산,기아,K7,K7,가솔린 2700cc,VG270 프레스티지,프리미엄,48652,2868,28,9,4,3
2400,국산,기아,K7,K7,가솔린 2700cc,VG270 프레스티지,기본형,48652,2868,28,9,4,1
2401,국산,기아,K7,K7 프리미어,LPG 3000cc,3.0 LPI 스탠다드(렌터카),,48652,2868,752,91,9,
2402,국산,기아,K7,올 뉴 K7,LPG 3000cc,3.0 LPI 럭셔리 (렌터카),,48652,2868,1342,233,140,
2403,국산,기아,K3,K3,가솔린 1600cc,W 스페셜,,48652,2596,589,519,1,
2404,국산,기아,K8,더 뉴 K8 하이브리드,가솔린+전기 1600cc,시그니처,,48652,1556,162,162,98,
2405,국산,기아,카니발,카니발 4세대,가솔린 3500cc,가솔린 11인승 프레스티지,,48652,9273,3724,1105,15,
2406,국산,기아,K3,올 뉴 K3,가솔린 1600cc,시그니처,,48652,2596,739,739,14,
2407,국산,기아,카니발,올 뉴 카니발,디젤 6 인승,6인승 휠체어 리프트,,48652,9273,2097,13,13,
2408,국산,기아,K8,K8,가솔린 2WD,2.5 가솔린 2WD,노블레스,48652,1556,741,462,417,259
2409,국산,기아,K8,K8,가솔린 2WD,2.5 가솔린 2WD,시그니처,48652,1556,741,462,417,96
2410,국산,기아,K8,K8,가솔린 2WD,2.5 가솔린 2WD,노블레스 라이트,48652,1556,741,462,417,36
2411,국산,기아,K8,K8,가솔린 2WD,2.5 가솔린 2WD,시그니처 스페셜,48652,1556,741,462,417,26
2412,국산,기아,카니발,더 뉴 카니발 4세대,가솔린 3500cc,가솔린 9인승 하이리무진,시그니처,48652,9273,1307,376,25,25
2413,국산,기아,카니발,카니발 4세대,가솔린 3500cc,가솔린 11인승 시그니처,,48652,9273,3724,1105,11,
2414,국산,기아,니로,디 올 뉴 니로,가솔린+전기 1600cc,프레스티지,,48652,1443,376,376,156,
2415,국산,기아,니로,디 올 뉴 니로 EV,전기,에어,,48652,1443,241,241,206,
2416,국산,기아,K3,올 뉴 K3,가솔린 1600cc,GT 플러스,,48652,2596,739,739,7,
2417,국산,기아,K8,K8,가솔린 2WD,3.5 가솔린 2WD,시그니처,48652,1556,741,462,45,30
2418,국산,기아,K8,K8,가솔린 2WD,3.5 가솔린 2WD,노블레스,48652,1556,741,462,45,15
2419,국산,기아,카니발,더 뉴 카니발,가솔린 4 인승,가솔린 4인승 하이리무진(특장업체),,48652,9273,1823,3,3,
2420,국산,기아,K8,K8 하이브리드,가솔린+전기 1600cc,노블레스,,48652,1556,496,496,277,
2421,국산,기아,K8,더 뉴 K8 하이브리드,가솔린+전기 1600cc,노블레스,,48652,1556,162,162,47,
2422,국산,기아,K7,K7 프리미어,LPG 3000cc,3.0 LPI 택시형,트렌디,48652,2868,752,91,9,7
2423,국산,기아,K7,K7 프리미어,LPG 3000cc,3.0 LPI 택시형,스탠다드,48652,2868,752,91,9,2
2424,국산,기아,니로,니로 EV,전기,노블레스,,48652,1443,123,123,70,
2425,국산,기아,K8,더 뉴 K8,가솔린 2WD,2.5 가솔린 2WD,노블레스,48652,1556,157,108,104,46
2426,국산,기아,K8,더 뉴 K8,가솔린 2WD,2.5 가솔린 2WD,시그니처,48652,1556,157,108,104,38
2427,국산,기아,K8,더 뉴 K8,가솔린 2WD,2.5 가솔린 2WD,베스트 셀렉션,48652,1556,157,108,104,12
2428,국산,기아,K8,더 뉴 K8,가솔린 2WD,2.5 가솔린 2WD,노블레스 라이트,48652,1556,157,108,104,7
2429,국산,기아,K8,더 뉴 K8,가솔린 2WD,2.5 가솔린 2WD,시그니처 블랙,48652,1556,157,108,104,1
2430,국산,기아,카니발,더 뉴 카니발 4세대,가솔린 3500cc,가솔린 7인승 노블레스,,48652,9273,1307,376,20,
2431,국산,기아,카니발,카니발 4세대,가솔린 3500cc,가솔린 4인승 하이리무진 (특장업체),,48652,9273,3724,1105,8,
2432,국산,기아,K7,K7,가솔린 2700cc,VG270 디럭스,스페셜,48652,2868,28,9,1,1
2433,국산,기아,니로,디 올 뉴 니로,가솔린+전기 1600cc,시그니처,,48652,1443,376,376,147,
2434,국산,기아,니로,디 올 뉴 니로 EV,전기,어스,,48652,1443,241,241,35,
2435,국산,기아,K7,올 뉴 K7,LPG 3000cc,3.0 LPI 프레스티지 (렌터카),,48652,2868,1342,233,60,
2436,국산,기아,K3,올 뉴 K3,가솔린 1600cc,GT 베이직,,48652,2596,739,739,6,
2437,국산,기아,K8,K8 하이브리드,가솔린+전기 1600cc,시그니처,,48652,1556,496,496,172,
2438,국산,기아,카니발,올 뉴 카니발,디젤 5 인승,5인승 휠체어 리프트,,48652,9273,2097,2,2,
2439,국산,기아,K8,더 뉴 K8 하이브리드,가솔린+전기 1600cc,시그니처 블랙,,48652,1556,162,162,10,
2440,국산,기아,모하비,모하비,가솔린 3000cc 이상,보레고(수출형),,48652,2088,362,8,3,
2441,국산,기아,K7,K7 프리미어,LPG 3000cc,3.0 LPI 노블레스,,48652,2868,752,91,3,
2442,국산,기아,니로,니로 EV,전기,프레스티지,,48652,1443,123,123,46,
2443,국산,기아,니로,니로 플러스,전기,에어,,48652,1443,197,197,124,
2444,국산,기아,카니발,더 뉴 카니발 4세대,가솔린 3500cc,가솔린 7인승 시그니처,,48652,9273,1307,376,20,
2445,국산,기아,K8,K8,LPG 2WD,3.5 LPG 2WD,트렌디(렌터카),48652,1556,741,242,242,66
2446,국산,기아,K8,K8,LPG 2WD,3.5 LPG 2WD,트렌디(택시형),48652,1556,741,242,242,48
2447,국산,기아,K8,K8,LPG 2WD,3.5 LPG 2WD,프레스티지(렌터카),48652,1556,741,242,242,38
2448,국산,기아,K8,K8,LPG 2WD,3.5 LPG 2WD,스탠다드(렌터카),48652,1556,741,242,242,35
2449,국산,기아,K8,K8,LPG 2WD,3.5 LPG 2WD,프레스티지,48652,1556,741,242,242,27
2450,국산,기아,K8,K8,LPG 2WD,3.5 LPG 2WD,노블레스,48652,1556,741,242,242,17
2451,국산,기아,K8,K8,LPG 2WD,3.5 LPG 2WD,스탠다드(택시형),48652,1556,741,242,242,11
2452,국산,기아,K3,올 뉴 K3,가솔린 1600cc,스탠다드 LED 팩,,48652,2596,739,739,6,
2453,국산,기아,카니발,카니발 4세대,가솔린 3500cc,가솔린 7인승 하이리무진(특장업체),,48652,9273,3724,1105,8,
2454,국산,기아,니로,니로,가솔린+전기 1600cc,프레스티지,,48652,1443,294,294,141,
2455,국산,기아,K8,더 뉴 K8,가솔린 2WD,3.5 가솔린 2WD,시그니처,48652,1556,157,108,4,3
2456,국산,기아,K8,더 뉴 K8,가솔린 2WD,3.5 가솔린 2WD,시그니처 블랙,48652,1556,157,108,4,1
2457,국산,기아,모하비,모하비,가솔린 3000cc 이상,가솔린 2WD JV380,에센스,48652,2088,362,8,2,2
2458,국산,기아,K8,더 뉴 K8 하이브리드,가솔린+전기 1600cc,노블레스 라이트,,48652,1556,162,162,5,
2459,국산,기아,K7,올 뉴 K7,LPG 3000cc,3.0 LPI 택시형,디럭스,48652,2868,1342,233,10,5
2460,국산,기아,K7,올 뉴 K7,LPG 3000cc,3.0 LPI 택시형,럭셔리,48652,2868,1342,233,10,5
2461,국산,기아,니로,더 뉴 니로,가솔린+전기 1600cc,1.6 HEV,노블레스 스페셜,48652,1443,196,196,196,77
2462,국산,기아,니로,더 뉴 니로,가솔린+전기 1600cc,1.6 HEV,프레스티지,48652,1443,196,196,196,65
2463,국산,기아,니로,더 뉴 니로,가솔린+전기 1600cc,1.6 HEV,럭셔리,48652,1443,196,196,196,19
2464,국산,기아,니로,더 뉴 니로,가솔린+전기 1600cc,1.6 HEV,시그니처,48652,1443,196,196,196,16
2465,국산,기아,니로,더 뉴 니로,가솔린+전기 1600cc,1.6 HEV,노블레스,48652,1443,196,196,196,14
2466,국산,기아,니로,더 뉴 니로,가솔린+전기 1600cc,1.6 HEV,트렌디,48652,1443,196,196,196,5
2467,국산,기아,카니발,더 뉴 카니발,디젤 8 인승,8인승 수출형,,48652,9273,1823,2,2,
2468,국산,기아,K8,K8 하이브리드,가솔린+전기 1600cc,시그니처 스페셜,,48652,1556,496,496,31,
2469,국산,기아,K3,올 뉴 K3,가솔린 1600cc,5도어 GT 베이직,,48652,2596,739,739,1,
2470,국산,기아,카니발,카니발 4세대,가솔린 3500cc,가솔린 11인승 노블레스,,48652,9273,3724,1105,4,
2471,국산,기아,K7,K7,가솔린 2400cc,VG240 디럭스,기본형,48652,2868,28,4,4,2
2472,국산,기아,K7,K7,가솔린 2400cc,VG240 디럭스,스페셜,48652,2868,28,4,4,2
2473,국산,기아,니로,니로,가솔린+전기 1600cc,노블레스,,48652,1443,294,294,114,
2474,국산,기아,카니발,더 뉴 카니발 4세대,가솔린 3500cc,가솔린 7인승 X Line,,48652,9273,1307,376,13,
2475,국산,기아,K3,K3,디젤 1600cc,디젤 프레스티지,,48652,2596,589,70,26,
2476,국산,기아,모하비,모하비,가솔린 3000cc 이상,가솔린 2WD KV380,고급형,48652,2088,362,8,2,2
2477,국산,기아,K8,더 뉴 K8 하이브리드,가솔린+전기 1600cc,베스트 셀렉션,,48652,1556,162,162,2,
2478,국산,기아,K8,K8,가솔린 4WD,3.5 가솔린 4WD,플래티넘,48652,1556,741,37,37,29
2479,국산,기아,K8,K8,가솔린 4WD,3.5 가솔린 4WD,노블레스,48652,1556,741,37,37,4
2480,국산,기아,K8,K8,가솔린 4WD,3.5 가솔린 4WD,시그니처,48652,1556,741,37,37,4
2481,국산,기아,니로,디 올 뉴 니로,가솔린+전기 1600cc,트렌디,,48652,1443,376,376,65,
2482,국산,기아,K7,올 뉴 K7,LPG 3000cc,3.0 LPI 노블레스(장애인용),,48652,2868,1342,233,9,
2483,국산,기아,니로,니로 플러스,전기,어스,,48652,1443,197,197,63,
2484,국산,기아,K3,K3,디젤 1600cc,디젤 노블레스,,48652,2596,589,70,17,
2485,국산,기아,니로,더 뉴 니로 2세대,가솔린+전기 1600cc,프레스티지,,48652,1443,16,16,11,
2486,국산,기아,니로,니로,가솔린+전기 1600cc,럭셔리,,48652,1443,294,294,33,
2487,국산,기아,모하비,모하비,가솔린 3000cc 이상,가솔린 4WD KV460,최고급형,48652,2088,362,8,1,1
2488,국산,기아,K7,K7 프리미어,디젤 2200cc,2.2 디젤 노블레스,,48652,2868,752,23,13,
2489,국산,기아,카니발,더 뉴 카니발 4세대,가솔린 3500cc,가솔린 9인승 X Line,,48652,9273,1307,376,11,
2490,국산,기아,K8,더 뉴 K8,LPG 2WD,3.5 LPG 2WD,노블레스(택시),48652,1556,157,44,44,24
2491,국산,기아,K8,더 뉴 K8,LPG 2WD,3.5 LPG 2WD,프레스티지,48652,1556,157,44,44,9
2492,국산,기아,K8,더 뉴 K8,LPG 2WD,3.5 LPG 2WD,프레스티지(렌터카),48652,1556,157,44,44,8
2493,국산,기아,K8,더 뉴 K8,LPG 2WD,3.5 LPG 2WD,노블레스,48652,1556,157,44,44,3
2494,국산,기아,니로,니로 EV,전기,택시형,,48652,1443,123,123,7,
2495,국산,기아,K7,올 뉴 K7,LPG 3000cc,3.0 LPI 프레스티지(장애인용),,48652,2868,1342,233,6,
2496,국산,기아,K8,K8 하이브리드,가솔린+전기 1600cc,노블레스 라이트,,48652,1556,496,496,16,
2497,국산,기아,니로,니로 플러스,전기,라이트 (택시형),,48652,1443,197,197,8,
2498,국산,기아,K3,K3,디젤 1600cc,디젤 트렌디,,48652,2596,589,70,14,
2499,국산,기아,K7,K7,가솔린 3500cc,VG350 노블레스,프리미엄,48652,2868,28,4,4,3
2500,국산,기아,K7,K7,가솔린 3500cc,VG350 노블레스,기본형,48652,2868,28,4,4,1
2501,국산,기아,K7,K7 프리미어,디젤 2200cc,2.2 디젤 프레스티지,,48652,2868,752,23,10,
2502,국산,기아,니로,더 뉴 니로 2세대,가솔린+전기 1600cc,시그니처,,48652,1443,16,16,5,
2503,국산,기아,K7,올 뉴 K7,LPG 3000cc,3.0 LPI 디럭스 (렌터카),,48652,2868,1342,233,4,
2504,국산,기아,K3,K3,디젤 1600cc,디젤 럭셔리,,48652,2596,589,70,8,
2505,국산,기아,니로,니로 플러스,전기,에어 (택시형),,48652,1443,197,197,2,
2506,국산,기아,카니발,카니발 4세대,LPG 3500cc,구조변경(LPG),,48652,9273,3724,18,16,
2507,국산,기아,니로,니로,가솔린+전기 1600cc,1.6 플러그인 HEV,노블레스,48652,1443,294,294,6,4
2508,국산,기아,니로,니로,가솔린+전기 1600cc,1.6 플러그인 HEV,프레스티지,48652,1443,294,294,6,2
2509,국산,기아,K8,더 뉴 K8,가솔린 4WD,3.5 가솔린 4WD,시그니처,48652,1556,157,5,5,4
2510,국산,기아,K8,더 뉴 K8,가솔린 4WD,3.5 가솔린 4WD,시그니처 블랙,48652,1556,157,5,5,1
2511,국산,기아,K3,K3,디젤 1600cc,디젤 W 스페셜,,48652,2596,589,70,5,
2512,국산,기아,K7,올 뉴 K7,LPG 3000cc,3.0 LPI 럭셔리,,48652,2868,1342,233,3,
2513,국산,기아,니로,디 올 뉴 니로,가솔린+전기 1600cc,베스트 셀렉션,,48652,1443,376,376,8,
2514,국산,기아,카니발,카니발 4세대,LPG 3500cc,하이리무진 구조변경(LPG),,48652,9273,3724,18,2,
2515,국산,기아,카니발,더 뉴 카니발 4세대,가솔린 3500cc,가솔린 4인승 하이리무진,시그니처,48652,9273,1307,376,10,10
2516,국산,기아,K9,더 K9,가솔린 4WD,3.8 GDI AWD,플래티넘Ⅱ,48652,1291,612,484,403,137
2517,국산,기아,K9,더 K9,가솔린 4WD,3.8 GDI AWD,베스트 셀렉션Ⅰ,48652,1291,612,484,403,96
2518,국산,기아,K9,더 K9,가솔린 4WD,3.8 GDI AWD,플래티넘Ⅲ,48652,1291,612,484,403,68
2519,국산,기아,K9,더 K9,가솔린 4WD,3.8 GDI AWD,그랜드 플래티넘,48652,1291,612,484,403,48
2520,국산,기아,K9,더 K9,가솔린 4WD,3.8 GDI AWD,플래티넘Ⅰ,48652,1291,612,484,403,36
2521,국산,기아,K9,더 K9,가솔린 4WD,3.8 GDI AWD,베스트 셀렉션Ⅱ,48652,1291,612,484,403,11
2522,국산,기아,K9,더 K9,가솔린 4WD,3.8 GDI AWD,플래티넘,48652,1291,612,484,403,7
2523,국산,기아,K7,올 뉴 K7,LPG 3000cc,3.0 LPI 프레스티지,,48652,2868,1342,233,1,
2524,국산,기아,K9,더 뉴 K9 2세대,가솔린 4WD,3.8 GDI AWD,베스트 셀렉션 Ⅰ,48652,1291,429,406,315,200
2525,국산,기아,K9,더 뉴 K9 2세대,가솔린 4WD,3.8 GDI AWD,마스터즈,48652,1291,429,406,315,48
2526,국산,기아,K9,더 뉴 K9 2세대,가솔린 4WD,3.8 GDI AWD,베스트 셀렉션 Ⅱ,48652,1291,429,406,315,48
2527,국산,기아,K9,더 뉴 K9 2세대,가솔린 4WD,3.8 GDI AWD,플래티넘,48652,1291,429,406,315,19
2528,국산,기아,K9,K9,가솔린 3300cc,3.3 GDI 노블레스,스페셜,48652,1291,126,103,43,34
2529,국산,기아,K9,K9,가솔린 3300cc,3.3 GDI 노블레스,기본형,48652,1291,126,103,43,9
2530,국산,기아,카니발,더 뉴 카니발 4세대,가솔린 3500cc,가솔린 4인승 하이리무진 (특장업체),,48652,9273,1307,376,3,
2531,국산,기아,K9,더 뉴 K9 2세대,가솔린 4WD,3.3 T-GDI AWD,베스트 셀렉션 Ⅰ,48652,1291,429,406,64,26
2532,국산,기아,K9,더 뉴 K9 2세대,가솔린 4WD,3.3 T-GDI AWD,베스트 셀렉션 Ⅱ,48652,1291,429,406,64,25
2533,국산,기아,K9,더 뉴 K9 2세대,가솔린 4WD,3.3 T-GDI AWD,마스터즈,48652,1291,429,406,64,9
2534,국산,기아,K9,더 뉴 K9 2세대,가솔린 4WD,3.3 T-GDI AWD,플래티넘,48652,1291,429,406,64,4
2535,국산,기아,K9,더 뉴 K9 2세대,가솔린 4WD,3.3 GDI AWD,,48652,1291,429,406,27,
2536,국산,기아,K9,더 K9,가솔린 4WD,3.3 T-GDI AWD,마스터즈 Ⅱ,48652,1291,612,484,50,17
2537,국산,기아,K9,더 K9,가솔린 4WD,3.3 T-GDI AWD,그랜드 마스터즈,48652,1291,612,484,50,16
2538,국산,기아,K9,더 K9,가솔린 4WD,3.3 T-GDI AWD,마스터즈 Ⅲ,48652,1291,612,484,50,8
2539,국산,기아,K9,더 K9,가솔린 4WD,3.3 T-GDI AWD,베스트 셀렉션Ⅱ,48652,1291,612,484,50,7
2540,국산,기아,K9,더 K9,가솔린 4WD,3.3 T-GDI AWD,마스터즈,48652,1291,612,484,50,2
2541,국산,기아,K9,K9,가솔린 3300cc,3.3 GDI 이그제큐티브,,48652,1291,126,103,29,
2542,국산,기아,스토닉,스토닉,디젤 1600cc,디젤 1.6,프레스티지,48652,308,308,165,165,89
2543,국산,기아,스토닉,스토닉,디젤 1600cc,디젤 1.6,트렌디,48652,308,308,165,165,61
2544,국산,기아,스토닉,스토닉,디젤 1600cc,디젤 1.6,디럭스,48652,308,308,165,165,15
2545,국산,기아,EV6,EV6,전기,롱레인지,어스,48652,680,630,630,452,217
2546,국산,기아,EV6,EV6,전기,롱레인지,에어,48652,680,630,630,452,172
2547,국산,기아,EV6,EV6,전기,롱레인지,GT Line,48652,680,630,630,452,40
2548,국산,기아,EV6,EV6,전기,롱레인지,라이트,48652,680,630,630,452,23
2549,국산,기아,K7,올 뉴 K7,디젤 2200cc,2.2 디젤 프레스티지,,48652,2868,1342,137,83,
2550,국산,기아,EV6,더 뉴 EV6,전기 4WD,롱레인지 4WD,어스,48652,680,50,33,31,15
2551,국산,기아,EV6,더 뉴 EV6,전기 4WD,롱레인지 4WD,GT Line,48652,680,50,33,31,12
2552,국산,기아,EV6,더 뉴 EV6,전기 4WD,롱레인지 4WD,라이트,48652,680,50,33,31,2
2553,국산,기아,EV6,더 뉴 EV6,전기 4WD,롱레인지 4WD,에어,48652,680,50,33,31,2
2554,국산,기아,카니발,더 뉴 카니발 4세대,가솔린 3500cc,가솔린 5인승 휠체어 리프트,,48652,9273,1307,376,1,
2555,국산,기아,K9,더 뉴 K9,가솔린 3300cc,3.3 GDI 이그제큐티브,,48652,1291,124,67,48,
2556,국산,기아,K9,더 K9,가솔린 4WD,5.0 GDI AWD,퀀텀,48652,1291,612,484,17,17
2557,국산,기아,EV6,EV6,전기,롱레인지 4WD,어스,48652,680,630,630,127,52
2558,국산,기아,EV6,EV6,전기,롱레인지 4WD,GT Line,48652,680,630,630,127,43
2559,국산,기아,EV6,EV6,전기,롱레인지 4WD,에어,48652,680,630,630,127,31
2560,국산,기아,EV6,EV6,전기,롱레인지 4WD,라이트,48652,680,630,630,127,1
2561,국산,기아,K9,K9,가솔린 3300cc,3.3 GDI 프레스티지,기본형,48652,1291,126,103,23,11
2562,국산,기아,K9,K9,가솔린 3300cc,3.3 GDI 프레스티지,(세부등급 없음),48652,1291,126,103,23,10
2563,국산,기아,K9,K9,가솔린 3300cc,3.3 GDI 프레스티지,스페셜,48652,1291,126,103,23,2
2564,국산,기아,EV6,더 뉴 EV6,전기 4WD,GT 4WD,,48652,680,50,33,2,
2565,국산,기아,스팅어,스팅어,가솔린 2000cc,2.0 터보 2WD,플래티넘,48652,622,415,224,137,100
2566,국산,기아,스팅어,스팅어,가솔린 2000cc,2.0 터보 2WD,프라임,48652,622,415,224,137,20
2567,국산,기아,스팅어,스팅어,가솔린 2000cc,2.0 터보 2WD,드림에디션,48652,622,415,224,137,17
2568,국산,기아,스팅어,스팅어 마이스터,가솔린 4WD,3.3 GT AWD 마스터즈 터보 패키지,,48652,622,207,126,45,
2569,국산,기아,K9,더 뉴 K9 2세대,가솔린 2WD,3.8 GDI,플래티넘,48652,1291,429,23,18,18
2570,국산,기아,K9,더 뉴 K9,가솔린 3300cc,3.3 GDI 프레스티지,,48652,1291,124,67,19,
2571,국산,기아,K7,올 뉴 K7,디젤 2200cc,2.2 디젤 리미티드,,48652,2868,1342,137,40,
2572,국산,기아,K9,더 K9,가솔린 4WD,3.3 GDI AWD,(세부등급 없음),48652,1291,612,484,14,14
2573,국산,기아,K9,K9,가솔린 3300cc,3.3 GDI RVIP,,48652,1291,126,103,8,
2574,국산,기아,EV6,EV6,전기,스탠다드,어스,48652,680,630,630,22,11
2575,국산,기아,EV6,EV6,전기,스탠다드,라이트,48652,680,630,630,22,7
2576,국산,기아,EV6,EV6,전기,스탠다드,에어,48652,680,630,630,22,4
2577,국산,기아,스팅어,스팅어,가솔린 2000cc,2.0 터보 AWD,플래티넘,48652,622,415,224,87,66
2578,국산,기아,스팅어,스팅어,가솔린 2000cc,2.0 터보 AWD,프라임,48652,622,415,224,87,17
2579,국산,기아,스팅어,스팅어,가솔린 2000cc,2.0 터보 AWD,드림에디션,48652,622,415,224,87,4
2580,국산,기아,스팅어,스팅어 마이스터,가솔린 4WD,2.5 AWD 마스터즈,,48652,622,207,126,42,
2581,국산,기아,K9,더 뉴 K9 2세대,가솔린 2WD,3.3 T-GDI,플래티넘,48652,1291,429,23,3,3
2582,국산,기아,K7,올 뉴 K7,디젤 2200cc,2.2 디젤 리미티드 에디션,,48652,2868,1342,137,11,
2583,국산,기아,K9,더 뉴 K9 2세대,가솔린 2WD,3.3 GDI,,48652,1291,429,23,2,
2584,국산,기아,카니발,더 뉴 카니발 4세대,디젤 2200cc,디젤 9인승 노블레스,,48652,9273,1307,325,75,
2585,국산,기아,EV6,EV6,전기,스탠다드 4WD,에어,48652,680,630,630,16,12
2586,국산,기아,EV6,EV6,전기,스탠다드 4WD,어스,48652,680,630,630,16,4
2587,국산,기아,스팅어,스팅어 마이스터,가솔린 4WD,3.3 GT AWD 아크로 에디션,,48652,622,207,126,18,
2588,국산,기아,K7,올 뉴 K7,디젤 2200cc,2.2 디젤 노블레스,,48652,2868,1342,137,3,
2589,국산,기아,K9,더 뉴 K9,가솔린 3800cc,3.8 GDI 노블레스,,48652,1291,124,42,16,
2590,국산,기아,K9,K9,가솔린 3800cc,3.8 GDI 이그제큐티브,,48652,1291,126,23,6,
2591,국산,기아,스토닉,스토닉,가솔린 1400cc,1.4,프레스티지,48652,308,308,120,120,64
2592,국산,기아,스토닉,스토닉,가솔린 1400cc,1.4,트렌디,48652,308,308,120,120,39
2593,국산,기아,스토닉,스토닉,가솔린 1400cc,1.4,디럭스,48652,308,308,120,120,17
2594,국산,기아,스팅어,스팅어,가솔린 3300cc,3.3 터보 AWD,GT,48652,622,415,157,108,104
2595,국산,기아,스팅어,스팅어,가솔린 3300cc,3.3 터보 AWD,마스터즈,48652,622,415,157,108,4
2596,국산,기아,K9,더 K9,가솔린 2WD,3.8 GDI,플래티넘Ⅱ,48652,1291,612,120,106,61
2597,국산,기아,K9,더 K9,가솔린 2WD,3.8 GDI,플래티넘Ⅰ,48652,1291,612,120,106,39
2598,국산,기아,K9,더 K9,가솔린 2WD,3.8 GDI,플래티넘,48652,1291,612,120,106,6
2599,국산,기아,EV6,더 뉴 EV6,전기 2WD,롱레인지 2WD,어스,48652,680,50,17,16,7
2600,국산,기아,카니발,더 뉴 카니발 4세대,디젤 2200cc,디젤 9인승 프레스티지,,48652,9273,1307,325,48,
2601,국산,기아,EV6,더 뉴 EV6,전기 2WD,롱레인지 2WD,GT Line,48652,680,50,17,16,6
2602,국산,기아,EV6,더 뉴 EV6,전기 2WD,롱레인지 2WD,에어,48652,680,50,17,16,2
2603,국산,기아,EV6,더 뉴 EV6,전기 2WD,롱레인지 2WD,라이트,48652,680,50,17,16,1
2604,국산,기아,K9,더 뉴 K9,가솔린 3800cc,3.8 GDI VIP,,48652,1291,124,42,14,
2605,국산,기아,K9,K9,가솔린 3800cc,3.8 GDI 노블레스,기본형,48652,1291,126,23,5,3
2606,국산,기아,K9,K9,가솔린 3800cc,3.8 GDI 노블레스,(세부등급 없음),48652,1291,126,23,5,1
2607,국산,기아,K9,K9,가솔린 3800cc,3.8 GDI 노블레스,스페셜,48652,1291,126,23,5,1
2608,국산,기아,스팅어,스팅어 마이스터,가솔린 4WD,3.3 GT AWD,,48652,622,207,126,13,
2609,국산,기아,K9,더 K9,가솔린 2WD,3.3 GDI,(세부등급 없음),48652,1291,612,120,8,8
2610,국산,기아,카니발,더 뉴 카니발 4세대,디젤 2200cc,디젤 9인승 그래비티,,48652,9273,1307,325,46,
2611,국산,기아,EV6,더 뉴 EV6,전기 2WD,스탠다드 2WD,라이트,48652,680,50,17,1,1
2612,국산,기아,스팅어,스팅어 마이스터,가솔린 4WD,2.5 AWD 마스터즈 아크로 에디션,,48652,622,207,126,4,
2613,국산,기아,K9,더 뉴 K9,가솔린 3800cc,3.8 GDI 이그제큐티브,,48652,1291,124,42,12,
2614,국산,기아,K9,K9,가솔린 3800cc,3.8 GDI 프레지던트,,48652,1291,126,23,5,
2615,국산,기아,카니발,더 뉴 카니발 4세대,디젤 2200cc,디젤 9인승 시그니처,,48652,9273,1307,325,45,
2616,국산,기아,K9,더 K9,가솔린 2WD,3.3 T-GDI,마스터즈 Ⅱ,48652,1291,612,120,6,6
2617,국산,기아,EV6,EV6,전기,GT 4WD,,48652,680,630,630,13,
2618,국산,기아,스팅어,스팅어,가솔린 3300cc,3.3 터보 2WD,GT,48652,622,415,157,49,41
2619,국산,기아,스팅어,스팅어,가솔린 3300cc,3.3 터보 2WD,마스터즈,48652,622,415,157,49,8
2620,국산,기아,스팅어,스팅어 마이스터,가솔린 4WD,3.3 GT AWD 트리뷰트 에디션,,48652,622,207,126,4,
2621,국산,기아,K9,K9,가솔린 3800cc,3.8 GDI RVIP,,48652,1291,126,23,3,
2622,국산,기아,K7,올 뉴 K7,가솔린 3000cc,3.0 GDI 리미티드,,48652,2868,1342,46,32,
2623,국산,기아,스토닉,스토닉,가솔린 1000cc,1.0 터보,프레스티지,48652,308,308,23,23,14
2624,국산,기아,스토닉,스토닉,가솔린 1000cc,1.0 터보,트렌디,48652,308,308,23,23,9
2625,국산,기아,K9,K9,가솔린 3800cc,3.8 GDI VIP,,48652,1291,126,23,3,
2626,국산,기아,K7,올 뉴 K7,가솔린 3000cc,3.0 GDI 노블레스,,48652,2868,1342,46,10,
2627,국산,기아,K9,더 뉴 K9,가솔린 5000cc,5.0 GDI 퀀텀,,48652,1291,124,14,12,
2628,국산,기아,K9,K9,가솔린 3800cc,3.8 GDI 프레스티지,스페셜,48652,1291,126,23,1,1
2629,국산,기아,카니발,더 뉴 카니발 4세대,디젤 2200cc,디젤 7인승 시그니처,,48652,9273,1307,325,37,
2630,국산,기아,K7,올 뉴 K7,가솔린 3000cc,3.0 GDI 프레스티지,,48652,2868,1342,46,4,
2631,국산,기아,K9,더 K9,가솔린+LPG 4WD,3.8 AWD 구조변경 (바이퓨얼),,48652,1291,612,5,5,
2632,국산,기아,K9,더 뉴 K9,가솔린 5000cc,5.0 바이퓨얼,,48652,1291,124,14,2,
2633,국산,기아,쏘울,쏘울 EV,전기,EV,,48652,275,30,30,30,
2634,국산,기아,스팅어,스팅어 마이스터,가솔린 2WD,2.5 마스터즈,,48652,622,207,81,38,
2635,국산,기아,쏘울,쏘울 부스터,가솔린 1600cc,1.6 T-GDI 노블레스,(세부등급 없음),48652,275,70,70,65,49
2636,국산,기아,쏘울,쏘울 부스터,가솔린 1600cc,1.6 T-GDI 노블레스,스페셜,48652,275,70,70,65,16
2637,국산,기아,쏘울,더 뉴 쏘울,가솔린 1600cc,1.6 GDi 트렌디,,48652,275,14,11,4,
2638,국산,기아,프라이드,더 뉴 프라이드,가솔린 1600cc,4DR 1.6 GDI,럭셔리,48652,201,63,43,23,21
2639,국산,기아,프라이드,더 뉴 프라이드,가솔린 1600cc,4DR 1.6 GDI,프레스티지,48652,201,63,43,23,2
2640,국산,기아,스팅어,스팅어,디젤 2200cc,2.2 디젤 2WD,프라임,48652,622,415,34,17,8
2641,국산,기아,스팅어,스팅어,디젤 2200cc,2.2 디젤 2WD,플래티넘,48652,622,415,34,17,7
2642,국산,기아,스팅어,스팅어,디젤 2200cc,2.2 디젤 2WD,드림에디션,48652,622,415,34,17,2
2643,국산,기아,프라이드,프라이드,가솔린 1300cc,웨건 GLXi,,48652,201,13,13,3,
2644,국산,기아,쏘울,올 뉴 쏘울,가솔린 1600cc,1.6 GDi 프레스티지,,48652,275,72,51,28,
2645,국산,기아,프라이드,프라이드(신형),가솔린 1600cc,4DR 1.6 CVVT SLX,,48652,201,11,10,5,
2646,국산,기아,쏘울,쏘울 부스터,가솔린 1600cc,1.6 T-GDI 프레스티지,,48652,275,70,70,5,
2647,국산,기아,K9,더 뉴 K9,가솔린+LPG 3800cc,3.8 구조변경 (바이퓨얼),,48652,1291,124,1,1,
2648,국산,기아,K9,더 K9,가솔린+LPG 2WD,3.8 구조변경 (바이퓨얼),,48652,1291,612,3,3,
2649,국산,기아,쏘울,더 뉴 쏘울,가솔린 1600cc,1.6 GDi 프레스티지,,48652,275,14,11,4,
2650,국산,기아,쏘울,쏘울,가솔린 1600cc,1.6 2U,세이프티,48652,275,78,71,29,18
2651,국산,기아,쏘울,쏘울,가솔린 1600cc,1.6 2U,쿨,48652,275,78,71,29,5
2652,국산,기아,쏘울,쏘울,가솔린 1600cc,1.6 2U,고급형,48652,275,78,71,29,3
2653,국산,기아,쏘울,쏘울,가솔린 1600cc,1.6 2U,최고급형,48652,275,78,71,29,3
2654,국산,기아,스팅어,스팅어,디젤 2200cc,2.2 디젤 AWD,플래티넘,48652,622,415,34,17,13
2655,국산,기아,스팅어,스팅어,디젤 2200cc,2.2 디젤 AWD,드림에디션,48652,622,415,34,17,4
2656,국산,기아,프라이드,프라이드,가솔린 1300cc,5DR 1.3 영,,48652,201,13,13,2,
2657,국산,기아,스팅어,스팅어 마이스터,가솔린 2WD,2.5 플래티넘,,48652,622,207,81,16,
2658,국산,기아,쏘울,올 뉴 쏘울,가솔린 1600cc,1.6 GDi 프레스티지 레드존,,48652,275,72,51,8,
2659,국산,기아,카니발,더 뉴 카니발 4세대,디젤 2200cc,디젤 7인승 노블레스,,48652,9273,1307,325,25,
2660,국산,기아,쏘울,쏘울 부스터 EV,전기,노블레스,,48652,275,11,11,9,
2661,국산,기아,쏘울,더 뉴 쏘울,가솔린 1600cc,1.6 GDi 노블레스,,48652,275,14,11,3,
2662,국산,기아,프라이드,프라이드(신형),가솔린 1600cc,4DR 1.6 CVVT 골드 프리미엄,,48652,201,11,10,4,
2663,국산,기아,쏘울,쏘울,가솔린 1600cc,1.6 GDI 럭셔리,기본형,48652,275,78,71,21,14
2664,국산,기아,쏘울,쏘울,가솔린 1600cc,1.6 GDI 럭셔리,스타일팩,48652,275,78,71,21,5
2665,국산,기아,쏘울,쏘울,가솔린 1600cc,1.6 GDI 럭셔리,에코플러스,48652,275,78,71,21,2
2666,국산,기아,프라이드,프라이드,가솔린 1300cc,밴 1.3,,48652,201,13,13,2,
2667,국산,기아,프라이드,올 뉴 프라이드,가솔린 1600cc,1.6 GDI 세단,럭셔리,48652,201,114,75,43,28
2668,국산,기아,프라이드,올 뉴 프라이드,가솔린 1600cc,1.6 GDI 세단,프레스티지,48652,201,114,75,43,13
2669,국산,기아,프라이드,올 뉴 프라이드,가솔린 1600cc,1.6 GDI 세단,럭셔리 에코플러스,48652,201,114,75,43,2
2670,국산,기아,스팅어,스팅어 마이스터,가솔린 2WD,3.3 GT 마스터즈 터보 패키지,,48652,622,207,81,10,
2671,국산,기아,프라이드,프라이드(신형),가솔린 1600cc,5DR 1.6 CVVT 골드 프리미엄,,48652,201,11,10,1,
2672,국산,기아,카니발,더 뉴 카니발 4세대,디젤 2200cc,디젤 7인승 그래비티,,48652,9273,1307,325,24,
2673,국산,기아,프라이드,프라이드,가솔린 1300cc,3DR 1.3 DM,,48652,201,13,13,1,
2674,국산,기아,타스만,타스만,가솔린 2500cc,2.5T 가솔린 4WD,X-Pro,48652,193,193,193,170,66
2675,국산,기아,타스만,타스만,가솔린 2500cc,2.5T 가솔린 4WD,익스트림,48652,193,193,193,170,50
2676,국산,기아,타스만,타스만,가솔린 2500cc,2.5T 가솔린 4WD,어드벤처,48652,193,193,193,170,42
2677,국산,기아,타스만,타스만,가솔린 2500cc,2.5T 가솔린 4WD,다이내믹,48652,193,193,193,170,11
2678,국산,기아,타스만,타스만,가솔린 2500cc,2.5T 가솔린 4WD,베스트 셀렉션,48652,193,193,193,170,1
2679,국산,기아,쏘울,올 뉴 쏘울,가솔린 1600cc,1.6 GDi 럭셔리,,48652,275,72,51,6,
2680,국산,기아,쏘울,쏘울,가솔린 1600cc,1.6 스마트,,48652,275,78,71,9,
2681,국산,기아,프라이드,올 뉴 프라이드,가솔린 1600cc,1.6 GDI 해치백,럭셔리,48652,201,114,75,32,18
2682,국산,기아,프라이드,올 뉴 프라이드,가솔린 1600cc,1.6 GDI 해치백,프레스티지,48652,201,114,75,32,14
2683,국산,기아,프라이드,더 뉴 프라이드,가솔린 1600cc,5DR 1.6 GDI,럭셔리,48652,201,63,43,20,18
2684,국산,기아,프라이드,더 뉴 프라이드,가솔린 1600cc,5DR 1.6 GDI,프레스티지,48652,201,63,43,20,2
2685,국산,기아,쏘울,더 뉴 쏘울,디젤 1600cc,1.6 디젤 노블레스 스페셜,,48652,275,14,3,3,
2686,국산,기아,스팅어,스팅어 마이스터,가솔린 2WD,3.3 GT 아크로 에디션,,48652,622,207,81,7,
2687,국산,기아,카니발,더 뉴 카니발 4세대,디젤 2200cc,디젤 7인승 아웃도어,노블레스,48652,9273,1307,325,10,10
2688,국산,기아,타스만,타스만,가솔린 2500cc,2.5T 가솔린 2WD,익스트림,48652,193,193,193,23,10
2689,국산,기아,타스만,타스만,가솔린 2500cc,2.5T 가솔린 2WD,다이내믹,48652,193,193,193,23,7
2690,국산,기아,타스만,타스만,가솔린 2500cc,2.5T 가솔린 2WD,어드벤처,48652,193,193,193,23,6
2691,국산,기아,쏘울,올 뉴 쏘울,가솔린 1600cc,1.6 GDi 노블레스,,48652,275,72,51,4,
2692,국산,기아,프라이드,프라이드,가솔린 1300cc,3DR 1.3 FS,,48652,201,13,13,1,
2693,국산,기아,카니발,더 뉴 카니발 4세대,디젤 2200cc,디젤 9인승 하이리무진,시그니처,48652,9273,1307,325,8,8
2694,국산,기아,프라이드,프라이드(신형),가솔린 1400cc,4DR 1.4 DOHC LX,,48652,201,11,1,1,
2695,국산,기아,쏘울,올 뉴 쏘울,가솔린 1600cc,1.6 GDi 트렌디,,48652,275,72,51,3,
2696,국산,기아,프라이드,프라이드,가솔린 1300cc,5DR 1.3 CD,,48652,201,13,13,1,
2697,국산,기아,쏘울,쏘울,가솔린 1600cc,1.6 GDI 프리미엄,기본형,48652,275,78,71,6,6
2698,국산,기아,프라이드,더 뉴 프라이드,가솔린 1400cc,4DR 1.4 MPI,트렌디,48652,201,63,17,10,5
2699,국산,기아,프라이드,더 뉴 프라이드,가솔린 1400cc,4DR 1.4 MPI,디럭스,48652,201,63,17,10,4
2700,국산,기아,프라이드,더 뉴 프라이드,가솔린 1400cc,4DR 1.4 MPI,스마트,48652,201,63,17,10,1
2701,국산,기아,쏘울,쏘울 부스터 EV,전기,프레스티지,,48652,275,11,11,2,
2702,국산,기아,EV3,EV3,전기 2WD,롱레인지 2WD,어스,48652,191,191,189,158,77
2703,국산,기아,EV3,EV3,전기 2WD,롱레인지 2WD,에어,48652,191,191,189,158,46
2704,국산,기아,EV3,EV3,전기 2WD,롱레인지 2WD,GT Line,48652,191,191,189,158,35
2705,국산,기아,카니발,더 뉴 카니발 4세대,디젤 2200cc,디젤 9인승 하이리무진 (특장업체),,48652,9273,1307,325,7,
2706,국산,기아,프라이드,올 뉴 프라이드,가솔린 1400cc,1.4 MPI 세단,디럭스,48652,201,114,38,24,15
2707,국산,기아,프라이드,올 뉴 프라이드,가솔린 1400cc,1.4 MPI 세단,스마트 스페셜,48652,201,114,38,24,6
2708,국산,기아,프라이드,올 뉴 프라이드,가솔린 1400cc,1.4 MPI 세단,트렌디,48652,201,114,38,24,2
2709,국산,기아,프라이드,올 뉴 프라이드,가솔린 1400cc,1.4 MPI 세단,스마트,48652,201,114,38,24,1
2710,국산,기아,쏘울,올 뉴 쏘울,가솔린 1600cc,1.6 GDi 노블레스 브라운존,,48652,275,72,51,1,
2711,국산,기아,쏘울,쏘울,가솔린 1600cc,1.6 GDI 프랜드,기본형,48652,275,78,71,3,3
2712,국산,기아,프라이드,더 뉴 프라이드,가솔린 1400cc,5DR 1.4 MPI,트렌디,48652,201,63,17,7,6
2713,국산,기아,프라이드,더 뉴 프라이드,가솔린 1400cc,5DR 1.4 MPI,스마트,48652,201,63,17,7,1
2714,국산,기아,스팅어,스팅어 마이스터,가솔린 2WD,2.5 마스터즈 아크로 에디션,,48652,622,207,81,5,
2715,국산,기아,EV3,EV3,전기 2WD,스탠다드 2WD,에어,48652,191,191,189,31,17
2716,국산,기아,EV3,EV3,전기 2WD,스탠다드 2WD,어스,48652,191,191,189,31,8
2717,국산,기아,EV3,EV3,전기 2WD,스탠다드 2WD,GT Line,48652,191,191,189,31,6
2718,국산,기아,프라이드,올 뉴 프라이드,가솔린 1400cc,1.4 MPI 해치백,디럭스,48652,201,114,38,14,12
2719,국산,기아,프라이드,올 뉴 프라이드,가솔린 1400cc,1.4 MPI 해치백,스마트 스페셜,48652,201,114,38,14,1
2720,국산,기아,프라이드,올 뉴 프라이드,가솔린 1400cc,1.4 MPI 해치백,트렌디,48652,201,114,38,14,1
2721,국산,기아,프라이드,프라이드,가솔린 1300cc,5DR 1.3 DM,,48652,201,13,13,1,
2722,국산,기아,쏘울,쏘울,가솔린 1600cc,1.6 4U,코스모,48652,275,78,71,1,1
2723,국산,기아,프라이드,프라이드,가솔린 1300cc,5DR 1.3 GLXi,,48652,201,13,13,1,
2724,국산,기아,쏘울,쏘울,가솔린 1600cc,1.6 GDI 디럭스,기본형,48652,275,78,71,1,1
2725,국산,기아,쏘울,올 뉴 쏘울,가솔린 1600cc,1.6 GDi 프레스티지 그린존,,48652,275,72,51,1,
2726,국산,기아,EV3,EV3,전기 4WD,롱레인지 4WD,GT Line,48652,191,191,2,2,2
2727,국산,기아,카렌스,더 뉴 카렌스,LPG 2000cc,2.0 LPI 프레스티지,,48652,151,21,12,8,
2728,국산,기아,프라이드,더 뉴 프라이드,디젤 1400cc,디젤 5DR 1.4,럭셔리,48652,201,63,3,3,3
2729,국산,기아,카니발,더 뉴 카니발 4세대,가솔린+LPG 3500cc,3.5 구조변경 (바이퓨얼),,48652,9273,1307,1,1,
2730,국산,기아,쏘울,쏘울,가솔린 1600cc,1.6 U,최고급형,48652,275,78,71,1,1
2731,국산,기아,스팅어,스팅어 마이스터,가솔린 2WD,3.3 GT,,48652,622,207,81,3,
2732,국산,기아,프라이드,프라이드,가솔린 1300cc,베타 GLXi,,48652,201,13,13,1,
2733,국산,기아,스팅어,스팅어 마이스터,가솔린 2WD,3.3 GT 트리뷰트 에디션,,48652,622,207,81,2,
2734,국산,기아,쏘울,올 뉴 쏘울,디젤 1600cc,1.6 디젤 노블레스,,48652,275,72,21,10,
2735,국산,기아,카렌스,더 뉴 카렌스,LPG 2000cc,2.0 LPI 럭셔리,,48652,151,21,12,4,
2736,국산,기아,프라이드,올 뉴 프라이드,디젤 1400cc,1.4 디젤 해치백,럭셔리,48652,201,114,1,1,1
2737,국산,기아,카렌스,올 뉴 카렌스,LPG 2000cc,2.0 LPi 프레스티지,,48652,151,75,38,23,
2738,국산,기아,쏘울,올 뉴 쏘울,디젤 1600cc,1.6 디젤 프레스티지,,48652,275,72,21,7,
2739,국산,기아,카렌스,뉴카렌스,LPG 2000cc 이하,LPI 2.0 GLX,고급형,48652,151,55,54,32,20
2740,국산,기아,카렌스,뉴카렌스,LPG 2000cc 이하,LPI 2.0 GLX,최고급형,48652,151,55,54,32,10
2741,국산,기아,카렌스,뉴카렌스,LPG 2000cc 이하,LPI 2.0 GLX,고급형 패밀리,48652,151,55,54,32,1
2742,국산,기아,카렌스,뉴카렌스,LPG 2000cc 이하,LPI 2.0 GLX,최고급형 패밀리,48652,151,55,54,32,1
2743,국산,기아,쏘울,쏘울,디젤 1600cc,디젤 1.6 럭셔리,,48652,275,78,7,3,
2744,국산,기아,카렌스,올 뉴 카렌스,LPG 2000cc,2.0 LPi 럭셔리,,48652,151,75,38,9,
2745,국산,기아,EV9,EV9,전기 4WD,롱레인지 4WD,어스,48652,143,143,134,134,77
2746,국산,기아,EV9,EV9,전기 4WD,롱레인지 4WD,GT Line,48652,143,143,134,134,53
2747,국산,기아,EV9,EV9,전기 4WD,롱레인지 4WD,에어,48652,143,143,134,134,4
2748,국산,기아,카렌스,뉴카렌스,LPG 2000cc 이하,LPI 2.0 GX,최고급형,48652,151,55,54,19,12
2749,국산,기아,카렌스,뉴카렌스,LPG 2000cc 이하,LPI 2.0 GX,고급형,48652,151,55,54,19,4
2750,국산,기아,카렌스,뉴카렌스,LPG 2000cc 이하,LPI 2.0 GX,최고급형 패밀리,48652,151,55,54,19,3
2751,국산,기아,쏘울,쏘울,디젤 1600cc,디젤 1.6 2U,쿨,48652,275,78,7,2,2
2752,국산,기아,쏘울,올 뉴 쏘울,디젤 1600cc,1.6 디젤 노블레스 브라운존,,48652,275,72,21,3,
2753,국산,기아,카렌스,올 뉴 카렌스,LPG 2000cc,2.0 LPi 트렌디,,48652,151,75,38,3,
2754,국산,기아,쏘울,쏘울,디젤 1600cc,디젤 1.6 디럭스,,48652,275,78,7,1,
2755,국산,기아,포르테,포르테,가솔린 1600cc,1.6 GDI 럭셔리,기본형,48652,93,50,48,21,15
2756,국산,기아,포르테,포르테,가솔린 1600cc,1.6 GDI 럭셔리,에코플러스,48652,93,50,48,21,6
2757,국산,기아,카렌스,더 뉴 카렌스,디젤 1700cc,1.7 VGT 프레스티지,,48652,151,21,9,9,
2758,국산,기아,카렌스,뉴카렌스,LPG 2000cc 이하,LPI 2.0 프리미엄,,48652,151,55,54,3,
2759,국산,기아,포르테,포르테 해치백,가솔린 1600cc,1.6 GDI 디럭스,,48652,93,2,2,1,
2760,국산,기아,카렌스,올 뉴 카렌스,LPG 2000cc,2.0 LPi 노블레스,,48652,151,75,38,2,
2761,국산,기아,EV5,EV5,전기 2WD,롱레인지 2WD,어스,48652,48,48,46,46,27
2762,국산,기아,EV5,EV5,전기 2WD,롱레인지 2WD,에어,48652,48,48,46,46,15
2763,국산,기아,EV5,EV5,전기 2WD,롱레인지 2WD,GT Line,48652,48,48,46,46,4
2764,국산,기아,쏘울,쏘울,디젤 1600cc,디젤 1.6 스마트,,48652,275,78,7,1,
2765,국산,기아,EV9,EV9,전기 2WD,롱레인지 2WD,어스,48652,143,143,9,9,9
2766,국산,기아,쏘울,올 뉴 쏘울,디젤 1600cc,1.6 디젤 노블레스 스페셜,,48652,275,72,21,1,
2767,국산,기아,포르테,포르테,가솔린 1600cc,1.6 GDI 디럭스,기본형,48652,93,50,48,10,6
2768,국산,기아,포르테,포르테,가솔린 1600cc,1.6 GDI 디럭스,에코플러스,48652,93,50,48,10,4
2769,국산,기아,카렌스,올 뉴 카렌스,LPG 2000cc,2.0 LPi 디럭스,,48652,151,75,38,1,
2770,국산,기아,포르테,포르테 해치백,가솔린 1600cc,1.6 GDI 럭셔리,,48652,93,2,2,1,
2771,국산,기아,오피러스,뉴오피러스,가솔린 2700cc 이상,GH330 고급형,럭셔리,48652,42,8,3,2,2
2772,국산,기아,포르테,포르테,가솔린 1600cc,1.6 GDI 프레스티지,기본형,48652,93,50,48,10,10
2773,국산,기아,EV5,EV5,전기 4WD,롱레인지 4WD,GT Line,48652,48,48,2,2,2
2774,국산,기아,오피러스,오피러스 프리미엄,가솔린 2700cc,GH270 스페셜,기본형,48652,42,33,17,9,5
2775,국산,기아,오피러스,오피러스 프리미엄,가솔린 2700cc,GH270 스페셜,럭셔리,48652,42,33,17,9,4
2776,국산,기아,오피러스,뉴오피러스,가솔린 2700cc 이상,GH330 최고급형,기본형,48652,42,8,3,1,1
2777,국산,기아,카렌스,뉴카렌스,디젤 2000cc 이하,디젤 2.0 VGT GX,고급형,48652,151,55,1,1,1
2778,국산,기아,포르테,포르테,가솔린 1600cc,1.6 CVVT 프리미엄 Si,블랙,48652,93,50,48,4,4
2779,국산,기아,포르테,포르테 쿱,가솔린 1600cc,1.6 GDI 프레스티지,,48652,93,41,29,21,
2780,국산,기아,카렌스,올 뉴 카렌스,디젤 1700cc,1.7 VGT 프레스티지,,48652,151,75,37,14,
2781,국산,기아,EV4,EV4,전기 2WD,롱레인지 2WD,어스,48652,41,41,41,32,16
2782,국산,기아,EV4,EV4,전기 2WD,롱레인지 2WD,에어,48652,41,41,41,32,10
2783,국산,기아,EV4,EV4,전기 2WD,롱레인지 2WD,GT LIne,48652,41,41,41,32,6
2784,국산,기아,오피러스,오피러스,가솔린 2700cc 이상,GH380 최고급형,프리미엄,48652,42,1,1,1,1
2785,국산,기아,포르테,포르테 쿱,가솔린 1600cc,1.6 GDI 럭셔리,,48652,93,41,29,3,
2786,국산,기아,포르테,포르테,가솔린 1600cc,1.6 CVVT Si,,48652,93,50,48,2,
2787,국산,기아,PV5,PV5,전기 2WD,카고,롱 롱레인지 베이직,48652,25,25,25,12,12
2788,국산,기아,오피러스,오피러스 프리미엄,가솔린 2700cc,GH270 디럭스,기본형,48652,42,33,17,8,4
2789,국산,기아,오피러스,오피러스 프리미엄,가솔린 2700cc,GH270 디럭스,스페셜,48652,42,33,17,8,4
2790,국산,기아,카렌스,올 뉴 카렌스,디젤 1700cc,1.7 VGT 노블레스,,48652,151,75,37,8,
2791,국산,기아,포르테,포르테 쿱,가솔린 1600cc,1.6 고급,,48652,93,41,29,3,
2792,국산,기아,포르테,포르테,가솔린 1600cc,1.6 CVVT SLi,,48652,93,50,48,1,
2793,국산,기아,로체,로체,가솔린 2000cc 이하,LEX20,기본형,48652,18,3,2,1,1
2794,국산,기아,PV5,PV5,전기 2WD,패신저,5인승 플러스,48652,25,25,25,12,12
2795,국산,기아,로체,로체 이노베이션,LPG 2000cc,LPI LX20,고급형,48652,18,13,8,8,3
2796,국산,기아,로체,로체 이노베이션,LPG 2000cc,LPI LX20,고급형 스페셜,48652,18,13,8,8,2
2797,국산,기아,로체,로체 이노베이션,LPG 2000cc,LPI LX20,최고급형 스페셜,48652,18,13,8,8,2
2798,국산,기아,로체,로체 이노베이션,LPG 2000cc,LPI LX20,기본형,48652,18,13,8,8,1
2799,국산,기아,카렌스,올 뉴 카렌스,디젤 1700cc,1.7 VGT 럭셔리,,48652,151,75,37,7,
2800,국산,기아,포르테,포르테 쿱,가솔린 1600cc,1.6 고급 레드프리미엄,,48652,93,41,29,2,
2801,국산,기아,로체,로체,가솔린 2000cc 이하,LX20,고급형,48652,18,3,2,1,1
2802,국산,기아,EV4,EV4,전기 2WD,스탠다드 2WD,에어,48652,41,41,41,9,5
2803,국산,기아,EV4,EV4,전기 2WD,스탠다드 2WD,GT Line,48652,41,41,41,9,2
2804,국산,기아,EV4,EV4,전기 2WD,스탠다드 2WD,어스,48652,41,41,41,9,2
2805,국산,기아,오피러스,오피러스 프리미엄,가솔린 3300cc,GH330 고급형,기본형,48652,42,33,12,6,5
2806,국산,기아,오피러스,오피러스 프리미엄,가솔린 3300cc,GH330 고급형,럭셔리,48652,42,33,12,6,1
2807,국산,기아,오피러스,뉴오피러스,가솔린 2700cc 이하,GH270 스페셜,기본형,48652,42,8,3,2,1
2808,국산,기아,오피러스,뉴오피러스,가솔린 2700cc 이하,GH270 스페셜,럭셔리,48652,42,8,3,2,1
2809,국산,기아,포르테,포르테,LPG+전기 1600cc,1.6 하이브리드 LPI HEV,기본,48652,93,50,2,2,2
2810,국산,기아,카렌스,올 뉴 카렌스,디젤 1700cc,1.7 VGT 디럭스,,48652,151,75,37,4,
2811,국산,기아,PV5,PV5,전기 2WD,오픈베드,롱레인지 플러스,48652,25,25,25,1,1
2812,국산,기아,카렌스,올 뉴 카렌스,디젤 1700cc,1.7 VGT 트렌디,,48652,151,75,37,3,
2813,국산,기아,오피러스,오피러스 프리미엄,가솔린 3300cc,GH330 스페셜,기본형,48652,42,33,12,2,2
2814,국산,기아,오피러스,뉴오피러스,가솔린 2700cc 이하,GH270 고급형,기본형,48652,42,8,3,1,1
2815,국산,기아,로체,로체 이노베이션,가솔린 2000cc,LEX20,최고급형,48652,18,13,4,4,4
2816,국산,기아,포르테,포르테 쿱,가솔린 2000cc,2.0 프레스티지,,48652,93,41,12,7,
2817,국산,기아,로체,로체 어드밴스,가솔린 2000cc 이하,LEX20,프리미엄,48652,18,2,2,1,1
2818,국산,기아,카렌스,올 뉴 카렌스,디젤 1700cc,1.7 VGT 에코다이나믹스,,48652,151,75,37,1,
2819,국산,기아,포르테,포르테 쿱,가솔린 2000cc,2.0 고급,,48652,93,41,12,4,
2820,국산,기아,로체,로체 어드밴스,가솔린 2000cc 이하,LX18,기본형,48652,18,2,2,1,1
2821,국산,기아,오피러스,오피러스 프리미엄,가솔린 3300cc,GH330 노블레스,,48652,42,33,12,1,
2822,국산,기아,로체,로체,LPG 2000cc 이하,LPI LX20,고급형,48652,18,3,1,1,1
2823,국산,기아,오피러스,뉴오피러스,LPG 2700cc 이하,LPI GH270 고급형,기본형,48652,42,8,2,1,1
2824,국산,기아,오피러스,오피러스 프리미엄,가솔린 3300cc,GH330 럭셔리,,48652,42,33,12,1,
2825,국산,기아,엘란,엘란,가솔린 1800cc,1.8 DOHC,,48652,4,4,4,4,
2826,국산,기아,오피러스,오피러스 프리미엄,가솔린 3300cc,GH330 최고급형,,48652,42,33,12,1,
2827,국산,기아,포르테,포르테 쿱,가솔린 2000cc,2.0 고급 레드프리미엄,,48652,93,41,12,1,
2828,국산,기아,오피러스,뉴오피러스,LPG 2700cc 이하,LPI GH270 최고급형,럭셔리,48652,42,8,2,1,1
2829,국산,기아,캐피탈,캐피탈,가솔린 1500cc,1.5 GLX,,48652,4,4,4,2,
2830,국산,기아,오피러스,오피러스 프리미엄,가솔린 3300cc,GH330 프레스티지,,48652,42,33,12,1,
2831,국산,기아,봉고III 미니버스,봉고III 미니버스,디젤 2900cc,코치 초장축 15인승,LTD,48652,3,3,3,2,1
2832,국산,기아,봉고III 미니버스,봉고III 미니버스,디젤 2900cc,코치 초장축 15인승,SDX,48652,3,3,3,2,1
2833,국산,기아,로체,로체 이노베이션,가솔린 2400cc,LEX24,프리미엄,48652,18,13,1,1,1
2834,국산,기아,오피러스,오피러스 프리미엄,LPG 2700cc,LPI GH270 디럭스,,48652,42,33,4,2,
2835,국산,기아,캐피탈,캐피탈,가솔린 1500cc,1.5 DOHC,,48652,4,4,4,1,
2836,국산,기아,프레지오,프레지오,디젤,그랜드 15인승 코치,LS,48652,2,2,2,2,2
2837,국산,기아,아벨라,아벨라,가솔린 1300cc,1.3 5DR,,48652,2,2,1,1,
2838,국산,기아,캐피탈,캐피탈,가솔린 1500cc,1.5 LSDi,,48652,4,4,4,1,
2839,국산,기아,오피러스,오피러스 프리미엄,LPG 2700cc,LPI GH270 럭셔리,,48652,42,33,4,1,
2840,국산,기아,봉고III 미니버스,봉고III 미니버스,디젤 2900cc,초장축 3인승 밴,LTD,48652,3,3,3,1,1
2841,국산,기아,록스타,록스타,디젤 2000cc,소프트탑,DLX,48652,1,1,1,1,1
2842,국산,기아,아벨라,아벨라,가솔린 1500cc,1.5,,48652,2,2,1,1,
2843,국산,기아,오피러스,오피러스 프리미엄,LPG 2700cc,LPI GH270 최고급형,럭셔리,48652,42,33,4,1,1
2844,국산,기아,리갈,리갈,가솔린 2000cc,R20,고급형,48652,1,1,1,1,1
2845,국산,기아,비스토,비스토,가솔린 800cc,QUE,기본형,48652,1,1,1,1,1
2846,국산,기아,포텐샤,포텐샤,가솔린 2000cc,2.0 DOHC,,48652,1,1,1,1,
2847,국산,기아,타우너,타우너,LPG 800cc,LPG 트럭 롱,SDX,48652,1,1,1,1,1
2848,국산,기아,스펙트라,스펙트라,가솔린 1500cc,1.5 Di 골드,고급형,48652,1,1,1,1,1
2849,국산,기아,엔터프라이즈,엔터프라이즈,가솔린 2500cc,2.5 SL,,48652,1,1,1,1,
2850,국산,쉐보레(GM대우),크루즈,크루즈,가솔린 1600cc 이상,1.8 LTZ+,,7976,438,141,94,51,
2851,국산,쉐보레(GM대우),스파크,스파크,가솔린 1000cc,LT,기본형,7976,2189,661,606,309,297
2852,국산,쉐보레(GM대우),스파크,스파크,가솔린 1000cc,LT,스페셜 에디션,7976,2189,661,606,309,12
2853,국산,쉐보레(GM대우),트레일블레이저,더 뉴 트레일블레이저,가솔린 2WD,1.3 터보 2WD,RS,7976,882,169,98,98,77
2854,국산,쉐보레(GM대우),트레일블레이저,더 뉴 트레일블레이저,가솔린 2WD,1.3 터보 2WD,프리미어,7976,882,169,98,98,15
2855,국산,쉐보레(GM대우),트레일블레이저,더 뉴 트레일블레이저,가솔린 2WD,1.3 터보 2WD,LT,7976,882,169,98,98,2
2856,국산,쉐보레(GM대우),트레일블레이저,더 뉴 트레일블레이저,가솔린 2WD,1.3 터보 2WD,액티브,7976,882,169,98,98,2
2857,국산,쉐보레(GM대우),트레일블레이저,더 뉴 트레일블레이저,가솔린 2WD,1.3 터보 2WD,액티브 리미티드 에디션,7976,882,169,98,98,2
2858,국산,쉐보레(GM대우),크루즈,올 뉴 크루즈,가솔린 1400cc,1.4 터보 LTZ,(세부등급 없음),7976,438,89,89,41,26
2859,국산,쉐보레(GM대우),크루즈,올 뉴 크루즈,가솔린 1400cc,1.4 터보 LTZ,디럭스,7976,438,89,89,41,15
2860,국산,쉐보레(GM대우),크루즈,크루즈,가솔린 1600cc 이상,1.8 LT+,,7976,438,141,94,17,
2861,국산,쉐보레(GM대우),스파크,더 뉴 스파크,가솔린 1000cc,프리미어,,7976,2189,683,683,379,
2862,국산,쉐보레(GM대우),스파크,더 넥스트 스파크,가솔린 1000cc,LT,플러스,7976,2189,844,844,430,388
2863,국산,쉐보레(GM대우),스파크,더 넥스트 스파크,가솔린 1000cc,LT,(세부등급 없음),7976,2189,844,844,430,42
2864,국산,쉐보레(GM대우),스파크,스파크,가솔린 1000cc,LS,스타,7976,2189,661,606,135,92
2865,국산,쉐보레(GM대우),스파크,스파크,가솔린 1000cc,LS,기본형,7976,2189,661,606,135,43
2866,국산,쉐보레(GM대우),말리부,말리부,가솔린 2000cc,2.0 LT 디럭스팩,,7976,1089,210,137,69,
2867,국산,쉐보레(GM대우),크루즈,어메이징 뉴 크루즈,가솔린 1800cc,1.8 LTZ,,7976,438,188,90,44,
2868,국산,쉐보레(GM대우),스파크,스파크 EV,전기,EV,,7976,2189,1,1,1,
2869,국산,쉐보레(GM대우),트랙스,더 뉴 트랙스,가솔린 1400cc,1.4 LT,코어,7976,1230,583,434,159,75
2870,국산,쉐보레(GM대우),트랙스,더 뉴 트랙스,가솔린 1400cc,1.4 LT,(세부등급 없음),7976,1230,583,434,159,44
2871,국산,쉐보레(GM대우),트랙스,더 뉴 트랙스,가솔린 1400cc,1.4 LT,디럭스,7976,1230,583,434,159,40
2872,국산,쉐보레(GM대우),트레일블레이저,트레일블레이저,가솔린 2WD,1.3 터보 2WD,RS,7976,882,713,413,405,206
2873,국산,쉐보레(GM대우),트레일블레이저,트레일블레이저,가솔린 2WD,1.3 터보 2WD,프리미어,7976,882,713,413,405,130
2874,국산,쉐보레(GM대우),트레일블레이저,트레일블레이저,가솔린 2WD,1.3 터보 2WD,액티브,7976,882,713,413,405,47
2875,국산,쉐보레(GM대우),트레일블레이저,트레일블레이저,가솔린 2WD,1.3 터보 2WD,LT,7976,882,713,413,405,22
2876,국산,쉐보레(GM대우),크루즈,어메이징 뉴 크루즈5,가솔린 1400cc,1.4 터보 LTZ,,7976,438,15,11,11,
2877,국산,쉐보레(GM대우),트랙스,트랙스,가솔린 1400cc,1.4 LTZ,,7976,1230,198,141,47,
2878,국산,쉐보레(GM대우),크루즈,올 뉴 크루즈,가솔린 1400cc,1.4 터보 LT,디럭스,7976,438,89,89,40,37
2879,국산,쉐보레(GM대우),크루즈,올 뉴 크루즈,가솔린 1400cc,1.4 터보 LT,(세부등급 없음),7976,438,89,89,40,3
2880,국산,쉐보레(GM대우),크루즈,크루즈,가솔린 1600cc 이상,1.8 LT+ 레더 패키지,,7976,438,141,94,11,
2881,국산,쉐보레(GM대우),스파크,더 뉴 스파크,가솔린 1000cc,LT,,7976,2189,683,683,148,
2882,국산,쉐보레(GM대우),스파크,더 넥스트 스파크,가솔린 1000cc,LTZ,,7976,2189,844,844,301,
2883,국산,쉐보레(GM대우),트랙스,더 뉴 트랙스,가솔린 1400cc,1.4 프리미어,,7976,1230,583,434,115,
2884,국산,쉐보레(GM대우),말리부,말리부,가솔린 2000cc,2.0 LTZ 디럭스팩(블랙휠),,7976,1089,210,137,36,
2885,국산,쉐보레(GM대우),트랙스,트랙스 크로스오버,가솔린 1200cc,1.2 RS,(세부등급 없음),7976,1230,449,449,203,167
2886,국산,쉐보레(GM대우),트랙스,트랙스 크로스오버,가솔린 1200cc,1.2 RS,플러스,7976,1230,449,449,203,36
2887,국산,쉐보레(GM대우),크루즈,크루즈5,가솔린 1800cc,1.8 LTZ+,,7976,438,5,3,2,
2888,국산,쉐보레(GM대우),스파크,스파크,가솔린 1000cc,스파크 S,LT,7976,2189,661,606,79,67
2889,국산,쉐보레(GM대우),스파크,스파크,가솔린 1000cc,스파크 S,LS+,7976,2189,661,606,79,10
2890,국산,쉐보레(GM대우),스파크,스파크,가솔린 1000cc,스파크 S,LS,7976,2189,661,606,79,2
2891,국산,쉐보레(GM대우),크루즈,어메이징 뉴 크루즈,가솔린 1800cc,1.8 LT 디럭스팩,,7976,438,188,90,24,
2892,국산,쉐보레(GM대우),트레일블레이저,더 뉴 트레일블레이저,가솔린 4WD,1.3 터보 4WD,RS,7976,882,169,71,71,64
2893,국산,쉐보레(GM대우),트레일블레이저,더 뉴 트레일블레이저,가솔린 4WD,1.3 터보 4WD,액티브,7976,882,169,71,71,6
2894,국산,쉐보레(GM대우),트레일블레이저,더 뉴 트레일블레이저,가솔린 4WD,1.3 터보 4WD,액티브 리미티드 에디션,7976,882,169,71,71,1
2895,국산,쉐보레(GM대우),크루즈,크루즈,가솔린 1600cc 이상,1.8 LS+,,7976,438,141,94,7,
2896,국산,쉐보레(GM대우),트랙스,트랙스,가솔린 1400cc,1.4 LT 래더패키지,,7976,1230,198,141,42,
2897,국산,쉐보레(GM대우),트레일블레이저,트레일블레이저,가솔린 2WD,1.2 터보 2WD,LT,7976,882,713,413,8,6
2898,국산,쉐보레(GM대우),트레일블레이저,트레일블레이저,가솔린 2WD,1.2 터보 2WD,LS,7976,882,713,413,8,2
2899,국산,쉐보레(GM대우),트랙스,더 뉴 트랙스,가솔린 1400cc,1.4 LTZ,,7976,1230,583,434,57,
2900,국산,쉐보레(GM대우),스파크,더 넥스트 스파크,가솔린 1000cc,LS,(세부등급 없음),7976,2189,844,844,31,30
2901,국산,쉐보레(GM대우),스파크,더 넥스트 스파크,가솔린 1000cc,LS,베이직,7976,2189,844,844,31,1
2902,국산,쉐보레(GM대우),크루즈,올 뉴 크루즈,가솔린 1400cc,1.4 터보 LS,,7976,438,89,89,8,
2903,국산,쉐보레(GM대우),말리부,말리부,가솔린 2000cc,2.0 LTZ,,7976,1089,210,137,20,
2904,국산,쉐보레(GM대우),크루즈,크루즈5,가솔린 1800cc,1.8 LTZ+ 더 퍼펙트 블랙,,7976,438,5,3,1,
2905,국산,쉐보레(GM대우),스파크,스파크,가솔린 1000cc,LS+,,7976,2189,661,606,38,
2906,국산,쉐보레(GM대우),말리부,더 뉴 말리부,가솔린 2000cc,2.0 터보 LT,스페셜,7976,1089,263,117,46,46
2907,국산,쉐보레(GM대우),트랙스,트랙스 크로스오버,가솔린 1200cc,1.2 ACTIV,(세부등급 없음),7976,1230,449,449,176,161
2908,국산,쉐보레(GM대우),트랙스,트랙스 크로스오버,가솔린 1200cc,1.2 ACTIV,플러스,7976,1230,449,449,176,15
2909,국산,쉐보레(GM대우),크루즈,크루즈,가솔린 1600cc 이상,1.8 LTZ+ 더 퍼펙트 블랙,,7976,438,141,94,3,
2910,국산,쉐보레(GM대우),트랙스,트랙스,가솔린 1400cc,1.4 LT,,7976,1230,198,141,21,
2911,국산,쉐보레(GM대우),크루즈,어메이징 뉴 크루즈5,가솔린 1800cc,1.8 LTZ,,7976,438,15,3,3,
2912,국산,쉐보레(GM대우),크루즈,어메이징 뉴 크루즈,가솔린 1800cc,1.8 LT,,7976,438,188,90,15,
2913,국산,쉐보레(GM대우),트랙스,더 뉴 트랙스,가솔린 1400cc,1.4 레드라인,프리미어,7976,1230,583,434,45,30
2914,국산,쉐보레(GM대우),트랙스,더 뉴 트랙스,가솔린 1400cc,1.4 레드라인,LT 코어,7976,1230,583,434,45,15
2915,국산,쉐보레(GM대우),말리부,말리부,가솔린 2000cc,2.0 LT,,7976,1089,210,137,7,
2916,국산,쉐보레(GM대우),스파크,더 넥스트 스파크,가솔린 1000cc,에코 LTZ,,7976,2189,844,844,19,
2917,국산,쉐보레(GM대우),올란도,올란도,LPG 2000cc,LPG LT,세이프티팩,7976,523,523,237,106,58
2918,국산,쉐보레(GM대우),올란도,올란도,LPG 2000cc,LPG LT,프리미엄,7976,523,523,237,106,27
2919,국산,쉐보레(GM대우),올란도,올란도,LPG 2000cc,LPG LT,컨비니언스팩,7976,523,523,237,106,21
2920,국산,쉐보레(GM대우),말리부,올 뉴 말리부,가솔린 1500cc,1.5 터보 LTZ,(세부등급 없음),7976,1089,616,398,207,166
2921,국산,쉐보레(GM대우),말리부,올 뉴 말리부,가솔린 1500cc,1.5 터보 LTZ,프리미엄 세이프티,7976,1089,616,398,207,41
2922,국산,쉐보레(GM대우),트랙스,트랙스 크로스오버,가솔린 1200cc,1.2 레드라인,(세부등급 없음),7976,1230,449,449,30,30
2923,국산,쉐보레(GM대우),스파크,스파크,가솔린 1000cc,L,,7976,2189,661,606,13,
2924,국산,쉐보레(GM대우),말리부,더 뉴 말리부,가솔린 2000cc,2.0 터보 프리미어,스페셜,7976,1089,263,117,35,35
2925,국산,쉐보레(GM대우),크루즈,크루즈,가솔린 1600cc 이상,1.8 LT,,7976,438,141,94,2,
2926,국산,쉐보레(GM대우),트랙스,트랙스,가솔린 1400cc,1.4 프리미엄,,7976,1230,198,141,10,
2927,국산,쉐보레(GM대우),크루즈,어메이징 뉴 크루즈,가솔린 1800cc,1.8 LS,,7976,438,188,90,5,
2928,국산,쉐보레(GM대우),스파크,더 넥스트 스파크,가솔린 1000cc,밴,(세부등급 없음),7976,2189,844,844,17,16
2929,국산,쉐보레(GM대우),스파크,더 넥스트 스파크,가솔린 1000cc,밴,베이직,7976,2189,844,844,17,1
2930,국산,쉐보레(GM대우),크루즈,크루즈5,가솔린 1400cc,1.4 터보 LTZ+ 스타일패키지,,7976,438,5,1,1,
2931,국산,쉐보레(GM대우),말리부,말리부,가솔린 2000cc,2.0 LTZ 디럭스팩(알로이휠),,7976,1089,210,137,3,
2932,국산,쉐보레(GM대우),트랙스,더 뉴 트랙스,가솔린 1400cc,1.4 퍼펙트 블랙,,7976,1230,583,434,30,
2933,국산,쉐보레(GM대우),트레일블레이저,트레일블레이저,가솔린 4WD,1.3 터보 4WD,RS,7976,882,713,300,300,282
2934,국산,쉐보레(GM대우),트레일블레이저,트레일블레이저,가솔린 4WD,1.3 터보 4WD,프리미어,7976,882,713,300,300,12
2935,국산,쉐보레(GM대우),트레일블레이저,트레일블레이저,가솔린 4WD,1.3 터보 4WD,액티브,7976,882,713,300,300,6
2936,국산,쉐보레(GM대우),스파크,스파크,가솔린 1000cc,타투 에디션,,7976,2189,661,606,7,
2937,국산,쉐보레(GM대우),트랙스,트랙스,가솔린 1400cc,1.4 LT 디럭스,,7976,1230,198,141,8,
2938,국산,쉐보레(GM대우),크루즈,크루즈,가솔린 1600cc 이상,1.8 LTZ+ 스타일패키지,,7976,438,141,94,2,
2939,국산,쉐보레(GM대우),올란도,올란도,LPG 2000cc,LPG LTZ,프리미엄,7976,523,523,237,92,78
2940,국산,쉐보레(GM대우),올란도,올란도,LPG 2000cc,LPG LTZ,세이프티,7976,523,523,237,92,14
2941,국산,쉐보레(GM대우),크루즈,어메이징 뉴 크루즈5,디젤 2000cc,2.0 디젤 LTZ,,7976,438,15,1,1,
2942,국산,쉐보레(GM대우),말리부,올 뉴 말리부,가솔린 1500cc,1.5 터보 LT,디럭스,7976,1089,616,398,108,105
2943,국산,쉐보레(GM대우),말리부,올 뉴 말리부,가솔린 1500cc,1.5 터보 LT,(세부등급 없음),7976,1089,616,398,108,3
2944,국산,쉐보레(GM대우),크루즈,어메이징 뉴 크루즈,가솔린 1800cc,1.8 퍼펙트 블랙,,7976,438,188,90,2,
2945,국산,쉐보레(GM대우),스파크,스파크,가솔린 1000cc,팝 에디션,,7976,2189,661,606,7,
2946,국산,쉐보레(GM대우),트랙스,트랙스,가솔린 1400cc,1.4 LS 디럭스,,7976,1230,198,141,7,
2947,국산,쉐보레(GM대우),크루즈,크루즈,가솔린 1600cc 이상,1.8 LTZ,,7976,438,141,94,1,
2948,국산,쉐보레(GM대우),트랙스,트랙스 크로스오버,가솔린 1200cc,1.2 LS,(세부등급 없음),7976,1230,449,449,26,21
2949,국산,쉐보레(GM대우),트랙스,트랙스 크로스오버,가솔린 1200cc,1.2 LS,플러스,7976,1230,449,449,26,5
2950,국산,쉐보레(GM대우),스파크,더 넥스트 스파크,가솔린 1000cc,패션,,7976,2189,844,844,13,
2951,국산,쉐보레(GM대우),올란도,올란도,LPG 2000cc,LPG LS,고급형,7976,523,523,237,12,11
2952,국산,쉐보레(GM대우),올란도,올란도,LPG 2000cc,LPG LS,일반형,7976,523,523,237,12,1
2953,국산,쉐보레(GM대우),스파크,더 뉴 스파크,가솔린 1000cc,마이핏 에디션,(세부등급 없음),7976,2189,683,683,60,33
2954,국산,쉐보레(GM대우),스파크,더 뉴 스파크,가솔린 1000cc,마이핏 에디션,프리미어,7976,2189,683,683,60,27
2955,국산,쉐보레(GM대우),말리부,말리부,가솔린 2000cc,2.0 LS,,7976,1089,210,137,1,
2956,국산,쉐보레(GM대우),트랙스,더 뉴 트랙스,가솔린 1400cc,1.4 LS,(세부등급 없음),7976,1230,583,434,21,16
2957,국산,쉐보레(GM대우),트랙스,더 뉴 트랙스,가솔린 1400cc,1.4 LS,디럭스,7976,1230,583,434,21,5
2958,국산,쉐보레(GM대우),트랙스,트랙스,가솔린 1400cc,1.4 퍼펙트 블랙,,7976,1230,198,141,5,
2959,국산,쉐보레(GM대우),스파크,스파크,가솔린 1000cc,시티팝 에디션,,7976,2189,661,606,6,
2960,국산,쉐보레(GM대우),말리부,더 뉴 말리부,가솔린 2000cc,2.0 터보 퍼펙트 블랙,,7976,1089,263,117,22,
2961,국산,쉐보레(GM대우),크루즈,어메이징 뉴 크루즈,가솔린 1400cc,1.4 터보 LTZ,,7976,438,188,85,63,
2962,국산,쉐보레(GM대우),스파크,더 넥스트 스파크,가솔린 1000cc,퍼팩트 블랙,,7976,2189,844,844,11,
2963,국산,쉐보레(GM대우),스파크,더 뉴 스파크,가솔린 1000cc,LS,(세부등급 없음),7976,2189,683,683,48,42
2964,국산,쉐보레(GM대우),스파크,더 뉴 스파크,가솔린 1000cc,LS,베이직,7976,2189,683,683,48,6
2965,국산,쉐보레(GM대우),올란도,올란도,LPG 2000cc,LPG 플래티넘 패키지,,7976,523,523,237,10,
2966,국산,쉐보레(GM대우),크루즈,크루즈5,디젤 2000cc,2.0 LTZ+,,7976,438,5,1,1,
2967,국산,쉐보레(GM대우),트랙스,트랙스 크로스오버,가솔린 1200cc,1.2 LT,(세부등급 없음),7976,1230,449,449,14,10
2968,국산,쉐보레(GM대우),트랙스,트랙스 크로스오버,가솔린 1200cc,1.2 LT,플러스,7976,1230,449,449,14,4
2969,국산,쉐보레(GM대우),말리부,올 뉴 말리부,가솔린 1500cc,1.5 터보 LS,디럭스,7976,1089,616,398,62,40
2970,국산,쉐보레(GM대우),말리부,올 뉴 말리부,가솔린 1500cc,1.5 터보 LS,(세부등급 없음),7976,1089,616,398,62,22
2971,국산,쉐보레(GM대우),트랙스,트랙스,가솔린 1400cc,1.4 LS,,7976,1230,198,141,1,
2972,국산,쉐보레(GM대우),말리부,더 뉴 말리부,가솔린 2000cc,2.0 터보 레드라인,(세부등급 없음),7976,1089,263,117,14,14
2973,국산,쉐보레(GM대우),크루즈,크루즈,디젤 1600cc 이상,2.0 LTZ+,,7976,438,141,32,20,
2974,국산,쉐보레(GM대우),말리부,말리부,가솔린 2000cc,2.0 LS 디럭스팩,,7976,1089,210,137,1,
2975,국산,쉐보레(GM대우),스파크,스파크,가솔린 1000cc,밴,,7976,2189,661,606,4,
2976,국산,쉐보레(GM대우),스파크,더 뉴 스파크,가솔린 1000cc,레드핏 에디션,(세부등급 없음),7976,2189,683,683,24,24
2977,국산,쉐보레(GM대우),올란도,올란도,LPG 2000cc,LPG 퍼펙트 블랙,,7976,523,523,237,9,
2978,국산,쉐보레(GM대우),크루즈,어메이징 뉴 크루즈,가솔린 1400cc,1.4 터보 LT 디럭스팩,,7976,438,188,85,20,
2979,국산,쉐보레(GM대우),스파크,더 넥스트 스파크,가솔린 1000cc,에코 LT,플러스,7976,2189,844,844,9,6
2980,국산,쉐보레(GM대우),스파크,더 넥스트 스파크,가솔린 1000cc,에코 LT,(세부등급 없음),7976,2189,844,844,9,3
2981,국산,쉐보레(GM대우),콜로라도,올 뉴 콜로라도,가솔린 4WD,2.7 ZL1 4WD,,7976,249,10,8,8,
2982,국산,쉐보레(GM대우),말리부,올 뉴 말리부,가솔린 1500cc,1.5 터보 퍼펙트 블랙,LTZ,7976,1089,616,398,21,15
2983,국산,쉐보레(GM대우),말리부,올 뉴 말리부,가솔린 1500cc,1.5 터보 퍼펙트 블랙,LTZ 프리미엄 세이프티,7976,1089,616,398,21,6
2984,국산,쉐보레(GM대우),트랙스,더 뉴 트랙스,가솔린 1400cc,1.4 블레이드,,7976,1230,583,434,7,
2985,국산,쉐보레(GM대우),콜로라도,리얼 뉴 콜로라도,가솔린 4WD,3.6 Z71-X 미드나잇 4WD,,7976,249,163,163,59,
2986,국산,쉐보레(GM대우),스파크,더 뉴 스파크,가솔린 1000cc,밴,(세부등급 없음),7976,2189,683,683,24,24
2987,국산,쉐보레(GM대우),크루즈,크루즈,디젤 1600cc 이상,2.0 LTZ+ 더 퍼펙트 블랙,,7976,438,141,32,6,
2988,국산,쉐보레(GM대우),스파크,스파크,가솔린 1000cc,스트라이프 에디션,,7976,2189,661,606,4,
2989,국산,쉐보레(GM대우),콜로라도,콜로라도,가솔린 4WD,3.6 익스트림-X 4WD,(세부등급 없음),7976,249,76,73,56,29
2990,국산,쉐보레(GM대우),콜로라도,콜로라도,가솔린 4WD,3.6 익스트림-X 4WD,스포츠 바,7976,249,76,73,56,24
2991,국산,쉐보레(GM대우),콜로라도,콜로라도,가솔린 4WD,3.6 익스트림-X 4WD,사이드 레일,7976,249,76,73,56,3
2992,국산,쉐보레(GM대우),스파크,더 넥스트 스파크,가솔린 1000cc,에코 LS,(세부등급 없음),7976,2189,844,844,8,8
2993,국산,쉐보레(GM대우),크루즈,어메이징 뉴 크루즈,가솔린 1400cc,1.4 터보 퍼펙트 블랙,,7976,438,188,85,2,
2994,국산,쉐보레(GM대우),올란도,올란도,LPG 2000cc,LPG 다이나믹,,7976,523,523,237,6,
2995,국산,쉐보레(GM대우),말리부,말리부,디젤 2000cc,2.0 디젤 LT 프리미엄팩,,7976,1089,210,55,37,
2996,국산,쉐보레(GM대우),콜로라도,리얼 뉴 콜로라도,가솔린 4WD,3.6 익스트림-X 4WD,,7976,249,163,163,49,
2997,국산,쉐보레(GM대우),말리부,더 뉴 말리부,가솔린 1300cc,1.3 터보 프리미어,(세부등급 없음),7976,1089,263,115,73,51
2998,국산,쉐보레(GM대우),말리부,더 뉴 말리부,가솔린 1300cc,1.3 터보 프리미어,프라임 세이프티,7976,1089,263,115,73,22
2999,국산,쉐보레(GM대우),스파크,스파크,가솔린 1000cc,씨티런,,7976,2189,661,606,4,
3000,국산,쉐보레(GM대우),콜로라도,콜로라도,가솔린 4WD,3.6 익스트림 4WD,,7976,249,76,73,17,
3001,국산,쉐보레(GM대우),크루즈,크루즈,디젤 1600cc 이상,2.0 LT+ 래더 패키지,,7976,438,141,32,3,
3002,국산,쉐보레(GM대우),말리부,올 뉴 말리부,가솔린 2000cc,2.0 터보 LTZ,프리미엄,7976,1089,616,214,159,159
3003,국산,쉐보레(GM대우),스파크,더 넥스트 스파크,가솔린 1000cc,그래피티 에디션,,7976,2189,844,844,5,
3004,국산,쉐보레(GM대우),말리부,말리부,디젤 2000cc,2.0 디젤 LT 디럭스팩,,7976,1089,210,55,18,
3005,국산,쉐보레(GM대우),콜로라도,올 뉴 콜로라도,가솔린 2WD,2.7 2WD,,7976,249,10,2,2,
3006,국산,쉐보레(GM대우),트랙스,트랙스,디젤 1600cc,1.6 디젤 LTZ,,7976,1230,198,57,20,
3007,국산,쉐보레(GM대우),말리부,더 뉴 말리부,가솔린 1300cc,1.3 터보 LT,디럭스,7976,1089,263,115,14,14
3008,국산,쉐보레(GM대우),올란도,올란도,LPG 2000cc,LPG 캠퍼 패키지,,7976,523,523,237,1,
3009,국산,쉐보레(GM대우),콜로라도,리얼 뉴 콜로라도,가솔린 4WD,3.6 Z71-X 4WD,,7976,249,163,163,38,
3010,국산,쉐보레(GM대우),크루즈,어메이징 뉴 크루즈,디젤 2000cc,2.0 디젤 LTZ,,7976,438,188,11,11,
3011,국산,쉐보레(GM대우),크루즈,크루즈,디젤 1600cc 이상,2.0 LTZ,,7976,438,141,32,3,
3012,국산,쉐보레(GM대우),트랙스,더 뉴 트랙스,디젤 1600cc,1.6 디젤 LT,(세부등급 없음),7976,1230,583,149,57,24
3013,국산,쉐보레(GM대우),트랙스,더 뉴 트랙스,디젤 1600cc,1.6 디젤 LT,코어,7976,1230,583,149,57,22
3014,국산,쉐보레(GM대우),트랙스,더 뉴 트랙스,디젤 1600cc,1.6 디젤 LT,디럭스,7976,1230,583,149,57,11
3015,국산,쉐보레(GM대우),말리부,올 뉴 말리부,가솔린 2000cc,2.0 터보 LT,프리미엄,7976,1089,616,214,31,31
3016,국산,쉐보레(GM대우),트랙스,트랙스,디젤 1600cc,1.6 디젤 LT 래더패키지,,7976,1230,198,57,13,
3017,국산,쉐보레(GM대우),말리부,더 뉴 말리부,가솔린 1300cc,1.3 터보 LS,디럭스,7976,1089,263,115,12,10
3018,국산,쉐보레(GM대우),말리부,더 뉴 말리부,가솔린 1300cc,1.3 터보 LS,(세부등급 없음),7976,1089,263,115,12,2
3019,국산,쉐보레(GM대우),스파크,스파크,LPG 1000cc,LPG LT,기본형,7976,2189,661,55,34,32
3020,국산,쉐보레(GM대우),스파크,스파크,LPG 1000cc,LPG LT,스페셜 에디션,7976,2189,661,55,34,2
3021,국산,쉐보레(GM대우),콜로라도,리얼 뉴 콜로라도,가솔린 4WD,3.6 익스트림 4WD,,7976,249,163,163,17,
3022,국산,쉐보레(GM대우),말리부,말리부,가솔린 2400cc,2.4 LTZ,,7976,1089,210,10,10,
3023,국산,쉐보레(GM대우),말리부,올 뉴 말리부,가솔린 2000cc,2.0 터보 퍼펙트 블랙,,7976,1089,616,214,24,
3024,국산,쉐보레(GM대우),말리부,더 뉴 말리부,가솔린 1300cc,1.3 터보 레드라인,프리미어,7976,1089,263,115,12,8
3025,국산,쉐보레(GM대우),말리부,더 뉴 말리부,가솔린 1300cc,1.3 터보 레드라인,프라임 세이프티,7976,1089,263,115,12,4
3026,국산,쉐보레(GM대우),트랙스,더 뉴 트랙스,디젤 1600cc,1.6 디젤 프리미어,,7976,1230,583,149,40,
3027,국산,쉐보레(GM대우),스파크,스파크,LPG 1000cc,LPG L,,7976,2189,661,55,10,
3028,국산,쉐보레(GM대우),트랙스,트랙스,디젤 1600cc,1.6 디젤 프리미엄,,7976,1230,198,57,10,
3029,국산,쉐보레(GM대우),올란도,올란도,LPG 2000cc,LPG 택시/렌트형,,7976,523,523,237,1,
3030,국산,쉐보레(GM대우),말리부,더 뉴 말리부,가솔린 1300cc,1.3 터보 퍼펙트 블랙,프라임 세이프티,7976,1089,263,115,4,2
3031,국산,쉐보레(GM대우),말리부,더 뉴 말리부,가솔린 1300cc,1.3 터보 퍼펙트 블랙,프리미어,7976,1089,263,115,4,2
3032,국산,쉐보레(GM대우),트랙스,더 뉴 트랙스,디젤 1600cc,1.6 디젤 LTZ,,7976,1230,583,149,30,
3033,국산,쉐보레(GM대우),크루즈,어메이징 뉴 크루즈,디젤 1600cc,1.6 디젤 LTZ,,7976,438,188,2,2,
3034,국산,쉐보레(GM대우),콜로라도,콜로라도,가솔린 2WD,3.6 익스트림 2WD,,7976,249,76,3,3,
3035,국산,쉐보레(GM대우),트랙스,트랙스,디젤 1600cc,1.6 디젤 LT,,7976,1230,198,57,6,
3036,국산,쉐보레(GM대우),크루즈,크루즈,가솔린 1600cc 이하,1.4 터보 LTZ+,,7976,438,141,15,5,
3037,국산,쉐보레(GM대우),트랙스,더 뉴 트랙스,디젤 1600cc,1.6 디젤 퍼펙트 블랙,,7976,1230,583,149,8,
3038,국산,쉐보레(GM대우),트랙스,트랙스,디젤 1600cc,1.6 디젤 퍼펙트 블랙,,7976,1230,198,57,6,
3039,국산,쉐보레(GM대우),말리부,말리부,LPG 2000cc,LPGi 2.0 LT,디럭스,7976,1089,210,8,3,3
3040,국산,쉐보레(GM대우),트랙스,더 뉴 트랙스,디젤 1600cc,1.6 디젤 LS,(세부등급 없음),7976,1230,583,149,7,6
3041,국산,쉐보레(GM대우),트랙스,더 뉴 트랙스,디젤 1600cc,1.6 디젤 LS,디럭스,7976,1230,583,149,7,1
3042,국산,쉐보레(GM대우),말리부,더 뉴 말리부,디젤 1600cc,1.6 디젤 LT,프리미엄,7976,1089,263,29,29,23
3043,국산,쉐보레(GM대우),말리부,더 뉴 말리부,디젤 1600cc,1.6 디젤 LT,(세부등급 없음),7976,1089,263,29,29,6
3044,국산,쉐보레(GM대우),스파크,스파크,LPG 1000cc,LPG LS,스타,7976,2189,661,55,7,5
3045,국산,쉐보레(GM대우),스파크,스파크,LPG 1000cc,LPG LS,기본형,7976,2189,661,55,7,2
3046,국산,쉐보레(GM대우),크루즈,크루즈,가솔린 1600cc 이하,1.4 터보 LT+ 래더패키지,,7976,438,141,15,4,
3047,국산,쉐보레(GM대우),말리부,올 뉴 말리부,가솔린+전기 1800cc,1.8 하이브리드 LT,디럭스,7976,1089,616,4,4,4
3048,국산,쉐보레(GM대우),트랙스,트랙스,디젤 1600cc,1.6 디젤 LS 디럭스,,7976,1230,198,57,2,
3049,국산,쉐보레(GM대우),말리부,말리부,LPG 2000cc,LPGi 2.0 LTZ,디럭스(블랙휠),7976,1089,210,8,3,2
3050,국산,쉐보레(GM대우),말리부,말리부,LPG 2000cc,LPGi 2.0 LTZ,일반형,7976,1089,210,8,3,1
3051,국산,쉐보레(GM대우),올란도,올란도,디젤 2000cc,2.0 디젤 LT,세이프티팩,7976,523,523,189,96,50
3052,국산,쉐보레(GM대우),올란도,올란도,디젤 2000cc,2.0 디젤 LT,프리미엄,7976,523,523,189,96,28
3053,국산,쉐보레(GM대우),올란도,올란도,디젤 2000cc,2.0 디젤 LT,컨비니언스팩,7976,523,523,189,96,18
3054,국산,쉐보레(GM대우),트랙스,더 뉴 트랙스,디젤 1600cc,1.6 디젤 블레이드,,7976,1230,583,149,4,
3055,국산,쉐보레(GM대우),크루즈,크루즈,가솔린 1600cc 이하,1.6 LT+,,7976,438,141,15,3,
3056,국산,쉐보레(GM대우),스파크,스파크,LPG 1000cc,LPG LS+,,7976,2189,661,55,3,
3057,국산,쉐보레(GM대우),말리부,말리부,LPG 2000cc,LPGi 2.0 LS,일반형,7976,1089,210,8,2,2
3058,국산,쉐보레(GM대우),말리부,더 뉴 말리부,가솔린+전기 1800cc,1.8 하이브리드 LT,디럭스,7976,1089,263,2,2,2
3059,국산,쉐보레(GM대우),트랙스,더 뉴 트랙스,디젤 1600cc,1.6 디젤 레드라인,프리미어,7976,1230,583,149,3,3
3060,국산,쉐보레(GM대우),캡티바,캡티바,디젤 2WD,2WD LT,,7976,221,221,172,64,
3061,국산,쉐보레(GM대우),올란도,올란도,디젤 2000cc,2.0 디젤 LTZ,프리미엄,7976,523,523,189,82,73
3062,국산,쉐보레(GM대우),올란도,올란도,디젤 2000cc,2.0 디젤 LTZ,세이프티,7976,523,523,189,82,9
3063,국산,쉐보레(GM대우),크루즈,크루즈,가솔린 1600cc 이하,1.6 LT,,7976,438,141,15,2,
3064,국산,쉐보레(GM대우),올란도,올란도,디젤 2000cc,2.0 디젤 LS,고급형,7976,523,523,189,8,8
3065,국산,쉐보레(GM대우),캡티바,캡티바,디젤 2WD,2WD LT 프리미엄,,7976,221,221,172,42,
3066,국산,쉐보레(GM대우),크루즈,크루즈,가솔린 1600cc 이하,1.4 터보 LTZ+ 스타일패키지,,7976,438,141,15,1,
3067,국산,쉐보레(GM대우),스파크,스파크,LPG 1000cc,LPG 밴,,7976,2189,661,55,1,
3068,국산,쉐보레(GM대우),올란도,올란도,디젤 2000cc,2.0 디젤 캠퍼 패키지,,7976,523,523,189,2,
3069,국산,쉐보레(GM대우),캡티바,캡티바,디젤 2WD,2WD LT 디럭스팩,,7976,221,221,172,21,
3070,국산,쉐보레(GM대우),트래버스,트래버스,가솔린 4WD,3.6 AWD 레드라인,,7976,202,202,202,123,
3071,국산,쉐보레(GM대우),올란도,올란도,디젤 2000cc,2.0 디젤 플래티넘 패키지,,7976,523,523,189,1,
3072,국산,쉐보레(GM대우),캡티바,캡티바,디젤 2WD,2WD LTZ,,7976,221,221,172,17,
3073,국산,쉐보레(GM대우),임팔라,임팔라,가솔린 2500cc,2.5 LTZ,,7976,167,167,137,93,
3074,국산,쉐보레(GM대우),트래버스,트래버스,가솔린 4WD,3.6 AWD LT 레더 프리미엄,,7976,202,202,202,30,
3075,국산,쉐보레(GM대우),캡티바,캡티바,디젤 2WD,2WD LS,,7976,221,221,172,11,
3076,국산,쉐보레(GM대우),트래버스,트래버스,가솔린 4WD,3.6 AWD 프리미어,,7976,202,202,202,29,
3077,국산,쉐보레(GM대우),임팔라,임팔라,가솔린 2500cc,2.5 LT,,7976,167,167,137,34,
3078,국산,쉐보레(GM대우),올란도,올란도,디젤 1600cc,1.6 디젤 LT,세이프티,7976,523,523,97,40,23
3079,국산,쉐보레(GM대우),올란도,올란도,디젤 1600cc,1.6 디젤 LT,컨비니언스,7976,523,523,97,40,9
3080,국산,쉐보레(GM대우),올란도,올란도,디젤 1600cc,1.6 디젤 LT,프리미엄,7976,523,523,97,40,8
3081,국산,쉐보레(GM대우),아베오,더 뉴 아베오 해치백,가솔린 1400cc,1.4 터보 LS,,7976,120,14,14,8,
3082,국산,쉐보레(GM대우),캡티바,캡티바,디젤 2WD,2WD 다이나믹 레드,,7976,221,221,172,6,
3083,국산,쉐보레(GM대우),트래버스,트래버스,가솔린 4WD,3.6 AWD RS,,7976,202,202,202,12,
3084,국산,쉐보레(GM대우),아베오,아베오 세단,가솔린 1600cc,LS 고급형,,7976,120,46,28,12,
3085,국산,쉐보레(GM대우),아베오,더 뉴 아베오 세단,가솔린 1400cc,1.4 터보 LS,,7976,120,23,23,10,
3086,국산,쉐보레(GM대우),볼트 EV,뉴 볼트 EV,전기 2WD,EV 프리미어,,7976,110,25,25,25,
3087,국산,쉐보레(GM대우),임팔라,임팔라,가솔린 2500cc,2.5 프리미어,,7976,167,167,137,7,
3088,국산,쉐보레(GM대우),볼트 EV,볼트 EV,전기 2WD,EV 프리미어,,7976,110,85,85,67,
3089,국산,쉐보레(GM대우),올란도,올란도,디젤 1600cc,1.6 디젤 LTZ,세이프티,7976,523,523,97,36,18
3090,국산,쉐보레(GM대우),올란도,올란도,디젤 1600cc,1.6 디젤 LTZ,프리미엄,7976,523,523,97,36,18
3091,국산,쉐보레(GM대우),아베오,더 뉴 아베오 해치백,가솔린 1400cc,1.4 터보 LT,,7976,120,14,14,6,
3092,국산,쉐보레(GM대우),트래버스,트래버스,가솔린 4WD,3.6 AWD 하이컨트리,,7976,202,202,202,7,
3093,국산,쉐보레(GM대우),아베오,더 뉴 아베오 세단,가솔린 1400cc,1.4 터보 LT,,7976,120,23,23,9,
3094,국산,쉐보레(GM대우),캡티바,캡티바,디젤 2WD,2WD 어드벤처 패키지,,7976,221,221,172,4,
3095,국산,쉐보레(GM대우),임팔라,임팔라,가솔린 2500cc,2.5 미드나이트 블랙,,7976,167,167,137,3,
3096,국산,쉐보레(GM대우),볼트 EV,볼트 EV,전기 2WD,EV LT 디럭스,,7976,110,85,85,11,
3097,국산,쉐보레(GM대우),아베오,아베오 해치백,가솔린 1400cc,1.4 터보 LS,스탠다드,7976,120,37,23,11,8
3098,국산,쉐보레(GM대우),아베오,아베오 해치백,가솔린 1400cc,1.4 터보 LS,스포츠,7976,120,37,23,11,3
3099,국산,쉐보레(GM대우),트래버스,트래버스,가솔린 4WD,3.6 AWD LT 레더,,7976,202,202,202,1,
3100,국산,쉐보레(GM대우),아베오,더 뉴 아베오 세단,가솔린 1400cc,1.4 터보 L,,7976,120,23,23,4,
3101,국산,쉐보레(GM대우),캡티바,캡티바,디젤 2WD,2WD LS 디럭스팩,,7976,221,221,172,3,
3102,국산,쉐보레(GM대우),아베오,아베오 세단,가솔린 1600cc,LT 최고급형,,7976,120,46,28,11,
3103,국산,쉐보레(GM대우),아베오,아베오 해치백,가솔린 1400cc,1.4 터보 RS,,7976,120,37,23,10,
3104,국산,쉐보레(GM대우),올란도,올란도,디젤 1600cc,1.6 디젤 퍼펙트 블랙,,7976,523,523,97,10,
3105,국산,쉐보레(GM대우),캡티바,캡티바,디젤 2WD,2WD LS 프리미엄,,7976,221,221,172,2,
3106,국산,쉐보레(GM대우),임팔라,임팔라,가솔린 3600cc,3.6 LTZ,,7976,167,167,30,28,
3107,국산,쉐보레(GM대우),아베오,아베오 세단,가솔린 1600cc,L 스타,,7976,120,46,28,3,
3108,국산,쉐보레(GM대우),볼트 EV,볼트 EV,전기 2WD,EV,,7976,110,85,85,4,
3109,국산,쉐보레(GM대우),올란도,올란도,디젤 1600cc,1.6 디젤 다이나믹,,7976,523,523,97,8,
3110,국산,쉐보레(GM대우),임팔라,임팔라,가솔린 3600cc,3.6 프리미어,,7976,167,167,30,2,
3111,국산,쉐보레(GM대우),아베오,아베오 해치백,가솔린 1400cc,1.4 터보 LT,최고급형,7976,120,37,23,2,2
3112,국산,쉐보레(GM대우),올란도,올란도,디젤 1600cc,1.6 디젤 LS,고급형,7976,523,523,97,3,3
3113,국산,쉐보레(GM대우),아베오,아베오 세단,가솔린 1600cc,LS 일반형,,7976,120,46,28,1,
3114,국산,쉐보레(GM대우),볼트 EV,볼트 EV,전기 2WD,EV LT,,7976,110,85,85,3,
3115,국산,쉐보레(GM대우),캡티바,캡티바,디젤 2WD,2WD 퍼펙트 블랙,,7976,221,221,172,2,
3116,국산,쉐보레(GM대우),라보,라보,LPG 800cc,이동판매차,,7976,96,3,2,2,
3117,국산,쉐보레(GM대우),라보,뉴 라보,LPG 800cc,냉동탑차,,7976,96,93,93,19,
3118,국산,쉐보레(GM대우),아베오,아베오 세단,가솔린 1600cc,LT 스포츠,,7976,120,46,28,1,
3119,국산,쉐보레(GM대우),라보,뉴 라보,LPG 800cc,롱카고 DLX,,7976,96,93,93,17,
3120,국산,쉐보레(GM대우),아베오,아베오 해치백,가솔린 1600cc,LS,고급형,7976,120,37,14,8,4
3121,국산,쉐보레(GM대우),아베오,아베오 해치백,가솔린 1600cc,LS,일반형,7976,120,37,14,8,2
3122,국산,쉐보레(GM대우),아베오,아베오 해치백,가솔린 1600cc,LS,펀 에디션,7976,120,37,14,8,2
3123,국산,쉐보레(GM대우),캡티바,캡티바,디젤 4WD,4WD LTZ,,7976,221,221,49,27,
3124,국산,쉐보레(GM대우),알페온,알페온,가솔린 2400cc,EL240,프리미엄,7976,88,88,55,35,29
3125,국산,쉐보레(GM대우),알페온,알페온,가솔린 2400cc,EL240,디럭스,7976,88,88,55,35,6
3126,국산,쉐보레(GM대우),아베오,아베오 해치백,가솔린 1600cc,LT,최고급형,7976,120,37,14,6,6
3127,국산,쉐보레(GM대우),라보,라보,가솔린 800cc,DLX 가솔린,,7976,96,3,1,1,
3128,국산,쉐보레(GM대우),라보,뉴 라보,LPG 800cc,롱카고 SUPER,,7976,96,93,93,12,
3129,국산,쉐보레(GM대우),캡티바,캡티바,디젤 4WD,4WD LT,,7976,221,221,49,10,
3130,국산,쉐보레(GM대우),아베오,아베오 세단,가솔린 1400cc,1.4 터보 LS,고급형,7976,120,46,18,7,7
3131,국산,쉐보레(GM대우),알페온,알페온,가솔린 2400cc,CL240,프리미엄,7976,88,88,55,20,19
3132,국산,쉐보레(GM대우),알페온,알페온,가솔린 2400cc,CL240,디럭스,7976,88,88,55,20,1
3133,국산,쉐보레(GM대우),라보,뉴 라보,LPG 800cc,DLX,,7976,96,93,93,8,
3134,국산,쉐보레(GM대우),카마로,카마로,가솔린 3600cc,3.6,,7976,72,3,3,3,
3135,국산,쉐보레(GM대우),캡티바,캡티바,디젤 4WD,4WD LT 프리미엄,,7976,221,221,49,8,
3136,국산,쉐보레(GM대우),아베오,아베오 세단,가솔린 1400cc,1.4 터보 LT,최고급형,7976,120,46,18,6,6
3137,국산,쉐보레(GM대우),카마로,올 뉴 카마로,가솔린 6200cc,SS 6.2 V8,,7976,72,43,43,37,
3138,국산,쉐보레(GM대우),이쿼녹스,더 넥스트 이쿼녹스,가솔린 2WD,2WD 프리미어,,7976,74,43,31,14,
3139,국산,쉐보레(GM대우),이쿼녹스,이쿼녹스,디젤 1600cc,2WD LT,(세부등급 없음),7976,74,31,31,10,6
3140,국산,쉐보레(GM대우),이쿼녹스,이쿼녹스,디젤 1600cc,2WD LT,익스클루시브,7976,74,31,31,10,4
3141,국산,쉐보레(GM대우),카마로,더 뉴 카마로,가솔린 6200cc,SS 6.2 V8,,7976,72,26,26,21,
3142,국산,쉐보레(GM대우),라보,뉴 라보,LPG 800cc,내장탑차 롱카고,,7976,96,93,93,8,
3143,국산,쉐보레(GM대우),캡티바,캡티바,디젤 4WD,4WD 어드벤처 패키지,,7976,221,221,49,3,
3144,국산,쉐보레(GM대우),이쿼녹스,더 넥스트 이쿼녹스,가솔린 2WD,2WD RS,,7976,74,43,31,10,
3145,국산,쉐보레(GM대우),카마로,올 뉴 카마로,가솔린 6200cc,SS 6.2 V8 볼케이노 레드,,7976,72,43,43,6,
3146,국산,쉐보레(GM대우),이쿼녹스,이쿼녹스,디젤 1600cc,2WD 프리미어,익스클루시브,7976,74,31,31,8,5
3147,국산,쉐보레(GM대우),이쿼녹스,이쿼녹스,디젤 1600cc,2WD 프리미어,(세부등급 없음),7976,74,31,31,8,3
3148,국산,쉐보레(GM대우),카마로,더 뉴 카마로,가솔린 6200cc,SS 6.2 V8 볼케이노 레드,,7976,72,26,26,5,
3149,국산,쉐보레(GM대우),라보,뉴 라보,LPG 800cc,접이식탑차 롱카고,,7976,96,93,93,7,
3150,국산,쉐보레(GM대우),캡티바,캡티바,디젤 4WD,4WD 다이나믹 레드,,7976,221,221,49,1,
3151,국산,쉐보레(GM대우),이쿼녹스,이쿼녹스,디젤 1600cc,2WD LT Plus,익스클루시브,7976,74,31,31,4,3
3152,국산,쉐보레(GM대우),이쿼녹스,이쿼녹스,디젤 1600cc,2WD LT Plus,(세부등급 없음),7976,74,31,31,4,1
3153,국산,쉐보레(GM대우),알페온,알페온,가솔린 3000cc,EL300,슈프림,7976,88,88,30,24,22
3154,국산,쉐보레(GM대우),알페온,알페온,가솔린 3000cc,EL300,슈프림 블랙,7976,88,88,30,24,2
3155,국산,쉐보레(GM대우),이쿼녹스,더 넥스트 이쿼녹스,가솔린 2WD,2WD LT,,7976,74,43,31,7,
3156,국산,쉐보레(GM대우),아베오,아베오 세단,가솔린 1400cc,1.4 터보 L,스타,7976,120,46,18,4,4
3157,국산,쉐보레(GM대우),라보,뉴 라보,LPG 800cc,보냉탑차 일반형,,7976,96,93,93,5,
3158,국산,쉐보레(GM대우),알페온,알페온,가솔린 3000cc,CL300,디럭스,7976,88,88,30,4,3
3159,국산,쉐보레(GM대우),알페온,알페온,가솔린 3000cc,CL300,프리미엄,7976,88,88,30,4,1
3160,국산,쉐보레(GM대우),아베오,아베오 세단,가솔린 1400cc,1.4 터보 퍼펙트 블랙,,7976,120,46,18,1,
3161,국산,쉐보레(GM대우),이쿼녹스,이쿼녹스,디젤 1600cc,4WD LT,익스클루시브,7976,74,31,31,4,4
3162,국산,쉐보레(GM대우),라보,뉴 라보,LPG 800cc,파워게이트,,7976,96,93,93,5,
3163,국산,쉐보레(GM대우),이쿼녹스,더 넥스트 이쿼녹스,가솔린 4WD,4WD RS,,7976,74,43,12,9,
3164,국산,쉐보레(GM대우),이쿼녹스,이쿼녹스,디젤 1600cc,2WD LS,,7976,74,31,31,2,
3165,국산,쉐보레(GM대우),라보,뉴 라보,LPG 800cc,STD,,7976,96,93,93,4,
3166,국산,쉐보레(GM대우),이쿼녹스,더 넥스트 이쿼녹스,가솔린 4WD,4WD 프리미어,,7976,74,43,12,3,
3167,국산,쉐보레(GM대우),이쿼녹스,이쿼녹스,디젤 1600cc,4WD LT Plus,익스클루시브,7976,74,31,31,2,2
3168,국산,쉐보레(GM대우),마티즈,마티즈 클래식,가솔린 800cc,일반형,,7976,70,1,1,1,
3169,국산,쉐보레(GM대우),마티즈,All New 마티즈,가솔린 800cc,SE,,7976,70,3,3,1,
3170,국산,쉐보레(GM대우),라보,뉴 라보,LPG 800cc,이동판매차,,7976,96,93,93,4,
3171,국산,쉐보레(GM대우),마티즈,마티즈 크리에이티브,가솔린 1000cc,재즈,스타,7976,70,66,65,37,28
3172,국산,쉐보레(GM대우),마티즈,마티즈 크리에이티브,가솔린 1000cc,재즈,고급형,7976,70,66,65,37,6
3173,국산,쉐보레(GM대우),마티즈,마티즈 크리에이티브,가솔린 1000cc,재즈,일반형,7976,70,66,65,37,3
3174,국산,쉐보레(GM대우),이쿼녹스,이쿼녹스,디젤 1600cc,4WD 프리미어,익스클루시브,7976,74,31,31,1,1
3175,국산,쉐보레(GM대우),다마스,뉴 다마스,LPG 800cc,2인승 판넬밴,DLX,7976,65,65,65,42,31
3176,국산,쉐보레(GM대우),다마스,뉴 다마스,LPG 800cc,2인승 판넬밴,슈퍼,7976,65,65,65,42,11
3177,국산,쉐보레(GM대우),알페온,알페온,가솔린 3000cc,스페셜,,7976,88,88,30,2,
3178,국산,쉐보레(GM대우),마티즈,All New 마티즈,가솔린 800cc,SX 스타 에디션,,7976,70,3,3,1,
3179,국산,쉐보레(GM대우),마티즈,마티즈 크리에이티브,가솔린 1000cc,그루브,스타,7976,70,66,65,27,25
3180,국산,쉐보레(GM대우),마티즈,마티즈 크리에이티브,가솔린 1000cc,그루브,고급형,7976,70,66,65,27,2
3181,국산,쉐보레(GM대우),라세티,라세티,가솔린 1600cc,1.6 EX,일반형,7976,18,2,2,1,1
3182,국산,쉐보레(GM대우),마티즈,All New 마티즈,가솔린 800cc,조이,고급형,7976,70,3,3,1,1
3183,국산,쉐보레(GM대우),라보,뉴 라보,LPG 800cc,보냉탑차 롱카고,,7976,96,93,93,2,
3184,국산,쉐보레(GM대우),알페온,알페온,가솔린+전기 2400cc,EL240H,프리미엄,7976,88,88,3,3,2
3185,국산,쉐보레(GM대우),알페온,알페온,가솔린+전기 2400cc,EL240H,디럭스,7976,88,88,3,3,1
3186,국산,쉐보레(GM대우),라세티,라세티 프리미어,가솔린 1600cc,1.6 CDX,일반형,7976,18,16,9,4,4
3187,국산,쉐보레(GM대우),다마스,뉴 다마스,LPG 800cc,5인승 코치,리빅,7976,65,65,65,23,17
3188,국산,쉐보레(GM대우),다마스,뉴 다마스,LPG 800cc,5인승 코치,슈퍼,7976,65,65,65,23,6
3189,국산,쉐보레(GM대우),마티즈,마티즈 크리에이티브,가솔린 1000cc,팝,(세부등급 없음),7976,70,66,65,1,1
3190,국산,쉐보레(GM대우),라세티,라세티,가솔린 1600cc,1.6 플래티넘,일반형,7976,18,2,2,1,1
3191,국산,쉐보레(GM대우),라보,뉴 라보,LPG 800cc,이동주유차,,7976,96,93,93,1,
3192,국산,쉐보레(GM대우),라세티,라세티 프리미어,가솔린 1600cc,1.6 SX,일반형,7976,18,16,9,4,3
3193,국산,쉐보레(GM대우),라세티,라세티 프리미어,가솔린 1600cc,1.6 SX,고급형,7976,18,16,9,4,1
3194,국산,쉐보레(GM대우),라보,뉴 라보,LPG 800cc,캠핑카,,7976,96,93,93,1,
3195,국산,쉐보레(GM대우),라세티,라세티 프리미어,가솔린 1600cc,1.6 CDX 블루&블랙 에디션,,7976,18,16,9,1,
3196,국산,쉐보레(GM대우),마티즈,마티즈 크리에이티브,LPG 1000cc,LPG 그루브,스타,7976,70,66,1,1,1
3197,국산,쉐보레(GM대우),타호,타호,가솔린 4WD,6.2 다크나이트 4WD,,7976,13,13,13,7,
3198,국산,쉐보레(GM대우),G2X,G2X,가솔린 2000cc,2.0 터보,,7976,12,12,12,12,
3199,국산,쉐보레(GM대우),라세티,라세티 프리미어,가솔린 1800cc,1.8 CDX ID,일반형,7976,18,16,4,3,2
3200,국산,쉐보레(GM대우),라세티,라세티 프리미어,가솔린 1800cc,1.8 CDX ID,고급형,7976,18,16,4,3,1
3201,국산,쉐보레(GM대우),타호,타호,가솔린 4WD,6.2 하이컨트리 4WD,,7976,13,13,13,6,
3202,국산,쉐보레(GM대우),볼트 EUV,볼트 EUV,전기 2WD,프리미어,,7976,18,18,18,14,
3203,국산,쉐보레(GM대우),라세티,라세티 프리미어,가솔린 1800cc,1.8 SX ID,일반형,7976,18,16,4,1,1
3204,국산,쉐보레(GM대우),티코,티코,가솔린 800cc,SX,,7976,6,6,6,3,
3205,국산,쉐보레(GM대우),볼트(Volt),볼트(Volt),가솔린+전기 1500cc,1.5,,7976,3,3,3,3,
3206,국산,쉐보레(GM대우),볼트 EUV,볼트 EUV,전기 2WD,레드라인,,7976,18,18,18,4,
3207,국산,쉐보레(GM대우),티코,티코,가솔린 800cc,슈퍼,,7976,6,6,6,2,
3208,국산,쉐보레(GM대우),에스페로,에스페로,가솔린 1500cc,1.5 DOHC,,7976,3,3,3,3,
3209,국산,쉐보레(GM대우),젠트라,젠트라,가솔린 1200cc,1.2 SX,,7976,5,1,1,1,
3210,국산,쉐보레(GM대우),라세티,라세티 프리미어,디젤 2000cc,디젤 CDX 블루&블랙 에디션,,7976,18,16,3,2,
3211,국산,쉐보레(GM대우),젠트라,젠트라 X,가솔린 1200cc,1.2 SX,,7976,5,4,4,4,
3212,국산,쉐보레(GM대우),티코,티코,가솔린 800cc,SE,,7976,6,6,6,1,
3213,국산,쉐보레(GM대우),라세티,라세티 프리미어,디젤 2000cc,디젤 CDX,일반형,7976,18,16,3,1,1
3214,국산,쉐보레(GM대우),베리타스,베리타스,가솔린 3600cc,디럭스,,7976,2,2,2,1,
3215,국산,쉐보레(GM대우),베리타스,베리타스,가솔린 3600cc,럭셔리,,7976,2,2,2,1,
3216,국산,쉐보레(GM대우),윈스톰,윈스톰,디젤 4WD,7인승 4WD LT,고급형,7976,3,3,2,1,1
3217,국산,쉐보레(GM대우),프린스,프린스,가솔린 1800cc,1.8 MPFi,,7976,2,2,2,1,
3218,국산,쉐보레(GM대우),매그너스,매그너스,가솔린 2000cc,이글 L6 2.0 익스클루시브,,7976,1,1,1,1,
3219,국산,쉐보레(GM대우),스테이츠맨,스테이츠맨,가솔린 2800cc,V6 2.8,,7976,2,2,1,1,
3220,국산,쉐보레(GM대우),윈스톰,윈스톰,디젤 4WD,7인승 4WD LTX,최고급형,7976,3,3,2,1,1
3221,국산,쉐보레(GM대우),프린스,프린스,가솔린 1800cc,1.8 SOHC,,7976,2,2,2,1,
3222,국산,쉐보레(GM대우),아카디아,아카디아,가솔린 3200cc,로얄,,7976,2,2,2,2,
3223,국산,쉐보레(GM대우),콜벳,콜벳,가솔린 6200cc,6.2,,7976,1,1,1,1,
3224,국산,쉐보레(GM대우),스테이츠맨,스테이츠맨,가솔린 3600cc,V6 3.6,,7976,2,2,1,1,
3225,국산,쉐보레(GM대우),윈스톰,윈스톰,디젤 2WD,5인승 2WD LT,고급형,7976,3,3,1,1,1
3226,국산,르노코리아(삼성),SM3,뉴SM3,가솔린 1600cc,RE,,6612,480,208,202,45,
3227,국산,르노코리아(삼성),SM3,SM3 Z.E.,전기,RE,,6612,480,45,45,35,
3228,국산,르노코리아(삼성),QM3,QM3,디젤 1500cc,RE,,6612,413,304,304,168,
3229,국산,르노코리아(삼성),SM6,더 뉴 SM6,가솔린 1300cc,1.3 TCe RE,,6612,1250,163,89,29,
3230,국산,르노코리아(삼성),SM3,SM3 네오,가솔린 1600cc,SE,,6612,480,219,216,88,
3231,국산,르노코리아(삼성),SM3,SM3 Z.E.,전기,SE,,6612,480,45,45,7,
3232,국산,르노코리아(삼성),SM5,뉴SM5(신형),가솔린 2000cc,LE,,6612,525,77,62,18,
3233,국산,르노코리아(삼성),XM3,XM3,가솔린 1300cc,1.3 TCe RE 시그니처,,6612,857,857,416,258,
3234,국산,르노코리아(삼성),QM3,뉴QM3,디젤 1500cc,RE,(세부등급 없음),6612,413,109,109,96,69
3235,국산,르노코리아(삼성),QM3,뉴QM3,디젤 1500cc,RE,시그니쳐,6612,413,109,109,96,13
3236,국산,르노코리아(삼성),QM3,뉴QM3,디젤 1500cc,RE,파노라믹 에디션,6612,413,109,109,96,12
3237,국산,르노코리아(삼성),QM3,뉴QM3,디젤 1500cc,RE,S-에디션,6612,413,109,109,96,2
3238,국산,르노코리아(삼성),SM5,SM5 뉴 임프레션,가솔린 2000cc,LE 익스클루시브,,6612,525,31,27,14,
3239,국산,르노코리아(삼성),SM5,SM5,가솔린 2500cc,SM525V,,6612,525,23,12,12,
3240,국산,르노코리아(삼성),QM3,QM3,디젤 1500cc,LE,,6612,413,304,304,83,
3241,국산,르노코리아(삼성),SM6,더 뉴 SM6,가솔린 1300cc,1.3 TCe 필,,6612,1250,163,89,25,
3242,국산,르노코리아(삼성),SM5,뉴SM5 플래티넘,가솔린 2000cc,LE,기본형,6612,525,176,103,39,25
3243,국산,르노코리아(삼성),SM5,SM5 노바,가솔린 2000cc,클래식,,6612,525,207,128,73,
3244,국산,르노코리아(삼성),SM3,SM3 네오,가솔린 1600cc,RE,,6612,480,219,216,49,
3245,국산,르노코리아(삼성),SM3,SM3,가솔린 1500cc,SE,,6612,480,1,1,1,
3246,국산,르노코리아(삼성),SM5,뉴SM5 플래티넘,가솔린 2000cc,LE,S/S 컬렉션,6612,525,176,103,39,13
3247,국산,르노코리아(삼성),SM5,뉴SM5 플래티넘,가솔린 2000cc,LE,파노라마,6612,525,176,103,39,1
3248,국산,르노코리아(삼성),SM5,뉴SM5,가솔린 2000cc,LE,,6612,525,11,8,6,
3249,국산,르노코리아(삼성),QM6,QM6,가솔린 2WD,가솔린 2WD RE,,6612,1854,707,301,119,
3250,국산,르노코리아(삼성),SM3,SM3 Z.E.,전기,SE 플러스,,6612,480,45,45,3,
3251,국산,르노코리아(삼성),SM3,뉴SM3,가솔린 1600cc,LE,,6612,480,208,202,44,
3252,국산,르노코리아(삼성),SM3,SM3 뉴 제너레이션,가솔린 1600cc,LE16,,6612,480,7,7,3,
3253,국산,르노코리아(삼성),XM3,XM3,가솔린 1300cc,1.3 TCe RE 인스파이어,,6612,857,857,416,82,
3254,국산,르노코리아(삼성),SM5,뉴SM5(신형),가솔린 2000cc,SE,,6612,525,77,62,13,
3255,국산,르노코리아(삼성),SM6,SM6,가솔린 2000cc,2.0 GDe LE,,6612,1250,1087,588,264,
3256,국산,르노코리아(삼성),QM3,뉴QM3,디젤 1500cc,LE,,6612,413,109,109,13,
3257,국산,르노코리아(삼성),QM6,더 뉴 QM6,LPG 2WD,2.0 LPe RE 시그니처 2WD,,6612,1854,1147,609,209,
3258,국산,르노코리아(삼성),SM5,SM5 뉴 임프레션,가솔린 2000cc,SE 블랙,,6612,525,31,27,6,
3259,국산,르노코리아(삼성),QM3,QM3,디젤 1500cc,RE 시그니처,,6612,413,304,304,53,
3260,국산,르노코리아(삼성),SM6,더 뉴 SM6,가솔린 1300cc,1.3 TCe LE,,6612,1250,163,89,19,
3261,국산,르노코리아(삼성),SM3,SM3 네오,가솔린 1600cc,LE,,6612,480,219,216,41,
3262,국산,르노코리아(삼성),XM3,XM3,가솔린 1300cc,1.3 TCe RE,,6612,857,857,416,69,
3263,국산,르노코리아(삼성),SM5,SM5 노바,가솔린 2000cc,LE,,6612,525,207,128,17,
3264,국산,르노코리아(삼성),SM5,뉴SM5,가솔린 2000cc,SE,,6612,525,11,8,1,
3265,국산,르노코리아(삼성),SM5,SM5,가솔린 2000cc,SM520V,,6612,525,23,9,7,
3266,국산,르노코리아(삼성),SM6,SM6,가솔린 2000cc,2.0 GDe RE,,6612,1250,1087,588,193,
3267,국산,르노코리아(삼성),SM3,뉴SM3,가솔린 1600cc,SE,,6612,480,208,202,34,
3268,국산,르노코리아(삼성),SM5,뉴SM5 플래티넘,가솔린 2000cc,SE,기본형,6612,525,176,103,33,18
3269,국산,르노코리아(삼성),SM5,뉴SM5 플래티넘,가솔린 2000cc,SE,S/S 컬렉션,6612,525,176,103,33,9
3270,국산,르노코리아(삼성),SM5,뉴SM5 플래티넘,가솔린 2000cc,SE,아트,6612,525,176,103,33,5
3271,국산,르노코리아(삼성),SM5,뉴SM5 플래티넘,가솔린 2000cc,SE,파노라마,6612,525,176,103,33,1
3272,국산,르노코리아(삼성),QM6,더 뉴 QM6,LPG 2WD,2.0 LPe RE 2WD,,6612,1854,1147,609,153,
3273,국산,르노코리아(삼성),SM5,뉴SM5(신형),가솔린 2000cc,SE 플러스,,6612,525,77,62,13,
3274,국산,르노코리아(삼성),QM6,QM6,가솔린 2WD,가솔린 2WD RE 시그니처,,6612,1854,707,301,99,
3275,국산,르노코리아(삼성),SM5,SM5 뉴 임프레션,가솔린 2000cc,LE,,6612,525,31,27,5,
3276,국산,르노코리아(삼성),SM3,SM3 뉴 제너레이션,가솔린 1600cc,XE16,,6612,480,7,7,2,
3277,국산,르노코리아(삼성),SM3,SM3 네오,가솔린 1600cc,SE 플러스,,6612,480,219,216,25,
3278,국산,르노코리아(삼성),SM5,뉴SM5,가솔린 2000cc,SE 플러스,,6612,525,11,8,1,
3279,국산,르노코리아(삼성),SM6,더 뉴 SM6,가솔린 1300cc,1.3 TCe SE,,6612,1250,163,89,11,
3280,국산,르노코리아(삼성),SM5,SM5,가솔린 2000cc,SM520V 플러스,,6612,525,23,9,2,
3281,국산,르노코리아(삼성),SM5,SM5 노바,가솔린 2000cc,SE,,6612,525,207,128,17,
3282,국산,르노코리아(삼성),SM3,뉴SM3,가솔린 1600cc,SE 플러스,,6612,480,208,202,19,
3283,국산,르노코리아(삼성),SM5,뉴SM5 플래티넘,가솔린 2000cc,RE,기본형,6612,525,176,103,21,19
3284,국산,르노코리아(삼성),SM5,뉴SM5 플래티넘,가솔린 2000cc,RE,S/S 컬렉션,6612,525,176,103,21,1
3285,국산,르노코리아(삼성),SM5,뉴SM5 플래티넘,가솔린 2000cc,RE,파노라마,6612,525,176,103,21,1
3286,국산,르노코리아(삼성),QM6,더 뉴 QM6,LPG 2WD,2.0 LPe LE 2WD,,6612,1854,1147,609,115,
3287,국산,르노코리아(삼성),SM5,뉴SM5(신형),가솔린 2000cc,RE,,6612,525,77,62,10,
3288,국산,르노코리아(삼성),SM6,SM6,가솔린 2000cc,2.0 GDe SE,,6612,1250,1087,588,93,
3289,국산,르노코리아(삼성),SM3,SM3 뉴 제너레이션,가솔린 1600cc,PE16,,6612,480,7,7,1,
3290,국산,르노코리아(삼성),SM5,SM5 뉴 임프레션,가솔린 2000cc,LE 플러스,,6612,525,31,27,1,
3291,국산,르노코리아(삼성),SM3,SM3 네오,가솔린 1600cc,PE,,6612,480,219,216,12,
3292,국산,르노코리아(삼성),SM6,더 뉴 SM6,가솔린 1300cc,1.3 TCe SE Plus,,6612,1250,163,89,3,
3293,국산,르노코리아(삼성),SM5,SM5 노바,가솔린 2000cc,RE,,6612,525,207,128,16,
3294,국산,르노코리아(삼성),SM3,뉴SM3,가솔린 1600cc,LE 플러스,,6612,480,208,202,15,
3295,국산,르노코리아(삼성),SM5,뉴SM5 플래티넘,가솔린 2000cc,PE,,6612,525,176,103,5,
3296,국산,르노코리아(삼성),SM6,SM6,가솔린 2000cc,2.0 프라임 SE,,6612,1250,1087,588,19,
3297,국산,르노코리아(삼성),SM3,SM3 뉴 제너레이션,가솔린 1600cc,SE16,,6612,480,7,7,1,
3298,국산,르노코리아(삼성),SM5,SM5 뉴 임프레션,가솔린 2000cc,SE 플러스,,6612,525,31,27,1,
3299,국산,르노코리아(삼성),XM3,XM3,가솔린 1300cc,1.3 TCe LE,,6612,857,857,416,7,
3300,국산,르노코리아(삼성),SM6,더 뉴 SM6,가솔린 1300cc,1.3 TCe 프리미에르,,6612,1250,163,89,2,
3301,국산,르노코리아(삼성),SM5,뉴SM5,LPG 2000cc,LPLI 기본형,,6612,525,11,3,2,
3302,국산,르노코리아(삼성),SM3,SM3 네오,가솔린 1600cc,R4U 에디션,,6612,480,219,216,1,
3303,국산,르노코리아(삼성),QM6,QM6,가솔린 2WD,가솔린 2WD LE,,6612,1854,707,301,79,
3304,국산,르노코리아(삼성),SM3,뉴SM3,가솔린 1600cc,SE 블랙,,6612,480,208,202,13,
3305,국산,르노코리아(삼성),SM5,SM5 노바,가솔린 2000cc,PE,,6612,525,207,128,5,
3306,국산,르노코리아(삼성),SM6,SM6,가솔린 2000cc,2.0 GDe PE,,6612,1250,1087,588,9,
3307,국산,르노코리아(삼성),SM5,뉴SM5(신형),가솔린 2000cc,LE 익스클루시브,,6612,525,77,62,2,
3308,국산,르노코리아(삼성),SM7,SM7 New Art,가솔린 2300cc,LE,,6612,332,41,36,12,
3309,국산,르노코리아(삼성),SM5,SM5,LPG 2000cc,LPG,,6612,525,23,1,1,
3310,국산,르노코리아(삼성),SM5,뉴SM5 플래티넘,가솔린 2000cc,SE 플러스,,6612,525,176,103,5,
3311,국산,르노코리아(삼성),QM6,더 뉴 QM6,LPG 2WD,2.0 LPe LE 시그니처 2WD,,6612,1854,1147,609,51,
3312,국산,르노코리아(삼성),SM7,SM7,가솔린 2300cc,SE,,6612,332,1,1,1,
3313,국산,르노코리아(삼성),SM5,뉴SM5,LPG 2000cc,LPLI 택시형 고급형,,6612,525,11,3,1,
3314,국산,르노코리아(삼성),SM3,뉴SM3,가솔린 1600cc,PE,,6612,480,208,202,12,
3315,국산,르노코리아(삼성),SM7,SM7 노바,LPG 2000cc,LPLI 2.0 LPe 장애인용,,6612,332,221,131,101,
3316,국산,르노코리아(삼성),QM6,QM6,가솔린 2WD,가솔린 2WD SE,,6612,1854,707,301,4,
3317,국산,르노코리아(삼성),SM5,뉴SM5(신형),가솔린 2000cc,SE 블랙,,6612,525,77,62,2,
3318,국산,르노코리아(삼성),SM6,SM6,가솔린 2000cc,2.0 GDe 프리미에르,,6612,1250,1087,588,7,
3319,국산,르노코리아(삼성),SM7,SM7 New Art,가솔린 2300cc,SE 플레져,,6612,332,41,36,7,
3320,국산,르노코리아(삼성),SM7,All New SM7,가솔린 2500cc,RE,기본형,6612,332,69,62,31,31
3321,국산,르노코리아(삼성),QM6,더 뉴 QM6,LPG 2WD,2.0 LPe 프리미에르 2WD,,6612,1854,1147,609,48,
3322,국산,르노코리아(삼성),XM3,XM3,가솔린 1600cc,1.6 GTe RE,,6612,857,857,399,201,
3323,국산,르노코리아(삼성),SM3,뉴SM3,가솔린 1600cc,LE 익스클루시브,,6612,480,208,202,10,
3324,국산,르노코리아(삼성),SM7,SM7 노바,LPG 2000cc,LPLI 2.0 LPe 택시렌터카,,6612,332,221,131,17,
3325,국산,르노코리아(삼성),SM5,뉴SM5(신형),가솔린 2000cc,SE 플러스 보스에디션,,6612,525,77,62,2,
3326,국산,르노코리아(삼성),SM7,SM7 New Art,가솔린 2300cc,프레스티지,,6612,332,41,36,7,
3327,국산,르노코리아(삼성),SM5,SM5,가솔린 1800cc,SM518,,6612,525,23,1,1,
3328,국산,르노코리아(삼성),SM7,All New SM7,가솔린 2500cc,LE,기본형,6612,332,69,62,28,26
3329,국산,르노코리아(삼성),SM7,All New SM7,가솔린 2500cc,LE,아트,6612,332,69,62,28,1
3330,국산,르노코리아(삼성),SM7,All New SM7,가솔린 2500cc,LE,파노라마,6612,332,69,62,28,1
3331,국산,르노코리아(삼성),XM3,XM3,가솔린 1600cc,1.6 GTe LE,,6612,857,857,399,92,
3332,국산,르노코리아(삼성),SM5,뉴SM5 플래티넘,LPG 2000cc,LPLi RE,기본형,6612,525,176,36,19,17
3333,국산,르노코리아(삼성),SM5,뉴SM5 플래티넘,LPG 2000cc,LPLi RE,S/S 컬렉션,6612,525,176,36,19,2
3334,국산,르노코리아(삼성),QM6,더 뉴 QM6,LPG 2WD,2.0 LPe SE 2WD,,6612,1854,1147,609,15,
3335,국산,르노코리아(삼성),SM7,SM7 New Art,가솔린 2300cc,RE,,6612,332,41,36,6,
3336,국산,르노코리아(삼성),SM5,뉴SM5(신형),가솔린 2000cc,PE,,6612,525,77,62,1,
3337,국산,르노코리아(삼성),SM7,SM7 노바,LPG 2000cc,LPLI 2.0 LPe,,6612,332,221,131,13,
3338,국산,르노코리아(삼성),SM5,뉴SM5 플래티넘,LPG 2000cc,LPLi LE,기본형,6612,525,176,36,10,8
3339,국산,르노코리아(삼성),SM5,뉴SM5 플래티넘,LPG 2000cc,LPLi LE,S/S 컬렉션,6612,525,176,36,10,2
3340,국산,르노코리아(삼성),XM3,XM3,가솔린 1600cc,1.6 GTe LE Plus,,6612,857,857,399,74,
3341,국산,르노코리아(삼성),QM6,더 뉴 QM6,LPG 2WD,퀘스트 2.0 LPe LE 2WD,,6612,1854,1147,609,12,
3342,국산,르노코리아(삼성),SM5,SM5 뉴 임프레션,LPG 2000cc,LPLI LE 익스클루시브,,6612,525,31,4,3,
3343,국산,르노코리아(삼성),SM3,뉴SM3,가솔린 1600cc,SE 플러스 Art,,6612,480,208,202,6,
3344,국산,르노코리아(삼성),SM6,더 뉴 SM6,LPG 2000cc,2.0 LPe 필,,6612,1250,163,37,21,
3345,국산,르노코리아(삼성),SM3,SM3 네오,디젤 1500cc,디젤 LE,,6612,480,219,3,3,
3346,국산,르노코리아(삼성),SM7,SM7 New Art,가솔린 2300cc,SE,,6612,332,41,36,2,
3347,국산,르노코리아(삼성),SM7,All New SM7,가솔린 2500cc,SE,,6612,332,69,62,3,
3348,국산,르노코리아(삼성),SM5,뉴SM5(신형),가솔린 2000cc,XE,,6612,525,77,62,1,
3349,국산,르노코리아(삼성),XM3,XM3,가솔린 1600cc,1.6 GTe 인스파이어,,6612,857,857,399,29,
3350,국산,르노코리아(삼성),SM6,SM6,가솔린 2000cc,2.0 프라임 PE,,6612,1250,1087,588,2,
3351,국산,르노코리아(삼성),SM5,SM5 노바,LPG 2000cc,LPLi 택시렌터카 고급형,,6612,525,207,50,19,
3352,국산,르노코리아(삼성),QM6,더 뉴 QM6,LPG 2WD,퀘스트 2.0 LPe 밴 2WD,,6612,1854,1147,609,3,
3353,국산,르노코리아(삼성),SM3,뉴SM3,가솔린 1600cc,XE,,6612,480,208,202,3,
3354,국산,르노코리아(삼성),SM6,더 뉴 SM6,LPG 2000cc,2.0 LPe LE,,6612,1250,163,37,8,
3355,국산,르노코리아(삼성),SM7,SM7 New Art,가솔린 2300cc,SE 플러스,,6612,332,41,36,2,
3356,국산,르노코리아(삼성),SM5,뉴SM5 플래티넘,LPG 2000cc,LPLI 택시렌터카 고급형,,6612,525,176,36,4,
3357,국산,르노코리아(삼성),XM3,XM3,가솔린 1600cc,1.6 GTe SE,,6612,857,857,399,2,
3358,국산,르노코리아(삼성),SM6,SM6,가솔린 2000cc,2.0 GDe LE 스페셜,,6612,1250,1087,588,1,
3359,국산,르노코리아(삼성),SM5,SM5 뉴 임프레션,LPG 2000cc,LPLI SE,,6612,525,31,4,1,
3360,국산,르노코리아(삼성),QM6,더 뉴 QM6,LPG 2WD,퀘스트 2.0 LPe 어드벤처 2WD,,6612,1854,1147,609,2,
3361,국산,르노코리아(삼성),SM7,SM7 노바,가솔린 2500cc,LE,,6612,332,221,71,28,
3362,국산,르노코리아(삼성),SM5,SM5 노바,LPG 2000cc,LPLi 택시렌터카 최고급형,,6612,525,207,50,12,
3363,국산,르노코리아(삼성),SM6,더 뉴 SM6,LPG 2000cc,2.0 LPe SE Plus,,6612,1250,163,37,8,
3364,국산,르노코리아(삼성),SM3,뉴SM3,가솔린 1600cc,LE 익스클루시브 BOSE에디션,,6612,480,208,202,1,
3365,국산,르노코리아(삼성),SM5,뉴SM5(신형),LPG 2000cc,LPLI SE,,6612,525,77,15,5,
3366,국산,르노코리아(삼성),QM6,QM6,디젤 4WD,디젤 4WD RE 시그니처,,6612,1854,707,220,158,
3367,국산,르노코리아(삼성),QM6,더 뉴 QM6,LPG 2WD,퀘스트 2.0 LPe 비즈니스 2WD,,6612,1854,1147,609,1,
3368,국산,르노코리아(삼성),XM3,XM3,가솔린 1600cc,1.6 GTe RE 베이직,,6612,857,857,399,1,
3369,국산,르노코리아(삼성),SM5,뉴SM5 플래티넘,LPG 2000cc,LPLi SE 플러스,,6612,525,176,36,3,
3370,국산,르노코리아(삼성),SM7,All New SM7,가솔린 3500cc,RE35,,6612,332,69,7,5,
3371,국산,르노코리아(삼성),SM7,SM7 노바,가솔린 2500cc,RE,,6612,332,221,71,23,
3372,국산,르노코리아(삼성),SM5,뉴SM5(신형),LPG 2000cc,LPLI LE,,6612,525,77,15,4,
3373,국산,르노코리아(삼성),SM6,SM6,LPG 2000cc,2.0 LPe LE (장애인용),,6612,1250,1087,285,78,
3374,국산,르노코리아(삼성),QM6,QM6,디젤 4WD,디젤 4WD RE,,6612,1854,707,220,36,
3375,국산,르노코리아(삼성),SM7,SM7 New Art,가솔린 3500cc,RE35,,6612,332,41,5,5,
3376,국산,르노코리아(삼성),SM7,All New SM7,가솔린 3500cc,LE35,,6612,332,69,7,1,
3377,국산,르노코리아(삼성),SM5,SM5 노바,LPG 2000cc,LPLi RE,,6612,525,207,50,11,
3378,국산,르노코리아(삼성),SM6,SM6,LPG 2000cc,2.0 LPe RE (장애인용),,6612,1250,1087,285,74,
3379,국산,르노코리아(삼성),SM3,뉴SM3,가솔린 2000cc,SE20,,6612,480,208,6,3,
3380,국산,르노코리아(삼성),SM5,뉴SM5(신형),LPG 2000cc,LPLI 택시렌터카 고급형,,6612,525,77,15,3,
3381,국산,르노코리아(삼성),QM6,QM6,디젤 4WD,디젤 4WD LE,,6612,1854,707,220,15,
3382,국산,르노코리아(삼성),SM7,All New SM7,가솔린 3500cc,SE35,,6612,332,69,7,1,
3383,국산,르노코리아(삼성),SM7,SM7 노바,가솔린 2500cc,2.5 V6,,6612,332,221,71,18,
3384,국산,르노코리아(삼성),SM5,뉴SM5 플래티넘,가솔린 1600cc,1.6 TCE,기본형,6612,525,176,24,24,20
3385,국산,르노코리아(삼성),SM5,뉴SM5 플래티넘,가솔린 1600cc,1.6 TCE,S/S 컬렉션,6612,525,176,24,24,4
3386,국산,르노코리아(삼성),SM5,SM5 노바,LPG 2000cc,LPLi LE,,6612,525,207,50,8,
3387,국산,르노코리아(삼성),QM6,더 뉴 QM6,가솔린 2WD,2.0 GDe RE 시그니처 2WD,,6612,1854,1147,508,178,
3388,국산,르노코리아(삼성),XM3,XM3,가솔린+전기 1600cc,1.6 E-TECH 인스파이어 e-시프터,,6612,857,857,42,24,
3389,국산,르노코리아(삼성),SM6,SM6,LPG 2000cc,2.0 LPe SE (렌터카),,6612,1250,1087,285,46,
3390,국산,르노코리아(삼성),SM6,더 뉴 SM6,가솔린 1800cc,1.8 TCe 프리미에르,,6612,1250,163,37,24,
3391,국산,르노코리아(삼성),SM5,뉴SM5(신형),LPG 2000cc,LPLI SE 플러스,,6612,525,77,15,2,
3392,국산,르노코리아(삼성),SM3,뉴SM3,가솔린 2000cc,LE20,,6612,480,208,6,1,
3393,국산,르노코리아(삼성),QM6,QM6,디젤 4WD,디젤 4WD RE 플러스,,6612,1854,707,220,11,
3394,국산,르노코리아(삼성),SM7,SM7 노바,가솔린 2500cc,SE,,6612,332,221,71,2,
3395,국산,르노코리아(삼성),SM6,SM6,LPG 2000cc,2.0 LPe SE (장애인용),,6612,1250,1087,285,31,
3396,국산,르노코리아(삼성),SM5,뉴SM5(신형),LPG 2000cc,LPLI 택시렌터카 최고급형,,6612,525,77,15,1,
3397,국산,르노코리아(삼성),SM3,뉴SM3,가솔린 2000cc,LE20 익스클루시브,,6612,480,208,6,1,
3398,국산,르노코리아(삼성),XM3,XM3,가솔린+전기 1600cc,1.6 E-TECH 인스파이어,,6612,857,857,42,16,
3399,국산,르노코리아(삼성),SM6,더 뉴 SM6,가솔린 1800cc,1.8 TCe LE,,6612,1250,163,37,9,
3400,국산,르노코리아(삼성),SM5,뉴SM5 플래티넘,디젤 1500cc,디젤 D 스페셜,,6612,525,176,13,11,
3401,국산,르노코리아(삼성),SM6,SM6,LPG 2000cc,2.0 LPe PE (렌터카),,6612,1250,1087,285,20,
3402,국산,르노코리아(삼성),XM3,XM3,가솔린+전기 1600cc,1.6 E-TECH RE,,6612,857,857,42,2,
3403,국산,르노코리아(삼성),SM5,SM5 노바,디젤 1500cc,디젤 D 프리미엄,,6612,525,207,20,16,
3404,국산,르노코리아(삼성),QM6,QM6,디젤 2WD,디젤 2WD RE 시그니처,,6612,1854,707,186,101,
3405,국산,르노코리아(삼성),SM6,더 뉴 SM6,가솔린 1800cc,1.8 TCe 인스파이어,,6612,1250,163,37,4,
3406,국산,르노코리아(삼성),SM5,뉴SM5 플래티넘,디젤 1500cc,디젤 D,,6612,525,176,13,2,
3407,국산,르노코리아(삼성),SM6,SM6,LPG 2000cc,2.0 LPe SE,,6612,1250,1087,285,14,
3408,국산,르노코리아(삼성),SM7,SM7 노바,가솔린 3500cc,3.5 V6,,6612,332,221,19,11,
3409,국산,르노코리아(삼성),SM5,SM5 노바,디젤 1500cc,디젤 D,,6612,525,207,20,4,
3410,국산,르노코리아(삼성),QM6,QM6,디젤 2WD,디젤 2WD LE,,6612,1854,707,186,40,
3411,국산,르노코리아(삼성),SM3,뉴SM3,가솔린 2000cc,RE20,,6612,480,208,6,1,
3412,국산,르노코리아(삼성),QM6,더 뉴 QM6,가솔린 2WD,2.0 GDe RE 2WD,,6612,1854,1147,508,106,
3413,국산,르노코리아(삼성),SM6,SM6,LPG 2000cc,2.0 LPe LE,,6612,1250,1087,285,10,
3414,국산,르노코리아(삼성),SM7,SM7 노바,가솔린 3500cc,RE35,,6612,332,221,19,7,
3415,국산,르노코리아(삼성),QM6,QM6,디젤 2WD,디젤 2WD RE,,6612,1854,707,186,27,
3416,국산,르노코리아(삼성),QM6,더 뉴 QM6,가솔린 2WD,2.0 GDe 프리미에르 2WD,,6612,1854,1147,508,102,
3417,국산,르노코리아(삼성),SM5,SM5 노바,가솔린 1600cc,1.6 TCE,,6612,525,207,9,9,
3418,국산,르노코리아(삼성),QM6,QM6,디젤 2WD,디젤 2WD RE 플러스,,6612,1854,707,186,14,
3419,국산,르노코리아(삼성),SM7,SM7 노바,가솔린 3500cc,LE35,,6612,332,221,19,1,
3420,국산,르노코리아(삼성),SM6,SM6,LPG 2000cc,2.0 LPe RE,,6612,1250,1087,285,9,
3421,국산,르노코리아(삼성),QM6,더 뉴 QM6,가솔린 2WD,2.0 GDe LE 2WD,,6612,1854,1147,508,68,
3422,국산,르노코리아(삼성),SM6,SM6,LPG 2000cc,2.0 LPe SE (택시형),,6612,1250,1087,285,3,
3423,국산,르노코리아(삼성),QM6,QM6,디젤 2WD,디젤 2WD SE,,6612,1854,707,186,4,
3424,국산,르노코리아(삼성),QM6,더 뉴 QM6,가솔린 2WD,2.0 GDe LE 시그니처 2WD,,6612,1854,1147,508,35,
3425,국산,르노코리아(삼성),SM6,SM6,가솔린 1600cc,1.6 TCe RE,,6612,1250,1087,149,112,
3426,국산,르노코리아(삼성),QM6,더 뉴 QM6,가솔린 2WD,2.0 GDe 볼드에디션,,6612,1854,1147,508,14,
3427,국산,르노코리아(삼성),아르카나,아르카나,가솔린 1600cc,1.6 GTe 아이코닉,,6612,126,126,99,90,
3428,국산,르노코리아(삼성),QM6,더 뉴 QM6,가솔린 2WD,2.0 GDe SE 2WD,,6612,1854,1147,508,5,
3429,국산,르노코리아(삼성),QM5,QM5,가솔린 2WD,가솔린 2WD 씨티 보스,,6612,118,12,5,2,
3430,국산,르노코리아(삼성),SM6,SM6,가솔린 1600cc,1.6 TCe LE,,6612,1250,1087,149,33,
3431,국산,르노코리아(삼성),아르카나,아르카나,가솔린 1600cc,1.6 GTe 테크노,,6612,126,126,99,7,
3432,국산,르노코리아(삼성),마스터,마스터,디젤 2300cc,2.3 15인승,,6612,168,168,168,39,
3433,국산,르노코리아(삼성),QM5,뉴QM5,가솔린 2WD,가솔린 2WD 2.0 LE,,6612,118,48,22,12,
3434,국산,르노코리아(삼성),그랑 콜레오스,그랑 콜레오스,가솔린+전기 2WD,1.5 E-TECH 아이코닉 2WD,,6612,240,240,208,123,
3435,국산,르노코리아(삼성),SM6,SM6,가솔린 1600cc,1.6 TCe SE,,6612,1250,1087,149,2,
3436,국산,르노코리아(삼성),아르카나,아르카나,가솔린 1600cc,1.6 GTe 에볼루션,,6612,126,126,99,2,
3437,국산,르노코리아(삼성),QM5,QM5 네오,가솔린 2WD,가솔린 2WD RE,,6612,118,58,26,13,
3438,국산,르노코리아(삼성),QM5,QM5,가솔린 2WD,가솔린 2WD 씨티 LE25,기본형,6612,118,12,5,1,1
3439,국산,르노코리아(삼성),QM5,뉴QM5,가솔린 2WD,가솔린 2WD 씨티 LE25 플러스,,6612,118,48,22,4,
3440,국산,르노코리아(삼성),SM6,SM6,가솔린 1600cc,1.6 TCe 프리미에르,,6612,1250,1087,149,2,
3441,국산,르노코리아(삼성),QM6,더 뉴 QM6,디젤 4WD,2.0 dCi 프리미에르 4WD,,6612,1854,1147,20,13,
3442,국산,르노코리아(삼성),그랑 콜레오스,그랑 콜레오스,가솔린+전기 2WD,1.5 E-TECH 에스프리 알핀 2WD,,6612,240,240,208,69,
3443,국산,르노코리아(삼성),QM5,QM5 네오,가솔린 2WD,가솔린 2WD LE,,6612,118,58,26,8,
3444,국산,르노코리아(삼성),마스터,마스터,디젤 2300cc,2.3 밴 L,,6612,168,168,168,39,
3445,국산,르노코리아(삼성),QM5,QM5,가솔린 2WD,가솔린 2WD 씨티 어드벤쳐,,6612,118,12,5,1,
3446,국산,르노코리아(삼성),그랑 콜레오스,그랑 콜레오스,가솔린+전기 2WD,1.5 E-TECH 에스프리 알핀 누아르 2WD,,6612,240,240,208,11,
3447,국산,르노코리아(삼성),QM6,더 뉴 QM6,디젤 4WD,2.0 dCi RE 4WD,,6612,1854,1147,20,5,
3448,국산,르노코리아(삼성),QM5,QM5 네오,가솔린 2WD,가솔린 2WD SE,,6612,118,58,26,5,
3449,국산,르노코리아(삼성),아르카나,아르카나,가솔린+전기 1600cc,1.6 E-TECH 아이코닉,,6612,126,126,27,13,
3450,국산,르노코리아(삼성),마스터,마스터,디젤 2300cc,어린이 보호차,15인승,6612,168,168,168,34,20
3451,국산,르노코리아(삼성),마스터,마스터,디젤 2300cc,어린이 보호차,13인승,6612,168,168,168,34,6
3452,국산,르노코리아(삼성),마스터,마스터,디젤 2300cc,어린이 보호차,20인승,6612,168,168,168,34,6
3453,국산,르노코리아(삼성),마스터,마스터,디젤 2300cc,어린이 보호차,21인승,6612,168,168,168,34,2
3454,국산,르노코리아(삼성),QM5,뉴QM5,가솔린 2WD,가솔린 2WD 씨티 RE25,,6612,118,48,22,3,
3455,국산,르노코리아(삼성),QM5,QM5,가솔린 2WD,가솔린 2WD 씨티 페어웨이,,6612,118,12,5,1,
3456,국산,르노코리아(삼성),SM6,SM6,디젤 1500cc,1.5 dCi LE,,6612,1250,1087,65,46,
3457,국산,르노코리아(삼성),QM6,더 뉴 QM6,디젤 4WD,2.0 dCi RE 시그니처 4WD,,6612,1854,1147,20,2,
3458,국산,르노코리아(삼성),마스터,마스터,디젤 2300cc,캠핑카/이동사무차,,6612,168,168,168,24,
3459,국산,르노코리아(삼성),그랑 콜레오스,그랑 콜레오스,가솔린+전기 2WD,1.5 E-TECH 에스카파드 2WD,,6612,240,240,208,5,
3460,국산,르노코리아(삼성),아르카나,아르카나,가솔린+전기 1600cc,1.6 E-TECH 테크노,,6612,126,126,27,10,
3461,국산,르노코리아(삼성),QM5,뉴QM5,가솔린 2WD,가솔린 2WD 씨티 SE25,,6612,118,48,22,2,
3462,국산,르노코리아(삼성),마스터,마스터,디젤 2300cc,2.3 13인승,,6612,168,168,168,16,
3463,국산,르노코리아(삼성),SM6,SM6,디젤 1500cc,1.5 dCi SE,,6612,1250,1087,65,17,
3464,국산,르노코리아(삼성),QM5,뉴QM5,가솔린 2WD,가솔린 2WD 씨티 LE25,,6612,118,48,22,1,
3465,국산,르노코리아(삼성),아르카나,아르카나,가솔린+전기 1600cc,1.6 E-TECH 아이코닉 디자인 패키지,,6612,126,126,27,4,
3466,국산,르노코리아(삼성),QM6,더 뉴 QM6,디젤 2WD,1.7 dCi RE 2WD,,6612,1854,1147,10,5,
3467,국산,르노코리아(삼성),마스터,마스터,디젤 2300cc,2.3 밴 S,,6612,168,168,168,15,
3468,국산,르노코리아(삼성),SM6,SM6,디젤 1500cc,1.5 dCi PE,,6612,1250,1087,65,2,
3469,국산,르노코리아(삼성),QM5,QM5,디젤 4WD,디젤 4WD RE,기본형,6612,118,12,4,3,3
3470,국산,르노코리아(삼성),그랑 콜레오스,그랑 콜레오스,가솔린 2WD,2.0 아이코닉 2WD,,6612,240,240,23,15,
3471,국산,르노코리아(삼성),QM6,더 뉴 QM6,디젤 2WD,1.7 dCi RE 시그니처 2WD,,6612,1854,1147,10,4,
3472,국산,르노코리아(삼성),마스터,마스터,디젤 2300cc,냉동차,,6612,168,168,168,1,
3473,국산,르노코리아(삼성),QM5,QM5,디젤 4WD,디젤 4WD LE,플러스,6612,118,12,4,1,1
3474,국산,르노코리아(삼성),QM5,QM5 네오,디젤 2WD,디젤 2WD LE,,6612,118,58,26,17,
3475,국산,르노코리아(삼성),QM5,뉴QM5,디젤 2WD,디젤 2WD LE 플러스,,6612,118,48,15,7,
3476,국산,르노코리아(삼성),그랑 콜레오스,그랑 콜레오스,가솔린 2WD,2.0 에스프리 알핀 2WD,,6612,240,240,23,6,
3477,국산,르노코리아(삼성),QM5,QM5 네오,디젤 2WD,디젤 2WD RE,,6612,118,58,26,9,
3478,국산,르노코리아(삼성),QM6,더 뉴 QM6,디젤 2WD,1.7 dCi SE 2WD,,6612,1854,1147,10,1,
3479,국산,르노코리아(삼성),그랑 콜레오스,그랑 콜레오스,가솔린 2WD,2.0 테크노 2WD,,6612,240,240,23,2,
3480,국산,르노코리아(삼성),필랑트,필랑트,가솔린+전기 2WD,1.5 E-TECH 에스프리 알핀 2WD,,6612,69,69,69,29,
3481,국산,르노코리아(삼성),QM5,뉴QM5,디젤 2WD,디젤 2WD RE,,6612,118,48,15,5,
3482,국산,르노코리아(삼성),QM5,QM5 네오,디젤 4WD,디젤 4WD LE,,6612,118,58,6,5,
3483,국산,르노코리아(삼성),클리오,클리오,디젤 1500cc,인텐스,,6612,63,63,63,42,
3484,국산,르노코리아(삼성),QM5,뉴QM5,디젤 2WD,디젤 2WD LE,,6612,118,48,15,2,
3485,국산,르노코리아(삼성),필랑트,필랑트,가솔린+전기 2WD,1.5 E-TECH 에스프리 알핀 1955 2WD,,6612,69,69,69,23,
3486,국산,르노코리아(삼성),그랑 콜레오스,그랑 콜레오스,가솔린 4WD,2.0 에스프리 알핀 4WD,,6612,240,240,9,5,
3487,국산,르노코리아(삼성),클리오,클리오,디젤 1500cc,인텐스 파노라믹,,6612,63,63,63,16,
3488,국산,르노코리아(삼성),QM5,QM5 네오,디젤 4WD,디젤 4WD RE,,6612,118,58,6,1,
3489,국산,르노코리아(삼성),QM5,뉴QM5,디젤 2WD,디젤 2WD 살로몬 에디션,,6612,118,48,15,1,
3490,국산,르노코리아(삼성),필랑트,필랑트,가솔린+전기 2WD,1.5 E-TECH 아이코닉 2WD,,6612,69,69,69,17,
3491,국산,르노코리아(삼성),QM5,QM5,디젤 2WD,디젤 2WD LE,기본형,6612,118,12,3,1,1
3492,국산,르노코리아(삼성),캡처,캡처,가솔린 1300cc,1.3 TCe 에디션 파리,,6612,37,37,36,29,
3493,국산,르노코리아(삼성),트위지,트위지,전기,라이프(2인승),,6612,47,47,47,28,
3494,국산,르노코리아(삼성),그랑 콜레오스,그랑 콜레오스,가솔린 4WD,2.0 아이코닉 4WD,,6612,240,240,9,4,
3495,국산,르노코리아(삼성),QM5,뉴QM5,디젤 4WD,디젤 4WD RE,,6612,118,48,11,7,
3496,국산,르노코리아(삼성),QM5,QM5,디젤 2WD,디젤 2WD RE,기본형,6612,118,12,3,1,1
3497,국산,르노코리아(삼성),QM5,QM5,디젤 2WD,디젤 2WD SE,기본형,6612,118,12,3,1,1
3498,국산,르노코리아(삼성),클리오,클리오,디젤 1500cc,아이코닉,,6612,63,63,63,3,
3499,국산,르노코리아(삼성),QM5,뉴QM5,디젤 4WD,디젤 4WD LE,,6612,118,48,11,4,
3500,국산,르노코리아(삼성),캡처,캡처,가솔린 1300cc,1.3 TCe 인텐스,,6612,37,37,36,7,
3501,국산,르노코리아(삼성),클리오,클리오,디젤 1500cc,젠,,6612,63,63,63,2,
3502,국산,르노코리아(삼성),트위지,트위지,전기,인텐스(2인승),,6612,47,47,47,17,
3503,국산,르노코리아(삼성),트위지,트위지,전기,카고(1인승+트렁크),,6612,47,47,47,2,
3504,국산,르노코리아(삼성),조에,조에,전기,인텐스 에코,,6612,23,23,23,17,
3505,국산,르노코리아(삼성),캡처,캡처,디젤 1500cc,1.5 dCi 인텐스,,6612,37,37,1,1,
3506,국산,르노코리아(삼성),세닉,세닉,전기 2WD,아이코닉,,6612,10,10,10,6,
3507,국산,르노코리아(삼성),세닉,세닉,전기 2WD,아이코닉 라이트,,6612,10,10,10,2,
3508,국산,르노코리아(삼성),세닉,세닉,전기 2WD,테크노 플러스,,6612,10,10,10,2,
3509,국산,르노코리아(삼성),조에,조에,전기,인텐스,,6612,23,23,23,6,
3510,국산,KG모빌리티(쌍용),티볼리,베리 뉴 티볼리,가솔린 1500cc,가솔린 1.5 2WD,V3,8924,2219,608,559,546,332
3511,국산,KG모빌리티(쌍용),티볼리,베리 뉴 티볼리,가솔린 1500cc,가솔린 1.5 2WD,V5,8924,2219,608,559,546,93
3512,국산,KG모빌리티(쌍용),티볼리,베리 뉴 티볼리,가솔린 1500cc,가솔린 1.5 2WD,V1,8924,2219,608,559,546,44
3513,국산,KG모빌리티(쌍용),티볼리,베리 뉴 티볼리,가솔린 1500cc,가솔린 1.5 2WD,V7,8924,2219,608,559,546,25
3514,국산,KG모빌리티(쌍용),티볼리,베리 뉴 티볼리,가솔린 1500cc,가솔린 1.5 2WD,V3 스페셜,8924,2219,608,559,546,21
3515,국산,KG모빌리티(쌍용),티볼리,베리 뉴 티볼리,가솔린 1500cc,가솔린 1.5 2WD,리미티드 에디션,8924,2219,608,559,546,19
3516,국산,KG모빌리티(쌍용),티볼리,베리 뉴 티볼리,가솔린 1500cc,가솔린 1.5 2WD,업비트,8924,2219,608,559,546,7
3517,국산,KG모빌리티(쌍용),티볼리,베리 뉴 티볼리,가솔린 1500cc,가솔린 1.5 2WD,R-PLUS 화이트,8924,2219,608,559,546,3
3518,국산,KG모빌리티(쌍용),티볼리,베리 뉴 티볼리,가솔린 1500cc,가솔린 1.5 2WD,R-PLUS,8924,2219,608,559,546,2
3519,국산,KG모빌리티(쌍용),무쏘,무쏘 스포츠 칸 (Q261),디젤 4WD,디젤 2.2 4WD,프레스티지,8924,86,7,7,7,6
3520,국산,KG모빌리티(쌍용),무쏘,무쏘 스포츠 칸 (Q261),디젤 4WD,디젤 2.2 4WD,와일드,8924,86,7,7,7,1
3521,국산,KG모빌리티(쌍용),무쏘,무쏘 스포츠 (Q260),디젤 4WD,디젤 2.2 4WD,프레스티지,8924,86,7,7,7,7
3522,국산,KG모빌리티(쌍용),무쏘,무쏘 EV (O100),전기 2WD,MX,,8924,86,18,11,9,
3523,국산,KG모빌리티(쌍용),티볼리,더 뉴 티볼리 에어,가솔린 1500cc,1.5 2WD,A7,8924,2219,14,14,14,12
3524,국산,KG모빌리티(쌍용),티볼리,더 뉴 티볼리 에어,가솔린 1500cc,1.5 2WD,A5,8924,2219,14,14,14,2
3525,국산,KG모빌리티(쌍용),무쏘,무쏘 (Q300),가솔린 2000cc,가솔린 2.0 4WD,M9 롱 데크 그랜드 스타일,8924,86,47,27,25,7
3526,국산,KG모빌리티(쌍용),무쏘,뉴무쏘,가솔린,가솔린 320LX,,8924,86,5,3,3,
3527,국산,KG모빌리티(쌍용),무쏘,무쏘 (Q300),가솔린 2000cc,가솔린 2.0 4WD,M7,8924,86,47,27,25,6
3528,국산,KG모빌리티(쌍용),무쏘,무쏘 (Q300),가솔린 2000cc,가솔린 2.0 4WD,M9 롱 데크,8924,86,47,27,25,5
3529,국산,KG모빌리티(쌍용),무쏘,무쏘 (Q300),가솔린 2000cc,가솔린 2.0 4WD,M9,8924,86,47,27,25,3
3530,국산,KG모빌리티(쌍용),무쏘,무쏘 (Q300),가솔린 2000cc,가솔린 2.0 4WD,M7 그랜드 스타일,8924,86,47,27,25,2
3531,국산,KG모빌리티(쌍용),무쏘,무쏘 (Q300),가솔린 2000cc,가솔린 2.0 4WD,M9 그랜드 스타일,8924,86,47,27,25,2
3532,국산,KG모빌리티(쌍용),코란도,더 뉴 코란도 스포츠,디젤 4WD,2.2 CX7 4WD,클럽,8924,1966,261,220,149,108
3533,국산,KG모빌리티(쌍용),코란도,더 뉴 코란도 스포츠,디젤 4WD,2.2 CX7 4WD,패션,8924,1966,261,220,149,24
3534,국산,KG모빌리티(쌍용),코란도,더 뉴 코란도 스포츠,디젤 4WD,2.2 CX7 4WD,비젼,8924,1966,261,220,149,12
3535,국산,KG모빌리티(쌍용),코란도,더 뉴 코란도 스포츠,디젤 4WD,2.2 CX7 4WD,매니아,8924,1966,261,220,149,5
3536,국산,KG모빌리티(쌍용),토레스,토레스 EVX,전기,E7,,8924,782,59,59,49,
3537,국산,KG모빌리티(쌍용),티볼리,티볼리 에어,디젤 2WD,디젤 IX 2WD,,8924,2219,501,230,160,
3538,국산,KG모빌리티(쌍용),티볼리,베리 뉴 티볼리,가솔린 1500cc,가솔린 1.5 4WD,V3,8924,2219,608,559,13,6
3539,국산,KG모빌리티(쌍용),티볼리,베리 뉴 티볼리,가솔린 1500cc,가솔린 1.5 4WD,업비트,8924,2219,608,559,13,3
3540,국산,KG모빌리티(쌍용),티볼리,베리 뉴 티볼리,가솔린 1500cc,가솔린 1.5 4WD,V7,8924,2219,608,559,13,2
3541,국산,KG모빌리티(쌍용),티볼리,베리 뉴 티볼리,가솔린 1500cc,가솔린 1.5 4WD,리미티드 에디션,8924,2219,608,559,13,2
3542,국산,KG모빌리티(쌍용),액티언,액티언 2세대,가솔린 2WD,가솔린 1.5 2WD,S7,8924,84,77,37,37,21
3543,국산,KG모빌리티(쌍용),액티언,액티언 2세대,가솔린 2WD,가솔린 1.5 2WD,S9,8924,84,77,37,37,12
3544,국산,KG모빌리티(쌍용),액티언,액티언 2세대,가솔린 2WD,가솔린 1.5 2WD,S8,8924,84,77,37,37,4
3545,국산,KG모빌리티(쌍용),토레스,더 뉴 토레스,가솔린 1500cc,가솔린 1.5 2WD,T7,8924,782,107,80,53,17
3546,국산,KG모빌리티(쌍용),토레스,더 뉴 토레스,가솔린 1500cc,가솔린 1.5 2WD,TV7,8924,782,107,80,53,12
3547,국산,KG모빌리티(쌍용),토레스,더 뉴 토레스,가솔린 1500cc,가솔린 1.5 2WD,블랙에디션,8924,782,107,80,53,11
3548,국산,KG모빌리티(쌍용),토레스,더 뉴 토레스,가솔린 1500cc,가솔린 1.5 2WD,TV5,8924,782,107,80,53,5
3549,국산,KG모빌리티(쌍용),토레스,더 뉴 토레스,가솔린 1500cc,가솔린 1.5 2WD,T5,8924,782,107,80,53,4
3550,국산,KG모빌리티(쌍용),토레스,더 뉴 토레스,가솔린 1500cc,가솔린 1.5 2WD,블랙엣지,8924,782,107,80,53,4
3551,국산,KG모빌리티(쌍용),토레스,토레스,가솔린 1500cc,가솔린 1.5 2WD,T7,8924,782,609,600,429,312
3552,국산,KG모빌리티(쌍용),토레스,토레스,가솔린 1500cc,가솔린 1.5 2WD,T5,8924,782,609,600,429,94
3553,국산,KG모빌리티(쌍용),토레스,토레스,가솔린 1500cc,가솔린 1.5 2WD,블랙에디션,8924,782,609,600,429,15
3554,국산,KG모빌리티(쌍용),토레스,토레스,가솔린 1500cc,가솔린 1.5 2WD,TV5,8924,782,609,600,429,4
3555,국산,KG모빌리티(쌍용),토레스,토레스,가솔린 1500cc,가솔린 1.5 2WD,TV7,8924,782,609,600,429,4
3556,국산,KG모빌리티(쌍용),티볼리,티볼리 아머,가솔린 1600cc,VX 2WD,,8924,2219,385,294,107,
3557,국산,KG모빌리티(쌍용),액티언,액티언,디젤 2WD,2WD CX5 클럽,기본형,8924,84,2,1,1,1
3558,국산,KG모빌리티(쌍용),렉스턴,렉스턴 스포츠,디젤 2200cc,디젤 2.2 4WD,프레스티지,8924,3705,836,836,696,261
3559,국산,KG모빌리티(쌍용),렉스턴,렉스턴 스포츠,디젤 2200cc,디젤 2.2 4WD,노블레스,8924,3705,836,836,696,155
3560,국산,KG모빌리티(쌍용),렉스턴,렉스턴 스포츠,디젤 2200cc,디젤 2.2 4WD,어드벤처,8924,3705,836,836,696,155
3561,국산,KG모빌리티(쌍용),렉스턴,렉스턴 스포츠,디젤 2200cc,디젤 2.2 4WD,프레스티지 스페셜,8924,3705,836,836,696,81
3562,국산,KG모빌리티(쌍용),렉스턴,렉스턴 스포츠,디젤 2200cc,디젤 2.2 4WD,와일드,8924,3705,836,836,696,24
3563,국산,KG모빌리티(쌍용),렉스턴,렉스턴 스포츠,디젤 2200cc,디젤 2.2 4WD,다이내믹 에디션,8924,3705,836,836,696,20
3564,국산,KG모빌리티(쌍용),렉스턴,렉스턴 스포츠 칸,디젤 2200cc,디젤 2.2 4WD,프레스티지 스페셜 (5링크),8924,3705,422,422,400,142
3565,국산,KG모빌리티(쌍용),코란도,뉴 스타일 코란도 C,디젤 2WD,2.2 RX 2WD,고급형,8924,1966,91,75,47,31
3566,국산,KG모빌리티(쌍용),렉스턴,렉스턴 스포츠 칸,디젤 2200cc,디젤 2.2 4WD,프로페셔널 X (5링크),8924,3705,422,422,400,69
3567,국산,KG모빌리티(쌍용),렉스턴,렉스턴 스포츠 칸,디젤 2200cc,디젤 2.2 4WD,다이내믹 에디션 (5링크),8924,3705,422,422,400,58
3568,국산,KG모빌리티(쌍용),렉스턴,렉스턴 스포츠 칸,디젤 2200cc,디젤 2.2 4WD,노블레스 (5링크),8924,3705,422,422,400,43
3569,국산,KG모빌리티(쌍용),렉스턴,렉스턴 스포츠 칸,디젤 2200cc,디젤 2.2 4WD,프로페셔널 S (5링크),8924,3705,422,422,400,41
3570,국산,KG모빌리티(쌍용),렉스턴,렉스턴 스포츠 칸,디젤 2200cc,디젤 2.2 4WD,파이오니어 S (리프),8924,3705,422,422,400,17
3571,국산,KG모빌리티(쌍용),렉스턴,렉스턴 스포츠 칸,디젤 2200cc,디젤 2.2 4WD,프레스티지 (5링크),8924,3705,422,422,400,12
3572,국산,KG모빌리티(쌍용),렉스턴,렉스턴 스포츠 칸,디젤 2200cc,디젤 2.2 4WD,프레스티지 (리프),8924,3705,422,422,400,9
3573,국산,KG모빌리티(쌍용),렉스턴,렉스턴 스포츠 칸,디젤 2200cc,디젤 2.2 4WD,파이오니어 X (리프),8924,3705,422,422,400,5
3574,국산,KG모빌리티(쌍용),렉스턴,렉스턴 스포츠 칸,디젤 2200cc,디젤 2.2 4WD,노블레스 (리프),8924,3705,422,422,400,4
3575,국산,KG모빌리티(쌍용),무쏘,무쏘 EV (O100),전기 2WD,블랙엣지,,8924,86,18,11,2,
3576,국산,KG모빌리티(쌍용),렉스턴,G4 렉스턴,디젤 2200cc,디젤 2.2 4WD,유라시아 에디션,8924,3705,491,491,434,143
3577,국산,KG모빌리티(쌍용),렉스턴,G4 렉스턴,디젤 2200cc,디젤 2.2 4WD,헤리티지,8924,3705,491,491,434,107
3578,국산,KG모빌리티(쌍용),렉스턴,G4 렉스턴,디젤 2200cc,디젤 2.2 4WD,마제스티,8924,3705,491,491,434,58
3579,국산,KG모빌리티(쌍용),렉스턴,G4 렉스턴,디젤 2200cc,디젤 2.2 4WD,프라임,8924,3705,491,491,434,40
3580,국산,KG모빌리티(쌍용),렉스턴,G4 렉스턴,디젤 2200cc,디젤 2.2 4WD,화이트 에디션,8924,3705,491,491,434,34
3581,국산,KG모빌리티(쌍용),렉스턴,G4 렉스턴,디젤 2200cc,디젤 2.2 4WD,럭셔리,8924,3705,491,491,434,24
3582,국산,KG모빌리티(쌍용),렉스턴,G4 렉스턴,디젤 2200cc,디젤 2.2 4WD,마제스티 스페셜,8924,3705,491,491,434,19
3583,국산,KG모빌리티(쌍용),렉스턴,G4 렉스턴,디젤 2200cc,디젤 2.2 4WD,헤리티지 스페셜,8924,3705,491,491,434,9
3584,국산,KG모빌리티(쌍용),코란도,뉴 스타일 코란도 C,디젤 2WD,2.2 RX 2WD,최고급형,8924,1966,91,75,47,14
3585,국산,KG모빌리티(쌍용),코란도,뉴 스타일 코란도 C,디젤 2WD,2.2 RX 2WD,(세부등급 없음),8924,1966,91,75,47,2
3586,국산,KG모빌리티(쌍용),액티언,액티언 스포츠,디젤 2WD,2WD AX5 클럽,,8924,84,5,3,2,
3587,국산,KG모빌리티(쌍용),티볼리,더 뉴 티볼리,가솔린 1600cc,1.6 2WD,V3,8924,2219,74,50,50,44
3588,국산,KG모빌리티(쌍용),티볼리,더 뉴 티볼리,가솔린 1600cc,1.6 2WD,V1,8924,2219,74,50,50,6
3589,국산,KG모빌리티(쌍용),토레스,뉴 토레스,가솔린+전기 1500cc,HEV 1.5 2WD,T7,8924,782,7,4,4,4
3590,국산,KG모빌리티(쌍용),코란도,코란도 스포츠,디젤 4WD,CX7 4WD,패션,8924,1966,488,409,317,184
3591,국산,KG모빌리티(쌍용),코란도,코란도 스포츠,디젤 4WD,CX7 4WD,클럽,8924,1966,488,409,317,90
3592,국산,KG모빌리티(쌍용),코란도,코란도 스포츠,디젤 4WD,CX7 4WD,비전,8924,1966,488,409,317,24
3593,국산,KG모빌리티(쌍용),코란도,코란도 스포츠,디젤 4WD,CX7 4WD,매니아,8924,1966,488,409,317,18
3594,국산,KG모빌리티(쌍용),코란도,코란도 스포츠,디젤 4WD,CX7 4WD,레저,8924,1966,488,409,317,1
3595,국산,KG모빌리티(쌍용),코란도,코란도 투리스모,디젤 4WD,4WD TX 9인승,,8924,1966,346,329,81,
3596,국산,KG모빌리티(쌍용),무쏘,무쏘 (Q300),가솔린 2000cc,가솔린 2.0 2WD,M5,8924,86,47,27,2,2
3597,국산,KG모빌리티(쌍용),코란도,뷰티풀 코란도,가솔린 2WD,가솔린 1.5 2WD C5,플러스,8924,1966,464,303,208,166
3598,국산,KG모빌리티(쌍용),코란도,뷰티풀 코란도,가솔린 2WD,가솔린 1.5 2WD C5,(세부등급 없음),8924,1966,464,303,208,30
3599,국산,KG모빌리티(쌍용),코란도,뷰티풀 코란도,가솔린 2WD,가솔린 1.5 2WD C5,프라임,8924,1966,464,303,208,12
3600,국산,KG모빌리티(쌍용),코란도,뉴코란도 C,디젤 2WD,2.0 CVT 2WD,고급형,8924,1966,262,194,83,72
3601,국산,KG모빌리티(쌍용),무쏘,무쏘,가솔린 2300cc 이하,가솔린 2300 DOHC,,8924,86,1,1,1,
3602,국산,KG모빌리티(쌍용),코란도,더 뉴 코란도 스포츠,디젤 4WD,2.2 익스트림 4WD,,8924,1966,261,220,65,
3603,국산,KG모빌리티(쌍용),코란도,뉴코란도 C,디젤 2WD,2.0 CVT 2WD,최고급형,8924,1966,262,194,83,11
3604,국산,KG모빌리티(쌍용),렉스턴,더 뉴 렉스턴 스포츠,디젤 2200cc,디젤 2.2 4WD,프레스티지,8924,3705,506,506,433,230
3605,국산,KG모빌리티(쌍용),렉스턴,더 뉴 렉스턴 스포츠,디젤 2200cc,디젤 2.2 4WD,쿨멘 프레스티지,8924,3705,506,506,433,58
3606,국산,KG모빌리티(쌍용),렉스턴,더 뉴 렉스턴 스포츠,디젤 2200cc,디젤 2.2 4WD,와일드,8924,3705,506,506,433,35
3607,국산,KG모빌리티(쌍용),렉스턴,더 뉴 렉스턴 스포츠,디젤 2200cc,디젤 2.2 4WD,익스페디션,8924,3705,506,506,433,31
3608,국산,KG모빌리티(쌍용),렉스턴,더 뉴 렉스턴 스포츠,디젤 2200cc,디젤 2.2 4WD,노블레스,8924,3705,506,506,433,26
3609,국산,KG모빌리티(쌍용),렉스턴,더 뉴 렉스턴 스포츠,디젤 2200cc,디젤 2.2 4WD,쿨멘 노블레스,8924,3705,506,506,433,18
3610,국산,KG모빌리티(쌍용),렉스턴,더 뉴 렉스턴 스포츠,디젤 2200cc,디젤 2.2 4WD,쿨멘 와일드,8924,3705,506,506,433,18
3611,국산,KG모빌리티(쌍용),렉스턴,더 뉴 렉스턴 스포츠,디젤 2200cc,디젤 2.2 4WD,쿨멘 와일드 플러스,8924,3705,506,506,433,14
3612,국산,KG모빌리티(쌍용),렉스턴,더 뉴 렉스턴 스포츠,디젤 2200cc,디젤 2.2 4WD,어드밴스,8924,3705,506,506,433,3
3613,국산,KG모빌리티(쌍용),토레스,토레스 EVX,전기,E5,,8924,782,59,59,6,
3614,국산,KG모빌리티(쌍용),티볼리,티볼리 에어,디젤 2WD,디젤 RX 2WD,,8924,2219,501,230,62,
3615,국산,KG모빌리티(쌍용),티볼리,티볼리,가솔린 1600cc,LX 2WD,고급형,8924,2219,637,426,213,80
3616,국산,KG모빌리티(쌍용),티볼리,티볼리,가솔린 1600cc,LX 2WD,최고급형,8924,2219,637,426,213,77
3617,국산,KG모빌리티(쌍용),티볼리,티볼리,가솔린 1600cc,LX 2WD,(세부등급 없음),8924,2219,637,426,213,56
3618,국산,KG모빌리티(쌍용),티볼리,티볼리 아머,가솔린 1600cc,기어 에디션 2WD,,8924,2219,385,294,69,
3619,국산,KG모빌리티(쌍용),토레스,더 뉴 토레스,가솔린 1500cc,가솔린 1.5 4WD,T7,8924,782,107,80,27,13
3620,국산,KG모빌리티(쌍용),코란도,코란도 스포츠,디젤 4WD,익스트림 4WD,,8924,1966,488,409,74,
3621,국산,KG모빌리티(쌍용),토레스,더 뉴 토레스,가솔린 1500cc,가솔린 1.5 4WD,블랙에디션,8924,782,107,80,27,7
3622,국산,KG모빌리티(쌍용),토레스,더 뉴 토레스,가솔린 1500cc,가솔린 1.5 4WD,TV7,8924,782,107,80,27,5
3623,국산,KG모빌리티(쌍용),토레스,더 뉴 토레스,가솔린 1500cc,가솔린 1.5 4WD,블랙엣지,8924,782,107,80,27,2
3624,국산,KG모빌리티(쌍용),렉스턴,렉스턴 스포츠,디젤 2200cc,디젤 2.2 2WD,프레스티지,8924,3705,836,836,140,56
3625,국산,KG모빌리티(쌍용),렉스턴,렉스턴 스포츠,디젤 2200cc,디젤 2.2 2WD,어드벤처,8924,3705,836,836,140,42
3626,국산,KG모빌리티(쌍용),렉스턴,렉스턴 스포츠,디젤 2200cc,디젤 2.2 2WD,프레스티지 스페셜,8924,3705,836,836,140,16
3627,국산,KG모빌리티(쌍용),렉스턴,렉스턴 스포츠,디젤 2200cc,디젤 2.2 2WD,노블레스,8924,3705,836,836,140,14
3628,국산,KG모빌리티(쌍용),액티언,액티언 스포츠,디젤 2WD,2WD AX5 패션,,8924,84,5,3,1,
3629,국산,KG모빌리티(쌍용),렉스턴,더 뉴 렉스턴 스포츠 칸,디젤 2200cc,디젤 2.2 4WD,프레스티지,8924,3705,672,672,622,312
3630,국산,KG모빌리티(쌍용),렉스턴,올 뉴 렉스턴,디젤 2200cc,디젤 2.2 4WD,프레스티지,8924,3705,505,505,457,162
3631,국산,KG모빌리티(쌍용),렉스턴,올 뉴 렉스턴,디젤 2200cc,디젤 2.2 4WD,더 블랙,8924,3705,505,505,457,138
3632,국산,KG모빌리티(쌍용),렉스턴,올 뉴 렉스턴,디젤 2200cc,디젤 2.2 4WD,마스터,8924,3705,505,505,457,72
3633,국산,KG모빌리티(쌍용),렉스턴,올 뉴 렉스턴,디젤 2200cc,디젤 2.2 4WD,시그니처,8924,3705,505,505,457,66
3634,국산,KG모빌리티(쌍용),렉스턴,올 뉴 렉스턴,디젤 2200cc,디젤 2.2 4WD,럭셔리,8924,3705,505,505,457,19
3635,국산,KG모빌리티(쌍용),렉스턴,더 뉴 렉스턴 스포츠 칸,디젤 2200cc,디젤 2.2 4WD,익스페디션,8924,3705,672,672,622,83
3636,국산,KG모빌리티(쌍용),렉스턴,더 뉴 렉스턴 스포츠 칸,디젤 2200cc,디젤 2.2 4WD,쿨멘 프레스티지,8924,3705,672,672,622,69
3637,국산,KG모빌리티(쌍용),렉스턴,더 뉴 렉스턴 스포츠 칸,디젤 2200cc,디젤 2.2 4WD,노블레스,8924,3705,672,672,622,68
3638,국산,KG모빌리티(쌍용),렉스턴,더 뉴 렉스턴 스포츠 칸,디젤 2200cc,디젤 2.2 4WD,쿨멘 노블레스,8924,3705,672,672,622,45
3639,국산,KG모빌리티(쌍용),렉스턴,더 뉴 렉스턴 스포츠 칸,디젤 2200cc,디젤 2.2 4WD,와일드,8924,3705,672,672,622,27
3640,국산,KG모빌리티(쌍용),렉스턴,더 뉴 렉스턴 스포츠 칸,디젤 2200cc,디젤 2.2 4WD,어드밴스,8924,3705,672,672,622,9
3641,국산,KG모빌리티(쌍용),렉스턴,더 뉴 렉스턴 스포츠 칸,디젤 2200cc,디젤 2.2 4WD,쿨멘 와일드 플러스,8924,3705,672,672,622,6
3642,국산,KG모빌리티(쌍용),렉스턴,더 뉴 렉스턴 스포츠 칸,디젤 2200cc,디젤 2.2 4WD,쿨멘 와일드,8924,3705,672,672,622,3
3643,국산,KG모빌리티(쌍용),토레스,토레스,가솔린 1500cc,가솔린 1.5 4WD,T7,8924,782,609,600,171,150
3644,국산,KG모빌리티(쌍용),렉스턴,렉스턴 스포츠,디젤 2200cc,디젤 2.2 2WD,와일드,8924,3705,836,836,140,12
3645,국산,KG모빌리티(쌍용),토레스,토레스,가솔린 1500cc,가솔린 1.5 4WD,T5,8924,782,609,600,171,14
3646,국산,KG모빌리티(쌍용),토레스,토레스,가솔린 1500cc,가솔린 1.5 4WD,TV7,8924,782,609,600,171,4
3647,국산,KG모빌리티(쌍용),토레스,토레스,가솔린 1500cc,가솔린 1.5 4WD,블랙에디션,8924,782,609,600,171,2
3648,국산,KG모빌리티(쌍용),토레스,토레스,가솔린 1500cc,가솔린 1.5 4WD,TX,8924,782,609,600,171,1
3649,국산,KG모빌리티(쌍용),코란도,코란도 투리스모,디젤 4WD,4WD 샤토 9인승,하이 루프,8924,1966,346,329,36,19
3650,국산,KG모빌리티(쌍용),렉스턴,렉스턴 스포츠 칸,디젤 2200cc,디젤 2.2 2WD,프레스티지 스페셜 (5링크),8924,3705,422,422,22,12
3651,국산,KG모빌리티(쌍용),렉스턴,렉스턴 스포츠 칸,디젤 2200cc,디젤 2.2 2WD,프로페셔널 X (5링크),8924,3705,422,422,22,3
3652,국산,KG모빌리티(쌍용),렉스턴,렉스턴 스포츠 칸,디젤 2200cc,디젤 2.2 2WD,노블레스 (5링크),8924,3705,422,422,22,2
3653,국산,KG모빌리티(쌍용),렉스턴,렉스턴 스포츠 칸,디젤 2200cc,디젤 2.2 2WD,프레스티지 (5링크),8924,3705,422,422,22,2
3654,국산,KG모빌리티(쌍용),렉스턴,렉스턴 스포츠 칸,디젤 2200cc,디젤 2.2 2WD,프로페셔널 S (5링크),8924,3705,422,422,22,2
3655,국산,KG모빌리티(쌍용),렉스턴,렉스턴 스포츠 칸,디젤 2200cc,디젤 2.2 2WD,파이오니어 X (리프),8924,3705,422,422,22,1
3656,국산,KG모빌리티(쌍용),코란도,코란도 투리스모,디젤 4WD,4WD 샤토 9인승,하이 리무진,8924,1966,346,329,36,13
3657,국산,KG모빌리티(쌍용),코란도,코란도 투리스모,디젤 4WD,4WD 샤토 9인승,(세부등급 없음),8924,1966,346,329,36,4
3658,국산,KG모빌리티(쌍용),코란도,뷰티풀 코란도,가솔린 2WD,가솔린 1.5 2WD C7,,8924,1966,464,303,52,
3659,국산,KG모빌리티(쌍용),렉스턴,G4 렉스턴,디젤 2200cc,디젤 2.2 2WD,유라시아 에디션,8924,3705,491,491,57,24
3660,국산,KG모빌리티(쌍용),렉스턴,G4 렉스턴,디젤 2200cc,디젤 2.2 2WD,마제스티,8924,3705,491,491,57,20
3661,국산,KG모빌리티(쌍용),렉스턴,G4 렉스턴,디젤 2200cc,디젤 2.2 2WD,럭셔리,8924,3705,491,491,57,7
3662,국산,KG모빌리티(쌍용),렉스턴,G4 렉스턴,디젤 2200cc,디젤 2.2 2WD,프라임,8924,3705,491,491,57,3
3663,국산,KG모빌리티(쌍용),렉스턴,G4 렉스턴,디젤 2200cc,디젤 2.2 2WD,헤리티지,8924,3705,491,491,57,3
3664,국산,KG모빌리티(쌍용),코란도,더 뉴 코란도 스포츠,디젤 4WD,2.2 삼바 에디션 4WD,,8924,1966,261,220,6,
3665,국산,KG모빌리티(쌍용),무쏘,뉴무쏘,디젤,디젤 4WD 230SL,고급형,8924,86,5,2,2,2
3666,국산,KG모빌리티(쌍용),토레스,토레스 EVX,전기,TV7,,8924,782,59,59,2,
3667,국산,KG모빌리티(쌍용),렉스턴,더 뉴 렉스턴 스포츠,디젤 2200cc,디젤 2.2 2WD,프레스티지,8924,3705,506,506,73,45
3668,국산,KG모빌리티(쌍용),코란도,뉴 스타일 코란도 C,디젤 2WD,2.2 익스트림 2WD,,8924,1966,91,75,21,
3669,국산,KG모빌리티(쌍용),렉스턴,더 뉴 렉스턴 스포츠,디젤 2200cc,디젤 2.2 2WD,어드밴스,8924,3705,506,506,73,5
3670,국산,KG모빌리티(쌍용),렉스턴,더 뉴 렉스턴 스포츠,디젤 2200cc,디젤 2.2 2WD,와일드,8924,3705,506,506,73,5
3671,국산,KG모빌리티(쌍용),렉스턴,더 뉴 렉스턴 스포츠,디젤 2200cc,디젤 2.2 2WD,쿨멘 와일드,8924,3705,506,506,73,4
3672,국산,KG모빌리티(쌍용),렉스턴,더 뉴 렉스턴 스포츠,디젤 2200cc,디젤 2.2 2WD,쿨멘 와일드 플러스,8924,3705,506,506,73,4
3673,국산,KG모빌리티(쌍용),렉스턴,더 뉴 렉스턴 스포츠,디젤 2200cc,디젤 2.2 2WD,쿨멘 프레스티지,8924,3705,506,506,73,4
3674,국산,KG모빌리티(쌍용),렉스턴,더 뉴 렉스턴 스포츠,디젤 2200cc,디젤 2.2 2WD,노블레스,8924,3705,506,506,73,2
3675,국산,KG모빌리티(쌍용),렉스턴,더 뉴 렉스턴 스포츠,디젤 2200cc,디젤 2.2 2WD,익스페디션,8924,3705,506,506,73,2
3676,국산,KG모빌리티(쌍용),렉스턴,더 뉴 렉스턴 스포츠,디젤 2200cc,디젤 2.2 2WD,쿨멘 노블레스,8924,3705,506,506,73,2
3677,국산,KG모빌리티(쌍용),코란도,뉴코란도 C,디젤 2WD,2.2 RX 2WD,고급형,8924,1966,262,194,34,23
3678,국산,KG모빌리티(쌍용),코란도,뉴코란도 C,디젤 2WD,2.2 RX 2WD,최고급형,8924,1966,262,194,34,11
3679,국산,KG모빌리티(쌍용),액티언,액티언 2세대,가솔린+전기 2WD,HEV 1.5 2WD,S8,8924,84,77,27,27,27
3680,국산,KG모빌리티(쌍용),티볼리,티볼리,가솔린 1600cc,VX 2WD,,8924,2219,637,426,184,
3681,국산,KG모빌리티(쌍용),티볼리,티볼리 아머,가솔린 1600cc,기어 플러스 2WD,,8924,2219,385,294,41,
3682,국산,KG모빌리티(쌍용),코란도,코란도 스포츠,디젤 4WD,어드벤처 60th 에디션 4WD,,8924,1966,488,409,18,
3683,국산,KG모빌리티(쌍용),무쏘,무쏘 EV (O100),전기 4WD,MX AWD,,8924,86,18,7,6,
3684,국산,KG모빌리티(쌍용),렉스턴,올 뉴 렉스턴,디젤 2200cc,디젤 2.2 2WD,프레스티지,8924,3705,505,505,48,36
3685,국산,KG모빌리티(쌍용),렉스턴,올 뉴 렉스턴,디젤 2200cc,디젤 2.2 2WD,럭셔리,8924,3705,505,505,48,12
3686,국산,KG모빌리티(쌍용),렉스턴,더 뉴 렉스턴 스포츠 칸,디젤 2200cc,디젤 2.2 2WD,프레스티지,8924,3705,672,672,50,30
3687,국산,KG모빌리티(쌍용),렉스턴,더 뉴 렉스턴 스포츠 칸,디젤 2200cc,디젤 2.2 2WD,노블레스,8924,3705,672,672,50,4
3688,국산,KG모빌리티(쌍용),렉스턴,더 뉴 렉스턴 스포츠 칸,디젤 2200cc,디젤 2.2 2WD,익스페디션,8924,3705,672,672,50,4
3689,국산,KG모빌리티(쌍용),렉스턴,더 뉴 렉스턴 스포츠 칸,디젤 2200cc,디젤 2.2 2WD,쿨멘 프레스티지,8924,3705,672,672,50,4
3690,국산,KG모빌리티(쌍용),렉스턴,더 뉴 렉스턴 스포츠 칸,디젤 2200cc,디젤 2.2 2WD,쿨멘 노블레스,8924,3705,672,672,50,3
3691,국산,KG모빌리티(쌍용),렉스턴,더 뉴 렉스턴 스포츠 칸,디젤 2200cc,디젤 2.2 2WD,어드밴스,8924,3705,672,672,50,2
3692,국산,KG모빌리티(쌍용),렉스턴,더 뉴 렉스턴 스포츠 칸,디젤 2200cc,디젤 2.2 2WD,와일드,8924,3705,672,672,50,2
3693,국산,KG모빌리티(쌍용),렉스턴,더 뉴 렉스턴 스포츠 칸,디젤 2200cc,디젤 2.2 2WD,쿨멘 와일드 플러스,8924,3705,672,672,50,1
3694,국산,KG모빌리티(쌍용),티볼리,더 뉴 티볼리,가솔린 1500cc,1.5 2WD,V7,8924,2219,74,24,23,15
3695,국산,KG모빌리티(쌍용),티볼리,더 뉴 티볼리,가솔린 1500cc,1.5 2WD,V5,8924,2219,74,24,23,8
3696,국산,KG모빌리티(쌍용),티볼리,베리 뉴 티볼리,디젤 1600cc,디젤 1.6 2WD,V1,8924,2219,608,49,46,17
3697,국산,KG모빌리티(쌍용),티볼리,베리 뉴 티볼리,디젤 1600cc,디젤 1.6 2WD,V5,8924,2219,608,49,46,17
3698,국산,KG모빌리티(쌍용),티볼리,베리 뉴 티볼리,디젤 1600cc,디젤 1.6 2WD,V7,8924,2219,608,49,46,6
3699,국산,KG모빌리티(쌍용),티볼리,베리 뉴 티볼리,디젤 1600cc,디젤 1.6 2WD,V3,8924,2219,608,49,46,4
3700,국산,KG모빌리티(쌍용),티볼리,베리 뉴 티볼리,디젤 1600cc,디젤 1.6 2WD,V3 스페셜,8924,2219,608,49,46,2
3701,국산,KG모빌리티(쌍용),코란도,코란도 투리스모,디젤 4WD,4WD RX 9인승,,8924,1966,346,329,28,
3702,국산,KG모빌리티(쌍용),토레스,토레스 EVX,전기,택시형,,8924,782,59,59,2,
3703,국산,KG모빌리티(쌍용),무쏘,무쏘 스포츠,디젤 4WD,4WD FX5,고급형,8924,86,1,1,1,1
3704,국산,KG모빌리티(쌍용),무쏘,무쏘 (Q300),디젤 2200cc,디젤 2.2 4WD,M9 롱 데크 그랜드 스타일,8924,86,47,20,20,6
3705,국산,KG모빌리티(쌍용),무쏘,무쏘 (Q300),디젤 2200cc,디젤 2.2 4WD,M7,8924,86,47,20,20,3
3706,국산,KG모빌리티(쌍용),무쏘,무쏘 (Q300),디젤 2200cc,디젤 2.2 4WD,M7 그랜드 스타일,8924,86,47,20,20,3
3707,국산,KG모빌리티(쌍용),무쏘,무쏘 (Q300),디젤 2200cc,디젤 2.2 4WD,M5 롱 데크,8924,86,47,20,20,2
3708,국산,KG모빌리티(쌍용),무쏘,무쏘 (Q300),디젤 2200cc,디젤 2.2 4WD,M7 롱 데크,8924,86,47,20,20,2
3709,국산,KG모빌리티(쌍용),무쏘,무쏘 (Q300),디젤 2200cc,디젤 2.2 4WD,M9,8924,86,47,20,20,2
3710,국산,KG모빌리티(쌍용),무쏘,무쏘 (Q300),디젤 2200cc,디젤 2.2 4WD,M9 그랜드 스타일,8924,86,47,20,20,2
3711,국산,KG모빌리티(쌍용),코란도,뉴 스타일 코란도 C,디젤 2WD,2.2 DX 2WD,,8924,1966,91,75,3,
3712,국산,KG모빌리티(쌍용),액티언,액티언 스포츠,디젤 4WD,4WD AX7 클럽,,8924,84,5,2,2,
3713,국산,KG모빌리티(쌍용),티볼리,티볼리,가솔린 1600cc,TX 2WD,(세부등급 없음),8924,2219,637,426,13,13
3714,국산,KG모빌리티(쌍용),토레스,더 뉴 토레스,가솔린+전기 1500cc,HEV 1.5 2WD,T7,8924,782,107,24,24,22
3715,국산,KG모빌리티(쌍용),토레스,더 뉴 토레스,가솔린+전기 1500cc,HEV 1.5 2WD,T5,8924,782,107,24,24,2
3716,국산,KG모빌리티(쌍용),토레스,뉴 토레스,가솔린 1500cc,가솔린 1.5 2WD,T7,8924,782,7,3,2,2
3717,국산,KG모빌리티(쌍용),티볼리,티볼리 에어,디젤 2WD,디젤 AX 2WD,,8924,2219,501,230,8,
3718,국산,KG모빌리티(쌍용),액티언,액티언,디젤 4WD,4WD CX7,최고급형,8924,84,2,1,1,1
3719,국산,KG모빌리티(쌍용),티볼리,티볼리 아머,가솔린 1600cc,기어Ⅱ 2WD,드라이빙 기어,8924,2219,385,294,24,23
3720,국산,KG모빌리티(쌍용),티볼리,티볼리 아머,가솔린 1600cc,기어Ⅱ 2WD,스타일링 기어,8924,2219,385,294,24,1
3721,국산,KG모빌리티(쌍용),무쏘,무쏘 EV (O100),전기 4WD,블랙엣지 AWD,,8924,86,18,7,1,
3722,국산,KG모빌리티(쌍용),코란도,뷰티풀 코란도,가솔린 2WD,가솔린 1.5 2WD R-플러스,,8924,1966,464,303,32,
3723,국산,KG모빌리티(쌍용),토레스,토레스,가솔린+LPG 1500cc,바이퓨얼 1.5 2WD,TL7,8924,782,609,9,7,6
3724,국산,KG모빌리티(쌍용),토레스,토레스,가솔린+LPG 1500cc,바이퓨얼 1.5 2WD,TL5,8924,782,609,9,7,1
3725,국산,KG모빌리티(쌍용),티볼리,더 뉴 티볼리,가솔린 1500cc,1.5 4WD,V7,8924,2219,74,24,1,1
3726,국산,KG모빌리티(쌍용),토레스,뉴 토레스,가솔린 1500cc,가솔린 1.5 4WD,TV7,8924,782,7,3,1,1
3727,국산,KG모빌리티(쌍용),코란도,코란도 투리스모,디젤 4WD,4WD 아웃도어 에디션 9인승,,8924,1966,346,329,28,
3728,국산,KG모빌리티(쌍용),액티언,액티언 2세대,가솔린 4WD,가솔린 1.5 4WD,S9,8924,84,77,12,12,7
3729,국산,KG모빌리티(쌍용),티볼리,베리 뉴 티볼리,디젤 1600cc,디젤 1.6 4WD,V5,8924,2219,608,49,3,2
3730,국산,KG모빌리티(쌍용),티볼리,베리 뉴 티볼리,디젤 1600cc,디젤 1.6 4WD,V3,8924,2219,608,49,3,1
3731,국산,KG모빌리티(쌍용),액티언,액티언 2세대,가솔린 4WD,가솔린 1.5 4WD,S7,8924,84,77,12,12,5
3732,국산,KG모빌리티(쌍용),코란도,뉴 스타일 코란도 C,디젤 2WD,2.2 KX 2WD,,8924,1966,91,75,3,
3733,국산,KG모빌리티(쌍용),코란도,코란도 스포츠,디젤 2WD,CX5 2WD,패션,8924,1966,488,79,79,40
3734,국산,KG모빌리티(쌍용),코란도,코란도 스포츠,디젤 2WD,CX5 2WD,클럽,8924,1966,488,79,79,30
3735,국산,KG모빌리티(쌍용),코란도,코란도 스포츠,디젤 2WD,CX5 2WD,에코,8924,1966,488,79,79,9
3736,국산,KG모빌리티(쌍용),코란도,뷰티풀 코란도,가솔린 2WD,가솔린 1.5 2WD C3 플러스,,8924,1966,464,303,9,
3737,국산,KG모빌리티(쌍용),티볼리,티볼리,가솔린 1600cc,LX 4WD,(세부등급 없음),8924,2219,637,426,11,10
3738,국산,KG모빌리티(쌍용),티볼리,티볼리,가솔린 1600cc,LX 4WD,최고급형,8924,2219,637,426,11,1
3739,국산,KG모빌리티(쌍용),렉스턴,슈퍼 렉스턴,디젤 4WD,4WD RX4,최고급형,8924,3705,39,22,15,10
3740,국산,KG모빌리티(쌍용),렉스턴,슈퍼 렉스턴,디젤 4WD,4WD RX4,브라운에디션,8924,3705,39,22,15,5
3741,국산,KG모빌리티(쌍용),티볼리,티볼리 아머,가솔린 1600cc,TX 2WD,,8924,2219,385,294,19,
3742,국산,KG모빌리티(쌍용),렉스턴,렉스턴 II,디젤 4WD,4WD RX5,최고급형,8924,3705,6,6,3,2
3743,국산,KG모빌리티(쌍용),코란도,코란도 투리스모,디젤 4WD,4WD GT 9인승,,8924,1966,346,329,26,
3744,국산,KG모빌리티(쌍용),렉스턴,렉스턴 II,디젤 4WD,4WD RX5,고급형,8924,3705,6,6,3,1
3745,국산,KG모빌리티(쌍용),코란도,더 뉴 코란도 스포츠,디젤 2WD,2.2 CX5 2WD,클럽,8924,1966,261,41,41,28
3746,국산,KG모빌리티(쌍용),코란도,더 뉴 코란도 스포츠,디젤 2WD,2.2 CX5 2WD,패션,8924,1966,261,41,41,11
3747,국산,KG모빌리티(쌍용),코란도,더 뉴 코란도 스포츠,디젤 2WD,2.2 CX5 2WD,에코,8924,1966,261,41,41,2
3748,국산,KG모빌리티(쌍용),코란도,뉴 스타일 코란도 C,디젤 2WD,2.2 익스트림 스포츠 2WD,,8924,1966,91,75,1,
3749,국산,KG모빌리티(쌍용),렉스턴,렉스턴 W,디젤 4WD,2.0 4WD RX7,럭셔리,8924,3705,165,150,76,41
3750,국산,KG모빌리티(쌍용),토레스,토레스,가솔린+LPG 1500cc,바이퓨얼 1.5 4WD,TL7,8924,782,609,9,2,2
3751,국산,KG모빌리티(쌍용),렉스턴,렉스턴 뉴 아레나,디젤 2200cc,디젤 2.2 4WD,노블레스,8924,3705,63,63,63,39
3752,국산,KG모빌리티(쌍용),렉스턴,렉스턴 W,디젤 4WD,2.0 4WD RX7,프레스티지,8924,3705,165,150,76,33
3753,국산,KG모빌리티(쌍용),렉스턴,렉스턴 W,디젤 4WD,2.0 4WD RX7,브라운 스페셜,8924,3705,165,150,76,2
3754,국산,KG모빌리티(쌍용),토레스,더 뉴 토레스,가솔린+LPG 1500cc,바이퓨얼 1.5 2WD,TL7,8924,782,107,3,3,2
3755,국산,KG모빌리티(쌍용),렉스턴,렉스턴 뉴 아레나,디젤 2200cc,디젤 2.2 4WD,더 블랙,8924,3705,63,63,63,17
3756,국산,KG모빌리티(쌍용),렉스턴,렉스턴 뉴 아레나,디젤 2200cc,디젤 2.2 4WD,써밋,8924,3705,63,63,63,5
3757,국산,KG모빌리티(쌍용),렉스턴,렉스턴 뉴 아레나,디젤 2200cc,디젤 2.2 4WD,프리미엄,8924,3705,63,63,63,2
3758,국산,KG모빌리티(쌍용),토레스,더 뉴 토레스,가솔린+LPG 1500cc,바이퓨얼 1.5 2WD,TV5,8924,782,107,3,3,1
3759,국산,KG모빌리티(쌍용),티볼리,티볼리 에어,가솔린 2WD,1.6 IX 2WD,,8924,2219,501,221,77,
3760,국산,KG모빌리티(쌍용),코란도,뉴코란도 C,디젤 2WD,2.2 익스트림 2WD,,8924,1966,262,194,33,
3761,국산,KG모빌리티(쌍용),티볼리,티볼리,가솔린 1600cc,엣지 에디션 2WD,,8924,2219,637,426,3,
3762,국산,KG모빌리티(쌍용),코란도,코란도 투리스모,디젤 4WD,4WD GT 11인승,,8924,1966,346,329,25,
3763,국산,KG모빌리티(쌍용),액티언,액티언 2세대,가솔린+LPG 2WD,바이퓨얼 1.5 2WD,S7,8924,84,77,1,1,1
3764,국산,KG모빌리티(쌍용),코란도,뷰티풀 코란도,가솔린 2WD,가솔린 1.5 2WD C7 블랙에디션,,8924,1966,464,303,2,
3765,국산,KG모빌리티(쌍용),렉스턴,슈퍼 렉스턴,디젤 4WD,4WD RX6,최고급형,8924,3705,39,22,4,3
3766,국산,KG모빌리티(쌍용),렉스턴,슈퍼 렉스턴,디젤 4WD,4WD RX6,브라운에디션,8924,3705,39,22,4,1
3767,국산,KG모빌리티(쌍용),렉스턴,렉스턴 W,디젤 4WD,2.2 4WD RX7,럭셔리,8924,3705,165,150,44,34
3768,국산,KG모빌리티(쌍용),렉스턴,렉스턴 W,디젤 4WD,2.2 4WD RX7,프레스티지,8924,3705,165,150,44,7
3769,국산,KG모빌리티(쌍용),렉스턴,렉스턴 W,디젤 4WD,2.2 4WD RX7,디럭스,8924,3705,165,150,44,3
3770,국산,KG모빌리티(쌍용),렉스턴,렉스턴 II,디젤 4WD,AWD RX7,최고급형,8924,3705,6,6,3,2
3771,국산,KG모빌리티(쌍용),렉스턴,렉스턴 II,디젤 4WD,AWD RX7,고급형,8924,3705,6,6,3,1
3772,국산,KG모빌리티(쌍용),티볼리,티볼리 아머,가솔린 1600cc,LX 2WD,,8924,2219,385,294,16,
3773,국산,KG모빌리티(쌍용),코란도,뉴코란도 C,디젤 2WD,2.0 RX 2WD,고급형,8924,1966,262,194,18,12
3774,국산,KG모빌리티(쌍용),코란도,뉴코란도 C,디젤 2WD,2.0 RX 2WD,최고급형,8924,1966,262,194,18,6
3775,국산,KG모빌리티(쌍용),티볼리,티볼리,가솔린 1600cc,삼바 에디션 2WD,,8924,2219,637,426,2,
3776,국산,KG모빌리티(쌍용),코란도,뉴 스타일 코란도 C,디젤 4WD,2.2 RX 4WD,고급형,8924,1966,91,16,8,5
3777,국산,KG모빌리티(쌍용),코란도,뉴 스타일 코란도 C,디젤 4WD,2.2 RX 4WD,최고급형,8924,1966,91,16,8,3
3778,국산,KG모빌리티(쌍용),티볼리,티볼리 아머,가솔린 1600cc,기어 플러스Ⅰ 2WD,,8924,2219,385,294,7,
3779,국산,KG모빌리티(쌍용),코란도,코란도 투리스모,디젤 4WD,4WD 익스트림 9인승,,8924,1966,346,329,17,
3780,국산,KG모빌리티(쌍용),체어맨,체어맨 H 뉴 클래식,가솔린 2800cc,500S 최고급형,,8924,77,7,6,5,
3781,국산,KG모빌리티(쌍용),렉스턴,슈퍼 렉스턴,디젤 4WD,AWD RX7,최고급형,8924,3705,39,22,2,2
3782,국산,KG모빌리티(쌍용),렉스턴,렉스턴 W,디젤 4WD,2.0 4WD 노블레스,,8924,3705,165,150,22,
3783,국산,KG모빌리티(쌍용),코란도,뉴코란도 C,디젤 2WD,2.0 어드벤처 60th 에디션 2WD,,8924,1966,262,194,14,
3784,국산,KG모빌리티(쌍용),체어맨,뉴체어맨 W,가솔린 4WD,CW600 4TRONIC,프레스티지,8924,77,50,36,22,13
3785,국산,KG모빌리티(쌍용),체어맨,뉴체어맨 W,가솔린 4WD,CW600 4TRONIC,럭셔리,8924,77,50,36,22,6
3786,국산,KG모빌리티(쌍용),체어맨,뉴체어맨 W,가솔린 4WD,CW600 4TRONIC,SVIP,8924,77,50,36,22,3
3787,국산,KG모빌리티(쌍용),체어맨,체어맨 H,가솔린 3200cc,600S 최고급형,,8924,77,3,2,2,
3788,국산,KG모빌리티(쌍용),코란도,뷰티풀 코란도,디젤 2WD,디젤 1.6 2WD C5,플러스,8924,1966,464,121,41,27
3789,국산,KG모빌리티(쌍용),코란도,뷰티풀 코란도,디젤 2WD,디젤 1.6 2WD C5,(세부등급 없음),8924,1966,464,121,41,14
3790,국산,KG모빌리티(쌍용),코란도,코란도 투리스모,디젤 4WD,4WD LT 11인승,,8924,1966,346,329,15,
3791,국산,KG모빌리티(쌍용),코란도,뉴 스타일 코란도 C,디젤 4WD,2.2 익스트림 4WD,,8924,1966,91,16,5,
3792,국산,KG모빌리티(쌍용),티볼리,티볼리 에어,가솔린 2WD,1.5 A3 2WD,,8924,2219,501,221,64,
3793,국산,KG모빌리티(쌍용),체어맨,체어맨 H 뉴 클래식,가솔린 2800cc,500S 고급형,,8924,77,7,6,1,
3794,국산,KG모빌리티(쌍용),티볼리,티볼리 아머,가솔린 1600cc,기어Ⅱ 4WD,드라이빙 기어,8924,2219,385,294,4,4
3795,국산,KG모빌리티(쌍용),체어맨,뉴체어맨,가솔린 2800cc 이하,CM500S,마제스티,8924,77,7,6,4,2
3796,국산,KG모빌리티(쌍용),체어맨,뉴체어맨,가솔린 2800cc 이하,CM500S,마제스티S,8924,77,7,6,4,1
3797,국산,KG모빌리티(쌍용),체어맨,뉴체어맨,가솔린 2800cc 이하,CM500S,트라이엄,8924,77,7,6,4,1
3798,국산,KG모빌리티(쌍용),렉스턴,렉스턴 W,디젤 4WD,2.0 4WD 어드벤처 60th 에디션,,8924,3705,165,150,4,
3799,국산,KG모빌리티(쌍용),티볼리,티볼리,디젤 1600cc,디젤 LX 2WD,,8924,2219,637,211,101,
3800,국산,KG모빌리티(쌍용),체어맨,뉴체어맨 W,가솔린 4WD,CW700 4TRONIC,VIP,8924,77,50,36,14,4
3801,국산,KG모빌리티(쌍용),체어맨,뉴체어맨 W,가솔린 4WD,CW700 4TRONIC,익스큐티브,8924,77,50,36,14,4
3802,국산,KG모빌리티(쌍용),체어맨,뉴체어맨 W,가솔린 4WD,CW700 4TRONIC,VVIP,8924,77,50,36,14,3
3803,국산,KG모빌리티(쌍용),체어맨,뉴체어맨 W,가솔린 4WD,CW700 4TRONIC,프레스티지,8924,77,50,36,14,2
3804,국산,KG모빌리티(쌍용),체어맨,뉴체어맨 W,가솔린 4WD,CW700 4TRONIC,리무진,8924,77,50,36,14,1
3805,국산,KG모빌리티(쌍용),렉스턴,슈퍼 렉스턴,디젤 4WD,AWD 노블레스,,8924,3705,39,22,1,
3806,국산,KG모빌리티(쌍용),코란도,뉴코란도 C,디젤 2WD,2.2 KX 2WD,(세부등급 없음),8924,1966,262,194,5,3
3807,국산,KG모빌리티(쌍용),코란도,뉴코란도 C,디젤 2WD,2.2 KX 2WD,스페셜,8924,1966,262,194,5,2
3808,국산,KG모빌리티(쌍용),체어맨,체어맨,가솔린 2800cc,CM500S,,8924,77,3,2,2,
3809,국산,KG모빌리티(쌍용),체어맨,체어맨 W,가솔린 2WD,CW600,프레스티지,8924,77,7,4,3,2
3810,국산,KG모빌리티(쌍용),체어맨,체어맨 W,가솔린 2WD,CW600,럭셔리,8924,77,7,4,3,1
3811,국산,KG모빌리티(쌍용),코란도,뷰티풀 코란도,디젤 2WD,디젤 1.6 2WD 딜라이트 플러스,,8924,1966,464,121,27,
3812,국산,KG모빌리티(쌍용),렉스턴,렉스턴 W,디젤 4WD,2.2 4WD 노블레스,,8924,3705,165,150,4,
3813,국산,KG모빌리티(쌍용),티볼리,티볼리 아머,가솔린 1600cc,LX 4WD,,8924,2219,385,294,3,
3814,국산,KG모빌리티(쌍용),티볼리,티볼리 에어,가솔린 2WD,1.6 RX 2WD,,8924,2219,501,221,59,
3815,국산,KG모빌리티(쌍용),코란도,코란도 투리스모,디젤 4WD,4WD 샤토 11인승,(세부등급 없음),8924,1966,346,329,11,6
3816,국산,KG모빌리티(쌍용),코란도,코란도 투리스모,디젤 4WD,4WD 샤토 11인승,하이 루프,8924,1966,346,329,11,5
3817,국산,KG모빌리티(쌍용),코란도,뉴코란도,디젤 2 인승,밴 TX5,최고급형,8924,1966,3,1,1,1
3818,국산,KG모빌리티(쌍용),체어맨,뉴체어맨,가솔린 2800cc 이하,CM400S,마제스티,8924,77,7,6,2,1
3819,국산,KG모빌리티(쌍용),체어맨,뉴체어맨,가솔린 2800cc 이하,CM400S,트라이엄,8924,77,7,6,2,1
3820,국산,KG모빌리티(쌍용),코란도,뉴 스타일 코란도 C,디젤 4WD,2.2 DX 4WD,,8924,1966,91,16,2,
3821,국산,KG모빌리티(쌍용),체어맨,체어맨 H,가솔린 2800cc,500S 고급형,,8924,77,3,1,1,
3822,국산,KG모빌리티(쌍용),체어맨,체어맨 W,가솔린 2WD,CW700,리무진,8924,77,7,4,1,1
3823,국산,KG모빌리티(쌍용),코란도,코란도 C,디젤 2WD,클러비 2WD,파크,8924,1966,48,36,27,16
3824,국산,KG모빌리티(쌍용),코란도,코란도 C,디젤 2WD,클러비 2WD,기본형,8924,1966,48,36,27,11
3825,국산,KG모빌리티(쌍용),코란도,뷰티풀 코란도,디젤 2WD,디젤 1.6 2WD 딜라이트,,8924,1966,464,121,25,
3826,국산,KG모빌리티(쌍용),티볼리,티볼리 아머,가솔린 1600cc,기어 에디션 4WD,,8924,2219,385,294,3,
3827,국산,KG모빌리티(쌍용),티볼리,티볼리 에어,가솔린 2WD,1.5 A1 2WD,,8924,2219,501,221,9,
3828,국산,KG모빌리티(쌍용),티볼리,티볼리,디젤 1600cc,디젤 VX 2WD,,8924,2219,637,211,72,
3829,국산,KG모빌리티(쌍용),체어맨,뉴체어맨 W,가솔린 2WD,CW600,프레스티지,8924,77,50,13,5,4
3830,국산,KG모빌리티(쌍용),체어맨,뉴체어맨 W,가솔린 2WD,CW600,럭셔리,8924,77,50,13,5,1
3831,국산,KG모빌리티(쌍용),카이런,뉴카이런,디젤 4WD,5인승 2.0 4WD LV6,기본형,8924,5,5,4,2,2
3832,국산,KG모빌리티(쌍용),코란도,뉴코란도 C,디젤 2WD,2.0 CVS 2WD,고급형,8924,1966,262,194,4,2
3833,국산,KG모빌리티(쌍용),코란도,뉴코란도 C,디젤 2WD,2.0 CVS 2WD,최고급형,8924,1966,262,194,4,2
3834,국산,KG모빌리티(쌍용),체어맨,체어맨,가솔린 3200cc,CM600S,,8924,77,3,1,1,
3835,국산,KG모빌리티(쌍용),코란도,뉴 스타일 코란도 C,디젤 4WD,2.2 KX 4WD,,8924,1966,91,16,1,
3836,국산,KG모빌리티(쌍용),코란도,코란도 투리스모,디젤 4WD,4WD 익스트림 스포츠 9인승,,8924,1966,346,329,11,
3837,국산,KG모빌리티(쌍용),코란도,뷰티풀 코란도,디젤 2WD,디젤 1.6 2WD 판타스틱,,8924,1966,464,121,18,
3838,국산,KG모빌리티(쌍용),렉스턴,렉스턴 W,디젤 2WD,2.0 2WD RX7,럭셔리,8924,3705,165,15,12,12
3839,국산,KG모빌리티(쌍용),코란도,코란도 C,디젤 2WD,시크 2WD,비트,8924,1966,48,36,6,3
3840,국산,KG모빌리티(쌍용),코란도,코란도 C,디젤 2WD,시크 2WD,(세부등급 없음),8924,1966,48,36,6,2
3841,국산,KG모빌리티(쌍용),코란도,코란도 C,디젤 2WD,시크 2WD,기본형,8924,1966,48,36,6,1
3842,국산,KG모빌리티(쌍용),코란도,뉴코란도,디젤 4 인승,소프트탑 TX5,고급형,8924,1966,3,1,1,1
3843,국산,KG모빌리티(쌍용),티볼리,티볼리 아머,가솔린 1600cc,기어 플러스 4WD,,8924,2219,385,294,1,
3844,국산,KG모빌리티(쌍용),체어맨,뉴체어맨 W,가솔린 2WD,CW700,익스큐티브,8924,77,50,13,4,2
3845,국산,KG모빌리티(쌍용),체어맨,뉴체어맨 W,가솔린 2WD,CW700,프레스티지,8924,77,50,13,4,2
3846,국산,KG모빌리티(쌍용),티볼리,티볼리,디젤 1600cc,디젤 LX 4WD,,8924,2219,637,211,17,
3847,국산,KG모빌리티(쌍용),체어맨,뉴체어맨,가솔린 2800cc 이상,CM600S,마제스티S,8924,77,7,1,1,1
3848,국산,KG모빌리티(쌍용),코란도,뉴코란도 C,디젤 2WD,2.0 익스트림 2WD,,8924,1966,262,194,2,
3849,국산,KG모빌리티(쌍용),체어맨,체어맨 H 뉴 클래식,가솔린 3200cc,600S VIP,,8924,77,7,1,1,
3850,국산,KG모빌리티(쌍용),렉스턴,슈퍼 렉스턴,디젤 2WD,2WD RX4,최고급형,8924,3705,39,17,16,14
3851,국산,KG모빌리티(쌍용),렉스턴,슈퍼 렉스턴,디젤 2WD,2WD RX4,브라운에디션,8924,3705,39,17,16,2
3852,국산,KG모빌리티(쌍용),코란도,코란도 투리스모,디젤 4WD,4WD RX 11인승,,8924,1966,346,329,10,
3853,국산,KG모빌리티(쌍용),코란도,뷰티풀 코란도,디젤 2WD,디젤 1.6 2WD C7,,8924,1966,464,121,6,
3854,국산,KG모빌리티(쌍용),카이런,뉴카이런,디젤 4WD,7인승 2.0 4WD LV6,기본형,8924,5,5,4,1,1
3855,국산,KG모빌리티(쌍용),체어맨,체어맨 W,가솔린 4WD,CW600 4TRONIC,프레스티지,8924,77,7,2,1,1
3856,국산,KG모빌리티(쌍용),체어맨,뉴체어맨 W,가솔린 2WD,V8 5000,리무진,8924,77,50,13,3,2
3857,국산,KG모빌리티(쌍용),체어맨,뉴체어맨 W,가솔린 2WD,V8 5000,VVIP,8924,77,50,13,3,1
3858,국산,KG모빌리티(쌍용),코란도,코란도 C,디젤 2WD,클래시 2WD,기본형,8924,1966,48,36,3,3
3859,국산,KG모빌리티(쌍용),티볼리,티볼리,디젤 1600cc,디젤 TX 2WD,,8924,2219,637,211,12,
3860,국산,KG모빌리티(쌍용),코란도,코란도 투리스모,디젤 4WD,4WD RT 11인승,,8924,1966,346,329,9,
3861,국산,KG모빌리티(쌍용),렉스턴,렉스턴 W,디젤 2WD,2.0 2WD RX5,디럭스,8924,3705,165,15,3,3
3862,국산,KG모빌리티(쌍용),카이런,뉴카이런,디젤 4WD,7인승 2.7 AWD 하이퍼,하이테크,8924,5,5,4,1,1
3863,국산,KG모빌리티(쌍용),체어맨,체어맨 W,가솔린 4WD,CW700 4TRONIC,럭셔리 그레이 에디션,8924,77,7,2,1,1
3864,국산,KG모빌리티(쌍용),렉스턴,슈퍼 렉스턴,디젤 2WD,2WD RX6,고급형,8924,3705,39,17,1,1
3865,국산,KG모빌리티(쌍용),티볼리,티볼리 아머,디젤 1600cc,디젤 VX 2WD,,8924,2219,385,91,39,
3866,국산,KG모빌리티(쌍용),코란도,뷰티풀 코란도,디젤 2WD,디젤 1.6 2WD C3 플러스,,8924,1966,464,121,4,
3867,국산,KG모빌리티(쌍용),티볼리,티볼리 에어,가솔린 2WD,1.5 업비트 2WD,,8924,2219,501,221,5,
3868,국산,KG모빌리티(쌍용),티볼리,티볼리,디젤 1600cc,디젤 VX 4WD,,8924,2219,637,211,6,
3869,국산,KG모빌리티(쌍용),코란도,뉴코란도,디젤 5 인승,하드탑 230SL,기본형,8924,1966,3,1,1,1
3870,국산,KG모빌리티(쌍용),코란도,뉴코란도 C,디젤 2WD,2.0 DX 2WD,,8924,1966,262,194,1,
3871,국산,KG모빌리티(쌍용),코란도,코란도 투리스모,디젤 4WD,4WD TX 11인승,,8924,1966,346,329,9,
3872,국산,KG모빌리티(쌍용),티볼리,티볼리 에어,가솔린 2WD,1.5 A7 2WD,,8924,2219,501,221,4,
3873,국산,KG모빌리티(쌍용),코란도,코란도 EV (이모션),전기,E5,,8924,1966,2,2,2,
3874,국산,KG모빌리티(쌍용),체어맨,뉴체어맨 W,가솔린 2WD,서밋,,8924,77,50,13,1,
3875,국산,KG모빌리티(쌍용),코란도,코란도 C,디젤 4WD,클러비 4WD,파크,8924,1966,48,12,10,7
3876,국산,KG모빌리티(쌍용),코란도,코란도 C,디젤 4WD,클러비 4WD,가디언,8924,1966,48,12,10,1
3877,국산,KG모빌리티(쌍용),코란도,코란도 C,디젤 4WD,클러비 4WD,리미티드,8924,1966,48,12,10,1
3878,국산,KG모빌리티(쌍용),코란도,코란도 C,디젤 4WD,클러비 4WD,매니아,8924,1966,48,12,10,1
3879,국산,KG모빌리티(쌍용),티볼리,티볼리 아머,디젤 1600cc,디젤 기어 에디션 2WD,,8924,2219,385,91,10,
3880,국산,KG모빌리티(쌍용),카이런,뉴카이런,디젤 2WD,5인승 2.0 2WD LV6,기본형,8924,5,5,1,1,1
3881,국산,KG모빌리티(쌍용),티볼리,티볼리,디젤 1600cc,디젤 TX 4WD,,8924,2219,637,211,2,
3882,국산,KG모빌리티(쌍용),체어맨,체어맨 W,가솔린+LPG 2WD,3.2 구조변경 (LPG),,8924,77,7,1,1,
3883,국산,KG모빌리티(쌍용),코란도,코란도 C,디젤 4WD,클래시 4WD,기본형,8924,1966,48,12,2,2
3884,국산,KG모빌리티(쌍용),코란도,코란도 투리스모,디젤 4WD,4WD 9인승 어드벤처 60th 에디션,,8924,1966,346,329,8,
3885,국산,KG모빌리티(쌍용),티볼리,티볼리 아머,디젤 1600cc,디젤 기어 플러스 2WD,,8924,2219,385,91,10,
3886,국산,KG모빌리티(쌍용),코란도,뷰티풀 코란도,가솔린 4WD,가솔린 1.5 4WD C5,플러스,8924,1966,464,28,12,11
3887,국산,KG모빌리티(쌍용),티볼리,티볼리 에어,가솔린 2WD,1.5 A5 2WD,,8924,2219,501,221,3,
3888,국산,KG모빌리티(쌍용),코란도,뷰티풀 코란도,가솔린 4WD,가솔린 1.5 4WD C5,(세부등급 없음),8924,1966,464,28,12,1
3889,국산,KG모빌리티(쌍용),티볼리,티볼리,디젤 1600cc,디젤 엣지 에디션 2WD,,8924,2219,637,211,1,
3890,국산,KG모빌리티(쌍용),코란도,뉴코란도 C,디젤 4WD,2.0 CVT 4WD,고급형,8924,1966,262,68,20,19
3891,국산,KG모빌리티(쌍용),코란도,뉴코란도 C,디젤 4WD,2.0 CVT 4WD,최고급형,8924,1966,262,68,20,1
3892,국산,KG모빌리티(쌍용),티볼리,티볼리 아머,디젤 1600cc,디젤 LX 2WD,,8924,2219,385,91,9,
3893,국산,KG모빌리티(쌍용),코란도,코란도 투리스모,디젤 4WD,4WD LT 9인승,,8924,1966,346,329,7,
3894,국산,KG모빌리티(쌍용),티볼리,티볼리 아머,디젤 1600cc,디젤 TX 2WD,,8924,2219,385,91,8,
3895,국산,KG모빌리티(쌍용),코란도,뷰티풀 코란도,가솔린 4WD,가솔린 1.5 4WD C7,,8924,1966,464,28,12,
3896,국산,KG모빌리티(쌍용),코란도,코란도 훼미리,디젤,R,,8924,1966,1,1,1,
3897,국산,KG모빌리티(쌍용),코란도,뉴코란도 C,디젤 4WD,2.0 어드벤처 60th 에디션 4WD,,8924,1966,262,68,15,
3898,국산,KG모빌리티(쌍용),티볼리,티볼리 에어,디젤 4WD,디젤 RX 4WD,,8924,2219,501,45,22,
3899,국산,KG모빌리티(쌍용),코란도,코란도 투리스모,디젤 4WD,4WD 11인승 어드벤처 60th 에디션,,8924,1966,346,329,5,
3900,국산,KG모빌리티(쌍용),체어맨,뉴체어맨 W,가솔린+LPG 2WD,5.0 구조변경 (바이퓨얼),,8924,77,50,1,1,
3901,국산,KG모빌리티(쌍용),티볼리,티볼리 아머,디젤 1600cc,디젤 기어Ⅱ 4WD,스타일링 기어,8924,2219,385,91,5,4
3902,국산,KG모빌리티(쌍용),티볼리,티볼리 에어,디젤 4WD,디젤 IX 4WD,,8924,2219,501,45,21,
3903,국산,KG모빌리티(쌍용),티볼리,티볼리 아머,디젤 1600cc,디젤 기어Ⅱ 4WD,드라이빙 기어,8924,2219,385,91,5,1
3904,국산,KG모빌리티(쌍용),코란도,뷰티풀 코란도,가솔린 4WD,가솔린 1.5 4WD C7 블랙에디션,,8924,1966,464,28,2,
3905,국산,KG모빌리티(쌍용),코란도,뉴코란도 C,디젤 4WD,2.2 익스트림 4WD,,8924,1966,262,68,10,
3906,국산,KG모빌리티(쌍용),코란도,코란도 투리스모,디젤 4WD,4WD RT 9인승,,8924,1966,346,329,3,
3907,국산,KG모빌리티(쌍용),코란도,뉴코란도 C,디젤 4WD,2.0 CVS 4WD,최고급형,8924,1966,262,68,5,4
3908,국산,KG모빌리티(쌍용),코란도,뉴코란도 C,디젤 4WD,2.0 CVS 4WD,고급형,8924,1966,262,68,5,1
3909,국산,KG모빌리티(쌍용),코란도,뷰티풀 코란도,가솔린 4WD,가솔린 1.5 4WD R-플러스,,8924,1966,464,28,2,
3910,국산,KG모빌리티(쌍용),티볼리,티볼리 에어,디젤 4WD,디젤 AX 4WD,,8924,2219,501,45,2,
3911,국산,KG모빌리티(쌍용),티볼리,티볼리 아머,디젤 1600cc,디젤 기어 에디션 4WD,,8924,2219,385,91,3,
3912,국산,KG모빌리티(쌍용),코란도,뉴코란도 C,디젤 4WD,2.0 CVX 4WD,최고급형,8924,1966,262,68,4,4
3913,국산,KG모빌리티(쌍용),코란도,코란도 투리스모,디젤 2WD,2WD GT 11인승,,8924,1966,346,17,6,
3914,국산,KG모빌리티(쌍용),티볼리,티볼리 아머,디젤 1600cc,디젤 VX 4WD,,8924,2219,385,91,2,
3915,국산,KG모빌리티(쌍용),티볼리,티볼리 에어,가솔린 4WD,1.6 RX 4WD,,8924,2219,501,5,5,
3916,국산,KG모빌리티(쌍용),코란도,뉴코란도 C,디젤 4WD,2.0 RX 4WD,최고급형,8924,1966,262,68,3,2
3917,국산,KG모빌리티(쌍용),코란도,뉴코란도 C,디젤 4WD,2.0 RX 4WD,고급형,8924,1966,262,68,3,1
3918,국산,KG모빌리티(쌍용),코란도,뷰티풀 코란도,디젤 4WD,디젤 1.6 4WD 판타스틱,,8924,1966,464,12,7,
3919,국산,KG모빌리티(쌍용),코란도,코란도 투리스모,디젤 2WD,2WD LT 9인승,,8924,1966,346,17,4,
3920,국산,KG모빌리티(쌍용),티볼리,티볼리 아머,디젤 1600cc,디젤 기어Ⅱ 2WD,드라이빙 기어,8924,2219,385,91,2,1
3921,국산,KG모빌리티(쌍용),티볼리,티볼리 아머,디젤 1600cc,디젤 기어Ⅱ 2WD,스타일링 기어,8924,2219,385,91,2,1
3922,국산,KG모빌리티(쌍용),코란도,뉴코란도 C,디젤 4WD,2.2 RX 4WD,고급형,8924,1966,262,68,3,2
3923,국산,KG모빌리티(쌍용),코란도,뉴코란도 C,디젤 4WD,2.2 RX 4WD,최고급형,8924,1966,262,68,3,1
3924,국산,KG모빌리티(쌍용),코란도,뷰티풀 코란도,디젤 4WD,디젤 1.6 4WD C7,,8924,1966,464,12,2,
3925,국산,KG모빌리티(쌍용),코란도,코란도 투리스모,디젤 2WD,2WD LT 11인승,,8924,1966,346,17,2,
3926,국산,KG모빌리티(쌍용),티볼리,티볼리 아머,디젤 1600cc,디젤 LX 4WD,,8924,2219,385,91,1,
3927,국산,KG모빌리티(쌍용),코란도,뉴코란도 C,디젤 4WD,2.0 DX 4WD,,8924,1966,262,68,2,
3928,국산,KG모빌리티(쌍용),코란도,뷰티풀 코란도,디젤 4WD,디젤 1.6 4WD 딜라이트,,8924,1966,464,12,2,
3929,국산,KG모빌리티(쌍용),코란도,코란도 투리스모,디젤 2WD,2WD GT 9인승,,8924,1966,346,17,1,
3930,국산,KG모빌리티(쌍용),티볼리,티볼리 아머,디젤 1600cc,디젤 기어 플러스 4WD,,8924,2219,385,91,1,
3931,국산,KG모빌리티(쌍용),코란도,뉴코란도 C,디젤 4WD,2.0 KX 4WD,,8924,1966,262,68,2,
3932,국산,KG모빌리티(쌍용),코란도,코란도 투리스모,디젤 2WD,2WD KX 11인승,,8924,1966,346,17,1,
3933,국산,KG모빌리티(쌍용),코란도,뷰티풀 코란도,디젤 4WD,디젤 1.6 4WD C5,플러스,8924,1966,464,12,1,1
3934,국산,KG모빌리티(쌍용),티볼리,티볼리 아머,디젤 1600cc,디젤 기어 플러스Ⅰ 2WD,,8924,2219,385,91,1,
3935,국산,KG모빌리티(쌍용),코란도,뉴코란도 C,디젤 4WD,2.0 익스트림 4WD,,8924,1966,262,68,2,
3936,국산,KG모빌리티(쌍용),코란도,코란도 투리스모,디젤 2WD,2WD TX 11인승,,8924,1966,346,17,1,
3937,국산,KG모빌리티(쌍용),코란도,코란도 투리스모,디젤 2WD,2WD TX 9인승,,8924,1966,346,17,1,
3938,국산,KG모빌리티(쌍용),코란도,뉴코란도 C,디젤 4WD,2.2 DX 4WD,,8924,1966,262,68,2,
3939,국산,KG모빌리티(쌍용),코란도,코란도 투리스모,디젤 2WD,2WD 익스트림 11인승,,8924,1966,346,17,1,
3940,국산,기타 제조사,기타 승용차,기타,전기,기타 전기차,,43,42,42,39,39,
3941,국산,기타 제조사,어울림모터스,어울림모터스-스피라,가솔린 2700cc,S,,43,1,1,1,1,
3942,수입,BMW,7시리즈,7시리즈 (G70),가솔린 4WD,740i xDrive M 스포츠,,17426,1327,480,212,155,
3943,수입,BMW,X5,X5 (E70),가솔린 4WD,xDrive 30si,,17426,1476,35,20,7,
3944,수입,BMW,5시리즈,5시리즈,가솔린 3000cc 이하,520i,E34,17426,4338,9,7,3,2
3945,수입,BMW,5시리즈,5시리즈,가솔린 3000cc 이하,520i,E39,17426,4338,9,7,3,1
3946,수입,BMW,7시리즈,7시리즈 (F01),가솔린 2WD,740Li,,17426,1327,137,63,26,
3947,수입,BMW,7시리즈,7시리즈 (G11),디젤 4WD,730Ld xDrive M 스포츠,,17426,1327,687,312,87,
3948,수입,BMW,7시리즈,7시리즈 (E65),가솔린 2WD,740Li,,17426,1327,12,12,4,
3949,수입,BMW,5시리즈,5시리즈 (G60),가솔린 2WD,520i M 스포츠,,17426,4338,1478,658,498,
3950,수입,BMW,3시리즈,3시리즈,가솔린 2WD,318iS 세단,E36,17426,1630,15,14,2,2
3951,수입,BMW,그란투리스모 (GT),6시리즈 GT (G32),가솔린 4WD,630i xDrive M 스포츠,,17426,1028,592,299,148,
3952,수입,BMW,X5,X5 (E70),가솔린 4WD,xDrive 30i,,17426,1476,35,20,6,
3953,수입,BMW,7시리즈,7시리즈,가솔린 3000cc 이상,740iL,E38,17426,1327,11,10,6,6
3954,수입,BMW,X3,X3 (G45),가솔린 4WD,xDrive 20 M 스포츠,,17426,1048,333,315,181,
3955,수입,BMW,7시리즈,7시리즈 (G70),가솔린 4WD,740i xDrive M 스포츠 리미티드,,17426,1327,480,212,55,
3956,수입,BMW,5시리즈,5시리즈 (E60),가솔린 2WD,523i 세단,,17426,4338,19,18,4,
3957,수입,BMW,5시리즈,5시리즈,가솔린 3000cc 이하,530i,E34,17426,4338,9,7,2,1
3958,수입,BMW,5시리즈,5시리즈,가솔린 3000cc 이하,530i,E39,17426,4338,9,7,2,1
3959,수입,BMW,X5,X5 (E53),가솔린 4WD,3.0i,,17426,1476,5,5,5,
3960,수입,BMW,7시리즈,7시리즈 (F01),가솔린 2WD,740i,,17426,1327,137,63,16,
3961,수입,BMW,X5,X5 (F15),디젤 4WD,xDrive 30d,,17426,1476,207,193,106,
3962,수입,BMW,3시리즈,3시리즈 (F30),디젤,320d,,17426,1630,501,309,154,
3963,수입,BMW,X3,X3 (F25),디젤 4WD,xDrive 20d 하이,,17426,1048,82,75,26,
3964,수입,BMW,7시리즈,7시리즈 (G11),디젤 4WD,730d xDrive M 스포츠,,17426,1327,687,312,57,
3965,수입,BMW,5시리즈,5시리즈 (F10),디젤 2WD,520d,,17426,4338,599,243,132,
3966,수입,BMW,X3,X3 (E83),가솔린 2500cc 이하,2.5i,,17426,1048,2,1,1,
3967,수입,BMW,5시리즈,5시리즈 (G60),가솔린 2WD,520i 스페셜 에디션,,17426,4338,1478,658,81,
3968,수입,BMW,3시리즈,3시리즈,가솔린 2WD,320i 세단,E46,17426,1630,15,14,2,2
3969,수입,BMW,X5,X5 (E70),가솔린 4WD,xDrive 35i,,17426,1476,35,20,5,
3970,수입,BMW,3시리즈,3시리즈 (E90),가솔린 2WD,328i 컨버터블,,17426,1630,68,53,26,
3971,수입,BMW,5시리즈,5시리즈 (G30),가솔린 2WD,520i M 스포츠,,17426,4338,2233,993,289,
3972,수입,BMW,그란투리스모 (GT),3시리즈 GT (F34),디젤 2WD,GT 320d,,17426,1028,263,164,88,
3973,수입,BMW,3시리즈,3시리즈 (G20),가솔린 2WD,320i M 스포츠,,17426,1630,1046,759,449,
3974,수입,BMW,7시리즈,7시리즈,가솔린 3000cc 이상,735iL,E38,17426,1327,11,10,4,4
3975,수입,BMW,그란투리스모 (GT),6시리즈 GT (G32),가솔린 4WD,630i xDrive 럭셔리,,17426,1028,592,299,75,
3976,수입,BMW,5시리즈,5시리즈,가솔린 3000cc 이하,528e,E28,17426,4338,9,7,1,1
3977,수입,BMW,X5,X5 (F15),디젤 4WD,xDrive 30d M 스포츠,,17426,1476,207,193,38,
3978,수입,BMW,7시리즈,7시리즈 (G70),가솔린 4WD,740i xDrive 클래식 실버 에디션,,17426,1327,480,212,2,
3979,수입,BMW,X3,X3 (F25),디젤 4WD,xDrive 20d,,17426,1048,82,75,22,
3980,수입,BMW,3시리즈,3시리즈 (F30),디젤,320d M 스포츠,,17426,1630,501,309,47,
3981,수입,BMW,5시리즈,5시리즈 (F10),디젤 2WD,520d M 에어로 다이나믹,,17426,4338,599,243,80,
3982,수입,BMW,그란투리스모 (GT),5시리즈 GT (F07),디젤 2WD,GT ED Edition,,17426,1028,173,95,86,
3983,수입,BMW,7시리즈,7시리즈 (F01),가솔린 2WD,750Li,,17426,1327,137,63,16,
3984,수입,BMW,5시리즈,5시리즈 (G60),가솔린 2WD,520i,,17426,4338,1478,658,79,
3985,수입,BMW,7시리즈,7시리즈 (E65),가솔린 2WD,750Li,,17426,1327,12,12,2,
3986,수입,BMW,3시리즈,3시리즈,가솔린 2WD,325Ci 컨버터블,E30/C,17426,1630,15,14,2,1
3987,수입,BMW,3시리즈,3시리즈,가솔린 2WD,325Ci 컨버터블,E46/C,17426,1630,15,14,2,1
3988,수입,BMW,7시리즈,7시리즈 (G11),디젤 4WD,730Ld xDrive,,17426,1327,687,312,37,
3989,수입,BMW,5시리즈,5시리즈 (G30),가솔린 2WD,520i 럭셔리,,17426,4338,2233,993,269,
3990,수입,BMW,그란투리스모 (GT),3시리즈 GT (F34),디젤 2WD,GT 320d 럭셔리,,17426,1028,263,164,44,
3991,수입,BMW,그란투리스모 (GT),6시리즈 GT (G32),가솔린 4WD,640i xDrive M 스포츠,,17426,1028,592,299,47,
3992,수입,BMW,X5,X5 (G05),가솔린 4WD,xDrive 40i M 스포츠,,17426,1476,1229,634,413,
3993,수입,BMW,3시리즈,3시리즈 (G20),가솔린 2WD,320i,,17426,1630,1046,759,94,
3994,수입,BMW,5시리즈,5시리즈,가솔린 3000cc 이하,528i,E39,17426,4338,9,7,1,1
3995,수입,BMW,3시리즈,3시리즈 (F30),디젤,320d ED에디션,,17426,1630,501,309,28,
3996,수입,BMW,3시리즈,3시리즈 (E90),가솔린 2WD,320i 세단,,17426,1630,68,53,12,
3997,수입,BMW,그란투리스모 (GT),5시리즈 GT (F07),디젤 2WD,GT 30d,,17426,1028,173,95,9,
3998,수입,BMW,X3,X3 (F25),디젤 4WD,xDrive 20d M 에어로다이나믹,,17426,1048,82,75,14,
3999,수입,BMW,5시리즈,5시리즈 (F10),디젤 2WD,520d 럭셔리,,17426,4338,599,243,14,
4000,수입,BMW,X5,X5 (F15),디젤 4WD,xDrive M50d,,17426,1476,207,193,24,
4001,수입,BMW,5시리즈,5시리즈 (E60),가솔린 2WD,528i 세단,,17426,4338,19,18,4,
4002,수입,BMW,7시리즈,7시리즈 (F01),가솔린 2WD,750Li M 스포츠,,17426,1327,137,63,3,
4003,수입,BMW,X3,X3 (G01),가솔린 4WD,xDrive 20i M 스포츠,,17426,1048,631,361,163,
4004,수입,BMW,7시리즈,7시리즈 (E65),가솔린 2WD,730Li,,17426,1327,12,12,1,
4005,수입,BMW,X5,X5 (E70),가솔린 4WD,xDrive 48i,,17426,1476,35,20,1,
4006,수입,BMW,3시리즈,3시리즈 (G20),가솔린 2WD,M340i,,17426,1630,1046,759,57,
4007,수입,BMW,7시리즈,7시리즈,가솔린 3000cc 이하,728iL,E38,17426,1327,11,1,1,1
4008,수입,BMW,7시리즈,7시리즈 (G70),디젤 4WD,740d xDrive M 스포츠,,17426,1327,480,111,96,
4009,수입,BMW,X3,X3 (G45),가솔린 4WD,xDrive 20 M 스포츠 프로,,17426,1048,333,315,78,
4010,수입,BMW,5시리즈,5시리즈 (G30),가솔린 2WD,530i M 스포츠 플러스,,17426,4338,2233,993,173,
4011,수입,BMW,X3,X3 (F25),디젤 4WD,xDrive 30d 하이,,17426,1048,82,75,8,
4012,수입,BMW,5시리즈,5시리즈 (F10),디젤 2WD,520d M 스포츠,,17426,4338,599,243,8,
4013,수입,BMW,그란투리스모 (GT),3시리즈 GT (F34),디젤 2WD,GT 320d M 스포츠 프리미엄,,17426,1028,263,164,28,
4014,수입,BMW,7시리즈,7시리즈 (G11),디젤 4WD,740d xDrive M 스포츠,,17426,1327,687,312,35,
4015,수입,BMW,3시리즈,3시리즈 (F30),디젤,320d xDrive,,17426,1630,501,309,21,
4016,수입,BMW,5시리즈,5시리즈 (G60),가솔린 4WD,530i xDrive M 스포츠,,17426,4338,1478,497,386,
4017,수입,BMW,3시리즈,3시리즈 (E90),가솔린 2WD,320i 세단 M 스포츠,,17426,1630,68,53,5,
4018,수입,BMW,7시리즈,7시리즈 (E65),가솔린 2WD,735i,,17426,1327,12,12,1,
4019,수입,BMW,3시리즈,3시리즈,가솔린 2WD,325i 세단,E46,17426,1630,15,14,2,2
4020,수입,BMW,5시리즈,5시리즈 (E60),가솔린 2WD,528i 세단 SE,,17426,4338,19,18,3,
4021,수입,BMW,X3,X3 (E83),디젤 2500cc 이하,2.0d,,17426,1048,2,1,1,
4022,수입,BMW,X5,X5 (E70),가솔린 4WD,xDrive 50i,,17426,1476,35,20,1,
4023,수입,BMW,7시리즈,7시리즈 (F01),가솔린 2WD,740Li M 스포츠,,17426,1327,137,63,2,
4024,수입,BMW,5시리즈,5시리즈,가솔린 3000cc 이상,540i,E39,17426,4338,9,2,2,2
4025,수입,BMW,7시리즈,7시리즈 (G70),디젤 4WD,740d xDrive 디자인 퓨어 엑셀런스,,17426,1327,480,111,15,
4026,수입,BMW,X3,X3 (G45),가솔린 4WD,xDrive 30 M 스포츠 프로,,17426,1048,333,315,22,
4027,수입,BMW,X3,X3 (G01),가솔린 4WD,xDrive 20i M 스포츠 프로,,17426,1048,631,361,57,
4028,수입,BMW,X3,X3 (F25),디젤 4WD,xDrive 20d M 스포츠,,17426,1048,82,75,3,
4029,수입,BMW,5시리즈,5시리즈 (F10),디젤 2WD,520d 럭셔리 플러스,,17426,4338,599,243,6,
4030,수입,BMW,그란투리스모 (GT),5시리즈 GT (F07),디젤 4WD,GT 30d xDrive,,17426,1028,173,37,36,
4031,수입,BMW,7시리즈,7시리즈 (G11),디젤 4WD,730d xDrive 디자인 퓨어 엑셀런스,,17426,1327,687,312,29,
4032,수입,BMW,3시리즈,3시리즈 (F30),디젤,320d M 퍼포먼스 에디션,,17426,1630,501,309,19,
4033,수입,BMW,5시리즈,5시리즈 (G60),가솔린 4WD,530i xDrive M 스포츠 프로 스페셜 에디션,,17426,4338,1478,497,73,
4034,수입,BMW,3시리즈,3시리즈 (E90),가솔린 2WD,335i 컨버터블,,17426,1630,68,53,5,
4035,수입,BMW,5시리즈,5시리즈 (G30),가솔린 2WD,530i M 스포츠,,17426,4338,2233,993,167,
4036,수입,BMW,5시리즈,5시리즈 (E60),가솔린 2WD,528i 세단 스포츠,,17426,4338,19,18,3,
4037,수입,BMW,X3,X3 (G45),가솔린 4WD,xDrive 20,,17426,1048,333,315,19,
4038,수입,BMW,그란투리스모 (GT),3시리즈 GT (F34),디젤 2WD,GT 320d 프리미엄,,17426,1028,263,164,4,
4039,수입,BMW,3시리즈,3시리즈,가솔린 2WD,318Ci 쿠페,E36,17426,1630,15,14,1,1
4040,수입,BMW,X3,X3 (G01),가솔린 4WD,xDrive 20i,,17426,1048,631,361,46,
4041,수입,BMW,5시리즈,5시리즈 (F10),디젤 2WD,525d,,17426,4338,599,243,3,
4042,수입,BMW,X3,X3 (F25),디젤 4WD,xDrive 20d 라이트 패키지,,17426,1048,82,75,1,
4043,수입,BMW,3시리즈,3시리즈 (F30),디젤,320d 스포츠,,17426,1630,501,309,10,
4044,수입,BMW,7시리즈,7시리즈 (G11),디젤 4WD,730Ld xDrive 디자인 퓨어 엑셀런스,,17426,1327,687,312,24,
4045,수입,BMW,5시리즈,5시리즈 (G30),가솔린 2WD,530i 럭셔리 플러스,,17426,4338,2233,993,55,
4046,수입,BMW,그란투리스모 (GT),5시리즈 GT (F07),디젤 4WD,GT 30d xDrive 익스클루시브,,17426,1028,173,37,1,
4047,수입,BMW,5시리즈,5시리즈 (G60),가솔린 4WD,530i xDrive,,17426,4338,1478,497,38,
4048,수입,BMW,그란투리스모 (GT),6시리즈 GT (G32),가솔린 4WD,640i xDrive 럭셔리,,17426,1028,592,299,25,
4049,수입,BMW,X5,X5 (G05),가솔린 4WD,xDrive 40i xLine,,17426,1476,1229,634,120,
4050,수입,BMW,X5,X5 (F15),디젤 4WD,xDrive 40d,,17426,1476,207,193,21,
4051,수입,BMW,5시리즈,5시리즈 (E60),가솔린 2WD,530i 세단,,17426,4338,19,18,2,
4052,수입,BMW,7시리즈,7시리즈 (G70),가솔린 2WD,740i sDrive M 스포츠,,17426,1327,480,101,57,
4053,수입,BMW,X3,X3 (G45),가솔린 4WD,M50 프로,,17426,1048,333,315,14,
4054,수입,BMW,3시리즈,3시리즈,가솔린 2WD,323Ci 쿠페,E36,17426,1630,15,14,1,1
4055,수입,BMW,7시리즈,7시리즈 (G11),디젤 4WD,730d xDrive,,17426,1327,687,312,18,
4056,수입,BMW,3시리즈,3시리즈 (F30),디젤,320d M 스포츠 쉐도우,,17426,1630,501,309,9,
4057,수입,BMW,그란투리스모 (GT),6시리즈 GT (G32),가솔린 4WD,630i xDrive M 스포츠 프로 파이널 에디션,,17426,1028,592,299,4,
4058,수입,BMW,X5,X5 (G05),가솔린 4WD,M50i,,17426,1476,1229,634,54,
4059,수입,BMW,X3,X3 (F25),디젤 4WD,xDrive 35d M 스포츠,,17426,1048,82,75,1,
4060,수입,BMW,7시리즈,7시리즈 (F01),디젤 4WD,730d xDrive,,17426,1327,137,26,9,
4061,수입,BMW,X3,X3 (G01),가솔린 4WD,xDrive M40i,,17426,1048,631,361,36,
4062,수입,BMW,X3,X3 (G45),가솔린 4WD,M50 프로 퍼스트 에디션,,17426,1048,333,315,1,
4063,수입,BMW,3시리즈,3시리즈,가솔린 2WD,323i 세단,E36,17426,1630,15,14,1,1
4064,수입,BMW,3시리즈,3시리즈 (G20),가솔린 2WD,320i 럭셔리,,17426,1630,1046,759,56,
4065,수입,BMW,5시리즈,5시리즈 (E60),가솔린 2WD,520i 세단,,17426,4338,19,18,1,
4066,수입,BMW,그란투리스모 (GT),3시리즈 GT (F34),디젤 4WD,GT 320d xDrive,,17426,1028,263,99,71,
4067,수입,BMW,7시리즈,7시리즈 (G70),가솔린 2WD,740i sDrive 디자인 퓨어 엑셀런스,,17426,1327,480,101,40,
4068,수입,BMW,5시리즈,5시리즈 (G30),가솔린 2WD,530i 럭셔리,,17426,4338,2233,993,40,
4069,수입,BMW,X5,X5 (G05),가솔린 4WD,M60i,,17426,1476,1229,634,19,
4070,수입,BMW,7시리즈,7시리즈 (E65),가솔린 2WD,740i,,17426,1327,12,12,1,
4071,수입,BMW,7시리즈,7시리즈 (G11),디젤 4WD,740Ld xDrive M 스포츠,,17426,1327,687,312,12,
4072,수입,BMW,7시리즈,7시리즈 (F01),디젤 4WD,740d xDrive,,17426,1327,137,26,9,
4073,수입,BMW,X5,X5 (E70),디젤 4WD,xDrive 30d,,17426,1476,35,15,12,
4074,수입,BMW,3시리즈,3시리즈,가솔린 2WD,328Ci 쿠페,E36,17426,1630,15,14,1,1
4075,수입,BMW,그란투리스모 (GT),5시리즈 GT (F07),가솔린 2WD,GT,,17426,1028,173,26,18,
4076,수입,BMW,그란투리스모 (GT),3시리즈 GT (F34),디젤 4WD,GT 320d xDrive M 스포츠 프리미엄,,17426,1028,263,99,12,
4077,수입,BMW,5시리즈,5시리즈 (F10),디젤 4WD,520d xDrive,,17426,4338,599,137,49,
4078,수입,BMW,7시리즈,7시리즈 (G70),가솔린 2WD,740i sDrive M 스포츠 인디비주얼,,17426,1327,480,101,2,
4079,수입,BMW,3시리즈,3시리즈 (E90),가솔린 2WD,320i 세단 CP,,17426,1630,68,53,4,
4080,수입,BMW,3시리즈,3시리즈 (G20),가솔린 2WD,M340i 프로,,17426,1630,1046,759,35,
4081,수입,BMW,X3,X3 (G01),가솔린 4WD,xDrive 20i M 스포츠 온라인 익스클루시브 에디션,,17426,1048,631,361,31,
4082,수입,BMW,5시리즈,5시리즈 (G60),디젤 2WD,523d M 스포츠,,17426,4338,1478,161,134,
4083,수입,BMW,X5,X5 (G05),가솔린 4WD,xDrive 40i M 스포츠 프로 스페셜 에디션,,17426,1476,1229,634,12,
4084,수입,BMW,X3,X3 (F25),가솔린 4WD,xDrive 28i,,17426,1048,82,7,5,
4085,수입,BMW,7시리즈,7시리즈 (G11),디젤 4WD,740d xDrive 디자인 퓨어 엑셀런스,,17426,1327,687,312,7,
4086,수입,BMW,그란투리스모 (GT),6시리즈 GT (G32),디젤 2WD,620d M 스포츠,,17426,1028,592,175,104,
4087,수입,BMW,X5,X5 (E70),디젤 4WD,xDrive 40d,,17426,1476,35,15,2,
4088,수입,BMW,3시리즈,3시리즈,가솔린 2WD,330Ci 컨버터블,E46,17426,1630,15,14,1,1
4089,수입,BMW,그란투리스모 (GT),5시리즈 GT (F07),가솔린 2WD,GT 익스클루시브,,17426,1028,173,26,8,
4090,수입,BMW,5시리즈,5시리즈 (F10),디젤 4WD,520d xDrive M 에어로 다이나믹,,17426,4338,599,137,37,
4091,수입,BMW,5시리즈,5시리즈 (G60),디젤 2WD,523d,,17426,4338,1478,161,27,
4092,수입,BMW,X5,X5 (F15),디젤 4WD,xDrive 30d 비전 100 에디션,,17426,1476,207,193,2,
4093,수입,BMW,7시리즈,7시리즈 (G70),가솔린 2WD,740i sDrive 디자인 퓨어 엑셀런스 인디비주얼,,17426,1327,480,101,2,
4094,수입,BMW,3시리즈,3시리즈 (F30),디젤,320d 투어링 M 퍼포먼스 에디션,,17426,1630,501,309,6,
4095,수입,BMW,3시리즈,3시리즈 (G20),가솔린 2WD,320i 투어링 M 스포츠,,17426,1630,1046,759,22,
4096,수입,BMW,7시리즈,7시리즈 (E65),가솔린 2WD,745i,,17426,1327,12,12,1,
4097,수입,BMW,X3,X3 (G01),가솔린 4WD,xDrive 20i 럭셔리,,17426,1048,631,361,21,
4098,수입,BMW,3시리즈,3시리즈 (E90),가솔린 2WD,335i 쿠페,,17426,1630,68,53,1,
4099,수입,BMW,X3,X3 (F25),가솔린 4WD,xDrive 20i,,17426,1048,82,7,1,
4100,수입,BMW,7시리즈,7시리즈 (G11),디젤 4WD,740Ld xDrive 디자인 퓨어 엑셀런스,,17426,1327,687,312,4,
4101,수입,BMW,X5,X5 (E70),디젤 4WD,xDrive 35d,,17426,1476,35,15,1,
4102,수입,BMW,7시리즈,7시리즈 (F01),디젤 4WD,740d xDrive 인디비주얼,,17426,1327,137,26,3,
4103,수입,BMW,5시리즈,5시리즈 (F10),디젤 4WD,530d xDrive M 에어로 다이나믹,,17426,4338,599,137,11,
4104,수입,BMW,그란투리스모 (GT),3시리즈 GT (F34),디젤 4WD,GT 320d xDrive 스포츠,,17426,1028,263,99,11,
4105,수입,BMW,X5,X5 (F15),디젤 4WD,xDrive 40d 블랙&화이트,,17426,1476,207,193,2,
4106,수입,BMW,5시리즈,5시리즈 (E60),가솔린 2WD,535i 세단,,17426,4338,19,18,1,
4107,수입,BMW,X3,X3 (G45),디젤 4WD,xDrive 20d M 스포츠,,17426,1048,333,18,12,
4108,수입,BMW,X5,X5 (G05),가솔린 4WD,xDrive 40i M 스포츠 프로,,17426,1476,1229,634,10,
4109,수입,BMW,3시리즈,3시리즈 (F30),디젤,320d 투어링,,17426,1630,501,309,3,
4110,수입,BMW,7시리즈,7시리즈 (E65),가솔린 2WD,760Li,,17426,1327,12,12,1,
4111,수입,BMW,X3,X3 (G01),가솔린 4WD,xDrive M40i 온라인 익스클루시브 에디션,,17426,1048,631,361,7,
4112,수입,BMW,3시리즈,3시리즈 (G20),가솔린 2WD,330i M 스포츠,,17426,1630,1046,759,14,
4113,수입,BMW,그란투리스모 (GT),6시리즈 GT (G32),디젤 2WD,620d 럭셔리,,17426,1028,592,175,71,
4114,수입,BMW,7시리즈,7시리즈 (F01),디젤 4WD,750Ld xDrive,,17426,1327,137,26,2,
4115,수입,BMW,X3,X3 (F25),가솔린 4WD,xDrive 35i,,17426,1048,82,7,1,
4116,수입,BMW,3시리즈,3시리즈,가솔린 2WD,330i 세단,E46,17426,1630,15,14,1,1
4117,수입,BMW,5시리즈,5시리즈 (G30),디젤 2WD,520d M 스포츠 플러스,,17426,4338,2233,484,193,
4118,수입,BMW,그란투리스모 (GT),5시리즈 GT (F07),가솔린 4WD,GT xDrive,,17426,1028,173,15,9,
4119,수입,BMW,그란투리스모 (GT),3시리즈 GT (F34),디젤 4WD,GT 320d xDrive 프리미엄,,17426,1028,263,99,5,
4120,수입,BMW,5시리즈,5시리즈 (F10),디젤 4WD,M550d xDrive,,17426,4338,599,137,9,
4121,수입,BMW,X3,X3 (G45),디젤 4WD,xDrive 20d,,17426,1048,333,18,6,
4122,수입,BMW,X5,X5 (G05),가솔린 4WD,xDrive 40i M 스포츠 온라인 익스클루시브 에디션,,17426,1476,1229,634,5,
4123,수입,BMW,5시리즈,5시리즈 (G60),가솔린+전기 2WD,530e M 스포츠,,17426,4338,1478,93,74,
4124,수입,BMW,7시리즈,7시리즈 (G11),디젤 4WD,740Ld xDrive,,17426,1327,687,312,2,
4125,수입,BMW,7시리즈,7시리즈 (G70),가솔린+전기 4WD,750e xDrive M 스포츠,,17426,1327,480,56,43,
4126,수입,BMW,7시리즈,7시리즈 (F01),디젤 4WD,750Ld xDrive 인디비주얼,,17426,1327,137,26,2,
4127,수입,BMW,3시리즈,3시리즈 (G20),가솔린 2WD,M340i 퍼포먼스,,17426,1630,1046,759,11,
4128,수입,BMW,5시리즈,5시리즈 (E60),디젤 2WD,520d 세단,,17426,4338,19,1,1,
4129,수입,BMW,X5,X5 (F15),가솔린+전기 4WD,xDrive 40e i퍼포먼스,,17426,1476,207,12,12,
4130,수입,BMW,X5,X5 (G05),가솔린 4WD,M60i 퍼스트 에디션,,17426,1476,1229,634,1,
4131,수입,BMW,그란투리스모 (GT),5시리즈 GT (F07),가솔린 4WD,GT 50i xDrive,,17426,1028,173,15,3,
4132,수입,BMW,X3,X3 (G01),디젤 4WD,xDrive 20d M 스포츠,,17426,1048,631,180,101,
4133,수입,BMW,3시리즈,3시리즈 (F30),디젤,320d 럭셔리,,17426,1630,501,309,2,
4134,수입,BMW,5시리즈,5시리즈 (G60),가솔린+전기 2WD,530e,,17426,4338,1478,93,13,
4135,수입,BMW,5시리즈,5시리즈 (F10),디젤 4WD,520d xDrive 럭셔리,,17426,4338,599,137,7,
4136,수입,BMW,3시리즈,3시리즈 (E90),디젤 2WD,320d 세단,,17426,1630,68,12,4,
4137,수입,BMW,7시리즈,7시리즈 (E65),가솔린 2WD,알피나 B7,,17426,1327,12,12,1,
4138,수입,BMW,3시리즈,3시리즈,가솔린 4WD,325Xi 세단,E46,17426,1630,15,1,1,1
4139,수입,BMW,7시리즈,7시리즈 (F01),디젤 4WD,730d xDrive 인디비주얼,,17426,1327,137,26,1,
4140,수입,BMW,7시리즈,7시리즈 (G70),가솔린+전기 4WD,750e xDrive 디자인 퓨어 엑셀런스,,17426,1327,480,56,13,
4141,수입,BMW,5시리즈,5시리즈 (G30),디젤 2WD,520d 럭셔리 스페셜 에디션,,17426,4338,2233,484,65,
4142,수입,BMW,3시리즈,3시리즈 (G20),가솔린 2WD,320i 투어링,,17426,1630,1046,759,7,
4143,수입,BMW,3시리즈,3시리즈 (F30),디젤,320d 투어링 M 스포츠,,17426,1630,501,309,2,
4144,수입,BMW,X3,X3 (G01),디젤 4WD,xDrive 20d,,17426,1048,631,180,61,
4145,수입,BMW,그란투리스모 (GT),5시리즈 GT (F07),가솔린 4WD,GT xDrive 익스클루시브,,17426,1028,173,15,3,
4146,수입,BMW,그란투리스모 (GT),6시리즈 GT (G32),디젤 4WD,620d xDrive M 스포츠,,17426,1028,592,118,61,
4147,수입,BMW,5시리즈,5시리즈 (G60),가솔린+전기 2WD,530e M 스포츠 프로,,17426,4338,1478,93,6,
4148,수입,BMW,5시리즈,5시리즈 (F10),디젤 4WD,520d xDrive 럭셔리 플러스,,17426,4338,599,137,6,
4149,수입,BMW,3시리즈,3시리즈 (E90),디젤 2WD,320d 세단 M 스포츠,,17426,1630,68,12,4,
4150,수입,BMW,5시리즈,5시리즈 (G30),디젤 2WD,520d 럭셔리 플러스,,17426,4338,2233,484,58,
4151,수입,BMW,3시리즈,3시리즈 (G20),가솔린 2WD,320i M 스포츠 프로 스페셜 에디션,,17426,1630,1046,759,4,
4152,수입,BMW,X5,X5 (F15),가솔린 4WD,xDrive 35i,,17426,1476,207,2,1,
4153,수입,BMW,X5,X5 (G05),디젤 4WD,xDrive 30d M 스포츠,,17426,1476,1229,422,241,
4154,수입,BMW,3시리즈,3시리즈 (F30),디젤,320d 투어링 M 스포츠 쉐도우,,17426,1630,501,309,2,
4155,수입,BMW,X3,X3 (G01),디젤 4WD,xDrive 30d M 스포츠,,17426,1048,631,180,7,
4156,수입,BMW,5시리즈,5시리즈 (F10),디젤 4WD,530d xDrive M 스포츠,,17426,4338,599,137,6,
4157,수입,BMW,그란투리스모 (GT),6시리즈 GT (G32),디젤 4WD,630d xDrive M 스포츠,,17426,1028,592,118,26,
4158,수입,BMW,5시리즈,5시리즈 (G30),디젤 2WD,520d M 스포츠,,17426,4338,2233,484,48,
4159,수입,BMW,3시리즈,3시리즈 (E90),디젤 2WD,320d 세단 블랙 앤 화이트,,17426,1630,68,12,3,
4160,수입,BMW,7시리즈,7시리즈 (F01),가솔린 4WD,750Li xDrive,,17426,1327,137,24,15,
4161,수입,BMW,X5,X5 (F15),가솔린 4WD,xDrive 50i,,17426,1476,207,2,1,
4162,수입,BMW,X5,X5 (G05),디젤 4WD,xDrive 30d xLine,,17426,1476,1229,422,108,
4163,수입,BMW,3시리즈,3시리즈 (G20),가솔린 2WD,320i 투어링 럭셔리,,17426,1630,1046,759,3,
4164,수입,BMW,X3,X3 (G01),디젤 4WD,xDrive 30d,,17426,1048,631,180,6,
4165,수입,BMW,5시리즈,5시리즈 (F10),디젤 4WD,525d xDrive,,17426,4338,599,137,5,
4166,수입,BMW,3시리즈,3시리즈 (F30),디젤,325d 스포츠,,17426,1630,501,309,2,
4167,수입,BMW,3시리즈,3시리즈 (E90),디젤 2WD,320d 세단 ED에디션,,17426,1630,68,12,1,
4168,수입,BMW,그란투리스모 (GT),6시리즈 GT (G32),디젤 4WD,620d xDrive 럭셔리,,17426,1028,592,118,25,
4169,수입,BMW,7시리즈,7시리즈 (F01),가솔린 4WD,750Li xDrive 인디비주얼,,17426,1327,137,24,6,
4170,수입,BMW,3시리즈,3시리즈 (G20),가솔린 2WD,330i 럭셔리,,17426,1630,1046,759,3,
4171,수입,BMW,X3,X3 (G01),디젤 4WD,xDrive 20d M 스포츠 온라인 익스클루시브 에디션,,17426,1048,631,180,5,
4172,수입,BMW,3시리즈,3시리즈 (F30),디젤,320d xDrive 투어링,,17426,1630,501,309,1,
4173,수입,BMW,5시리즈,5시리즈 (G60),가솔린+전기 4WD,530e xDrive M 스포츠,,17426,4338,1478,43,28,
4174,수입,BMW,7시리즈,7시리즈 (F01),가솔린 4WD,750Li xDrive B&O 에디션,,17426,1327,137,24,3,
4175,수입,BMW,3시리즈,3시리즈 (G20),가솔린 2WD,M340i 퍼스트 에디션,,17426,1630,1046,759,2,
4176,수입,BMW,5시리즈,5시리즈 (G30),디젤 2WD,523d M 스포츠,,17426,4338,2233,484,41,
4177,수입,BMW,7시리즈,7시리즈 (G11),가솔린 4WD,740Li xDrive M 스포츠,,17426,1327,687,270,97,
4178,수입,BMW,5시리즈,5시리즈 (F10),디젤 4WD,525d xDrive M 스포츠 투어링,,17426,4338,599,137,4,
4179,수입,BMW,그란투리스모 (GT),6시리즈 GT (G32),디젤 4WD,630d xDrive 럭셔리,,17426,1028,592,118,6,
4180,수입,BMW,X5,X5 (G05),디젤 4WD,xDrive 40d M 스포츠 온라인 익스클루시브 에디션,,17426,1476,1229,422,51,
4181,수입,BMW,3시리즈,3시리즈 (E90),가솔린 4WD,328Xi 세단,,17426,1630,68,3,1,
4182,수입,BMW,7시리즈,7시리즈 (G11),가솔린 4WD,740Li xDrive 디자인 퓨어 엑셀런스,,17426,1327,687,270,49,
4183,수입,BMW,5시리즈,5시리즈 (G30),디젤 2WD,520d M 스포츠 스페셜 에디션,,17426,4338,2233,484,27,
4184,수입,BMW,X5,X5 (G05),디젤 4WD,M50d,,17426,1476,1229,422,7,
4185,수입,BMW,5시리즈,5시리즈 (F10),디젤 4WD,525d xDrive 투어링,,17426,4338,599,137,2,
4186,수입,BMW,5시리즈,5시리즈 (G60),가솔린+전기 4WD,550e xDrive M 스포츠 프로,,17426,4338,1478,43,8,
4187,수입,BMW,3시리즈,3시리즈 (F30),디젤,320d xDrive 투어링 M 스포츠,,17426,1630,501,309,1,
4188,수입,BMW,X3,X3 (G01),가솔린+전기 4WD,xDrive 30e M 스포츠,,17426,1048,631,89,34,
4189,수입,BMW,3시리즈,3시리즈 (G20),가솔린 2WD,M340i 인디비주얼,,17426,1630,1046,759,1,
4190,수입,BMW,5시리즈,5시리즈 (F10),디젤 4WD,M550d xDrive 에어로 다이나믹,,17426,4338,599,137,1,
4191,수입,BMW,7시리즈,7시리즈 (G11),가솔린 4WD,750Li xDrive,,17426,1327,687,270,27,
4192,수입,BMW,3시리즈,3시리즈 (F30),디젤,320d 모던,,17426,1630,501,309,1,
4193,수입,BMW,7시리즈,7시리즈 (F01),디젤 2WD,730d,,17426,1327,137,23,11,
4194,수입,BMW,5시리즈,5시리즈 (G60),가솔린+전기 4WD,530e xDrive M 스포츠 프로,,17426,4338,1478,43,7,
4195,수입,BMW,5시리즈,5시리즈 (G30),디젤 2WD,523d 럭셔리,,17426,4338,2233,484,27,
4196,수입,BMW,X5,X5 (G05),디젤 4WD,xDrive 30d M 스포츠 퍼스트 에디션,,17426,1476,1229,422,4,
4197,수입,BMW,3시리즈,3시리즈 (G20),가솔린 2WD,M340i 프로 퍼스트 에디션,,17426,1630,1046,759,1,
4198,수입,BMW,X3,X3 (G01),가솔린+전기 4WD,xDrive 30e M 스포츠 온라인 익스클루시브 에디션,,17426,1048,631,89,26,
4199,수입,BMW,7시리즈,7시리즈 (G11),가솔린 4WD,M760Li xDrive,,17426,1327,687,270,26,
4200,수입,BMW,7시리즈,7시리즈 (F01),디젤 2WD,730Ld,,17426,1327,137,23,10,
4201,수입,BMW,X6,X6 (G06),가솔린 4WD,xDrive40i M 스포츠,,17426,995,774,488,423,
4202,수입,BMW,X6,X6 (E71),디젤 4WD,30d,,17426,995,32,24,14,
4203,수입,BMW,5시리즈,5시리즈 (G30),디젤 2WD,530d M 스포츠,,17426,4338,2233,484,15,
4204,수입,BMW,3시리즈,3시리즈 (E90),가솔린 4WD,328Xi 쿠페,,17426,1630,68,3,1,
4205,수입,BMW,X5,X5 (G05),디젤 4WD,xDrive 40d M 스포츠 프로,,17426,1476,1229,422,4,
4206,수입,BMW,X3,X3 (G01),가솔린+전기 4WD,xDrive 30e,,17426,1048,631,89,16,
4207,수입,BMW,7시리즈,7시리즈 (F01),디젤 2WD,730Ld 인디비주얼,,17426,1327,137,23,2,
4208,수입,BMW,5시리즈,5시리즈 (F10),가솔린 2WD,528i,,17426,4338,599,121,65,
4209,수입,BMW,X6,X6 (G06),가솔린 4WD,M50i,,17426,995,774,488,42,
4210,수입,BMW,X5,X5 (G05),디젤 4WD,xDrive 40d M 스포츠,,17426,1476,1229,422,3,
4211,수입,BMW,5시리즈,5시리즈 (G60),디젤 4WD,523d xDrive M 스포츠,,17426,4338,1478,26,25,
4212,수입,BMW,7시리즈,7시리즈 (G11),가솔린 4WD,740Li xDrive,,17426,1327,687,270,16,
4213,수입,BMW,X3,X3 (G01),가솔린+전기 4WD,xDrive 30e M 스포츠 프로,,17426,1048,631,89,13,
4214,수입,BMW,3시리즈,3시리즈 (F30),디젤,325d,,17426,1630,501,309,1,
4215,수입,BMW,X6,X6 (E71),디젤 4WD,40d,,17426,995,32,24,9,
4216,수입,BMW,5시리즈,5시리즈 (F10),가솔린 2WD,528i M 에어로 다이나믹,,17426,4338,599,121,25,
4217,수입,BMW,5시리즈,5시리즈 (G30),디젤 2WD,530d M 스포츠 플러스,,17426,4338,2233,484,5,
4218,수입,BMW,X6,X6 (F16),디젤 4WD,xDrive 30d,,17426,995,189,186,123,
4219,수입,BMW,3시리즈,3시리즈 (E90),가솔린 4WD,335Xi 쿠페,,17426,1630,68,3,1,
4220,수입,BMW,X6,X6 (G06),가솔린 4WD,M60i,,17426,995,774,488,15,
4221,수입,BMW,5시리즈,5시리즈 (G60),디젤 4WD,523d xDrive,,17426,4338,1478,26,1,
4222,수입,BMW,7시리즈,7시리즈 (G11),가솔린 4WD,750Li xDrive 프레스티지,,17426,1327,687,270,12,
4223,수입,BMW,X5,X5 (G05),디젤 4WD,M50d 퍼스트 에디션,,17426,1476,1229,422,2,
4224,수입,BMW,3시리즈,3시리즈 (G20),디젤 2WD,320d M 스포츠,,17426,1630,1046,174,53,
4225,수입,BMW,7시리즈,7시리즈 (F01),가솔린+전기 2WD,액티브 하이브리드 L,,17426,1327,137,1,1,
4226,수입,BMW,X6,X6 (E71),디젤 4WD,M50d,,17426,995,32,24,1,
4227,수입,BMW,5시리즈,5시리즈 (F10),가솔린 2WD,528i 럭셔리 플러스,,17426,4338,599,121,11,
4228,수입,BMW,X6,X6 (F16),디젤 4WD,M50d,,17426,995,189,186,35,
4229,수입,BMW,X6,X6 (G06),가솔린 4WD,xDrive40i M 스포츠 프로 베스트 셀러 에디션,,17426,995,774,488,4,
4230,수입,BMW,5시리즈,5시리즈 (G30),디젤 2WD,530d 럭셔리 플러스,,17426,4338,2233,484,5,
4231,수입,BMW,7시리즈,7시리즈 (G11),가솔린 4WD,750Li xDrive 럭셔리,,17426,1327,687,270,10,
4232,수입,BMW,X5,X5 (G05),디젤 4WD,xDrive 40d xLine,,17426,1476,1229,422,2,
4233,수입,BMW,5시리즈,5시리즈 (F10),가솔린 2WD,528i M 스포츠,,17426,4338,599,121,6,
4234,수입,BMW,X6,X6 (F16),디젤 4WD,xDrive 40d,,17426,995,189,186,21,
4235,수입,BMW,3시리즈,3시리즈 (F30),가솔린,320i M 스포츠,,17426,1630,501,189,63,
4236,수입,BMW,7시리즈,7시리즈 (G11),가솔린 4WD,750Li xDrive 프리미엄,,17426,1327,687,270,10,
4237,수입,BMW,X6,X6 (E71),가솔린 4WD,35i,,17426,995,32,8,4,
4238,수입,BMW,5시리즈,5시리즈 (F10),가솔린 2WD,528i 럭셔리,,17426,4338,599,121,6,
4239,수입,BMW,3시리즈,3시리즈 (G20),디젤 2WD,320d,,17426,1630,1046,174,42,
4240,수입,BMW,5시리즈,5시리즈 (G30),가솔린 4WD,530i xDrive M 스포츠 플러스,,17426,4338,2233,368,140,
4241,수입,BMW,X6,X6 (F16),디젤 4WD,xDrive 40d M 스포츠,,17426,995,189,186,7,
4242,수입,BMW,3시리즈,3시리즈 (F30),가솔린,330i M 스포츠 쉐도우,,17426,1630,501,189,43,
4243,수입,BMW,7시리즈,7시리즈 (G11),가솔린 4WD,M760Li xDrive V12 엑셀런스,,17426,1327,687,270,8,
4244,수입,BMW,X6,X6 (E71),가솔린 4WD,50i,,17426,995,32,8,4,
4245,수입,BMW,3시리즈,3시리즈 (G20),디젤 2WD,320d 럭셔리,,17426,1630,1046,174,33,
4246,수입,BMW,X3,X3 (G01),가솔린 2WD,sDrive 20i,,17426,1048,631,1,1,
4247,수입,BMW,5시리즈,5시리즈 (F10),가솔린 2WD,528i M 에어로다이나믹 스페셜 에디션,,17426,4338,599,121,4,
4248,수입,BMW,5시리즈,5시리즈 (G30),가솔린 4WD,530i xDrive M 스포츠,,17426,4338,2233,368,82,
4249,수입,BMW,7시리즈,7시리즈 (G11),가솔린 4WD,750Li xDrive 디자인 퓨어 엑셀런스,,17426,1327,687,270,6,
4250,수입,BMW,X5,X5 (G05),가솔린+전기 4WD,xDrive 50e M 스포츠,,17426,1476,1229,173,58,
4251,수입,BMW,3시리즈,3시리즈 (F30),가솔린,320i,,17426,1630,501,189,24,
4252,수입,BMW,5시리즈,5시리즈 (F10),가솔린 2WD,523i,,17426,4338,599,121,2,
4253,수입,BMW,5시리즈,5시리즈 (G30),가솔린 4WD,530i xDrive 럭셔리 플러스,,17426,4338,2233,368,60,
4254,수입,BMW,X5,X5 (G05),가솔린+전기 4WD,xDrive 45e xLine,,17426,1476,1229,173,49,
4255,수입,BMW,3시리즈,3시리즈 (F30),가솔린,320i 럭셔리,,17426,1630,501,189,17,
4256,수입,BMW,X6,X6 (F16),가솔린 4WD,xDrive 35i,,17426,995,189,3,3,
4257,수입,BMW,X6,X6 (G06),가솔린 4WD,xDrive40i M 스포츠 온라인 익스클루시브,,17426,995,774,488,2,
4258,수입,BMW,5시리즈,5시리즈 (G30),가솔린 4WD,M550i xDrive,,17426,4338,2233,368,35,
4259,수입,BMW,X5,X5 (G05),가솔린+전기 4WD,xDrive 45e M 스포츠,,17426,1476,1229,173,47,
4260,수입,BMW,5시리즈,5시리즈 (F10),가솔린 2WD,535i,,17426,4338,599,121,2,
4261,수입,BMW,7시리즈,7시리즈 (G11),가솔린 4WD,750Li xDrive 비전 100 에디션,,17426,1327,687,270,5,
4262,수입,BMW,3시리즈,3시리즈 (F30),가솔린,320i M 스포츠 쉐도우,,17426,1630,501,189,11,
4263,수입,BMW,5시리즈,5시리즈 (G30),가솔린 4WD,530i xDrive 럭셔리,,17426,4338,2233,368,33,
4264,수입,BMW,3시리즈,3시리즈 (G20),디젤 2WD,320d 투어링 M 스포츠,,17426,1630,1046,174,28,
4265,수입,BMW,X5,X5 (G05),가솔린+전기 4WD,xDrive 50e xLine,,17426,1476,1229,173,17,
4266,수입,BMW,X6,X6 (G06),가솔린 4WD,xDrive40i M 스포츠 프로 스페셜 에디션,,17426,995,774,488,2,
4267,수입,BMW,5시리즈,5시리즈 (G30),가솔린 4WD,540i xDrive M 스포츠 플러스,,17426,4338,2233,368,14,
4268,수입,BMW,3시리즈,3시리즈 (G20),디젤 2WD,320d 투어링,,17426,1630,1046,174,11,
4269,수입,BMW,7시리즈,7시리즈 (G11),가솔린 4WD,750Li xDrive 디자인 퓨어 엑셀런스 프레스티지,,17426,1327,687,270,3,
4270,수입,BMW,3시리즈,3시리즈 (F30),가솔린,330i M 스포츠,,17426,1630,501,189,11,
4271,수입,BMW,5시리즈,5시리즈 (F10),가솔린 4WD,528i xDrive,,17426,4338,599,98,40,
4272,수입,BMW,X5,X5 (G05),가솔린+전기 4WD,xDrive 50e M 스포츠 스페셜 에디션,,17426,1476,1229,173,2,
4273,수입,BMW,X7,X7 (G07),가솔린 4WD,xDrive 40i M 스포츠 6인승,,17426,830,830,581,258,
4274,수입,BMW,3시리즈,3시리즈 (G20),디젤 2WD,320d 투어링 럭셔리,,17426,1630,1046,174,7,
4275,수입,BMW,5시리즈,5시리즈 (F10),가솔린 4WD,528i xDrive M 에어로 다이나믹,,17426,4338,599,98,16,
4276,수입,BMW,5시리즈,5시리즈 (G30),가솔린 4WD,540i xDrive 럭셔리 플러스,,17426,4338,2233,368,3,
4277,수입,BMW,7시리즈,7시리즈 (G11),가솔린 4WD,750Li xDrive M 스포츠,,17426,1327,687,270,1,
4278,수입,BMW,X6,X6 (G06),디젤 4WD,xDrive30d M 스포츠,,17426,995,774,286,217,
4279,수입,BMW,3시리즈,3시리즈 (F30),가솔린,328i M 스포츠,,17426,1630,501,189,9,
4280,수입,BMW,5시리즈,5시리즈 (F10),가솔린 4WD,528i xDrive 럭셔리,,17426,4338,599,98,15,
4281,수입,BMW,X6,X6 (G06),디젤 4WD,xDrive40d M 스포츠 온라인 익스클루시브,,17426,995,774,286,48,
4282,수입,BMW,5시리즈,5시리즈 (G30),가솔린 4WD,540i xDrive M 스포츠,,17426,4338,2233,368,1,
4283,수입,BMW,3시리즈,3시리즈 (F30),가솔린,328i,,17426,1630,501,189,7,
4284,수입,BMW,X7,X7 (G07),가솔린 4WD,xDrive 40i 디자인 퓨어 엑셀런스 6인승,,17426,830,830,581,89,
4285,수입,BMW,3시리즈,3시리즈 (G20),가솔린 4WD,M340i xDrive 투어링 프로,,17426,1630,1046,46,21,
4286,수입,BMW,7시리즈,7시리즈 (G11),가솔린+전기 2WD,745Le i퍼포먼스 M 스포츠,,17426,1327,687,68,27,
4287,수입,BMW,5시리즈,5시리즈 (F10),가솔린 4WD,528i xDrive 럭셔리 플러스,,17426,4338,599,98,14,
4288,수입,BMW,X6,X6 (G06),디젤 4WD,xDrive40d M 스포츠,,17426,995,774,286,11,
4289,수입,BMW,3시리즈,3시리즈 (F30),가솔린,320i 스포츠,,17426,1630,501,189,2,
4290,수입,BMW,X7,X7 (G07),가솔린 4WD,xDrive 40i M 스포츠 7인승,,17426,830,830,581,79,
4291,수입,BMW,5시리즈,5시리즈 (F10),가솔린 4WD,528i xDrive M 에어로다이나믹 스페셜 에디션,,17426,4338,599,98,8,
4292,수입,BMW,3시리즈,3시리즈 (G20),가솔린 4WD,M340i xDrive 투어링,,17426,1630,1046,46,10,
4293,수입,BMW,5시리즈,5시리즈 (G30),디젤 4WD,520d xDrive M 스포츠 플러스,,17426,4338,2233,267,141,
4294,수입,BMW,7시리즈,7시리즈 (G11),가솔린+전기 2WD,745Le i퍼포먼스 디자인 퓨어 엑셀런스,,17426,1327,687,68,12,
4295,수입,BMW,3시리즈,3시리즈 (F30),가솔린,328i 스포츠,,17426,1630,501,189,2,
4296,수입,BMW,X6,X6 (G06),디젤 4WD,M50d,,17426,995,774,286,4,
4297,수입,BMW,X7,X7 (G07),가솔린 4WD,xDrive 40i 디자인 퓨어 엑셀런스 7인승,,17426,830,830,581,77,
4298,수입,BMW,5시리즈,5시리즈 (F10),가솔린 4WD,550i xDrive,,17426,4338,599,98,5,
4299,수입,BMW,3시리즈,3시리즈 (G20),가솔린 4WD,M340i xDrive 투어링 퍼포먼스,,17426,1630,1046,46,5,
4300,수입,BMW,5시리즈,5시리즈 (G30),디젤 4WD,520d xDrive 럭셔리 플러스,,17426,4338,2233,267,46,
4301,수입,BMW,X4,X4 (F26),디젤 4WD,xDrive20d,,17426,765,75,70,38,
4302,수입,BMW,X4,X4 (G02),가솔린 4WD,xDrive20i M 스포츠,,17426,765,690,550,175,
4303,수입,BMW,7시리즈,7시리즈 (G11),가솔린+전기 2WD,745e i퍼포먼스 디자인 퓨어 엑셀런스,,17426,1327,687,68,12,
4304,수입,BMW,X7,X7 (G07),가솔린 4WD,M60i xDrive M 스포츠 6인승,,17426,830,830,581,40,
4305,수입,BMW,3시리즈,3시리즈 (G20),가솔린 4WD,330i xDrive 럭셔리,,17426,1630,1046,46,3,
4306,수입,BMW,X6,X6 (G06),디젤 4WD,xDrive40d M 스포츠 프로,,17426,995,774,286,3,
4307,수입,BMW,X4,X4 (F26),디젤 4WD,xDrive20d M 스포츠,,17426,765,75,70,22,
4308,수입,BMW,5시리즈,5시리즈 (G30),디젤 4WD,520d xDrive M 스포츠,,17426,4338,2233,267,28,
4309,수입,BMW,X7,X7 (G07),가솔린 4WD,M50i 6인승,,17426,830,830,581,29,
4310,수입,BMW,X4,X4 (G02),가솔린 4WD,xDrive20i xLine,,17426,765,690,550,98,
4311,수입,BMW,7시리즈,7시리즈 (G11),가솔린+전기 2WD,745e i퍼포먼스 M 스포츠,,17426,1327,687,68,9,
4312,수입,BMW,X6,X6 (G06),디젤 4WD,xDrive30d xLine 퍼스트 에디션,,17426,995,774,286,2,
4313,수입,BMW,5시리즈,5시리즈 (G30),디젤 4WD,523d xDrive M 스포츠,,17426,4338,2233,267,22,
4314,수입,BMW,3시리즈,3시리즈 (F30),가솔린+전기,330e i퍼포먼스 M 스포츠,,17426,1630,501,3,3,
4315,수입,BMW,X7,X7 (G07),가솔린 4WD,xDrive 40i M 스포츠 온라인 익스클루시브 에디션 6인승,,17426,830,830,581,4,
4316,수입,BMW,7시리즈,7시리즈 (G11),가솔린+전기 2WD,740e i퍼포먼스 M 스포츠,,17426,1327,687,68,8,
4317,수입,BMW,X6,X6 (G06),디젤 4WD,xDrive30d xLine,,17426,995,774,286,1,
4318,수입,BMW,5시리즈,5시리즈 (G30),디젤 4WD,523d xDrive 럭셔리,,17426,4338,2233,267,16,
4319,수입,BMW,X4,X4 (F26),디젤 4WD,xDrive20d SAC 에디션,,17426,765,75,70,7,
4320,수입,BMW,X7,X7 (G07),가솔린 4WD,M50i 프로즌 블랙 에디션 6인승,,17426,830,830,581,3,
4321,수입,BMW,3시리즈,3시리즈 (G20),가솔린 4WD,M340i xDrive 투어링 프로 스페셜 에디션,,17426,1630,1046,46,3,
4322,수입,BMW,X7,X7 (G07),가솔린 4WD,M60i xDrive 퍼스트 에디션 6인승,,17426,830,830,581,2,
4323,수입,BMW,5시리즈,5시리즈 (G30),디젤 4WD,M550d xDrive,,17426,4338,2233,267,14,
4324,수입,BMW,X4,X4 (G02),가솔린 4WD,xDrive20i M 스포츠 프로 스페셜 에디션,,17426,765,690,550,80,
4325,수입,BMW,3시리즈,3시리즈 (G20),가솔린 4WD,330i xDrive M 스포츠,,17426,1630,1046,46,2,
4326,수입,BMW,X4,X4 (G02),가솔린 4WD,xDrive20i M 스포츠 X,,17426,765,690,550,55,
4327,수입,BMW,7시리즈,7시리즈 (G11),가솔린 2WD,740i M 스포츠,,17426,1327,687,37,20,
4328,수입,BMW,X4,X4 (F26),디젤 4WD,xDrive30d M 스포츠,,17426,765,75,70,3,
4329,수입,BMW,3시리즈,3시리즈 (G20),가솔린 4WD,M340i xDrive 투어링 프로 퍼스트 에디션,,17426,1630,1046,46,2,
4330,수입,BMW,X4,X4 (G02),가솔린 4WD,xDrive20i M 스포츠 프로,,17426,765,690,550,54,
4331,수입,BMW,7시리즈,7시리즈 (G11),가솔린 2WD,740i 디자인 퓨어 엑셀런스,,17426,1327,687,37,17,
4332,수입,BMW,1시리즈,1시리즈 (E82),디젤,120d 쿠페 스포츠,,17426,618,16,16,11,
4333,수입,BMW,1시리즈,1시리즈 (F20),디젤 5 인승,118d 스포츠 5도어,,17426,618,215,215,114,
4334,수입,BMW,X7,X7 (G07),디젤 4WD,xDrive 40d M 스포츠 6인승,,17426,830,830,249,97,
4335,수입,BMW,X4,X4 (F26),가솔린 4WD,M40i,,17426,765,75,5,5,
4336,수입,BMW,1시리즈,1시리즈 (F20),디젤 5 인승,118d 조이 5도어,,17426,618,215,215,32,
4337,수입,BMW,1시리즈,1시리즈 (E82),디젤,120d 쿠페 M 스포츠,,17426,618,16,16,2,
4338,수입,BMW,X4,X4 (G02),가솔린 4WD,xDrive20i M 스포츠 X 온라인 익스클루시브 에디션,,17426,765,690,550,45,
4339,수입,BMW,X7,X7 (G07),디젤 4WD,xDrive 40d 디자인 퓨어 엑셀런스 7인승,,17426,830,830,249,45,
4340,수입,BMW,5시리즈,5시리즈 (G30),가솔린+전기 2WD,530e M 스포츠,,17426,4338,2233,121,74,
4341,수입,BMW,1시리즈,1시리즈 (F70),가솔린 2WD,120 M 스포츠,,17426,618,55,37,29,
4342,수입,BMW,1시리즈,1시리즈 (F20),디젤 5 인승,118d M 스포츠 섀도우 5도어,,17426,618,215,215,22,
4343,수입,BMW,1시리즈,1시리즈 (E82),디젤,120d 쿠페 하이,,17426,618,16,16,2,
4344,수입,BMW,3시리즈,3시리즈 (G20),가솔린+전기 2WD,330e M 스포츠,,17426,1630,1046,40,22,
4345,수입,BMW,X7,X7 (G07),디젤 4WD,xDrive 40d 디자인 퓨어 엑셀런스 6인승,,17426,830,830,249,25,
4346,수입,BMW,1시리즈,1시리즈 (F40),가솔린 2WD,120i M 스포츠,,17426,618,332,214,143,
4347,수입,BMW,5시리즈,5시리즈 (G30),가솔린+전기 2WD,530e 럭셔리,,17426,4338,2233,121,47,
4348,수입,BMW,1시리즈,1시리즈 (F70),가솔린 2WD,120,,17426,618,55,37,8,
4349,수입,BMW,1시리즈,1시리즈 (F20),디젤 5 인승,118d 어반 팩1 5도어,,17426,618,215,215,20,
4350,수입,BMW,4시리즈,4시리즈 (G22),가솔린 2WD,420i M 스포츠 컨버터블,,17426,599,307,259,55,
4351,수입,BMW,3시리즈,3시리즈 (G20),가솔린+전기 2WD,330e 럭셔리,,17426,1630,1046,40,9,
4352,수입,BMW,X7,X7 (G07),디젤 4WD,xDrive 30d 디자인 퓨어 엑셀런스 6인승,,17426,830,830,249,24,
4353,수입,BMW,1시리즈,1시리즈 (F40),가솔린 2WD,120i 스포츠,,17426,618,332,214,48,
4354,수입,BMW,4시리즈,4시리즈 (G22),가솔린 2WD,420i M 스포츠 프로 그란쿠페,,17426,599,307,259,49,
4355,수입,BMW,1시리즈,1시리즈 (E82),디젤,120d 쿠페,,17426,618,16,16,1,
4356,수입,BMW,3시리즈,3시리즈 (G20),가솔린+전기 2WD,320e M 스포츠,,17426,1630,1046,40,4,
4357,수입,BMW,X7,X7 (G07),디젤 4WD,xDrive 40d M 스포츠 7인승,,17426,830,830,249,24,
4358,수입,BMW,X4,X4 (G02),가솔린 4WD,xDrive M40i,,17426,765,690,550,38,
4359,수입,BMW,1시리즈,1시리즈 (F40),가솔린 2WD,120i 어드밴티지,,17426,618,332,214,23,
4360,수입,BMW,3시리즈,3시리즈 (G20),가솔린+전기 2WD,320e 럭셔리,,17426,1630,1046,40,3,
4361,수입,BMW,4시리즈,4시리즈 (G22),가솔린 2WD,420i M 스포츠 쿠페,,17426,599,307,259,32,
4362,수입,BMW,X7,X7 (G07),디젤 4WD,xDrive 30d M 스포츠 6인승,,17426,830,830,249,14,
4363,수입,BMW,X4,X4 (G02),가솔린 4WD,xDrive M40i 온라인 익스클루시브 에디션,,17426,765,690,550,4,
4364,수입,BMW,4시리즈,4시리즈 (F32),가솔린 2WD,428i M 스포츠 컨버터블,,17426,599,292,172,47,
4365,수입,BMW,1시리즈,1시리즈 (F70),가솔린 4WD,M135 xDrive,,17426,618,55,18,12,
4366,수입,BMW,4시리즈,4시리즈 (G22),가솔린 2WD,420i M 스포츠 프로 컨버터블,,17426,599,307,259,28,
4367,수입,BMW,X7,X7 (G07),디젤 4WD,M50d,,17426,830,830,249,10,
4368,수입,BMW,1시리즈,1시리즈 (F20),디젤 5 인승,118d 어반 5도어,,17426,618,215,215,11,
4369,수입,BMW,3시리즈,3시리즈 (G20),가솔린+전기 2WD,330e,,17426,1630,1046,40,1,
4370,수입,BMW,X1,X1 (E84),디젤 4WD,xDrive 18d,,17426,429,28,28,14,
4371,수입,BMW,1시리즈,1시리즈 (F70),가솔린 4WD,M135 xDrive 프로 퍼스트 에디션,,17426,618,55,18,6,
4372,수입,BMW,4시리즈,4시리즈 (F32),가솔린 2WD,430i M 스포츠 컨버터블,,17426,599,292,172,33,
4373,수입,BMW,1시리즈,1시리즈 (F40),디젤 2WD,118d 스포츠,,17426,618,332,80,35,
4374,수입,BMW,X1,X1 (F48),가솔린 4WD,xDrive 20i xLine,,17426,429,244,146,67,
4375,수입,BMW,X7,X7 (G07),디젤 4WD,xDrive 30d 디자인 퓨어 엑셀런스 퍼스트 에디션 6인승,,17426,830,830,249,4,
4376,수입,BMW,4시리즈,4시리즈 (G22),가솔린 2WD,420i M 스포츠 프로 쿠페,,17426,599,307,259,25,
4377,수입,BMW,1시리즈,1시리즈 (F20),디젤 5 인승,118d 스포츠 스페셜 에디션 5도어,,17426,618,215,215,8,
4378,수입,BMW,X1,X1 (E84),디젤 4WD,xDrive 20d,,17426,429,28,28,13,
4379,수입,BMW,X4,X4 (G02),가솔린 4WD,xDrive20i 인디비주얼,,17426,765,690,550,1,
4380,수입,BMW,4시리즈,4시리즈 (F32),가솔린 2WD,420i 럭셔리 그란쿠페,,17426,599,292,172,23,
4381,수입,BMW,1시리즈,1시리즈 (F40),디젤 2WD,118d M 스포츠,,17426,618,332,80,21,
4382,수입,BMW,X7,X7 (G07),디젤 4WD,xDrive 30d M 스포츠 퍼스트 에디션,,17426,830,830,249,3,
4383,수입,BMW,4시리즈,4시리즈 (G22),가솔린 2WD,420i M 스포츠 퍼포먼스 쿠페,,17426,599,307,259,21,
4384,수입,BMW,3시리즈,3시리즈 (G20),가솔린+전기 2WD,330e M 스포츠 프로 퍼스트 에디션,,17426,1630,1046,40,1,
4385,수입,BMW,1시리즈,1시리즈 (F20),디젤 5 인승,118d 어반 팩2 5도어,,17426,618,215,215,4,
4386,수입,BMW,X1,X1 (E84),디젤 4WD,xDrive 23d,,17426,429,28,28,1,
4387,수입,BMW,4시리즈,4시리즈 (F32),가솔린 2WD,420i 그란쿠페 스페셜 에디션,,17426,599,292,172,19,
4388,수입,BMW,1시리즈,1시리즈 (F40),디젤 2WD,118d 조이 퍼스트 에디션,,17426,618,332,80,11,
4389,수입,BMW,X1,X1 (U11),가솔린 4WD,xDrive 20i M 스포츠,,17426,429,157,126,77,
4390,수입,BMW,X7,X7 (G07),디젤 4WD,xDrive 30d 디자인 퓨어 엑셀런스 7인승,,17426,830,830,249,2,
4391,수입,BMW,1시리즈,1시리즈 (F20),디젤 5 인승,120d 스포츠 팩2 5도어,,17426,618,215,215,2,
4392,수입,BMW,4시리즈,4시리즈 (G22),가솔린 2WD,420i M 스포츠 그란쿠페,,17426,599,307,259,18,
4393,수입,BMW,1시리즈,1시리즈 (F40),디젤 2WD,118d 조이,,17426,618,332,80,9,
4394,수입,BMW,X1,X1 (U11),가솔린 4WD,xDrive 20i xLine,,17426,429,157,126,27,
4395,수입,BMW,X7,X7 (G07),디젤 4WD,M50d 퍼스트 에디션,,17426,830,830,249,1,
4396,수입,BMW,4시리즈,4시리즈 (G22),가솔린 2WD,420i M 스포츠 퍼포먼스 그란쿠페,,17426,599,307,259,14,
4397,수입,BMW,X1,X1 (F48),가솔린 4WD,xDrive 20i M 스포츠,,17426,429,244,146,56,
4398,수입,BMW,4시리즈,4시리즈 (F32),가솔린 2WD,430i M 스포츠 쿠페,,17426,599,292,172,18,
4399,수입,BMW,3시리즈,3시리즈 (G20),디젤 4WD,320d xDrive M 스포츠,,17426,1630,1046,27,15,
4400,수입,BMW,1시리즈,1시리즈 (F40),디젤 2WD,118d M 스포츠 퍼스트 에디션,,17426,618,332,80,4,
4401,수입,BMW,X1,X1 (U11),가솔린 4WD,M35i xDrive,,17426,429,157,126,21,
4402,수입,BMW,4시리즈,4시리즈 (G22),가솔린 2WD,420i 퍼스트 에디션 그란쿠페,,17426,599,307,259,12,
4403,수입,BMW,3시리즈,3시리즈 (G20),디젤 4WD,320d xDrive 럭셔리,,17426,1630,1046,27,12,
4404,수입,BMW,X1,X1 (F48),가솔린 4WD,xDrive 20i 어드밴티지,,17426,429,244,146,22,
4405,수입,BMW,X1,X1 (U11),가솔린 4WD,M35i xDrive 스페셜 에디션,,17426,429,157,126,1,
4406,수입,BMW,X4,X4 (G02),디젤 4WD,xDrive20d M 스포츠,,17426,765,690,140,70,
4407,수입,BMW,4시리즈,4시리즈 (G22),가솔린 2WD,420i 온라인 익스클루시브 컨버터블,,17426,599,307,259,2,
4408,수입,BMW,X1,X1 (F48),가솔린 4WD,xDrive 25i M 스포츠,,17426,429,244,146,1,
4409,수입,BMW,1시리즈,1시리즈 (F20),디젤 5 인승,118d M 스포츠 5도어,,17426,618,215,215,1,
4410,수입,BMW,4시리즈,4시리즈 (G22),가솔린 2WD,430i 퍼스트 에디션 컨버터블,,17426,599,307,259,2,
4411,수입,BMW,1시리즈,1시리즈 (F40),가솔린 4WD,M135i xDrive,,17426,618,332,38,29,
4412,수입,BMW,1시리즈,1시리즈 (F20),디젤 5 인승,120d 스포츠 팩1 5도어,,17426,618,215,215,1,
4413,수입,BMW,4시리즈,4시리즈 (F32),가솔린 2WD,428i M 스포츠 쿠페,,17426,599,292,172,11,
4414,수입,BMW,X4,X4 (G02),디젤 4WD,xDrive20d xLine,,17426,765,690,140,34,
4415,수입,BMW,X1,X1 (F48),디젤 4WD,xDrive 18d,,17426,429,244,98,17,
4416,수입,BMW,2시리즈,2시리즈 (G42),가솔린 4WD,M240i xDrive 쿠페,,17426,382,5,5,3,
4417,수입,BMW,4시리즈,4시리즈 (G22),가솔린 2WD,430i 퍼스트 에디션 쿠페,,17426,599,307,259,1,
4418,수입,BMW,X1,X1 (U11),가솔린 2WD,sDrive 20i M 스포츠,,17426,429,157,19,16,
4419,수입,BMW,X4,X4 (G02),디젤 4WD,xDrive20d M 스포츠 온라인 익스클루시브 에디션,,17426,765,690,140,13,
4420,수입,BMW,2시리즈,2시리즈 액티브 투어러 (U06),가솔린 2000cc,220i 럭셔리,,17426,382,91,62,31,
4421,수입,BMW,2시리즈,2시리즈 (F22),디젤,220d M 스포츠 쿠페,,17426,382,7,7,7,
4422,수입,BMW,2시리즈,2시리즈 액티브 투어러 (F45),디젤 2000cc,조이,,17426,382,85,85,60,
4423,수입,BMW,2시리즈,2시리즈 그란쿠페 (F44),가솔린 2WD,220i M 스포츠,,17426,382,145,82,52,
4424,수입,BMW,X1,X1 (F48),디젤 4WD,xDrive 18d 조이,,17426,429,244,98,17,
4425,수입,BMW,2시리즈,2시리즈 (G42),가솔린 4WD,M240i xDrive 쿠페 퍼스트 에디션 쿠페,,17426,382,5,5,2,
4426,수입,BMW,X1,X1 (U11),가솔린 2WD,sDrive 20i xLine,,17426,429,157,19,3,
4427,수입,BMW,4시리즈,4시리즈 (F32),가솔린 2WD,420i M 스포츠 쿠페,,17426,599,292,172,10,
4428,수입,BMW,2시리즈,2시리즈 그란쿠페 (F74),가솔린 2WD,220 M 스포츠,,17426,382,49,35,24,
4429,수입,BMW,X4,X4 (G02),디젤 4WD,xDrive20d M 스포츠 X,,17426,765,690,140,8,
4430,수입,BMW,i4,i4,전기 2WD,eDrive40 M 스포츠 프로,,17426,165,165,134,93,
4431,수입,BMW,1시리즈,1시리즈 (F40),가솔린 4WD,M135i xDrive 프리즘,,17426,618,332,38,6,
4432,수입,BMW,2시리즈,2시리즈 액티브 투어러 (U06),가솔린 2000cc,220i M 스포츠 디자인,,17426,382,91,62,19,
4433,수입,BMW,X1,X1 (F48),디젤 4WD,xDrive 20d 조이,,17426,429,244,98,15,
4434,수입,BMW,2시리즈,2시리즈 그란쿠페 (F44),가솔린 2WD,220i 어드밴티지,,17426,382,145,82,17,
4435,수입,BMW,4시리즈,4시리즈 (F32),가솔린 2WD,420i 그란쿠페,,17426,599,292,172,4,
4436,수입,BMW,2시리즈,2시리즈 그란쿠페 (F74),가솔린 2WD,220 M 스포츠 디자인,,17426,382,49,35,11,
4437,수입,BMW,1시리즈,1시리즈 (F40),가솔린 4WD,M135i xDrive 퍼스트 에디션,,17426,618,332,38,3,
4438,수입,BMW,X4,X4 (G02),디젤 4WD,xDrive 20d M 스포츠 프로,,17426,765,690,140,6,
4439,수입,BMW,2시리즈,2시리즈 액티브 투어러 (U06),가솔린 2000cc,220i 어드밴티지,,17426,382,91,62,10,
4440,수입,BMW,i4,i4,전기 2WD,eDrive40 M 스포츠,,17426,165,165,134,41,
4441,수입,BMW,X1,X1 (U11),디젤 2WD,sDrive 18d M 스포츠,,17426,429,157,12,9,
4442,수입,BMW,2시리즈,2시리즈 액티브 투어러 (F45),디젤 2000cc,어드밴티지,,17426,382,85,85,9,
4443,수입,BMW,X1,X1 (F48),디젤 4WD,xDrive 20d,,17426,429,244,98,12,
4444,수입,BMW,2시리즈,2시리즈 그란쿠페 (F44),가솔린 2WD,220i 스포츠,,17426,382,145,82,13,
4445,수입,BMW,X4,X4 (G02),디젤 4WD,xDrive30d M 스포츠 X,,17426,765,690,140,5,
4446,수입,BMW,2시리즈,2시리즈 액티브 투어러 (U06),가솔린 2000cc,220i M 스포츠,,17426,382,91,62,2,
4447,수입,BMW,4시리즈,4시리즈 (G22),가솔린 4WD,M440i xDrive 쿠페,,17426,599,307,35,14,
4448,수입,BMW,X1,X1 (U11),디젤 2WD,sDrive 18d xLine,,17426,429,157,12,3,
4449,수입,BMW,X1,X1 (F48),디젤 4WD,xDrive 18d 프리미엄,,17426,429,244,98,10,
4450,수입,BMW,2시리즈,2시리즈 액티브 투어러 (F45),디젤 2000cc,럭셔리,,17426,382,85,85,7,
4451,수입,BMW,2시리즈,2시리즈 그란쿠페 (F74),가솔린 4WD,M235 xDrive,,17426,382,49,14,7,
4452,수입,BMW,X4,X4 (G02),디젤 4WD,xDrive M40d,,17426,765,690,140,4,
4453,수입,BMW,4시리즈,4시리즈 (F32),가솔린 2WD,428i 컨버터블 비전 100 에디션,,17426,599,292,172,3,
4454,수입,BMW,i4,i4,전기 4WD,M50 프로,,17426,165,165,31,19,
4455,수입,BMW,4시리즈,4시리즈 (G22),가솔린 4WD,M440i xDrive 컨버터블,,17426,599,307,35,4,
4456,수입,BMW,X1,X1 (F48),디젤 4WD,xDrive 18d xLine,,17426,429,244,98,8,
4457,수입,BMW,2시리즈,2시리즈 액티브 투어러 (F45),디젤 2000cc,스포츠 파이널 에디션,,17426,382,85,85,7,
4458,수입,BMW,2시리즈,2시리즈 그란쿠페 (F74),가솔린 4WD,228 xDrive M 스포츠,,17426,382,49,14,4,
4459,수입,BMW,2시리즈,2시리즈 액티브 투어러 (U06),디젤 2000cc,218d 럭셔리,,17426,382,91,29,19,
4460,수입,BMW,2시리즈,2시리즈 그란쿠페 (F44),가솔린 4WD,M235i xDrive,,17426,382,145,37,37,
4461,수입,BMW,X1,X1 (F48),디젤 4WD,xDrive 20d M 스포츠,,17426,429,244,98,7,
4462,수입,BMW,4시리즈,4시리즈 (F32),가솔린 2WD,430i 럭셔리 컨버터블,,17426,599,292,172,2,
4463,수입,BMW,4시리즈,4시리즈 (G22),가솔린 4WD,M440i xDrive 프로 퍼스트 에디션 컨버터블,,17426,599,307,35,4,
4464,수입,BMW,2시리즈,2시리즈 액티브 투어러 (F45),디젤 2000cc,스포츠,,17426,382,85,85,2,
4465,수입,BMW,2시리즈,2시리즈 액티브 투어러 (U06),디젤 2000cc,218d 어드밴티지,,17426,382,91,29,8,
4466,수입,BMW,2시리즈,2시리즈 그란쿠페 (F74),가솔린 4WD,M235 xDrive 프로,,17426,382,49,14,3,
4467,수입,BMW,X1,X1 (F48),디젤 4WD,xDrive 18d 어드밴티지,,17426,429,244,98,6,
4468,수입,BMW,Z4,Z4 (E85),가솔린 2 인승,3.0i,,17426,164,4,4,3,
4469,수입,BMW,i4,i4,전기 4WD,M50,,17426,165,165,31,6,
4470,수입,BMW,4시리즈,4시리즈 (G22),가솔린 4WD,M440i xDrive 온라인 익스클루시브 컨버터블,,17426,599,307,35,3,
4471,수입,BMW,2시리즈,2시리즈 액티브 투어러 (U06),디젤 2000cc,218d M 스포츠 퍼스트 에디션,,17426,382,91,29,2,
4472,수입,BMW,Z4,Z4 (G29),가솔린 2WD,sDrive20i M 스포츠,,17426,164,141,141,85,
4473,수입,BMW,2시리즈,2시리즈 그란쿠페 (F44),디젤 2WD,218d 어드밴티지,,17426,382,145,26,10,
4474,수입,BMW,X1,X1 (F48),디젤 4WD,xDrive 18d M 스포츠,,17426,429,244,98,3,
4475,수입,BMW,i4,i4,전기 4WD,M50 프로 스페셜 에디션,,17426,165,165,31,3,
4476,수입,BMW,4시리즈,4시리즈 (G22),가솔린 4WD,M440i xDrive 온라인 익스클루시브 쿠페,,17426,599,307,35,3,
4477,수입,BMW,4시리즈,4시리즈 (F32),가솔린 2WD,420i M 스포츠 그란쿠페,,17426,599,292,172,1,
4478,수입,BMW,Z4,Z4 (G29),가솔린 2WD,M40i,,17426,164,141,141,44,
4479,수입,BMW,2시리즈,2시리즈 그란쿠페 (F44),디젤 2WD,218d M 스포츠,,17426,382,145,26,9,
4480,수입,BMW,X1,X1 (F48),디젤 4WD,xDrive 20d xLine,,17426,429,244,98,3,
4481,수입,BMW,i4,i4,전기 4WD,M50 프로 퍼스트 에디션,,17426,165,165,31,2,
4482,수입,BMW,4시리즈,4시리즈 (F32),가솔린 2WD,420i 럭셔리 쿠페,,17426,599,292,172,1,
4483,수입,BMW,Z4,Z4 (G29),가솔린 2WD,sDrive20i 스포츠,,17426,164,141,141,10,
4484,수입,BMW,2시리즈,2시리즈 그란쿠페 (F44),디젤 2WD,220d 어드밴티지,,17426,382,145,26,6,
4485,수입,BMW,8시리즈,8시리즈 (G15),가솔린 4WD,M850i xDrive 그란쿠페,,17426,153,153,142,97,
4486,수입,BMW,Z4,Z4 (E85),가솔린 2 인승,2.5i,,17426,164,4,4,1,
4487,수입,BMW,i4,i4,전기 4WD,M60 프로,,17426,165,165,31,1,
4488,수입,BMW,Z4,Z4 (E89),가솔린 2 인승,sDrive 35i,,17426,164,19,19,6,
4489,수입,BMW,Z4,Z4 (G29),가솔린 2WD,sDrive20i M 스포츠 퍼스트 에디션,,17426,164,141,141,2,
4490,수입,BMW,2시리즈,2시리즈 그란쿠페 (F44),디젤 2WD,220d 럭셔리,,17426,382,145,26,1,
4491,수입,BMW,8시리즈,8시리즈 (G15),가솔린 4WD,840i xDrive M 스포츠 그란쿠페,,17426,153,153,142,21,
4492,수입,BMW,4시리즈,4시리즈 (F32),디젤 2WD,420d 럭셔리 그란쿠페,,17426,599,292,73,56,
4493,수입,BMW,4시리즈,4시리즈 (G22),가솔린 4WD,M440i xDrive 프로 온라인 익스클루시브 컨버터블,,17426,599,307,35,3,
4494,수입,BMW,8시리즈,8시리즈 (G15),가솔린 4WD,M850i xDrive M 퍼포먼스 그란쿠페,,17426,153,153,142,9,
4495,수입,BMW,4시리즈,4시리즈 (F32),디젤 2WD,420d M 스포츠 쿠페,,17426,599,292,73,14,
4496,수입,BMW,M5,M5 (F10),가솔린 4400cc,M5 세단,,17426,143,15,15,15,
4497,수입,BMW,M5,M5 (E39),가솔린 4900cc,M5 세단,,17426,143,2,2,2,
4498,수입,BMW,4시리즈,4시리즈 (F32),디젤 2WD,420d 럭셔리 쿠페,,17426,599,292,73,3,
4499,수입,BMW,4시리즈,4시리즈 (G22),가솔린 4WD,M440i xDrive  퍼포먼스 쿠페,,17426,599,307,35,2,
4500,수입,BMW,M5,M5 (F90),가솔린 4400cc,M5 세단,,17426,143,46,46,33,
4501,수입,BMW,M5,M5 (E60),가솔린 5000cc,M5 세단,,17426,143,2,2,2,
4502,수입,BMW,Z4,Z4 (E89),가솔린 2 인승,sDrive 35iS,,17426,164,19,19,6,
4503,수입,BMW,4시리즈,4시리즈 (G22),가솔린 4WD,M440i xDrive 퍼스트 에디션 쿠페,,17426,599,307,35,2,
4504,수입,BMW,M5,M5 (F90),가솔린 4400cc,M5 세단 컴페티션,,17426,143,46,46,11,
4505,수입,BMW,8시리즈,8시리즈 (G15),가솔린 4WD,M850i xDrive 그란쿠페 인디비주얼 에디션,,17426,153,153,142,6,
4506,수입,BMW,M2,M2 (G87),가솔린 3000cc,M2 쿠페,,17426,141,84,84,81,
4507,수입,BMW,Z4,Z4 (E89),가솔린 2 인승,sDrive 30i,,17426,164,19,19,5,
4508,수입,BMW,4시리즈,4시리즈 (F32),디젤 4WD,420d xDrive 스포츠 그란쿠페,,17426,599,292,46,26,
4509,수입,BMW,M2,M2 (F87),가솔린 3000cc,M2 쿠페,,17426,141,57,57,20,
4510,수입,BMW,M5,M5 (G90),가솔린+전기 4400cc,M5 세단,,17426,143,77,77,50,
4511,수입,BMW,8시리즈,8시리즈 (G15),가솔린 4WD,M850i xDrive 쿠페,,17426,153,153,142,5,
4512,수입,BMW,M2,M2 (G87),가솔린 3000cc,M2 퍼스트 에디션,,17426,141,84,84,3,
4513,수입,BMW,M5,M5 (E34),가솔린 3500cc,M5 세단,,17426,143,1,1,1,
4514,수입,BMW,X2,X2 (U10),가솔린 4WD,xDrive 20i M 스포츠,,17426,142,50,50,40,
4515,수입,BMW,4시리즈,4시리즈 (G22),디젤 2WD,420d M 스포츠 쿠페,,17426,599,307,13,6,
4516,수입,BMW,M5,M5 (F90),가솔린 4400cc,M5 세단 컴페티션 35주년 에디션,,17426,143,46,46,1,
4517,수입,BMW,Z4,Z4 (E89),가솔린 2 인승,sDrive 28i,,17426,164,19,19,2,
4518,수입,BMW,M5,M5 (G90),가솔린+전기 4400cc,M5 투어링,,17426,143,77,77,13,
4519,수입,BMW,M2,M2 (F87),가솔린 3000cc,M2 컴페티션,,17426,141,57,57,14,
4520,수입,BMW,8시리즈,8시리즈 (G15),가솔린 4WD,M850i xDrive 그란쿠페 퍼스트 에디션,,17426,153,153,142,3,
4521,수입,BMW,X2,X2 (F39),가솔린 4WD,xDrive20i M 스포츠,,17426,142,92,79,34,
4522,수입,BMW,X2,X2 (U10),가솔린 4WD,xDrive M35i,,17426,142,50,50,9,
4523,수입,BMW,4시리즈,4시리즈 (G22),디젤 2WD,420d M 스포츠 퍼포먼스 그란쿠페,,17426,599,307,13,6,
4524,수입,BMW,M5,M5 (F90),가솔린 4400cc,M5 세단 퍼스트 에디션,,17426,143,46,46,1,
4525,수입,BMW,4시리즈,4시리즈 (F32),디젤 4WD,420d xDrive M 스포츠 쿠페,,17426,599,292,46,9,
4526,수입,BMW,X2,X2 (F39),가솔린 4WD,xDrive M35i,,17426,142,92,79,16,
4527,수입,BMW,M5,M5 (G90),가솔린+전기 4400cc,M5 투어링 퍼스트 에디션,,17426,143,77,77,5,
4528,수입,BMW,8시리즈,8시리즈 (G15),가솔린 4WD,840i xDrive M 스포츠 그란쿠페 퍼스트 에디션,,17426,153,153,142,1,
4529,수입,BMW,M2,M2 (F87),가솔린 3000cc,M2 쿠페 M 퍼포먼스 스티어링 휠 에디션,,17426,141,57,57,14,
4530,수입,BMW,X2,X2 (U10),가솔린 4WD,xDrive M35i 퍼스트 에디션,,17426,142,50,50,1,
4531,수입,BMW,4시리즈,4시리즈 (F32),디젤 4WD,420d xDrive 스포츠 쿠페,,17426,599,292,46,8,
4532,수입,BMW,4시리즈,4시리즈 (G22),디젤 2WD,420d M 스포츠 그란쿠페,,17426,599,307,13,1,
4533,수입,BMW,X2,X2 (F39),가솔린 4WD,xDrive20i 어드밴티지,,17426,142,92,79,15,
4534,수입,BMW,M2,M2 (F87),가솔린 3000cc,M2 컴페티션 파이널 에디션,,17426,141,57,57,4,
4535,수입,BMW,M5,M5 (G90),가솔린+전기 4400cc,M5 투어링 스톰 베이 에디션,,17426,143,77,77,4,
4536,수입,BMW,4시리즈,4시리즈 (F32),디젤 4WD,435d xDrive M 스포츠 그란쿠페,,17426,599,292,46,3,
4537,수입,BMW,X2,X2 (F39),가솔린 4WD,xDrive M35i 퍼스트 에디션,,17426,142,92,79,9,
4538,수입,BMW,M4,M4 (F82),가솔린 3000cc,M4 쿠페 컴페티션,,17426,133,57,57,17,
4539,수입,BMW,M2,M2 (F87),가솔린 3000cc,M2 블랙 쉐도우,,17426,141,57,57,3,
4540,수입,BMW,8시리즈,8시리즈 (G15),디젤 4WD,840d xDrive M 스포츠 그란쿠페,,17426,153,153,11,10,
4541,수입,BMW,4시리즈,4시리즈 (F32),가솔린 4WD,435i xDrive 쿠페,,17426,599,292,1,1,
4542,수입,BMW,X2,X2 (F39),가솔린 4WD,xDrive25i M 스포츠,,17426,142,92,79,4,
4543,수입,BMW,M4,M4 (G82),가솔린 4WD,M4 컴페티션 M xDrive,,17426,133,76,67,33,
4544,수입,BMW,M2,M2 (F87),가솔린 3000cc,M2 CS,,17426,141,57,57,2,
4545,수입,BMW,8시리즈,8시리즈 (G15),디젤 4WD,840d xDrive M 스포츠 그란쿠페 퍼스트 에디션,,17426,153,153,11,1,
4546,수입,BMW,M5,M5 (G90),가솔린+전기 4400cc,M5 세단 스톰 베이 에디션,,17426,143,77,77,3,
4547,수입,BMW,M4,M4 (G82),가솔린 4WD,M4 컨버터블 컴페티션 M xDrive,,17426,133,76,67,27,
4548,수입,BMW,X2,X2 (F39),가솔린 4WD,xDrive25i 어드밴티지,,17426,142,92,79,1,
4549,수입,BMW,M5,M5 (G90),가솔린+전기 4400cc,M5 세단 퍼스트 에디션,,17426,143,77,77,2,
4550,수입,BMW,M4,M4 (F82),가솔린 3000cc,M4 컨버터블,,17426,133,57,57,15,
4551,수입,BMW,M4,M4 (G82),가솔린 4WD,M4 CS xDrive,,17426,133,76,67,2,
4552,수입,BMW,X2,X2 (F39),디젤 4WD,xDrive20d M 스포츠,,17426,142,92,13,10,
4553,수입,BMW,M4,M4 (F82),가솔린 3000cc,M4 컨버터블 컴페티션,,17426,133,57,57,9,
4554,수입,BMW,X2,X2 (F39),디젤 4WD,xDrive18d 어드밴티지,,17426,142,92,13,3,
4555,수입,BMW,M4,M4 (G82),가솔린 4WD,M4 컴페티션 M xDrive 50 Jahre  에디션,,17426,133,76,67,2,
4556,수입,BMW,M4,M4 (F82),가솔린 3000cc,M4 쿠페,,17426,133,57,57,6,
4557,수입,BMW,i5,i5 (G60),전기 2WD,eDrive 40 M 스포츠,,17426,116,116,72,57,
4558,수입,BMW,M3,M3 (E36),가솔린,M3 쿠페,,17426,119,1,1,1,
4559,수입,BMW,M3,M3 (F80),가솔린 3000cc,M3 세단 컴페티션,,17426,119,13,13,7,
4560,수입,BMW,M3,M3 (G80),가솔린 4WD,M3 세단 컴페티션 M xDrive,,17426,119,84,73,44,
4561,수입,BMW,M4,M4 (G82),가솔린 4WD,M4 컴페티션 M xDrive 퍼스트 에디션,,17426,133,76,67,2,
4562,수입,BMW,6시리즈,6시리즈 (E63),가솔린 4800cc,650i 컨버터블,,17426,98,8,7,7,
4563,수입,BMW,M4,M4 (F82),가솔린 3000cc,M4 쿠페 CS,,17426,133,57,57,3,
4564,수입,BMW,6시리즈,6시리즈 (F12),디젤 3000cc,640d xDrive M 스포츠 그란쿠페,,17426,98,90,63,33,
4565,수입,BMW,i5,i5 (G60),전기 2WD,eDrive 40,,17426,116,116,72,8,
4566,수입,BMW,M3,M3 (F80),가솔린 3000cc,M3 세단,,17426,119,13,13,6,
4567,수입,BMW,M3,M3 (G80),가솔린 4WD,M3 투어링 컴페티션 M xDrive,,17426,119,84,73,23,
4568,수입,BMW,M4,M4 (G82),가솔린 4WD,M4 컨버터블 컴페티션 M xDrive 퍼스트 에디션,,17426,133,76,67,1,
4569,수입,BMW,M4,M4 (F82),가솔린 3000cc,M4 컨버터블 페인트워크 에디션,,17426,133,57,57,2,
4570,수입,BMW,i5,i5 (G60),전기 2WD,eDrive 40 M 스포츠 프로,,17426,116,116,72,7,
4571,수입,BMW,M3,M3 (E46),가솔린 3200cc,M3 쿠페,,17426,119,4,4,3,
4572,수입,BMW,M3,M3 (G80),가솔린 4WD,M3 투어링 컴페티션 M xDrive 스페셜 에디션,,17426,119,84,73,5,
4573,수입,BMW,M4,M4 (F82),가솔린 3000cc,M4 쿠페 컴페티션 헤리티지,,17426,133,57,57,2,
4574,수입,BMW,6시리즈,6시리즈 (F12),디젤 3000cc,640d xDrive 그란쿠페,,17426,98,90,63,17,
4575,수입,BMW,M3,M3 (E90),가솔린 4000cc,M3 쿠페,,17426,119,17,17,9,
4576,수입,BMW,i5,i5 (G60),전기 4WD,M60 xDrive,,17426,116,116,44,29,
4577,수입,BMW,M4,M4 (F82),가솔린 3000cc,M4 컨버터블 퍼포먼스 사일렌서 에디션,,17426,133,57,57,1,
4578,수입,BMW,i7,i7 (G70),전기 4WD,xDrive 60 M 스포츠,,17426,89,89,59,27,
4579,수입,BMW,6시리즈,6시리즈 (F12),디젤 3000cc,640d xDrive M 스포츠 리미티드 그란쿠페,,17426,98,90,63,13,
4580,수입,BMW,M3,M3 (E90),가솔린 4000cc,M3 컨버터블,,17426,119,17,17,7,
4581,수입,BMW,M3,M3 (G80),가솔린 4WD,M3 세단 컴페티션 M xDrive 퍼스트 에디션,,17426,119,84,73,1,
4582,수입,BMW,iX3,iX3 (NA5),전기 4WD,50 xDrive,M 스포츠,17426,81,4,4,4,2
4583,수입,BMW,iX3,iX3 (NA5),전기 4WD,50 xDrive,M 스포츠 프로,17426,81,4,4,4,2
4584,수입,BMW,6시리즈,6시리즈 (E63),가솔린 4400cc,645Ci 컨버터블,,17426,98,8,1,1,
4585,수입,BMW,M3,M3 (E46),가솔린 3200cc,M3 컨버터블,,17426,119,4,4,1,
4586,수입,BMW,iX3,iX3,전기,M 스포츠,,17426,81,77,77,77,
4587,수입,BMW,i5,i5 (G60),전기 4WD,xDrive 40 M 스포츠,,17426,116,116,44,12,
4588,수입,BMW,M4,M4 (G82),가솔린 2WD,M4 컴페티션,,17426,133,76,9,8,
4589,수입,BMW,M3,M3 (E90),가솔린 4000cc,M3 세단,,17426,119,17,17,1,
4590,수입,BMW,M4,M4 (F82),가솔린 3000cc,M4 쿠페 GTS,,17426,133,57,57,1,
4591,수입,BMW,i7,i7 (G70),전기 4WD,xDrive 60 디자인 퓨어 엑셀런스,,17426,89,89,59,16,
4592,수입,BMW,i5,i5 (G60),전기 4WD,xDrive 40 M 스포츠 프로,,17426,116,116,44,3,
4593,수입,BMW,6시리즈,6시리즈 (F12),가솔린 3000cc,640i 그란쿠페,,17426,98,90,18,8,
4594,수입,BMW,M3,M3 (G80),가솔린 2WD,M3 세단 컴페티션,,17426,119,84,11,8,
4595,수입,BMW,M4,M4 (F82),가솔린 3000cc,M4 쿠페 퍼포먼스 사일렌서 에디션,,17426,133,57,57,1,
4596,수입,BMW,M4,M4 (G82),가솔린 2WD,M4 CSL,,17426,133,76,9,1,
4597,수입,BMW,M3,M3 (G80),가솔린 2WD,M3 세단 컴페티션 퍼스트 에디션,,17426,119,84,11,3,
4598,수입,BMW,i7,i7 (G70),전기 4WD,M70 xDrive M 퍼포먼스,,17426,89,89,59,8,
4599,수입,BMW,6시리즈,6시리즈 (F12),가솔린 3000cc,640i 컨버터블,,17426,98,90,18,5,
4600,수입,BMW,iX,iX,전기,xDrive50 스포츠 플러스,,17426,77,77,77,41,
4601,수입,BMW,i7,i7 (G70),전기 4WD,M70 xDrive,,17426,89,89,59,4,
4602,수입,BMW,X6M,X6M (F16),가솔린 4WD,4.4,,17426,62,22,22,22,
4603,수입,BMW,i7,i7 (G70),전기 4WD,xDrive 60 프리즈 서울 에디션,,17426,89,89,59,3,
4604,수입,BMW,X6M,X6M (E71),가솔린 4WD,4.4,,17426,62,6,6,6,
4605,수입,BMW,XM,XM (G09),가솔린+전기 4WD,4.4,,17426,68,68,68,56,
4606,수입,BMW,6시리즈,6시리즈 (F12),가솔린 3000cc,640i 그란쿠페 익스클루시브,,17426,98,90,18,4,
4607,수입,BMW,X5M,X5M (G05),가솔린 4WD,4.4 컴페티션,,17426,57,51,51,45,
4608,수입,BMW,iX,iX,전기,xDrive45 M 스포츠,,17426,77,77,77,12,
4609,수입,BMW,i7,i7 (G70),전기 4WD,xDrive 60 M 스포츠 인디비주얼,,17426,89,89,59,1,
4610,수입,BMW,XM,XM (G09),가솔린+전기 4WD,4.4 레이블,,17426,68,68,68,11,
4611,수입,BMW,6시리즈,6시리즈 (F12),가솔린 3000cc,640i 쿠페,,17426,98,90,18,1,
4612,수입,BMW,X5M,X5M (G05),가솔린 4WD,4.4,,17426,57,51,51,4,
4613,수입,BMW,X5M,X5M (F15),가솔린 4WD,4.4,,17426,57,6,6,6,
4614,수입,BMW,iX,iX,전기,xDrive40 퍼스트에디션,,17426,77,77,77,10,
4615,수입,BMW,X5M,X5M (G05),가솔린 4WD,4.4 컴페티션 퍼스트 에디션,,17426,57,51,51,2,
4616,수입,BMW,X6M,X6M (G06),가솔린 4WD,4.4 컴페티션,,17426,62,34,34,28,
4617,수입,BMW,XM,XM (G09),가솔린+전기 4WD,4.4 퍼스트 에디션,,17426,68,68,68,1,
4618,수입,BMW,iX,iX,전기,xDrive M60,,17426,77,77,77,5,
4619,수입,BMW,X6M,X6M (G06),가솔린 4WD,4.4 컴페티션 퍼스트 에디션,,17426,62,34,34,5,
4620,수입,BMW,iX,iX,전기,xDrive60 M 스포츠 프로,,17426,77,77,77,4,
4621,수입,BMW,6시리즈,6시리즈 (F12),가솔린 4400cc,650i 컨버터블,,17426,98,90,9,9,
4622,수입,BMW,i7,i7 (G70),전기 2WD,eDrive 50 M 스포츠,,17426,89,89,30,25,
4623,수입,BMW,X6M,X6M (G06),가솔린 4WD,4.4,,17426,62,34,34,1,
4624,수입,BMW,iX,iX,전기,xDrive45 M 스포츠 퍼스트 에디션,,17426,77,77,77,2,
4625,수입,BMW,i7,i7 (G70),전기 2WD,eDrive 50 M 스포츠 리미티드,,17426,89,89,30,5,
4626,수입,BMW,i8,i8,가솔린+전기 4WD,쿠페,,17426,25,25,25,20,
4627,수입,BMW,X3M,X3M (G01),가솔린 4WD,3.0 컴페티션,,17426,22,22,22,13,
4628,수입,BMW,X4M,X4M (G02),가솔린 4WD,3.0 컴패티션,,17426,31,31,31,14,
4629,수입,BMW,i8,i8,가솔린+전기 4WD,로드스터,,17426,25,25,25,5,
4630,수입,BMW,iX,iX,전기,xDrive50 스포츠 스페셜 에디션,,17426,77,77,77,2,
4631,수입,BMW,X3M,X3M (G01),가솔린 4WD,3.0,,17426,22,22,22,9,
4632,수입,BMW,iX,iX,전기,xDrive M70,,17426,77,77,77,1,
4633,수입,BMW,X4M,X4M (G02),가솔린 4WD,3.0,,17426,31,31,31,11,
4634,수입,BMW,i3,i3,전기,솔+,,17426,22,22,22,10,
4635,수입,BMW,X4M,X4M (G02),가솔린 4WD,3.0 컴패티션 카본패키지,,17426,31,31,31,6,
4636,수입,BMW,iX1,iX1 (U11),전기 4WD,xDrive 30 M 스포츠,,17426,17,17,16,12,
4637,수입,BMW,iX1,iX1 (U11),전기 4WD,xDrive 30 xLine,,17426,17,17,16,4,
4638,수입,BMW,i3,i3,전기,룩스,,17426,22,22,22,9,
4639,수입,BMW,iX2,iX2 (U10),전기 2WD,eDrive 20 M 스포츠,,17426,10,10,10,10,
4640,수입,BMW,M8,M8 (G15),가솔린 4400cc,M8 그란쿠페 컴페티션,,17426,9,9,9,6,
4641,수입,BMW,M8,M8 (G15),가솔린 4400cc,M8 쿠페 컴페티션,,17426,9,9,9,3,
4642,수입,BMW,i3,i3,전기,솔,,17426,22,22,22,3,
4643,수입,BMW,iX1,iX1 (U11),전기 2WD,eDrive 20 M 스포츠,,17426,17,17,1,1,
4644,수입,BMW,M6,M6 (F12),가솔린 4400cc,M6 쿠페,,17426,5,4,4,4,
4645,수입,BMW,1M,1M (E82),가솔린 3000cc,1M 쿠페,,17426,8,8,8,8,
4646,수입,BMW,Z3,Z3,가솔린 2000cc 이하,1.9,E36/7,17426,3,3,2,1,1
4647,수입,BMW,M6,M6 (E63),가솔린 5000cc,M6 쿠페,,17426,5,1,1,1,
4648,수입,BMW,Z3,Z3,가솔린 2000cc 이하,2.0,E36/7,17426,3,3,2,1,1
4649,수입,BMW,M 쿠페/로드스터,M 쿠페/로드스터 (E85),가솔린 3200cc,M 쿠페,,17426,1,1,1,1,
4650,수입,BMW,Z3,Z3,가솔린 2000cc 이상,3.0i,E36/7,17426,3,3,1,1,1
4651,수입,BYD,돌핀,돌핀,전기 2WD,베이스,,115,26,26,26,26,
4652,수입,BYD,아토 3,아토 3,전기 2WD,플러스,,115,33,33,33,26,
4653,수입,BYD,씰,씰,전기 2WD,플러스 RWD,,115,8,8,4,4,
4654,수입,BYD,씨라이언 7 ,씨라이언 7,전기 2WD,베이스,,115,48,48,48,39,
4655,수입,BYD,아토 3,아토 3,전기 2WD,베이직,,115,33,33,33,7,
4656,수입,BYD,씨라이언 7 ,씨라이언 7,전기 2WD,플러스,,115,48,48,48,9,
4657,수입,BYD,씰,씰,전기 4WD,다이나믹 AWD,,115,8,8,4,4,
4658,수입,GMC,밴츄라,밴츄라,가솔린 5700cc,5.7,,66,1,1,1,1,
4659,수입,GMC,시에라,시에라,가솔린,드날리-X,,66,29,29,29,16,
4660,수입,GMC,캐니언,캐니언,가솔린 2WD,3.6 2WD,,66,5,1,1,1,
4661,수입,GMC,사바나,사바나,가솔린 6000cc,6.0,,66,13,13,13,13,
4662,수입,GMC,시에라,시에라,가솔린,2500HD,,66,29,29,29,6,
4663,수입,GMC,유콘,유콘,가솔린,6.2,,66,3,3,3,2,
4664,수입,GMC,시에라,시에라,가솔린,드날리,,66,29,29,29,4,
4665,수입,GMC,캐니언,캐니언 3세대,가솔린 4WD,2.7T 드날리,,66,5,4,4,4,
4666,수입,GMC,허머EV,허머 EV,전기,e4WD,,66,14,14,14,14,
4667,수입,GMC,시에라,시에라,가솔린,3500HD,,66,29,29,29,2,
4668,수입,GMC,유콘,유콘,가솔린,6.0,,66,3,3,3,1,
4669,수입,GMC,사파리,사파리,가솔린 4300cc,STANDARD,,66,1,1,1,1,
4670,수입,GMC,시에라,시에라,가솔린,1500 할리데이비슨 에디션,,66,29,29,29,1,
4671,수입,닛산,알티마,알티마,가솔린 2500cc,2.5,L33,310,115,102,93,53,52
4672,수입,닛산,알티마,알티마,가솔린 2500cc,2.5,L32,310,115,102,93,53,1
4673,수입,닛산,큐브,큐브,가솔린 1800cc,1.8 S,Z12,310,43,43,40,21,21
4674,수입,닛산,맥시마,맥시마 (A36),가솔린 3500cc,3.5 플래티넘,,310,18,18,18,18,
4675,수입,닛산,쥬크,쥬크,가솔린 1600cc,1.6 SV,F15,310,28,28,27,26,26
4676,수입,닛산,엑스트레일,엑스트레일,가솔린 2500cc,2.5 4WD,,310,21,21,21,15,
4677,수입,닛산,무라노,무라노,가솔린 3500cc,3.5,Z51,310,19,5,5,5,5
4678,수입,닛산,알티마,알티마,가솔린 2500cc,2.5 스마트,L33,310,115,102,93,30,30
4679,수입,닛산,무라노,무라노 (Z52),가솔린+전기 4WD,2.5 하이브리드 플래티넘,,310,19,14,14,14,
4680,수입,닛산,큐브,큐브,가솔린 1800cc,1.8 SL,Z12,310,43,43,40,19,19
4681,수입,닛산,알티마,알티마 (L34),가솔린 2500cc,2.5 스페셜 에디션,,310,115,13,12,7,
4682,수입,닛산,알티마,알티마,가솔린 2500cc,2.5 테크,L33,310,115,102,93,10,10
4683,수입,닛산,쥬크,쥬크,가솔린 1600cc,1.6 S,F15,310,28,28,27,1,1
4684,수입,닛산,알티마,알티마 (L34),가솔린 2500cc,2.5 SL 테크,,310,115,13,12,5,
4685,수입,닛산,엑스트레일,엑스트레일,가솔린 2500cc,2.5 스마트 2WD,,310,21,21,21,3,
4686,수입,닛산,큐브,큐브,가솔린 1400cc,1.4,Z11,310,43,43,2,2,2
4687,수입,닛산,알티마,알티마,가솔린 3500cc,3.5,L32,310,115,102,9,9,7
4688,수입,닛산,알티마,알티마,가솔린 3500cc,3.5,L33,310,115,102,9,9,2
4689,수입,닛산,엑스트레일,엑스트레일,가솔린 2500cc,2.5 테크 4WD,,310,21,21,21,3,
4690,수입,닛산,알티마,알티마 (L34),가솔린 2000cc,2.0 터보,,310,115,13,1,1,
4691,수입,닛산,쥬크,쥬크,가솔린 1500cc,1.5,F15,310,28,28,1,1,1
4692,수입,닛산,패스파인더,패스파인더 4세대,가솔린 3500cc,3.5 4WD,,310,18,18,18,18,
4693,수입,닛산,370Z,370Z,가솔린 3700cc,3.7 쿠페,Z34,310,11,11,11,11,11
4694,수입,닛산,리프,리프,전기,EV,,310,8,4,4,3,
4695,수입,닛산,리프,리프 (ZE1),전기,EV SL,,310,8,4,4,4,
4696,수입,닛산,큐브,큐브,가솔린 1500cc,1.5,Z11,310,43,43,1,1,1
4697,수입,닛산,리프,리프,전기,EV SL,,310,8,4,4,1,
4698,수입,닛산,캐시카이,캐시카이 2세대,디젤 1600cc,1.6 SL,,310,6,6,6,5,
4699,수입,닛산,350Z,350Z,가솔린 3500cc,3.5 로드스터,Z33,310,6,6,6,4,4
4700,수입,닛산,350Z,350Z,가솔린 3500cc,3.5 쿠페,Z33,310,6,6,6,2,2
4701,수입,닛산,캐시카이,캐시카이 2세대,디젤 1600cc,1.6 플래티넘,,310,6,6,6,1,
4702,수입,닛산,스카이라인,스카이라인,가솔린,GTR,R34,310,4,4,4,3,2
4703,수입,닛산,스카이라인,스카이라인,가솔린,GTR,R33,310,4,4,4,3,1
4704,수입,닛산,로그,로그 (T33),가솔린 1500cc,1.5,,310,2,2,2,2,
4705,수입,닛산,마치,마치,가솔린,1.3,K12,310,2,2,2,2,2
4706,수입,닛산,스카이라인,스카이라인,가솔린,GTS-T,R33,310,4,4,4,1,1
4707,수입,닛산,GT-R,GT-R,가솔린 3800cc,3.8,R35,310,2,2,2,1,1
4708,수입,닛산,300ZX,300ZX,가솔린 3000cc,TWIN TURBO,Z32,310,1,1,1,1,1
4709,수입,닛산,엘그란드,엘그란드,가솔린 3500cc,3.5,E51,310,2,2,2,2,2
4710,수입,닛산,GT-R,GT-R,가솔린 3800cc,3.8 프리미엄 에디션,R35,310,2,2,2,1,1
4711,수입,닛산,실비아,실비아,가솔린 2000cc,2.0,S14,310,1,1,1,1,1
4712,수입,닛산,센트라,센트라,가솔린 1800cc 이하,1.8,B17,310,1,1,1,1,1
4713,수입,닛산,티아나,티아나,가솔린 2500cc 이하,2.5,J32,310,1,1,1,1,1
4714,수입,닛산,휘가로,휘가로,가솔린 1000cc,CONVERTIBLE,E-FK10,310,1,1,1,1,1
4715,수입,다이하쯔,미라,미라 코코아,가솔린 660cc,0.6,,19,2,2,2,2,
4716,수입,다이하쯔,코펜,코펜,가솔린 660cc,0.6,,19,14,14,14,14,
4717,수입,다이하쯔,미라지노,미라지노,가솔린 1000cc,1.0,,19,1,1,1,1,
4718,수입,다이하쯔,무브,무브,가솔린 660cc,0.6,,19,1,1,1,1,
4719,수입,다이하쯔,웨이크,웨이크,가솔린 660cc,0.6 2WD,,19,1,1,1,1,
4720,수입,닷지,챌린저,챌린저,가솔린 5700cc 이상,5.7,,88,15,15,11,5,
4721,수입,닷지,다코타,다코타,가솔린 4WD,QUAD CAB 4X4,,88,9,9,9,5,
4722,수입,닷지,램밴,램밴,가솔린 5200cc 이하,5.2,,88,2,2,2,2,
4723,수입,닷지,캘리버,캘리버,가솔린 2000cc,2.0,,88,2,2,2,2,
4724,수입,닷지,차저,차저,가솔린 3600cc 이상,3.6,,88,2,2,2,2,
4725,수입,닷지,챌린저,챌린저,가솔린 5700cc 이상,6.4,,88,15,15,11,4,
4726,수입,닷지,다코타,다코타,가솔린 4WD,CLUB CAB 4X4,,88,9,9,9,2,
4727,수입,닷지,램픽업,램픽업,가솔린,5.7,,88,57,57,57,43,
4728,수입,닷지,챌린저,챌린저,가솔린 5700cc 이상,6.2,,88,15,15,11,2,
4729,수입,닷지,다코타,다코타,가솔린 4WD,REGULAR CAB 4X4,,88,9,9,9,2,
4730,수입,닷지,램픽업,램픽업,가솔린,3.0,,88,57,57,57,6,
4731,수입,닷지,그랜드 캐러밴,그랜드 캐러밴,가솔린 3600cc,3.6,,88,1,1,1,1,
4732,수입,닷지,램픽업,램픽업,가솔린,6.2,,88,57,57,57,5,
4733,수입,닷지,램픽업,램픽업,가솔린,3.6,,88,57,57,57,2,
4734,수입,닷지,램픽업,램픽업,가솔린,6.4,,88,57,57,57,1,
4735,수입,닷지,챌린저,챌린저,가솔린 3600cc 이하,3.6,,88,15,15,4,4,
4736,수입,도요타,RAV4,RAV4,가솔린 2WD,2.5 2WD,4세대,934,184,75,34,34,32
4737,수입,도요타,RAV4,RAV4,가솔린 2WD,2.5 2WD,3세대,934,184,75,34,34,2
4738,수입,도요타,캠리,캠리 (XV80),가솔린+전기 2500cc,2.5 XLE 프리미엄 하이브리드,,934,241,53,53,42,
4739,수입,도요타,프리우스,프리우스,가솔린+전기 1800cc,1.8 E,,934,143,22,22,13,
4740,수입,도요타,캠리,캠리 (XV80),가솔린+전기 2500cc,2.5 XLE 하이브리드,,934,241,53,53,11,
4741,수입,도요타,크라운,크라운 크로스오버,가솔린+전기 2500cc,2.5 4WD 하이브리드,,934,39,39,34,34,
4742,수입,도요타,프리우스,프리우스 V,가솔린+전기 1800cc,1.8,,934,143,2,2,2,
4743,수입,도요타,RAV4,RAV4 6세대,가솔린+전기 2WD,2.5 HEV 2WD,XLE,934,184,3,3,3,3
4744,수입,도요타,프리우스,프리우스,가솔린+전기 1800cc,1.8,,934,143,22,22,5,
4745,수입,도요타,캠리,캠리 (XV70),가솔린+전기 2500cc,2.5 XLE 하이브리드,,934,241,131,92,65,
4746,수입,도요타,캠리,캠리,가솔린+전기,하이브리드,,934,241,4,3,3,
4747,수입,도요타,프리우스,프리우스 프라임,가솔린+전기 1800cc,1.8,,934,143,5,5,5,
4748,수입,도요타,프리우스,프리우스 C,가솔린+전기 1500cc,1.5,,934,143,28,28,25,
4749,수입,도요타,알파드,알파드,가솔린 4WD,2.4 4WD,,934,107,3,2,2,
4750,수입,도요타,프리우스,프리우스 5세대,가솔린+전기 2000cc,2.0 PHEV XSE,,934,143,23,23,12,
4751,수입,도요타,RAV4,RAV4,가솔린+전기 4WD,2.5 4WD 하이브리드,4세대,934,184,75,23,23,23
4752,수입,도요타,캠리,뉴 캠리,가솔린+전기 2500cc,하이브리드 XLE,,934,241,53,29,24,
4753,수입,도요타,알파드,알파드 4세대,가솔린+전기 2500cc,2.5 HEV 이그제큐티브 AWD,,934,107,104,104,104,
4754,수입,도요타,RAV4,RAV4 5세대,가솔린+전기 4WD,2.5 4WD 하이브리드 LTD,,934,184,106,55,25,
4755,수입,도요타,시에나,시에나 4세대,가솔린+전기 2WD,2.5 하이브리드 2WD,,934,116,83,48,48,
4756,수입,도요타,프리우스,프리우스 4세대,가솔린+전기 1800cc,1.8 E,,934,143,63,63,36,
4757,수입,도요타,프리우스,프리우스,가솔린+전기 1800cc,1.8 M,,934,143,22,22,4,
4758,수입,도요타,캠리,캠리 (XV70),가솔린+전기 2500cc,2.5 LE 하이브리드,,934,241,131,92,23,
4759,수입,도요타,프리우스,프리우스 5세대,가솔린+전기 2000cc,2.0 XLE,,934,143,23,23,7,
4760,수입,도요타,캠리,뉴 캠리,가솔린+전기 2500cc,하이브리드 LE,,934,241,53,29,5,
4761,수입,도요타,캠리,캠리,가솔린,XLE,,934,241,4,1,1,
4762,수입,도요타,RAV4,RAV4 5세대,가솔린+전기 4WD,2.5 4WD 하이브리드,,934,184,106,55,23,
4763,수입,도요타,프리우스,프리우스 4세대,가솔린+전기 1800cc,1.8,,934,143,63,63,27,
4764,수입,도요타,시에나,시에나,가솔린 4WD,3.5 AWD,,934,116,33,23,23,
4765,수입,도요타,프리우스,프리우스 5세대,가솔린+전기 2000cc,2.0 PHEV SE,,934,143,23,23,3,
4766,수입,도요타,RAV4,RAV4,가솔린 4WD,2.5 4WD,4세대,934,184,75,18,18,14
4767,수입,도요타,RAV4,RAV4,가솔린 4WD,2.5 4WD,3세대,934,184,75,18,18,4
4768,수입,도요타,알파드,알파드,가솔린 2WD,3.5 2WD,,934,107,3,1,1,
4769,수입,도요타,RAV4,RAV4 5세대,가솔린+전기 4WD,2.5 4WD PHEV XSE,,934,184,106,55,7,
4770,수입,도요타,시에나,시에나 4세대,가솔린+전기 4WD,2.5 하이브리드 AWD,,934,116,83,35,35,
4771,수입,도요타,크라운,크라운 크로스오버,가솔린+전기 2400cc,2.4 4WD 듀얼 부스트 하이브리드,,934,39,39,5,5,
4772,수입,도요타,캠리,캠리 (XV70),가솔린+전기 2500cc,2.5 XSE 하이브리드,,934,241,131,92,4,
4773,수입,도요타,캠리,뉴 캠리,가솔린 2500cc,2.5 XLE,,934,241,53,20,20,
4774,수입,도요타,프리우스,프리우스 5세대,가솔린+전기 2000cc,2.0 LE,,934,143,23,23,1,
4775,수입,도요타,프리우스,프리우스 C,가솔린+전기 1500cc,1.5 크로스오버,,934,143,28,28,3,
4776,수입,도요타,RAV4,RAV4 5세대,가솔린+전기 2WD,2.5 2WD 하이브리드,,934,184,106,33,18,
4777,수입,도요타,시에나,시에나,가솔린 2WD,3.5,,934,116,33,10,10,
4778,수입,도요타,캠리,뉴 캠리,가솔린 3500cc,3.5,,934,241,53,4,4,
4779,수입,도요타,RAV4,RAV4 5세대,가솔린+전기 2WD,2.5 2WD 하이브리드 XLE,,934,184,106,33,15,
4780,수입,도요타,캠리,캠리 (XV70),가솔린 2500cc,2.5,,934,241,131,39,37,
4781,수입,도요타,86,86,가솔린 2000cc,2.0,,934,22,5,5,5,
4782,수입,도요타,캠리,캠리 (XV70),가솔린 2500cc,2.5 스포츠 에디션(모노톤),,934,241,131,39,2,
4783,수입,도요타,RAV4,RAV4 5세대,가솔린 2WD,2.5 2WD,,934,184,106,18,18,
4784,수입,도요타,하이랜더,하이랜더,가솔린,기본형,,934,20,2,2,1,
4785,수입,도요타,아발론,아발론,가솔린,리미티드,,934,17,3,3,3,
4786,수입,도요타,하이랜더,하이랜더,가솔린,리미티드,,934,20,2,2,1,
4787,수입,도요타,아발론,아발론 5세대,가솔린+전기 2500cc,2.5 하이브리드,,934,17,14,14,14,
4788,수입,도요타,수프라,수프라 5세대,가솔린 3000cc,GR 3.0,,934,10,10,10,10,
4789,수입,도요타,86,GR86,가솔린 2400cc,2.4 프리미엄,,934,22,17,17,11,
4790,수입,도요타,하이랜더,하이랜더 4세대,가솔린+전기 4WD,2.5 4WD 리미티드,,934,20,18,18,10,
4791,수입,도요타,타코마,타코마,가솔린 3500cc,3.5,,934,10,10,8,8,
4792,수입,도요타,86,GR86,가솔린 2400cc,2.4 스탠다드,,934,22,17,17,6,
4793,수입,도요타,하이랜더,하이랜더 4세대,가솔린+전기 4WD,2.5 4WD 플래티넘,,934,20,18,18,8,
4794,수입,도요타,FJ 크루져,FJ 크루져,가솔린 4000cc,4WD V6,,934,7,7,7,7,
4795,수입,도요타,타코마,타코마,가솔린 2700cc,2.7,,934,10,10,1,1,
4796,수입,도요타,bB,bB,가솔린 1500cc,1.5 오픈데크,,934,3,3,3,2,
4797,수입,도요타,툰드라,툰드라,가솔린,5.7,,934,5,5,4,4,
4798,수입,도요타,bB,bB,가솔린 1500cc,1.5,,934,3,3,3,1,
4799,수입,도요타,타코마,타코마,가솔린 4000cc,4.0,,934,10,10,1,1,
4800,수입,도요타,야리스(비츠),야리스(비츠),가솔린,GR 야리스,,934,2,2,2,2,
4801,수입,도요타,iQ,iQ,가솔린 1000cc,1.0,,934,1,1,1,1,
4802,수입,도요타,툰드라,툰드라,가솔린+전기,3.5 HEV,,934,5,5,1,1,
4803,수입,도요타,4Runner,4Runner,가솔린 4WD,V6 4WD SR5,,934,1,1,1,1,
4804,수입,도요타,노아,노아,가솔린,2.0,,934,1,1,1,1,
4805,수입,도요타,마크2,마크2,가솔린 2500cc,2.5,,934,1,1,1,1,
4806,수입,도요타,아이고,아이고,가솔린 1000cc,1.0,,934,1,1,1,1,
4807,수입,도요타,아리스토,아리스토,가솔린,3.0,,934,1,1,1,1,
4808,수입,도요타,에스티마,에스티마,가솔린 2400cc 이상,3.5,,934,1,1,1,1,
4809,수입,도요타,마크X,마크X,가솔린 2400cc,2.4,,934,1,1,1,1,
4810,수입,동풍소콘,C35,C35,전기,EV 2인승밴,,24,20,20,17,14,
4811,수입,동풍소콘,C31,C31,가솔린 1500cc,1.5 싱글캡,,24,1,1,1,1,
4812,수입,동풍소콘,C35,C35,전기,EV 4인승밴,,24,20,20,17,3,
4813,수입,동풍소콘,펜콘 ix5,펜콘 ix5,가솔린 1500cc,1.5,,24,3,3,3,3,
4814,수입,동풍소콘,C35,C35,가솔린 1500cc,2인승밴 스탠다드,,24,20,20,3,3,
4815,수입,람보르기니,아벤타도르,아벤타도르,가솔린 6500cc,S LP740-4 로드스터,,208,6,6,6,3,
4816,수입,람보르기니,우라칸,우라칸,가솔린 5200cc,LP640-4 에보 스파이더,,208,47,47,47,18,
4817,수입,람보르기니,아벤타도르,아벤타도르,가솔린 6500cc,S LP740-4,,208,6,6,6,2,
4818,수입,람보르기니,우루스,우루스,가솔린 4000cc,4.0 V8,,208,142,142,107,47,
4819,수입,람보르기니,우라칸,우라칸,가솔린 5200cc,LP610-2 에보 스파이더,,208,47,47,47,6,
4820,수입,람보르기니,레부엘토,레부엘토,가솔린+전기 6500cc,6.5 V12,,208,8,8,8,8,
4821,수입,람보르기니,아벤타도르,아벤타도르,가솔린 6500cc,LP700-4 로드스터 피렐리 에디션,,208,6,6,6,1,
4822,수입,람보르기니,무르시엘라고,무르시엘라고,가솔린 6200cc,6.2 V12 쿠페,,208,1,1,1,1,
4823,수입,람보르기니,우라칸,우라칸,가솔린 5200cc,LP640-2 테크니카,,208,47,47,47,6,
4824,수입,람보르기니,가야르도,가야르도,가솔린 5200cc,LP560-4,,208,3,3,2,1,
4825,수입,람보르기니,우루스,우루스,가솔린 4000cc,4.0 V8 S,,208,142,142,107,44,
4826,수입,람보르기니,가야르도,가야르도,가솔린 5200cc,LP560-4 스파이더,,208,3,3,2,1,
4827,수입,람보르기니,우루스,우루스,가솔린 4000cc,4.0 V8 퍼포만테,,208,142,142,107,16,
4828,수입,람보르기니,가야르도,가야르도,가솔린 5000cc,5.0 V10 쿠페,,208,3,3,1,1,
4829,수입,람보르기니,우라칸,우라칸,가솔린 5200cc,LP580-2 스파이더,,208,47,47,47,5,
4830,수입,람보르기니,우루스,우루스,가솔린+전기 4000cc,4.0 V8 SE,,208,142,142,35,35,
4831,수입,람보르기니,테메라리오,테메라리오,가솔린+전기 4000cc,4.0 V8 PHEV,,208,1,1,1,1,
4832,수입,람보르기니,우라칸,우라칸,가솔린 5200cc,LP610-4 스파이더,,208,47,47,47,5,
4833,수입,람보르기니,우라칸,우라칸,가솔린 5200cc,LP640-4 스파이더 퍼포만테,,208,47,47,47,2,
4834,수입,람보르기니,우라칸,우라칸,가솔린 5200cc,LP580-2,,208,47,47,47,1,
4835,수입,람보르기니,우라칸,우라칸,가솔린 5200cc,LP610-4,,208,47,47,47,1,
4836,수입,람보르기니,우라칸,우라칸,가솔린 5200cc,LP640-2 STO,,208,47,47,47,1,
4837,수입,람보르기니,우라칸,우라칸,가솔린 5200cc,LP640-4 에보,,208,47,47,47,1,
4838,수입,람보르기니,우라칸,우라칸,가솔린 5200cc,LP640-4 퍼포만테,,208,47,47,47,1,
4839,수입,랜드로버,레인지로버 벨라,레인지로버 벨라,가솔린 4WD,3.0 P400 다이나믹 HSE,,2762,250,250,125,34,
4840,수입,랜드로버,레인지로버 스포츠,레인지로버 스포츠,디젤 3000cc 이하,3.0 SDV6,,2762,427,15,12,5,
4841,수입,랜드로버,레인지로버,레인지로버,가솔린 4WD,V8 5.0 Supercharged,,2762,584,23,14,7,
4842,수입,랜드로버,디스커버리,디스커버리 3,디젤 2700cc,2.7 TDV6 HSE,,2762,476,10,6,6,
4843,수입,랜드로버,디스커버리 스포츠,디스커버리 스포츠 2세대,가솔린 2000cc,P250 SE,,2762,443,202,145,59,
4844,수입,랜드로버,레인지로버 벨라,레인지로버 벨라,가솔린 4WD,2.0 P250 다이나믹 SE,,2762,250,250,125,33,
4845,수입,랜드로버,디스커버리,디스커버리 2,가솔린 4000cc,4.0 V8i,,2762,476,1,1,1,
4846,수입,랜드로버,레인지로버 스포츠,레인지로버 스포츠,디젤 3000cc 이하,2.7 TDV6 HSE,,2762,427,15,12,4,
4847,수입,랜드로버,레인지로버,레인지로버,가솔린 4WD,4.2 Supercharged,,2762,584,23,14,4,
4848,수입,랜드로버,레인지로버 이보크,레인지로버 이보크,디젤 2000cc,2.0 TD4 SE,,2762,338,159,124,52,
4849,수입,랜드로버,레인지로버 스포츠,레인지로버 스포츠 2세대,디젤 3000cc,3.0 SDV6 HSE 다이나믹,,2762,427,247,192,88,
4850,수입,랜드로버,레인지로버 벨라,레인지로버 벨라,가솔린 4WD,3.0 P400 R-다이나믹 HSE,,2762,250,250,125,22,
4851,수입,랜드로버,디스커버리 스포츠,디스커버리 스포츠,디젤 2000cc,2.0 TD4 HSE 럭셔리,,2762,443,241,236,124,
4852,수입,랜드로버,레인지로버,레인지로버 5세대,가솔린 4WD,P530 AB LWB,,2762,584,198,158,138,
4853,수입,랜드로버,디스커버리 스포츠,디스커버리 스포츠 2세대,가솔린 2000cc,P250 S,,2762,443,202,145,43,
4854,수입,랜드로버,레인지로버,레인지로버 4세대,디젤 4400cc,4.4 SDV8 AB 디젤,,2762,584,363,203,83,
4855,수입,랜드로버,레인지로버 이보크,레인지로버 이보크,디젤 2000cc,2.0 TD4 HSE,,2762,338,159,124,32,
4856,수입,랜드로버,레인지로버 스포츠,레인지로버 스포츠,디젤 3000cc 이하,3.0 TDV6,,2762,427,15,12,3,
4857,수입,랜드로버,레인지로버 벨라,레인지로버 벨라,가솔린 4WD,2.0 P250 R-다이나믹 SE,,2762,250,250,125,12,
4858,수입,랜드로버,레인지로버 스포츠,레인지로버 스포츠 2세대,디젤 3000cc,3.0 SDV6 AB 다이나믹,,2762,427,247,192,58,
4859,수입,랜드로버,디스커버리,디스커버리 4,디젤 3000cc,3.0 SDV6 SE,,2762,476,172,167,112,
4860,수입,랜드로버,레인지로버,레인지로버,가솔린 4WD,4.4,,2762,584,23,14,2,
4861,수입,랜드로버,레인지로버,레인지로버 5세대,가솔린 4WD,P530 AB,,2762,584,198,158,14,
4862,수입,랜드로버,디스커버리 스포츠,디스커버리 스포츠,디젤 2000cc,2.0 TD4 SE,,2762,443,241,236,66,
4863,수입,랜드로버,레인지로버 스포츠,레인지로버 스포츠 3세대,가솔린 3000cc,P400 AB,,2762,427,165,121,64,
4864,수입,랜드로버,디스커버리 스포츠,디스커버리 스포츠 2세대,가솔린 2000cc,P250 다이나믹 SE,,2762,443,202,145,42,
4865,수입,랜드로버,레인지로버 이보크,레인지로버 이보크,디젤 2000cc,2.0 TD4 HSE 다이나믹,,2762,338,159,124,30,
4866,수입,랜드로버,디스커버리,디스커버리 5,디젤 3000cc,3.0 TD6 HSE 럭셔리,,2762,476,293,202,55,
4867,수입,랜드로버,레인지로버 벨라,레인지로버 벨라,가솔린 4WD,3.0 P400 R-다이나믹 SE,,2762,250,250,125,10,
4868,수입,랜드로버,레인지로버,레인지로버 4세대,디젤 4400cc,4.4 SDV8 Vogue SE 디젤,,2762,584,363,203,72,
4869,수입,랜드로버,디스커버리,디스커버리 4,디젤 3000cc,3.0 SDV6 HSE,,2762,476,172,167,45,
4870,수입,랜드로버,디스커버리,디스커버리 3,가솔린 4000cc,4.0 V6 HSE,,2762,476,10,4,4,
4871,수입,랜드로버,디스커버리 스포츠,디스커버리 스포츠,디젤 2000cc,2.0 TD4 SE (150마력),,2762,443,241,236,46,
4872,수입,랜드로버,레인지로버 스포츠,레인지로버 스포츠 2세대,디젤 3000cc,3.0 SDV6 HSE,,2762,427,247,192,35,
4873,수입,랜드로버,레인지로버 스포츠,레인지로버 스포츠 3세대,가솔린 3000cc,P360 HSE 다이나믹,,2762,427,165,121,36,
4874,수입,랜드로버,디스커버리 스포츠,디스커버리 스포츠 2세대,가솔린 2000cc,P250 랜드마크,,2762,443,202,145,1,
4875,수입,랜드로버,레인지로버 이보크,레인지로버 이보크,디젤 2000cc,2.0 TD4 SE 다이나믹 컨버터블,,2762,338,159,124,7,
4876,수입,랜드로버,디스커버리,디스커버리 5,디젤 3000cc,3.0 SD6 HSE 럭셔리,,2762,476,293,202,33,
4877,수입,랜드로버,레인지로버,레인지로버 5세대,가솔린 4WD,P615 SV LWB,,2762,584,198,158,4,
4878,수입,랜드로버,레인지로버,레인지로버,가솔린 4WD,V8 5.0 Vogue,,2762,584,23,14,1,
4879,수입,랜드로버,레인지로버 이보크,레인지로버 이보크 2세대,가솔린 2000cc,P250 다이나믹 SE,,2762,338,179,140,69,
4880,수입,랜드로버,레인지로버,레인지로버 4세대,디젤 4400cc,4.4 SDV8 AB LWB 디젤,,2762,584,363,203,44,
4881,수입,랜드로버,레인지로버 스포츠,레인지로버 스포츠,가솔린 3000cc 이상,V8 5.0 SC HSE,,2762,427,15,3,3,
4882,수입,랜드로버,레인지로버 스포츠,레인지로버 스포츠 3세대,가솔린 3000cc,P360 AB,,2762,427,165,121,21,
4883,수입,랜드로버,디스커버리,디스커버리 4,디젤 3000cc,3.0 SDV6 랜드마크 에디션,,2762,476,172,167,5,
4884,수입,랜드로버,디스커버리,디스커버리 5,디젤 3000cc,3.0 TD6 HSE,,2762,476,293,202,33,
4885,수입,랜드로버,레인지로버 스포츠,레인지로버 스포츠 2세대,디젤 3000cc,D300 HSE 다이나믹,,2762,427,247,192,8,
4886,수입,랜드로버,레인지로버,레인지로버 5세대,가솔린 4WD,P530 SV LWB,,2762,584,198,158,2,
4887,수입,랜드로버,레인지로버 이보크,레인지로버 이보크,디젤 2000cc,2.0 TD4 HSE 다이나믹 컨버터블,,2762,338,159,124,2,
4888,수입,랜드로버,디스커버리 스포츠,디스커버리 스포츠,디젤 2200cc,2.2 SD4 HSE 럭셔리,,2762,443,241,5,4,
4889,수입,랜드로버,레인지로버 이보크,레인지로버 이보크 2세대,가솔린 2000cc,P250 SE,,2762,338,179,140,34,
4890,수입,랜드로버,레인지로버,레인지로버 4세대,디젤 4400cc,4.4 SDV8 Vogue SE LWB 디젤,,2762,584,363,203,4,
4891,수입,랜드로버,레인지로버 이보크,레인지로버 이보크,디젤 2000cc,2.0 TD4 AB,,2762,338,159,124,1,
4892,수입,랜드로버,레인지로버,레인지로버,디젤 4WD,4.4 TDV8 Vogue,,2762,584,23,9,6,
4893,수입,랜드로버,디스커버리,디스커버리 4,디젤 3000cc,3.0 TDV6 HSE,,2762,476,172,167,3,
4894,수입,랜드로버,디스커버리,디스커버리 5,디젤 3000cc,3.0 SD6 SE,,2762,476,293,202,19,
4895,수입,랜드로버,레인지로버 스포츠,레인지로버 스포츠 2세대,디젤 3000cc,D300 AB 다이나믹,,2762,427,247,192,3,
4896,수입,랜드로버,디스커버리 스포츠,디스커버리 스포츠,디젤 2200cc,2.2 SD4 SE,,2762,443,241,5,1,
4897,수입,랜드로버,레인지로버 스포츠,레인지로버 스포츠 3세대,디젤 3000cc,D300 HSE 다이나믹,,2762,427,165,21,21,
4898,수입,랜드로버,레인지로버 벨라,레인지로버 벨라,가솔린 4WD,3.0 P380 R-다이나믹 SE,,2762,250,250,125,9,
4899,수입,랜드로버,레인지로버,레인지로버 5세대,디젤 4WD,D350 AB LWB,,2762,584,198,22,15,
4900,수입,랜드로버,레인지로버 이보크,레인지로버 이보크 2세대,가솔린 2000cc,P250 S,,2762,338,179,140,25,
4901,수입,랜드로버,레인지로버,레인지로버,디젤 4WD,3.7 TDV8 Vogue,,2762,584,23,9,3,
4902,수입,랜드로버,디스커버리,디스커버리 5,디젤 3000cc,3.0 SD6 HSE,,2762,476,293,202,18,
4903,수입,랜드로버,디스커버리,디스커버리 4,디젤 3000cc,3.0 TDV6 SE,,2762,476,172,167,2,
4904,수입,랜드로버,레인지로버,레인지로버 4세대,가솔린 5000cc,5.0 SC AB,,2762,584,363,120,44,
4905,수입,랜드로버,디스커버리 스포츠,디스커버리 스포츠 2세대,디젤 2000cc,D150 S,,2762,443,202,57,26,
4906,수입,랜드로버,레인지로버,레인지로버 5세대,디젤 4WD,D350 AB,,2762,584,198,22,6,
4907,수입,랜드로버,레인지로버 벨라,레인지로버 벨라,가솔린 4WD,5.0 SV AB 다이나믹,,2762,250,250,125,4,
4908,수입,랜드로버,레인지로버 이보크,레인지로버 이보크,디젤 2200cc,2.2 SD4 퓨어,,2762,338,159,27,14,
4909,수입,랜드로버,디스커버리,디스커버리 5,디젤 3000cc,D250 SE,,2762,476,293,202,10,
4910,수입,랜드로버,레인지로버 이보크,레인지로버 이보크 2세대,가솔린 2000cc,P250 R-다이나믹 SE,,2762,338,179,140,12,
4911,수입,랜드로버,레인지로버 스포츠,레인지로버 스포츠 3세대,가솔린+전기 3000cc,P550E 다이나믹 HSE,,2762,427,165,14,14,
4912,수입,랜드로버,디스커버리 스포츠,디스커버리 스포츠 2세대,디젤 2000cc,D180 SE,,2762,443,202,57,16,
4913,수입,랜드로버,레인지로버 벨라,레인지로버 벨라,가솔린 4WD,2.0 P250 LE,,2762,250,250,125,1,
4914,수입,랜드로버,레인지로버 이보크,레인지로버 이보크,디젤 2200cc,2.2 SD4 다이나믹,,2762,338,159,27,8,
4915,수입,랜드로버,레인지로버,레인지로버 4세대,가솔린 5000cc,5.0 SC AB LWB,,2762,584,363,120,33,
4916,수입,랜드로버,디스커버리,디스커버리 5,디젤 3000cc,D300 HSE,,2762,476,293,202,8,
4917,수입,랜드로버,디스커버리,디스커버리 4,디젤 2700cc,2.7 TDV6 SE,,2762,476,172,3,3,
4918,수입,랜드로버,레인지로버,레인지로버 5세대,디젤 4WD,D350 HSE,,2762,584,198,22,1,
4919,수입,랜드로버,레인지로버 스포츠,레인지로버 스포츠 2세대,가솔린 3000cc,3.0 SC HSE 다이나믹,,2762,427,247,38,21,
4920,수입,랜드로버,디스커버리 스포츠,디스커버리 스포츠 2세대,디젤 2000cc,D200 S,,2762,443,202,57,9,
4921,수입,랜드로버,레인지로버 이보크,레인지로버 이보크,디젤 2200cc,2.2 SD4 프레스티지,,2762,338,159,27,5,
4922,수입,랜드로버,레인지로버,레인지로버 4세대,가솔린 5000cc,5.0 SC Vogue SE,,2762,584,363,120,16,
4923,수입,랜드로버,레인지로버 이보크,레인지로버 이보크 2세대,디젤 2000cc,D150 S,,2762,338,179,39,15,
4924,수입,랜드로버,레인지로버 스포츠,레인지로버 스포츠 3세대,가솔린 4400cc,P635 SV 에디션 투,,2762,427,165,9,7,
4925,수입,랜드로버,레인지로버 스포츠,레인지로버 스포츠 2세대,가솔린 3000cc,P360 HSE 다이나믹,,2762,427,247,38,17,
4926,수입,랜드로버,디스커버리,디스커버리 5,디젤 3000cc,D250 S,,2762,476,293,202,7,
4927,수입,랜드로버,레인지로버 벨라,레인지로버 벨라,디젤 4WD,3.0 D300 R-다이나믹 HSE,,2762,250,250,122,58,
4928,수입,랜드로버,레인지로버,레인지로버 4세대,가솔린 5000cc,5.0 SC SV AB LWB,,2762,584,363,120,9,
4929,수입,랜드로버,레인지로버 이보크,레인지로버 이보크 2세대,디젤 2000cc,D180 SE,,2762,338,179,39,13,
4930,수입,랜드로버,레인지로버 스포츠,레인지로버 스포츠 3세대,가솔린 4400cc,P635 SV,,2762,427,165,9,2,
4931,수입,랜드로버,레인지로버,레인지로버 5세대,가솔린+전기 4WD,P550E AB,,2762,584,198,18,18,
4932,수입,랜드로버,디스커버리 스포츠,디스커버리 스포츠 2세대,디젤 2000cc,D180 S,,2762,443,202,57,6,
4933,수입,랜드로버,레인지로버 이보크,레인지로버 이보크,가솔린 2000cc,2.0 Si4 다이나믹 쿠페,,2762,338,159,8,4,
4934,수입,랜드로버,레인지로버,레인지로버 4세대,가솔린 5000cc,5.0 SC 레인지로버 50,,2762,584,363,120,9,
4935,수입,랜드로버,디스커버리,디스커버리 4,가솔린 5000cc,5.0 V8 HSE,,2762,476,172,2,2,
4936,수입,랜드로버,디스커버리,디스커버리 5,디젤 3000cc,3.0 SD6 랜드마크 에디션,,2762,476,293,202,6,
4937,수입,랜드로버,레인지로버 벨라,레인지로버 벨라,디젤 4WD,3.0 D300 R-다이나믹 SE,,2762,250,250,122,37,
4938,수입,랜드로버,레인지로버 이보크,레인지로버 이보크,가솔린 2000cc,2.0 Si4 HSE,,2762,338,159,8,3,
4939,수입,랜드로버,레인지로버,레인지로버 4세대,가솔린 5000cc,5.0 SC Vogue SE LWB,,2762,584,363,120,5,
4940,수입,랜드로버,레인지로버 스포츠,레인지로버 스포츠 2세대,가솔린 5000cc,5.0 SVR,,2762,427,247,13,13,
4941,수입,랜드로버,레인지로버 이보크,레인지로버 이보크 2세대,디젤 2000cc,D180 퍼스트 에디션,,2762,338,179,39,6,
4942,수입,랜드로버,디스커버리,디스커버리 5,디젤 3000cc,D350 다이나믹 HSE,,2762,476,293,202,6,
4943,수입,랜드로버,레인지로버 이보크,레인지로버 이보크,가솔린 2000cc,2.0 Si4 프레스티지,,2762,338,159,8,1,
4944,수입,랜드로버,레인지로버 벨라,레인지로버 벨라,디젤 4WD,2.0 D240 R-다이나믹 SE,,2762,250,250,122,19,
4945,수입,랜드로버,레인지로버 이보크,레인지로버 이보크 2세대,디젤 2000cc,D180 R-다이나믹 SE,,2762,338,179,39,4,
4946,수입,랜드로버,디스커버리,디스커버리 5,디젤 3000cc,3.0 TD6 런치 에디션,,2762,476,293,202,3,
4947,수입,랜드로버,레인지로버 스포츠,레인지로버 스포츠 2세대,디젤 4400cc,4.4 SDV8 HSE 다이나믹,,2762,427,247,4,3,
4948,수입,랜드로버,레인지로버 벨라,레인지로버 벨라,디젤 4WD,2.0 D240 SE,,2762,250,250,122,8,
4949,수입,랜드로버,디펜더,디펜더 (L663),디젤 4WD,110 D300 X-다이나믹 HSE,,2762,234,229,154,28,
4950,수입,랜드로버,디스커버리,디스커버리 5,디젤 3000cc,D300 R-다이나믹 HSE,,2762,476,293,202,3,
4951,수입,랜드로버,디펜더,디펜더,디젤,110,,2762,234,5,5,3,
4952,수입,랜드로버,레인지로버,레인지로버 4세대,가솔린 5000cc,5.0 SC SV AB 다이나믹 SWB,,2762,584,363,120,4,
4953,수입,랜드로버,디스커버리,디스커버리 5,디젤 3000cc,D300 다이나믹 HSE,,2762,476,293,202,1,
4954,수입,랜드로버,디펜더,디펜더,디젤,90,,2762,234,5,5,2,
4955,수입,랜드로버,디펜더,디펜더 (L663),디젤 4WD,110 D250 SE,,2762,234,229,154,26,
4956,수입,랜드로버,레인지로버 벨라,레인지로버 벨라,가솔린+전기 4WD,2.0 P400E 다이나믹 SE,,2762,250,250,3,3,
4957,수입,랜드로버,레인지로버 이보크,레인지로버 이보크 2세대,디젤 2000cc,D180 런치 에디션,,2762,338,179,39,1,
4958,수입,랜드로버,레인지로버 스포츠,레인지로버 스포츠 2세대,디젤 4400cc,4.4 SDV8 AB 다이나믹,,2762,427,247,4,1,
4959,수입,랜드로버,디펜더,디펜더 (L663),디젤 4WD,110 D300 HSE,,2762,234,229,154,22,
4960,수입,랜드로버,레인지로버,레인지로버 4세대,디젤 3000cc,D350 Vogue SE 디젤,,2762,584,363,39,21,
4961,수입,랜드로버,디스커버리,디스커버리 5,디젤 2000cc,2.0 SD4 SE,,2762,476,293,55,51,
4962,수입,랜드로버,디펜더,디펜더 (L663),디젤 4WD,110 D240 SE,,2762,234,229,154,21,
4963,수입,랜드로버,레인지로버,레인지로버 4세대,디젤 3000cc,3.0 TDV6 Vogue SE 디젤,,2762,584,363,39,10,
4964,수입,랜드로버,디펜더,디펜더 (L663),디젤 4WD,110 D250 S,,2762,234,229,154,10,
4965,수입,랜드로버,디스커버리,디스커버리 5,디젤 2000cc,2.0 SD4 HSE,,2762,476,293,55,4,
4966,수입,랜드로버,프리랜더,프리랜더,가솔린 2500cc,2.5 V6,,2762,10,1,1,1,
4967,수입,랜드로버,프리랜더,프리랜더2,디젤 2200cc,2.2 SD4 HSE,,2762,10,9,9,6,
4968,수입,랜드로버,디펜더,디펜더 (L663),디젤 4WD,130 D300 X-다이나믹 HSE,,2762,234,229,154,9,
4969,수입,랜드로버,레인지로버,레인지로버 4세대,디젤 3000cc,D350 AB 디젤,,2762,584,363,39,8,
4970,수입,랜드로버,디펜더,디펜더 (L663),디젤 4WD,90 D250 S,,2762,234,229,154,9,
4971,수입,랜드로버,프리랜더,프리랜더2,디젤 2200cc,2.2 TD4 HSE,,2762,10,9,9,3,
4972,수입,랜드로버,디펜더,디펜더 (L663),디젤 4WD,90 D250 SE,,2762,234,229,154,9,
4973,수입,랜드로버,디스커버리,디스커버리 5,가솔린 3000cc,P360 R-다이나믹 SE,,2762,476,293,28,23,
4974,수입,랜드로버,디펜더,디펜더 (L663),디젤 4WD,110 D240 S,,2762,234,229,154,6,
4975,수입,랜드로버,레인지로버,레인지로버 4세대,디젤+전기 3000cc,3.0 SDV6 Vogue SE 하이브리드,,2762,584,363,1,1,
4976,수입,랜드로버,디스커버리,디스커버리 5,가솔린 3000cc,P360 다이나믹 HSE,,2762,476,293,28,5,
4977,수입,랜드로버,디스커버리,디스커버리 5,가솔린 2000cc,2.0 P300 SE,,2762,476,293,8,6,
4978,수입,랜드로버,디펜더,디펜더 (L663),디젤 4WD,110 D250 X-다이나믹 SE,,2762,234,229,154,6,
4979,수입,랜드로버,디펜더,디펜더 (L663),디젤 4WD,110 D300 75th 에디션,,2762,234,229,154,4,
4980,수입,랜드로버,디스커버리,디스커버리 5,가솔린 2000cc,2.0 P300 S,,2762,476,293,8,2,
4981,수입,랜드로버,디펜더,디펜더 (L663),디젤 4WD,90 D250 X-다이나믹 SE,,2762,234,229,154,3,
4982,수입,랜드로버,디펜더,디펜더 (L663),디젤 4WD,110 D240 런치 에디션,,2762,234,229,154,1,
4983,수입,랜드로버,디펜더,디펜더 (L663),가솔린 4WD,110 P300 X-다이나믹 SE,,2762,234,229,75,53,
4984,수입,랜드로버,디펜더,디펜더 (L663),가솔린 4WD,110 P400 X,,2762,234,229,75,7,
4985,수입,랜드로버,디펜더,디펜더 (L663),가솔린 4WD,130 P400 X-다이나믹 HSE,,2762,234,229,75,5,
4986,수입,랜드로버,디펜더,디펜더 (L663),가솔린 4WD,110 P635 옥타 에디션 1,,2762,234,229,75,4,
4987,수입,랜드로버,디펜더,디펜더 (L663),가솔린 4WD,110 P635 옥타,,2762,234,229,75,2,
4988,수입,랜드로버,디펜더,디펜더 (L663),가솔린 4WD,130 P400 아웃바운드,,2762,234,229,75,2,
4989,수입,랜드로버,디펜더,디펜더 (L663),가솔린 4WD,110 P635 옥타 블랙,,2762,234,229,75,1,
4990,수입,랜드로버,디펜더,디펜더 (L663),가솔린 4WD,90 P400 X,,2762,234,229,75,1,
4991,수입,렉서스,ES,뉴 ES300h,가솔린+전기 2500cc,슈프림,XV60,1002,375,88,88,57,57
4992,수입,렉서스,RX,RX350h 5세대,가솔린+전기 2500cc,럭셔리,,1002,129,45,45,41,
4993,수입,렉서스,RX,RX500h 5세대,가솔린+전기 2400cc,F-Sport,,1002,129,15,15,15,
4994,수입,렉서스,ES,ES300h 7세대,가솔린+전기 2500cc,이그제큐티브,,1002,375,246,246,125,
4995,수입,렉서스,LS,LS500 5세대,가솔린 4WD,3.5 럭셔리 AWD,,1002,94,38,38,30,
4996,수입,렉서스,RX,RX450h+ 5세대,가솔린+전기 2500cc,럭셔리,,1002,129,5,5,5,
4997,수입,렉서스,ES,ES350,가솔린 3500cc,슈페리어,XV40,1002,375,24,24,13,13
4998,수입,렉서스,NX,NX350h 2세대,가솔린+전기 2500cc,프리미엄,,1002,161,76,76,46,
4999,수입,렉서스,LS,LS460,가솔린 2WD,STD,XF40,1002,94,14,7,4,4
5000,수입,렉서스,IS,IS250,가솔린 2500cc,2.5 프리미엄,XE20,1002,39,15,15,10,10
5001,수입,렉서스,RX,RX450h,가솔린+전기 3500cc,크리스털 에디션,AL10,1002,129,5,5,2,2
5002,수입,렉서스,RX,RX450h 4세대,가솔린+전기 3500cc,이그제큐티브,,1002,129,45,45,41,
5003,수입,렉서스,RX,RX450hL 4세대,가솔린+전기 3500cc,이그제큐티브,,1002,129,7,7,4,
5004,수입,렉서스,LS,LS460L,가솔린 4 인승,5인승 Ottoman,,1002,94,6,4,4,
5005,수입,렉서스,LS,LS430,가솔린 4300cc,L-Grade,XF30,1002,94,5,5,4,4
5006,수입,렉서스,ES,뉴 ES300h,가솔린+전기 2500cc,슈프림+,XV60,1002,375,88,88,13,13
5007,수입,렉서스,IS,뉴 IS300,가솔린 2000cc,슈프림,,1002,39,9,9,7,
5008,수입,렉서스,UX,UX300e,전기,2WD,,1002,74,2,2,2,
5009,수입,렉서스,NX,NX200t,가솔린 2000cc,이그제큐티브,,1002,161,4,4,2,
5010,수입,렉서스,ES,ES300h 7세대,가솔린+전기 2500cc,럭셔리 플러스,,1002,375,246,246,92,
5011,수입,렉서스,IS,뉴 IS250,가솔린 2500cc,F-Sport,XE30,1002,39,9,9,6,6
5012,수입,렉서스,IS,IS F,가솔린 5000cc,5.0,XE20,1002,39,2,2,2,2
5013,수입,렉서스,LS,LS600hL,가솔린+전기 5 인승,5인승 Ottoman,XF40,1002,94,8,8,7,7
5014,수입,렉서스,NX,NX450h+ 2세대,가솔린+전기 2500cc,프리미엄,,1002,161,18,18,11,
5015,수입,렉서스,ES,ES350,가솔린 3500cc,프리미엄,XV40,1002,375,24,24,10,10
5016,수입,렉서스,RX,RX450h,가솔린+전기 3500cc,Standard,AL10,1002,129,5,5,1,1
5017,수입,렉서스,LS,LS460,가솔린 2WD,슈프림,XF40,1002,94,14,7,2,2
5018,수입,렉서스,LS,LS500 5세대,가솔린 4WD,3.5 플래티넘 AWD,,1002,94,38,38,6,
5019,수입,렉서스,RX,RX350h 5세대,가솔린+전기 2500cc,프리미엄,,1002,129,45,45,4,
5020,수입,렉서스,LS,LS500h 5세대,가솔린+전기 4WD,3.5 플래티넘 AWD,,1002,94,23,23,16,
5021,수입,렉서스,UX,UX250h,가솔린+전기 2000cc,2.0 2WD,,1002,74,50,50,31,
5022,수입,렉서스,UX,UX300h,가솔린+전기 2000cc,2.0 2WD,,1002,74,22,22,18,
5023,수입,렉서스,RX,RX450hL 4세대,가솔린+전기 3500cc,럭셔리 플러스,,1002,129,7,7,3,
5024,수입,렉서스,ES,뉴 ES350,가솔린 3500cc,슈프림,XV60,1002,375,17,17,10,10
5025,수입,렉서스,ES,뉴 ES300h,가솔린+전기 2500cc,이그제큐티브,XV60,1002,375,88,88,9,9
5026,수입,렉서스,NX,NX300h,가솔린+전기 4WD,슈프림,,1002,161,61,61,39,
5027,수입,렉서스,RX,RX450h 4세대,가솔린+전기 3500cc,F-Sport,,1002,129,45,45,2,
5028,수입,렉서스,LS,LS600hL,가솔린+전기 5 인승,5인승,XF40,1002,94,8,8,1,1
5029,수입,렉서스,IS,뉴 IS200t,가솔린 2000cc,슈프림,,1002,39,4,4,4,
5030,수입,렉서스,IS,뉴 IS300,가솔린 2000cc,F-Sport,,1002,39,9,9,2,
5031,수입,렉서스,LS,LS430,가솔린 4300cc,S-Grade,XF30,1002,94,5,5,1,1
5032,수입,렉서스,NX,NX450h+ 2세대,가솔린+전기 2500cc,F-Sport,,1002,161,18,18,7,
5033,수입,렉서스,NX,NX300,가솔린 2000cc,F-Sport,,1002,161,2,2,2,
5034,수입,렉서스,NX,NX200t,가솔린 2000cc,F-Sport,,1002,161,4,4,1,
5035,수입,렉서스,LS,LS460,가솔린 2WD,SPORT,XF40,1002,94,14,7,1,1
5036,수입,렉서스,ES,ES350,가솔린 3500cc,스탠다드,,1002,375,24,24,1,
5037,수입,렉서스,IS,뉴 IS250,가솔린 2500cc,이그제큐티브,XE30,1002,39,9,9,2,2
5038,수입,렉서스,LS,LS500h 5세대,가솔린+전기 4WD,3.5 럭셔리 AWD,,1002,94,23,23,7,
5039,수입,렉서스,ES,ES300h 7세대,가솔린+전기 2500cc,럭셔리,,1002,375,246,246,17,
5040,수입,렉서스,RX,RX450h 4세대,가솔린+전기 3500cc,슈프림,,1002,129,45,45,2,
5041,수입,렉서스,RX,RX450h,가솔린+전기 3500cc,슈프림,AL10,1002,129,5,5,1,1
5042,수입,렉서스,ES,뉴 ES350,가솔린 3500cc,이그제큐티브,XV60,1002,375,17,17,6,6
5043,수입,렉서스,NX,NX300h,가솔린+전기 4WD,이그제큐티브,,1002,161,61,61,22,
5044,수입,렉서스,UX,UX300h,가솔린+전기 2000cc,2.0 F-Sport 2WD,,1002,74,22,22,4,
5045,수입,렉서스,LS,LS460L,가솔린 5 인승,5인승,XF40,1002,94,6,2,2,2
5046,수입,렉서스,RX,RX350,가솔린 3500cc,Premium,AL10,1002,129,3,3,2,2
5047,수입,렉서스,LS,LS500 5세대,가솔린 4WD,3.5 슈프림 AWD,,1002,94,38,38,2,
5048,수입,렉서스,NX,NX200t,가솔린 2000cc,슈프림,,1002,161,4,4,1,
5049,수입,렉서스,ES,뉴 ES300h,가솔린+전기 2500cc,프리미엄,XV60,1002,375,88,88,9,9
5050,수입,렉서스,ES,뉴 ES350,가솔린 3500cc,프리미엄,XV60,1002,375,17,17,1,1
5051,수입,렉서스,RX,RX350 4세대,가솔린 3500cc,3.5,,1002,129,2,2,1,
5052,수입,렉서스,IS,뉴 IS250,가솔린 2500cc,프리미엄,XE30,1002,39,9,9,1,1
5053,수입,렉서스,ES,ES300h 7세대,가솔린+전기 2500cc,F-Sport,,1002,375,246,246,5,
5054,수입,렉서스,RX,RX450h,가솔린+전기 3500cc,이그제큐티브,AL10,1002,129,5,5,1,1
5055,수입,렉서스,RX,RX350,가솔린 3500cc,이그제큐티브,AL10,1002,129,3,3,1,1
5056,수입,렉서스,RX,RX400h,가솔린+전기 3300cc,STD,XU30,1002,129,2,2,2,2
5057,수입,렉서스,NX,NX350h 2세대,가솔린+전기 2500cc,럭셔리,,1002,161,76,76,30,
5058,수입,렉서스,LS,LS460,가솔린 4WD,AWD,XF40,1002,94,14,7,7,7
5059,수입,렉서스,RX,RX350 4세대,가솔린 3500cc,이그제큐티브,,1002,129,2,2,1,
5060,수입,렉서스,UX,UX250h,가솔린+전기 2000cc,2.0 AWD,,1002,74,50,50,12,
5061,수입,렉서스,IS,IS250,가솔린 2500cc,2.5,XE20,1002,39,15,15,3,3
5062,수입,렉서스,ES,ES300h 7세대,가솔린+전기 2500cc,슈프림,,1002,375,246,246,5,
5063,수입,렉서스,IS,IS250,가솔린 2500cc,2.5 F-스포츠,XE20,1002,39,15,15,1,1
5064,수입,렉서스,ES,ES300h 7세대,가솔린+전기 2500cc,리미티드,,1002,375,246,246,2,
5065,수입,렉서스,UX,UX250h,가솔린+전기 2000cc,2.0 F-Sport 2WD,,1002,74,50,50,7,
5066,수입,렉서스,IS,IS250,가솔린 2500cc,2.5 컨버터블,XE20,1002,39,15,15,1,1
5067,수입,렉서스,CT200h,CT200h,가솔린+전기 1800cc,1.8 슈프림,ZWA10,1002,33,33,33,19,19
5068,수입,렉서스,LX,LX 4세대,가솔린+전기 3500cc,700h 럭셔리,,1002,34,33,33,25,
5069,수입,렉서스,CT200h,CT200h,가솔린+전기 1800cc,1.8 컴팩트 트랜디,ZWA10,1002,33,33,33,8,8
5070,수입,렉서스,LX,LX 4세대,가솔린+전기 3500cc,700h VIP,,1002,34,33,33,5,
5071,수입,렉서스,LX,LX,가솔린 5700cc,570,J200,1002,34,1,1,1,1
5072,수입,렉서스,GS,GS300,가솔린 3000cc,STD,S190,1002,25,5,5,5,4
5073,수입,렉서스,GS,GS300,가솔린 3000cc,STD,S160,1002,25,5,5,5,1
5074,수입,렉서스,GS,GS460,가솔린 4600cc,STD,S190,1002,25,3,3,3,3
5075,수입,렉서스,GX,GX460,가솔린 4600cc,4.6,J150,1002,1,1,1,1,1
5076,수입,렉서스,GS,뉴 GS350,가솔린 3500cc,슈프림,L10,1002,25,5,5,4,4
5077,수입,렉서스,CT200h,CT200h,가솔린+전기 1800cc,1.8 컴팩트 럭셔리,ZWA10,1002,33,33,33,6,6
5078,수입,렉서스,GS,뉴 GS F,가솔린 5000cc,5.0,L10,1002,25,2,2,2,2
5079,수입,렉서스,GS,GS350,가솔린 3500cc,STD,S190,1002,25,3,3,3,3
5080,수입,렉서스,GS,뉴 GS450h,가솔린+전기 3500cc,슈프림,L10,1002,25,3,3,2,2
5081,수입,렉서스,LM,LM 2세대,가솔린+전기 2400cc,500h 이그제큐티브,,1002,27,27,27,17,
5082,수입,렉서스,RZ,RZ450e,전기 4WD,럭셔리,,1002,8,8,8,6,
5083,수입,렉서스,GS,뉴 GS350,가솔린 3500cc,이그제큐티브,L10,1002,25,5,5,1,1
5084,수입,렉서스,GS,뉴 GS450h,가솔린+전기 3500cc,F-Sport,L10,1002,25,3,3,1,1
5085,수입,렉서스,LX,LX 4세대,가솔린+전기 3500cc,700h 오버트레일,,1002,34,33,33,3,
5086,수입,렉서스,GS,GS450h,가솔린+전기 3500cc,STD,S190,1002,25,1,1,1,1
5087,수입,렉서스,RZ,RZ450e,전기 4WD,슈프림,,1002,8,8,8,2,
5088,수입,렉서스,LM,LM 2세대,가솔린+전기 2400cc,500h 로얄,,1002,27,27,27,10,
5089,수입,렉서스,RC,RC F,가솔린 5000cc,5.0,1세대,1002,1,1,1,1,1
5090,수입,렉서스,GS,뉴 GS300,가솔린 2000cc,슈프림,L10,1002,25,2,2,2,2
5091,수입,렉서스,SC,SC430,가솔린 4300cc,STD,Z40,1002,1,1,1,1,1
5092,수입,렉서스,GS,뉴 GS250,가솔린 2500cc,슈프림,L10,1002,25,1,1,1,1
5093,수입,로터스,에미라,에미라,가솔린 3500cc,3.5,,19,11,11,6,6,
5094,수입,로터스,에보라,에보라,가솔린 3500cc,3.5 IPS,,19,1,1,1,1,
5095,수입,로터스,엑시지,엑시지,가솔린,CUP 430,,19,5,5,5,4,
5096,수입,로터스,엘레트라,엘레트라,전기,R,,19,2,2,2,2,
5097,수입,로터스,엑시지,엑시지,가솔린,S 3.5,,19,5,5,5,1,
5098,수입,로터스,에미라,에미라,가솔린 2000cc,2.0,,19,11,11,5,5,
5099,수입,롤스로이스,컬리넌,컬리넌,가솔린 6700cc,6.7 V12,,183,46,46,46,29,
5100,수입,롤스로이스,던,던,가솔린 6600cc,6.6 V12,,183,8,8,8,5,
5101,수입,롤스로이스,고스트,고스트,가솔린 6600cc,6.6 EWB V12,,183,85,33,33,16,
5102,수입,롤스로이스,고스트,고스트 2세대,가솔린 6700cc,6.7 V12,,183,85,52,52,25,
5103,수입,롤스로이스,던,던,가솔린 6600cc,6.6 V12 블랙 배지,,183,8,8,8,3,
5104,수입,롤스로이스,컬리넌,컬리넌,가솔린 6700cc,6.7 V12 블랙 배지,,183,46,46,46,17,
5105,수입,롤스로이스,스펙터,스펙터,전기,쿠페,,183,9,9,9,8,
5106,수입,롤스로이스,레이스,레이스,가솔린 6600cc,6.6,,183,17,17,17,14,
5107,수입,롤스로이스,고스트,고스트 2세대,가솔린 6700cc,6.7 V12 블랙 배지,,183,85,52,52,17,
5108,수입,롤스로이스,팬텀,팬텀,가솔린 6700cc,6.7 V12,,183,18,18,18,10,
5109,수입,롤스로이스,스펙터,스펙터,전기,쿠페 블랙배지,,183,9,9,9,1,
5110,수입,롤스로이스,레이스,레이스,가솔린 6600cc,6.6 블랙 배지,,183,17,17,17,2,
5111,수입,롤스로이스,팬텀,팬텀,가솔린 6700cc,6.7 EWB V12,,183,18,18,18,7,
5112,수입,롤스로이스,고스트,고스트,가솔린 6600cc,6.6 V12,,183,85,33,33,13,
5113,수입,롤스로이스,고스트,고스트 2세대,가솔린 6700cc,6.7 EWB V12,,183,85,52,52,10,
5114,수입,롤스로이스,레이스,레이스,가솔린 6600cc,6.6 이글 VIII,,183,17,17,17,1,
5115,수입,롤스로이스,고스트,고스트,가솔린 6600cc,6.6 V12 블랙 배지,,183,85,33,33,4,
5116,수입,롤스로이스,팬텀,팬텀,가솔린 6700cc,6.7 V12 쿠페,,183,18,18,18,1,
5117,수입,르노,알핀,알핀,가솔린 1800cc,A110,1.8 S,1,1,1,1,1,1
5118,수입,링컨,노틸러스,노틸러스 1세대,가솔린 4WD,2.7 202A AWD,,580,80,55,55,27,
5119,수입,링컨,에비에이터,에비에이터 2세대,가솔린 4WD,3.0 블랙라벨 AWD,,580,185,185,176,99,
5120,수입,링컨,노틸러스,노틸러스 2세대,가솔린 4WD,2.0 리저브 AWD,,580,80,25,25,25,
5121,수입,링컨,네비게이터,네비게이터,가솔린 5400cc,5.4L V8,,580,44,1,1,1,
5122,수입,링컨,노틸러스,노틸러스 1세대,가솔린 4WD,2.7 리저브 AWD,,580,80,55,55,25,
5123,수입,링컨,코세어,코세어,가솔린 4WD,2.0 리저브 AWD,,580,70,70,70,70,
5124,수입,링컨,컨티넨탈,컨티넨탈 10세대,가솔린 3000cc,3.0 프레지덴셜 AWD,,580,48,48,48,23,
5125,수입,링컨,에비에이터,에비에이터 2세대,가솔린 4WD,3.0 리저브 AWD,,580,185,185,176,76,
5126,수입,링컨,노틸러스,노틸러스 1세대,가솔린 4WD,2.7 201A AWD,,580,80,55,55,3,
5127,수입,링컨,네비게이터,네비게이터 4세대,가솔린 3500cc,3.5L 블랙 레이블,,580,44,43,43,26,
5128,수입,링컨,컨티넨탈,컨티넨탈 10세대,가솔린 3000cc,3.0 AWD,,580,48,48,48,18,
5129,수입,링컨,에비에이터,에비에이터 2세대,가솔린 4WD,3.0 리저브 제트 패키지 AWD,,580,185,185,176,1,
5130,수입,링컨,네비게이터,네비게이터 4세대,가솔린 3500cc,3.5L,,580,44,43,43,17,
5131,수입,링컨,컨티넨탈,컨티넨탈 10세대,가솔린 3000cc,3.0 블랙라벨 AWD,,580,48,48,48,7,
5132,수입,링컨,MKX,뉴 MKX,가솔린 4WD,3.7 AWD,,580,42,9,9,9,
5133,수입,링컨,MKX,MKX 2세대,가솔린,2.7 AWD,,580,42,32,32,32,
5134,수입,링컨,에비에이터,에비에이터 2세대,가솔린+전기 4WD,3.0 PHEV GT AWD,,580,185,185,9,9,
5135,수입,링컨,MKC,MKC,가솔린 4WD,2.0 AWD,,580,37,37,37,37,
5136,수입,링컨,MKX,MKX,가솔린 4WD,3.5 AWD,,580,42,1,1,1,
5137,수입,링컨,MKS,뉴 MKS,가솔린 2WD,3.7,,580,19,18,18,18,
5138,수입,링컨,MKS,MKS,가솔린 3700cc,3.7,,580,19,1,1,1,
5139,수입,링컨,MKT,MKT,가솔린 4WD,3.5 AWD,,580,4,4,4,4,
5140,수입,링컨,MKZ,뉴 MKZ,가솔린+전기 2000cc,하이브리드,2세대,580,51,51,25,25,25
5141,수입,링컨,MKZ,뉴 MKZ,가솔린 2000cc,2.0,2세대,580,51,51,24,22,22
5142,수입,링컨,MKZ,뉴 MKZ,가솔린 2000cc,2.0 AWD,2세대,580,51,51,24,2,2
5143,수입,링컨,MKZ,뉴 MKZ,가솔린 3500cc,3.5,1세대,580,51,51,2,2,2
5144,수입,마세라티,MC20,MC20,가솔린 3000cc,3.0 V6,,593,8,8,8,5,
5145,수입,마세라티,기블리,기블리,가솔린 2WD,3.0,3세대,593,194,194,86,43,43
5146,수입,마세라티,그란투리스모,그란투리스모,가솔린 4700cc,4.7 스포츠,1세대,593,26,22,20,11,11
5147,수입,마세라티,그레칼레,그레칼레,가솔린 2000cc,2.0 AWD 모데나,,593,24,24,16,8,
5148,수입,마세라티,그란투리스모,그란투리스모 2세대,가솔린 4WD,3.0 V6 모데나,,593,26,4,4,3,
5149,수입,마세라티,MC20,MC20,가솔린 3000cc,3.0 V6 첼로,,593,8,8,8,3,
5150,수입,마세라티,콰트로포르테,콰트로포르테,가솔린 2WD,3.0 V6 그란루쏘,,593,117,117,47,20,
5151,수입,마세라티,그란투리스모,그란투리스모,가솔린 4700cc,S 4.7,,593,26,22,20,5,
5152,수입,마세라티,기블리,기블리,가솔린 2WD,3.0 그란루쏘,3세대,593,194,194,86,10,10
5153,수입,마세라티,그란투리스모,그란투리스모 2세대,가솔린 4WD,3.0 V6 트로페오,,593,26,4,4,1,
5154,수입,마세라티,그레칼레,그레칼레,가솔린 2000cc,2.0 AWD GT,,593,24,24,16,6,
5155,수입,마세라티,콰트로포르테,콰트로포르테,가솔린 2WD,3.0 V6,,593,117,117,47,10,
5156,수입,마세라티,기블리,기블리,가솔린 2WD,2.0 GT,3세대,593,194,194,86,9,9
5157,수입,마세라티,그란투리스모,그란투리스모,가솔린 4700cc,4.7 MC,1세대,593,26,22,20,3,3
5158,수입,마세라티,르반떼,르반떼,가솔린 3000cc,3.0 AWD 그란스포츠,,593,219,219,124,48,
5159,수입,마세라티,기블리,기블리,가솔린 2WD,3.0 그란스포츠,3세대,593,194,194,86,8,8
5160,수입,마세라티,르반떼,르반떼,가솔린 3000cc,3.0 AWD 그란루쏘,,593,219,219,124,23,
5161,수입,마세라티,콰트로포르테,콰트로포르테,가솔린 2WD,GTS 3.8 V8,,593,117,117,47,9,
5162,수입,마세라티,그레칼레,그레칼레,가솔린 2000cc,2.0 AWD GT 타입 P,,593,24,24,16,2,
5163,수입,마세라티,그란투리스모,그란투리스모,가솔린 4700cc,S 4.7 MC 스포츠,1세대,593,26,22,20,1,1
5164,수입,마세라티,콰트로포르테,콰트로포르테,가솔린 2WD,GTS 3.8 V8 그란스포츠,,593,117,117,47,2,
5165,수입,마세라티,기블리,기블리,가솔린 2WD,2.0 그란스포츠,3세대,593,194,194,86,7,7
5166,수입,마세라티,그란카브리오,그란카브리오 2세대,가솔린 4WD,3.0 V6 트로페오,,593,5,2,2,2,
5167,수입,마세라티,그란투리스모,그란투리스모,가솔린 4200cc,4.2,,593,26,22,2,2,
5168,수입,마세라티,그란카브리오,그란카브리오,가솔린 4700cc,4.7 스포츠,,593,5,3,3,2,
5169,수입,마세라티,기블리,기블리,가솔린 2WD,3.0 모데나,3세대,593,194,194,86,5,5
5170,수입,마세라티,르반떼,르반떼,가솔린 3000cc,3.0 AWD,,593,219,219,124,15,
5171,수입,마세라티,그란카브리오,그란카브리오,가솔린 4700cc,4.7,,593,5,3,3,1,
5172,수입,마세라티,기블리,기블리,가솔린 2WD,2.0 그란루쏘,3세대,593,194,194,86,2,2
5173,수입,마세라티,르반떼,르반떼,가솔린 3000cc,3.0 S AWD 럭셔리,,593,219,219,124,7,
5174,수입,마세라티,콰트로포르테,콰트로포르테,가솔린 2WD,3.0 GT,,593,117,117,47,1,
5175,수입,마세라티,그레칼레,그레칼레,전기,AWD 폴고레,,593,24,24,6,6,
5176,수입,마세라티,콰트로포르테,콰트로포르테,가솔린 2WD,4.2 V8,,593,117,117,47,1,
5177,수입,마세라티,르반떼,르반떼,가솔린 3000cc,3.0 AWD 스포츠,,593,219,219,124,6,
5178,수입,마세라티,기블리,기블리,가솔린 2WD,2.0 GT 베이스,3세대,593,194,194,86,1,1
5179,수입,마세라티,기블리,기블리,가솔린 2WD,3.0 스포츠,3세대,593,194,194,86,1,1
5180,수입,마세라티,콰트로포르테,콰트로포르테,가솔린 2WD,4.2 V8 스포츠 GT,,593,117,117,47,1,
5181,수입,마세라티,그레칼레,그레칼레,가솔린 3000cc,3.0 AWD 트로페오,,593,24,24,2,2,
5182,수입,마세라티,콰트로포르테,콰트로포르테,가솔린 2WD,GTS 3.8 V8 그란루쏘,,593,117,117,47,1,
5183,수입,마세라티,기블리,기블리,디젤 2WD,3.0 디젤,3세대,593,194,194,57,38,38
5184,수입,마세라티,르반떼,르반떼,가솔린 3000cc,3.0 S AWD 그란스포츠,,593,219,219,124,5,
5185,수입,마세라티,콰트로포르테,콰트로포르테,가솔린 2WD,GTS 3.8 네리시모 에디션,,593,117,117,47,1,
5186,수입,마세라티,기블리,기블리,디젤 2WD,3.0 디젤 그란루쏘,3세대,593,194,194,57,11,11
5187,수입,마세라티,르반떼,르반떼,가솔린 3000cc,3.0 AWD 모데나,,593,219,219,124,4,
5188,수입,마세라티,기블리,기블리,디젤 2WD,3.0 디젤 그란스포츠,3세대,593,194,194,57,8,8
5189,수입,마세라티,르반떼,르반떼,가솔린 3000cc,3.0 S AWD 그란루쏘,,593,219,219,124,4,
5190,수입,마세라티,콰트로포르테,콰트로포르테,가솔린 2WD,S 4.7 V8 스포츠 GT,,593,117,117,47,1,
5191,수입,마세라티,르반떼,르반떼,가솔린 3000cc,3.0 S AWD 모데나,,593,219,219,124,3,
5192,수입,마세라티,콰트로포르테,콰트로포르테,가솔린 4WD,S Q4 3.0 V6,,593,117,117,39,20,
5193,수입,마세라티,기블리,기블리,가솔린 4WD,3.0S Q4,3세대,593,194,194,51,32,32
5194,수입,마세라티,르반떼,르반떼,가솔린 3000cc,3.0 S AWD 스포츠,,593,219,219,124,3,
5195,수입,마세라티,콰트로포르테,콰트로포르테,가솔린 4WD,S Q4 3.0 V6 그란루쏘,,593,117,117,39,9,
5196,수입,마세라티,기블리,기블리,가솔린 4WD,3.0S Q4 그란스포츠,3세대,593,194,194,51,9,9
5197,수입,마세라티,르반떼,르반떼,가솔린 3000cc,3.0 AWD 럭셔리,,593,219,219,124,2,
5198,수입,마세라티,콰트로포르테,콰트로포르테,가솔린 4WD,S Q4 3.0 V6 그란스포츠,,593,117,117,39,7,
5199,수입,마세라티,기블리,기블리,가솔린 4WD,3.0S Q4 모데나,3세대,593,194,194,51,6,6
5200,수입,마세라티,르반떼,르반떼,가솔린 3000cc,3.0 S AWD F 트리뷰토,,593,219,219,124,2,
5201,수입,마세라티,기블리,기블리,가솔린 4WD,3.0S Q4 그란루쏘,3세대,593,194,194,51,4,4
5202,수입,마세라티,콰트로포르테,콰트로포르테,가솔린 4WD,Q4 모데나,,593,117,117,39,3,
5203,수입,마세라티,르반떼,르반떼,가솔린 3000cc,3.0 AWD 프리미엄,,593,219,219,124,1,
5204,수입,마세라티,르반떼,르반떼,가솔린 3000cc,3.0 S AWD,,593,219,219,124,1,
5205,수입,마세라티,콰트로포르테,콰트로포르테,디젤 2WD,3.0 디젤,,593,117,117,31,17,
5206,수입,마세라티,콰트로포르테,콰트로포르테,디젤 2WD,3.0 디젤 그란루쏘,,593,117,117,31,14,
5207,수입,마세라티,르반떼,르반떼,디젤 3000cc,3.0 디젤 AWD 그란루쏘,,593,219,219,62,24,
5208,수입,마세라티,르반떼,르반떼,디젤 3000cc,3.0 디젤 AWD,,593,219,219,62,13,
5209,수입,마세라티,르반떼,르반떼,디젤 3000cc,3.0 디젤 AWD 그란스포츠,,593,219,219,62,9,
5210,수입,마세라티,르반떼,르반떼,디젤 3000cc,3.0 디젤 AWD 스포츠,,593,219,219,62,9,
5211,수입,마세라티,르반떼,르반떼,디젤 3000cc,3.0 디젤 AWD 프리미엄,,593,219,219,62,4,
5212,수입,마세라티,르반떼,르반떼,디젤 3000cc,3.0 디젤 AWD 럭셔리,,593,219,219,62,3,
5213,수입,마세라티,르반떼,르반떼,가솔린 3800cc,3.8 GTS AWD,,593,219,219,19,15,
5214,수입,마세라티,르반떼,르반떼,가솔린 3800cc,3.8 트로페오,,593,219,219,19,4,
5215,수입,마세라티,르반떼,르반떼,가솔린 2000cc,2.0 GT AWD,,593,219,219,14,14,
5216,수입,마이바흐,62,62,가솔린 5500cc,5.5 V12,1세대,9,4,4,4,4,4
5217,수입,마이바흐,62s,62s,가솔린 6000cc,6.0 V12,1세대,9,1,1,1,1,1
5218,수입,마이바흐,57,57,가솔린 5500cc,5.5 V12,1세대,9,4,4,4,4,4
5219,수입,마쯔다,비안테,비안테,가솔린,2.0,,15,1,1,1,1,
5220,수입,마쯔다,MX-5 MIATA,MX-5 MIATA,가솔린 2 인승,MIATA,,15,11,11,11,11,
5221,수입,마쯔다,베리사,베리사,가솔린 1500cc,1.5,,15,1,1,1,1,
5222,수입,마쯔다,마쯔다 3,마쯔다 3,가솔린 2000cc,2.0 세단,2세대,15,1,1,1,1,1
5223,수입,마쯔다,RX-7,RX-7,가솔린 1300cc,STD,,15,1,1,1,1,
5224,수입,맥라렌,750S,750S,가솔린 4000cc,4.0 스파이더,,50,7,7,7,7,
5225,수입,맥라렌,GT,GT,가솔린 4000cc,4.0,,50,8,8,8,8,
5226,수입,맥라렌,720S,720S,가솔린 4000cc,4.0 스파이더,,50,9,9,9,6,
5227,수입,맥라렌,650S,650S,가솔린 3800cc,3.8 스파이더,,50,6,6,6,6,
5228,수입,맥라렌,720S,720S,가솔린 4000cc,4.0 쿠페,,50,9,9,9,3,
5229,수입,맥라렌,아투라,아투라,가솔린+전기 3000cc,3.0 쿠페,,50,3,3,3,3,
5230,수입,맥라렌,570S,570S,가솔린 3800cc,3.8 스파이더,,50,13,13,13,10,
5231,수입,맥라렌,570S,570S,가솔린 3800cc,3.8 쿠페,,50,13,13,13,3,
5232,수입,맥라렌,570GT,570GT,가솔린 3800cc,3.8 쿠페,,50,1,1,1,1,
5233,수입,맥라렌,600LT,600LT,가솔린 3800cc,3.8 쿠페,,50,1,1,1,1,
5234,수입,맥라렌,675LT,675LT,가솔린 3800cc,3.8 스파이더,,50,1,1,1,1,
5235,수입,맥라렌,765LT,765LT,가솔린 4000cc,4.0 스파이더,,50,1,1,1,1,
5236,수입,미니,컨트리맨,쿠퍼 컨트리맨,가솔린 2WD,클래식,2세대,2832,851,345,345,164,164
5237,수입,미니,컨트리맨,쿠퍼 SD 컨트리맨,디젤 4WD,ALL4,2세대,2832,851,41,35,28,19
5238,수입,미니,컨트리맨,쿠퍼 SD 컨트리맨,디젤 4WD,ALL4,1세대,2832,851,41,35,28,9
5239,수입,미니,쿠퍼,쿠퍼 일렉트릭 4세대,전기 2WD,SE 페이버드,,2832,1238,46,46,27,
5240,수입,미니,컨트리맨,쿠퍼 컨트리맨 일렉트릭 3세대,전기 4WD,ALL4 SE 페이버드,,2832,851,5,3,3,
5241,수입,미니,쿠퍼,쿠퍼 S 4세대,가솔린 2000cc,페이버드,,2832,1238,65,65,26,
5242,수입,미니,쿠페,쿠퍼 쿠페,가솔린 1600cc,1.6,,2832,22,6,6,6,
5243,수입,미니,쿠페,쿠퍼 S 쿠페,가솔린 1600cc,1.6,,2832,22,15,15,13,
5244,수입,미니,쿠퍼,쿠퍼 D,디젤,기본형,3세대,2832,1238,123,123,31,25
5245,수입,미니,쿠퍼,쿠퍼 D,디젤,기본형,2세대,2832,1238,123,123,31,6
5246,수입,미니,컨트리맨,쿠퍼 D 컨트리맨,디젤 4WD,ALL4,1세대,2832,851,168,94,56,37
5247,수입,미니,컨트리맨,쿠퍼 D 컨트리맨,디젤 4WD,ALL4,2세대,2832,851,168,94,56,19
5248,수입,미니,클럽맨,쿠퍼 D 클럽맨,디젤,기본형,2세대,2832,454,70,70,37,35
5249,수입,미니,클럽맨,쿠퍼 D 클럽맨,디젤,기본형,1세대,2832,454,70,70,37,2
5250,수입,미니,클럽맨,쿠퍼 S 클럽맨,가솔린,JCW,2세대,2832,454,125,125,41,40
5251,수입,미니,클럽맨,쿠퍼 S 클럽맨,가솔린,JCW,1세대,2832,454,125,125,41,1
5252,수입,미니,쿠퍼 컨버터블,쿠퍼 S 컨버터블,가솔린,기본형,3세대,2832,223,122,122,37,26
5253,수입,미니,쿠퍼 컨버터블,쿠퍼 S 컨버터블,가솔린,기본형,2세대,2832,223,122,122,37,9
5254,수입,미니,쿠퍼 컨버터블,쿠퍼 S 컨버터블,가솔린,기본형,1세대,2832,223,122,122,37,2
5255,수입,미니,쿠퍼,쿠퍼 C 4세대,가솔린 2000cc,클래식,,2832,1238,54,54,33,
5256,수입,미니,컨트리맨,쿠퍼 컨트리맨,가솔린 2WD,클래식 플러스 런치팩,2세대,2832,851,345,345,64,64
5257,수입,미니,쿠퍼 컨버터블,쿠퍼 S 컨버터블 4세대,가솔린 2000cc,JCW,,2832,223,30,30,16,
5258,수입,미니,컨트리맨,쿠퍼 S 컨트리맨 3세대,가솔린 4WD,ALL4 JCW,,2832,851,101,101,42,
5259,수입,미니,에이스맨,에이스맨 1세대,전기 2WD,SE 페이버드,,2832,26,26,26,10,
5260,수입,미니,클럽맨,쿠퍼 클럽맨,가솔린,클래식,2세대,2832,454,248,248,77,77
5261,수입,미니,컨트리맨,쿠퍼 S 컨트리맨,가솔린 4WD,ALL4 클래식,2세대,2832,851,191,184,57,57
5262,수입,미니,쿠퍼,쿠퍼 일렉트릭 4세대,전기 2WD,SE 클래식,,2832,1238,46,46,9,
5263,수입,미니,쿠페,쿠퍼 S 쿠페,가솔린 1600cc,JCW,,2832,22,15,15,2,
5264,수입,미니,쿠퍼,쿠퍼 D,디젤,5도어 Mid,3세대,2832,1238,123,123,22,22
5265,수입,미니,쿠퍼,쿠퍼,가솔린,5도어 클래식,3세대,2832,1238,576,576,104,104
5266,수입,미니,쿠퍼,쿠퍼 S,가솔린,JCW,3세대,2832,1238,331,331,80,77
5267,수입,미니,쿠퍼,쿠퍼 S,가솔린,JCW,2세대,2832,1238,331,331,80,3
5268,수입,미니,쿠퍼 컨버터블,쿠퍼 C 컨버터블 4세대,가솔린 2000cc,클래식,,2832,223,12,12,12,
5269,수입,미니,쿠페,쿠퍼 SD 쿠페,디젤 2000cc,2.0,,2832,22,1,1,1,
5270,수입,미니,컨트리맨,쿠퍼 D 컨트리맨,디젤 4WD,ALL4 HIGH,2세대,2832,851,168,94,29,29
5271,수입,미니,쿠퍼 컨버터블,쿠퍼 S 컨버터블,가솔린,JCW,3세대,2832,223,122,122,34,34
5272,수입,미니,클럽맨,쿠퍼 D 클럽맨,디젤,High,2세대,2832,454,70,70,32,32
5273,수입,미니,쿠퍼 컨버터블,쿠퍼 컨버터블,가솔린,클래식,3세대,2832,223,59,59,28,28
5274,수입,미니,쿠퍼,쿠퍼 C 4세대,가솔린 2000cc,5도어 에센셜,,2832,1238,54,54,8,
5275,수입,미니,컨트리맨,쿠퍼 컨트리맨,가솔린 2WD,HIGH,2세대,2832,851,345,345,52,52
5276,수입,미니,쿠퍼 컨버터블,쿠퍼 S 컨버터블 4세대,가솔린 2000cc,페이버드,,2832,223,30,30,13,
5277,수입,미니,쿠퍼,쿠퍼 S 4세대,가솔린 2000cc,5도어 페이버드,,2832,1238,65,65,24,
5278,수입,미니,쿠퍼,쿠퍼 일렉트릭 4세대,전기 2WD,JCW,,2832,1238,46,46,8,
5279,수입,미니,컨트리맨,쿠퍼 S 컨트리맨 3세대,가솔린 4WD,ALL4 페이버드,,2832,851,101,101,31,
5280,수입,미니,컨트리맨,쿠퍼 SD 컨트리맨,디젤 4WD,ALL4 파크레인,1세대,2832,851,41,35,7,7
5281,수입,미니,컨트리맨,쿠퍼 S 컨트리맨,가솔린 4WD,JCW,2세대,2832,851,191,184,41,38
5282,수입,미니,컨트리맨,쿠퍼 S 컨트리맨,가솔린 4WD,JCW,1세대,2832,851,191,184,41,3
5283,수입,미니,에이스맨,에이스맨 1세대,전기 2WD,E 클래식,,2832,26,26,26,8,
5284,수입,미니,컨트리맨,쿠퍼 컨트리맨 일렉트릭 3세대,전기 2WD,E 클래식,,2832,851,5,2,2,
5285,수입,미니,클럽맨,쿠퍼 클럽맨,가솔린,High,2세대,2832,454,248,248,72,72
5286,수입,미니,클럽맨,쿠퍼 D 클럽맨,디젤,클래식,2세대,2832,454,70,70,1,1
5287,수입,미니,쿠퍼 컨버터블,쿠퍼 컨버터블,가솔린,기본형,3세대,2832,223,59,59,23,19
5288,수입,미니,클럽맨,쿠퍼 S 클럽맨,가솔린,기본형,2세대,2832,454,125,125,38,32
5289,수입,미니,쿠퍼 컨버터블,쿠퍼 컨버터블,가솔린,기본형,2세대,2832,223,59,59,23,4
5290,수입,미니,클럽맨,쿠퍼 S 클럽맨,가솔린,기본형,1세대,2832,454,125,125,38,6
5291,수입,미니,컨트리맨,쿠퍼 D 컨트리맨,디젤 4WD,ALL4 클래식,2세대,2832,851,168,94,4,4
5292,수입,미니,쿠퍼,쿠퍼 S,가솔린,클래식,3세대,2832,1238,331,331,51,51
5293,수입,미니,쿠퍼,쿠퍼 S 4세대,가솔린 2000cc,JCW,,2832,1238,65,65,15,
5294,수입,미니,쿠퍼,쿠퍼 C 4세대,가솔린 2000cc,에센셜,,2832,1238,54,54,8,
5295,수입,미니,쿠퍼 컨버터블,쿠퍼 S 컨버터블,가솔린,클래식,3세대,2832,223,122,122,33,33
5296,수입,미니,쿠퍼 컨버터블,쿠퍼 S 컨버터블 4세대,가솔린 2000cc,인디고 브리즈 에디션,,2832,223,30,30,1,
5297,수입,미니,컨트리맨,쿠퍼 컨트리맨,가솔린 2WD,기본형,2세대,2832,851,345,345,25,19
5298,수입,미니,컨트리맨,쿠퍼 컨트리맨,가솔린 2WD,기본형,1세대,2832,851,345,345,25,6
5299,수입,미니,클럽맨,쿠퍼 SD 클럽맨,디젤,기본형,2세대,2832,454,11,11,11,9
5300,수입,미니,클럽맨,쿠퍼 SD 클럽맨,디젤,기본형,1세대,2832,454,11,11,11,2
5301,수입,미니,쿠퍼,쿠퍼,가솔린,기본형,3세대,2832,1238,576,576,80,66
5302,수입,미니,쿠퍼,쿠퍼,가솔린,기본형,2세대,2832,1238,576,576,80,12
5303,수입,미니,쿠퍼,쿠퍼,가솔린,기본형,1세대,2832,1238,576,576,80,2
5304,수입,미니,컨트리맨,쿠퍼 S 컨트리맨 3세대,가솔린 4WD,ALL4 클래식,,2832,851,101,101,15,
5305,수입,미니,클럽맨,쿠퍼 클럽맨,가솔린,기본형,2세대,2832,454,248,248,55,49
5306,수입,미니,클럽맨,쿠퍼 클럽맨,가솔린,기본형,1세대,2832,454,248,248,55,6
5307,수입,미니,에이스맨,에이스맨 1세대,전기 2WD,JCW,,2832,26,26,26,8,
5308,수입,미니,쿠퍼,쿠퍼 D,디젤,Mid,3세대,2832,1238,123,123,19,19
5309,수입,미니,컨트리맨,쿠퍼 S 컨트리맨,가솔린 4WD,ALL4 클래식 런치팩,2세대,2832,851,191,184,30,30
5310,수입,미니,클럽맨,쿠퍼 S 클럽맨,가솔린,클래식,2세대,2832,454,125,125,17,17
5311,수입,미니,쿠퍼,쿠퍼 일렉트릭 4세대,전기 2WD,SE 폴스미스 에디션,,2832,1238,46,46,2,
5312,수입,미니,쿠퍼 컨버터블,쿠퍼 S 컨버터블,가솔린,레솔루트 에디션,3세대,2832,223,122,122,8,8
5313,수입,미니,쿠퍼,쿠퍼 S,가솔린,기본형,3세대,2832,1238,331,331,49,32
5314,수입,미니,쿠퍼,쿠퍼 S,가솔린,기본형,2세대,2832,1238,331,331,49,13
5315,수입,미니,쿠퍼,쿠퍼 S,가솔린,기본형,1세대,2832,1238,331,331,49,4
5316,수입,미니,컨트리맨,쿠퍼 D 컨트리맨,디젤 4WD,ALL4 와이트 에디션,2세대,2832,851,168,94,2,2
5317,수입,미니,쿠퍼 컨버터블,쿠퍼 컨버터블,가솔린,클래식 런치팩,3세대,2832,223,59,59,5,5
5318,수입,미니,컨트리맨,쿠퍼 컨트리맨,가솔린 2WD,클래식 플러스,2세대,2832,851,345,345,20,20
5319,수입,미니,쿠퍼,쿠퍼 C 4세대,가솔린 2000cc,5도어 클래식,,2832,1238,54,54,3,
5320,수입,미니,쿠퍼,쿠퍼,가솔린,5도어 기본형,3세대,2832,1238,576,576,78,78
5321,수입,미니,클럽맨,쿠퍼 클럽맨,가솔린,클래식 플러스 라이트,2세대,2832,454,248,248,15,15
5322,수입,미니,컨트리맨,쿠퍼 S 컨트리맨 3세대,가솔린 4WD,ALL4 딜러 테일러드 에디션,,2832,851,101,101,5,
5323,수입,미니,쿠퍼 컨버터블,쿠퍼 S 컨버터블,가솔린,씨사이드 에디션,3세대,2832,223,122,122,5,5
5324,수입,미니,컨트리맨,쿠퍼 S 컨트리맨,가솔린 4WD,ALL4,2세대,2832,851,191,184,27,27
5325,수입,미니,클럽맨,쿠퍼 S 클럽맨,가솔린,멀티톤 에디션,2세대,2832,454,125,125,10,10
5326,수입,미니,쿠퍼,쿠퍼 S,가솔린,5도어 기본형,3세대,2832,1238,331,331,36,36
5327,수입,미니,쿠퍼,쿠퍼,가솔린,5도어 HIGH,3세대,2832,1238,576,576,63,63
5328,수입,미니,클럽맨,쿠퍼 클럽맨,가솔린,클래식 플러스,2세대,2832,454,248,248,11,11
5329,수입,미니,로드스터,쿠퍼 로드스터,가솔린 1600cc,1.6,,2832,9,3,3,3,
5330,수입,미니,쿠퍼 컨버터블,쿠퍼 S 컨버터블,가솔린,클래식 런치팩,3세대,2832,223,122,122,5,5
5331,수입,미니,컨트리맨,쿠퍼 S 컨트리맨 3세대,가솔린 4WD,ALL4 에센셜,,2832,851,101,101,3,
5332,수입,미니,쿠퍼,쿠퍼 일렉트릭,전기,SE 일렉트릭,3세대,2832,1238,33,33,20,20
5333,수입,미니,쿠퍼,쿠퍼 D,디젤,SE,2세대,2832,1238,123,123,16,16
5334,수입,미니,컨트리맨,쿠퍼 컨트리맨,가솔린 2WD,언테임드 에디션,2세대,2832,851,345,345,6,6
5335,수입,미니,컨트리맨,쿠퍼 D 컨트리맨,디젤 4WD,ALL4 프롤로그 에디션,1세대,2832,851,168,94,2,2
5336,수입,미니,쿠퍼,쿠퍼 C 4세대,가솔린 2000cc,5도어 브리즈 에디션,,2832,1238,54,54,2,
5337,수입,미니,클럽맨,쿠퍼 S 클럽맨,가솔린,JCW T51 에디션,,2832,454,125,125,4,
5338,수입,미니,컨트리맨,쿠퍼 SD 컨트리맨,디젤 2WD,기본형,1세대,2832,851,41,6,6,6
5339,수입,미니,쿠퍼,쿠퍼,가솔린,클래식 플러스,3세대,2832,1238,576,576,44,44
5340,수입,미니,클럽맨,쿠퍼 클럽맨,가솔린,언타이드 슈트에디션,2세대,2832,454,248,248,4,4
5341,수입,미니,쿠퍼,쿠퍼 S,가솔린,5도어 HIGH,3세대,2832,1238,331,331,22,22
5342,수입,미니,쿠퍼 컨버터블,쿠퍼 컨버터블,가솔린,하이게이트,,2832,223,59,59,3,
5343,수입,미니,컨트리맨,쿠퍼 S 컨트리맨,가솔린 4WD,ALL4 언테임드 에디션,2세대,2832,851,191,184,13,13
5344,수입,미니,로드스터,쿠퍼 S 로드스터,가솔린 1600cc,1.6,,2832,9,6,6,6,
5345,수입,미니,쿠퍼,쿠퍼 일렉트릭,전기,레솔루트 에디션,3세대,2832,1238,33,33,7,7
5346,수입,미니,컨트리맨,쿠퍼 S 컨트리맨 3세대,가솔린 4WD,ALL4 클래식 퍼스트 에디션,,2832,851,101,101,3,
5347,수입,미니,쿠퍼,쿠퍼 D,디젤,5도어 HIGH,3세대,2832,1238,123,123,14,14
5348,수입,미니,컨트리맨,쿠퍼 D 컨트리맨,디젤 4WD,ALL4 클래식 플러스 라이트,2세대,2832,851,168,94,1,1
5349,수입,미니,컨트리맨,쿠퍼 컨트리맨,가솔린 2WD,하이랜드 에디션,2세대,2832,851,345,345,6,6
5350,수입,미니,클럽맨,쿠퍼 클럽맨,가솔린,이즐링턴 에디션,2세대,2832,454,248,248,4,4
5351,수입,미니,컨트리맨,쿠퍼 S 컨트리맨,가솔린 4WD,JCW 런치팩,2세대,2832,851,191,184,9,9
5352,수입,미니,컨트리맨,쿠퍼 S 컨트리맨 3세대,가솔린 4WD,ALL4 JCW 퍼스트 에디션,,2832,851,101,101,2,
5353,수입,미니,쿠퍼,쿠퍼,가솔린,HIGH,3세대,2832,1238,576,576,40,40
5354,수입,미니,페이스맨,쿠퍼 SD 페이스맨,디젤 2WD,기본형,,2832,6,2,1,1,
5355,수입,미니,클럽맨,쿠퍼 S 클럽맨,가솔린,쉐도우 에디션,2세대,2832,454,125,125,4,4
5356,수입,미니,컨트리맨,쿠퍼 컨트리맨,가솔린 2WD,클래식 플러스 라이트,2세대,2832,851,345,345,4,4
5357,수입,미니,컨트리맨,쿠퍼 S 컨트리맨,가솔린 4WD,ALL4 하이랜드 에디션,2세대,2832,851,191,184,3,3
5358,수입,미니,클럽맨,쿠퍼 클럽맨,가솔린,Mid,2세대,2832,454,248,248,2,2
5359,수입,미니,쿠퍼,쿠퍼 SD,디젤,기본형,2세대,2832,1238,10,10,7,4
5360,수입,미니,쿠퍼,쿠퍼 SD,디젤,기본형,3세대,2832,1238,10,10,7,3
5361,수입,미니,쿠퍼,쿠퍼 일렉트릭,전기,SE 클래식,3세대,2832,1238,33,33,4,4
5362,수입,미니,쿠퍼,쿠퍼 S,가솔린,5도어 클래식,3세대,2832,1238,331,331,17,17
5363,수입,미니,페이스맨,쿠퍼 D 페이스맨,디젤 2WD,기본형,,2832,6,4,4,4,
5364,수입,미니,클럽맨,쿠퍼 S 클럽맨,가솔린,클래식 라이트,2세대,2832,454,125,125,4,4
5365,수입,미니,쿠퍼,쿠퍼,가솔린,클래식,3세대,2832,1238,576,576,34,34
5366,수입,미니,컨트리맨,쿠퍼 컨트리맨,가솔린 2WD,새빌 로 에디션,2세대,2832,851,345,345,2,2
5367,수입,미니,컨트리맨,쿠퍼 S 컨트리맨,가솔린 4WD,ALL4 언차티드 에디션,2세대,2832,851,191,184,2,2
5368,수입,미니,컨트리맨,쿠퍼 D 컨트리맨,디젤 2WD,기본형,1세대,2832,851,168,74,48,30
5369,수입,미니,컨트리맨,쿠퍼 D 컨트리맨,디젤 2WD,기본형,2세대,2832,851,168,74,48,18
5370,수입,미니,쿠퍼,쿠퍼 일렉트릭,전기,젠 ZE 에디션,3세대,2832,1238,33,33,2,2
5371,수입,미니,클럽맨,쿠퍼 클럽맨,가솔린,새빌 로 에디션,2세대,2832,454,248,248,2,2
5372,수입,미니,쿠퍼,쿠퍼 D,디젤,5도어 기본형,3세대,2832,1238,123,123,14,14
5373,수입,미니,쿠퍼,쿠퍼,가솔린,SE,,2832,1238,576,576,28,
5374,수입,미니,쿠퍼,쿠퍼 SD,디젤,5도어 기본형,3세대,2832,1238,10,10,2,2
5375,수입,미니,쿠퍼,쿠퍼 S,가솔린,클래식 런치팩,3세대,2832,1238,331,331,12,12
5376,수입,미니,페이스맨,쿠퍼 SD 페이스맨,디젤 4WD,ALL4,,2832,6,2,1,1,
5377,수입,미니,클럽맨,쿠퍼 클럽맨,가솔린,클래식 런치팩,2세대,2832,454,248,248,2,2
5378,수입,미니,컨트리맨,쿠퍼 컨트리맨,가솔린 2WD,온라인 익스클루시브,2세대,2832,851,345,345,2,2
5379,수입,미니,컨트리맨,쿠퍼 D 컨트리맨,디젤 2WD,SE,1세대,2832,851,168,74,26,26
5380,수입,미니,컨트리맨,쿠퍼 S 컨트리맨,가솔린 4WD,ALL4 클래식 라이트,2세대,2832,851,191,184,2,2
5381,수입,미니,클럽맨,쿠퍼 S 클럽맨,가솔린,클래식 런치팩,2세대,2832,454,125,125,3,3
5382,수입,미니,쿠퍼,쿠퍼 D,디젤,HIGH,3세대,2832,1238,123,123,5,5
5383,수입,미니,로버 미니,로버 미니,가솔린 1300cc,1.3,,2832,3,3,2,2,
5384,수입,미니,쿠퍼,쿠퍼,가솔린,5도어 클래식 플러스,3세대,2832,1238,576,576,26,26
5385,수입,미니,쿠퍼,쿠퍼 S,가솔린,HIGH,3세대,2832,1238,331,331,11,11
5386,수입,미니,클럽맨,쿠퍼 클럽맨,가솔린,햄튼,,2832,454,248,248,2,
5387,수입,미니,쿠퍼,쿠퍼 SD,디젤,베이스워터,,2832,1238,10,10,1,
5388,수입,미니,클럽맨,쿠퍼 S 클럽맨,가솔린,JCW 언톨드 에디션,2세대,2832,454,125,125,2,2
5389,수입,미니,쿠퍼,쿠퍼,가솔린,클래식 플러스 런치팩,3세대,2832,1238,576,576,17,17
5390,수입,미니,쿠퍼,쿠퍼 S,가솔린,5도어 레솔루트 에디션,3세대,2832,1238,331,331,8,8
5391,수입,미니,컨트리맨,쿠퍼 S 컨트리맨,가솔린 2WD,기본형,1세대,2832,851,191,7,7,5
5392,수입,미니,컨트리맨,쿠퍼 S 컨트리맨,가솔린 2WD,기본형,2세대,2832,851,191,7,7,2
5393,수입,미니,클럽맨,쿠퍼 S 클럽맨,가솔린,젠틀맨 에디션,2세대,2832,454,125,125,1,1
5394,수입,미니,쿠퍼,쿠퍼 D,디젤,베이커스트릿,,2832,1238,123,123,2,
5395,수입,미니,로버 미니,로버 미니,가솔린 1000cc,1.0,,2832,3,3,1,1,
5396,수입,미니,쿠퍼,쿠퍼,가솔린,젠 Z 에디션,3세대,2832,1238,576,576,11,11
5397,수입,미니,클럽맨,쿠퍼 클럽맨,가솔린,도미니크 에디션,2세대,2832,454,248,248,1,1
5398,수입,미니,쿠퍼,쿠퍼 S,가솔린,5도어 클래식 런치팩,3세대,2832,1238,331,331,7,7
5399,수입,미니,클럽맨,쿠퍼 S 클럽맨,가솔린,햄튼,,2832,454,125,125,1,
5400,수입,미니,쿠퍼,쿠퍼,가솔린,5도어 클래식 플러스 런치팩,3세대,2832,1238,576,576,9,9
5401,수입,미니,쿠퍼,쿠퍼 S,가솔린,JCW 팻 모스 에디션,3세대,2832,1238,331,331,7,7
5402,수입,미니,클럽맨,쿠퍼 클럽맨,가솔린,언톨드 에디션,2세대,2832,454,248,248,1,1
5403,수입,미니,쿠퍼,쿠퍼 S,가솔린,브릭레인 에디션,3세대,2832,1238,331,331,6,6
5404,수입,미니,쿠퍼,쿠퍼,가솔린,오리지널,,2832,1238,576,576,7,
5405,수입,미니,쿠퍼,쿠퍼 S,가솔린,메이필드 에디션,3세대,2832,1238,331,331,5,5
5406,수입,미니,쿠퍼,쿠퍼,가솔린,5도어 60주년 에디션,3세대,2832,1238,576,576,4,4
5407,수입,미니,쿠퍼,쿠퍼 S,가솔린,5도어 멀티톤 에디션,3세대,2832,1238,331,331,4,4
5408,수입,미니,쿠퍼,쿠퍼,가솔린,5도어 레솔루트 에디션,3세대,2832,1238,576,576,4,4
5409,수입,미니,쿠퍼,쿠퍼 S,가솔린,JCW 딜레이니 에디션,3세대,2832,1238,331,331,3,3
5410,수입,미니,쿠퍼,쿠퍼,가솔린,5도어 로즈우드 에디션,3세대,2832,1238,576,576,4,4
5411,수입,미니,쿠퍼,쿠퍼 S,가솔린,레솔루트 에디션,3세대,2832,1238,331,331,3,3
5412,수입,미니,쿠퍼,쿠퍼,가솔린,5도어 피카딜리 에디션,3세대,2832,1238,576,576,4,4
5413,수입,미니,쿠퍼,쿠퍼 S,가솔린,킹스로드 에디션,,2832,1238,331,331,3,
5414,수입,미니,쿠퍼,쿠퍼,가솔린,레솔루트 에디션,3세대,2832,1238,576,576,4,4
5415,수입,미니,쿠퍼,쿠퍼 S,가솔린,JCW 런치팩,3세대,2832,1238,331,331,2,2
5416,수입,미니,쿠퍼,쿠퍼,가솔린,메이페어,,2832,1238,576,576,3,
5417,수입,미니,쿠퍼,쿠퍼 S,가솔린,JCW 록킹햄 GT 에디션,3세대,2832,1238,331,331,2,2
5418,수입,미니,쿠퍼,쿠퍼,가솔린,피카딜리 에디션,3세대,2832,1238,576,576,3,3
5419,수입,미니,쿠퍼,쿠퍼 S,가솔린,세븐 에디션,3세대,2832,1238,331,331,2,2
5420,수입,미니,쿠퍼,쿠퍼,가솔린,5도어 블랙 수트 에디션,3세대,2832,1238,576,576,2,2
5421,수입,미니,쿠퍼,쿠퍼,가솔린,5도어 클래식 런치팩,3세대,2832,1238,576,576,2,2
5422,수입,미니,쿠퍼,쿠퍼 S,가솔린,캠든,,2832,1238,331,331,1,
5423,수입,미니,쿠퍼,쿠퍼,가솔린,5도어 파인 레더 에디션,3세대,2832,1238,576,576,2,2
5424,수입,미니,쿠퍼,쿠퍼,가솔린,5도어 레트로 블루 에디션,3세대,2832,1238,576,576,1,1
5425,수입,미니,쿠퍼,쿠퍼,가솔린,베이커스트릿,,2832,1238,576,576,1,
5426,수입,미니,쿠퍼,쿠퍼,가솔린,세븐 에디션,3세대,2832,1238,576,576,1,1
5427,수입,미쯔비시,이클립스,이클립스,가솔린,2.0,,11,2,2,2,1,
5428,수입,미쯔비시,이클립스,이클립스,가솔린,2.4,,11,2,2,2,1,
5429,수입,미쯔비시,아웃랜더,아웃랜더,가솔린 3000cc,3.0,,11,1,1,1,1,
5430,수입,미쯔비시,파제로,파제로,가솔린,미니,,11,3,3,2,1,
5431,수입,미쯔비시,랜서 에볼루션,랜서 에볼루션,가솔린 2000cc,10세대,,11,5,5,5,3,
5432,수입,미쯔비시,랜서 에볼루션,랜서 에볼루션,가솔린 2000cc,9세대,,11,5,5,5,2,
5433,수입,미쯔비시,파제로,파제로,가솔린,이오,,11,3,3,2,1,
5434,수입,미쯔비시,파제로,파제로,디젤,3.2 디젤,,11,3,3,1,1,
5435,수입,미쯔오까,가류,가류,가솔린,3.5,,2,2,2,2,2,
5436,수입,벤츠,E-클래스,E-클래스 W213,가솔린 4WD,E300 4MATIC 익스클루시브,,16688,4524,3182,1140,238,
5437,수입,벤츠,E-클래스,E-클래스 W210,가솔린 2WD,E200K,,16688,4524,6,6,3,
5438,수입,벤츠,E-클래스,E-클래스 W124,가솔린 2WD,E220,,16688,4524,5,5,3,
5439,수입,벤츠,E-클래스,E-클래스 W212,가솔린 2WD,E300 엘레강스,,16688,4524,376,189,63,
5440,수입,벤츠,GLC-클래스,GLC-클래스 X253,가솔린 4WD,GLC300 4MATIC 쿠페,,16688,1468,1002,508,140,
5441,수입,벤츠,CLS-클래스,CLS-클래스 W218,디젤 4WD,CLS250 d 4MATIC,,16688,743,150,66,32,
5442,수입,벤츠,S-클래스,S-클래스 W222,가솔린 4WD,S450L 4MATIC,,16688,2850,1182,520,94,
5443,수입,벤츠,E-클래스,E-클래스 W214,가솔린 2WD,E200 아방가르드,,16688,4524,917,421,296,
5444,수입,벤츠,CLS-클래스,CLS-클래스 C257,가솔린 4WD,CLS450 4MATIC AMG Line,,16688,743,568,272,176,
5445,수입,벤츠,C-클래스,C-클래스 W204,가솔린 2WD,C200 CGI 아방가르드,,16688,1289,77,50,19,
5446,수입,벤츠,E-클래스,E-클래스 W213,가솔린 4WD,E350 4MATIC AMG Line,,16688,4524,3182,1140,183,
5447,수입,벤츠,GLE-클래스,GLE-클래스 W167,가솔린 4WD,GLE450 4MATIC,,16688,1411,1250,725,332,
5448,수입,벤츠,C-클래스,C-클래스 W206,가솔린 2WD,C200 아방가르드,,16688,1289,243,139,69,
5449,수입,벤츠,E-클래스,E-클래스 W211,가솔린 2WD,E350,,16688,4524,38,30,11,
5450,수입,벤츠,GLC-클래스,GLC-클래스 X254,가솔린 4WD,GLC300 4MATIC AMG Line,,16688,1468,466,412,132,
5451,수입,벤츠,S-클래스,S-클래스,가솔린 2WD,S320,W140,16688,2850,16,16,5,4
5452,수입,벤츠,S-클래스,S-클래스,가솔린 2WD,S320,W220,16688,2850,16,16,5,1
5453,수입,벤츠,S-클래스,S-클래스 W221,가솔린 2WD,S350L,,16688,2850,154,106,31,
5454,수입,벤츠,GLC-클래스,GLC-클래스 X253,가솔린 4WD,GLC300 4MATIC,,16688,1468,1002,508,127,
5455,수입,벤츠,C-클래스,C-클래스,가솔린 2WD,C230,W203,16688,1289,14,13,7,6
5456,수입,벤츠,C-클래스,C-클래스,가솔린 2WD,C230,W202,16688,1289,14,13,7,1
5457,수입,벤츠,E-클래스,E-클래스 W124,가솔린 2WD,E200,,16688,4524,5,5,2,
5458,수입,벤츠,C-클래스,C-클래스 W205,가솔린 2WD,C200,,16688,1289,955,511,131,
5459,수입,벤츠,CLS-클래스,CLS-클래스 C257,가솔린 4WD,CLS450 4MATIC,,16688,743,568,272,51,
5460,수입,벤츠,E-클래스,E-클래스 W214,가솔린 2WD,E200 AMG Line,,16688,4524,917,421,106,
5461,수입,벤츠,S-클래스,S-클래스 W222,가솔린 4WD,S560L 4MATIC,,16688,2850,1182,520,93,
5462,수입,벤츠,CLS-클래스,CLS-클래스 W218,디젤 4WD,CLS250 d 4MATIC AMG Line,,16688,743,150,66,22,
5463,수입,벤츠,S-클래스,S-클래스,가솔린 2WD,S320L,W140,16688,2850,16,16,3,3
5464,수입,벤츠,S-클래스,S-클래스 W221,가솔린 2WD,S500L,,16688,2850,154,106,20,
5465,수입,벤츠,GLC-클래스,GLC-클래스 X253,가솔린 4WD,AMG GLC43 4MATIC,,16688,1468,1002,508,70,
5466,수입,벤츠,C-클래스,C-클래스 W204,가솔린 2WD,C200 CGI 아방가르드 스타일패키지,,16688,1289,77,50,10,
5467,수입,벤츠,E-클래스,E-클래스 W212,가솔린 2WD,E200 카브리올레,,16688,4524,376,189,19,
5468,수입,벤츠,S-클래스,S-클래스 W223,가솔린 4WD,S500L 4MATIC,,16688,2850,1498,987,279,
5469,수입,벤츠,E-클래스,E-클래스 W213,가솔린 4WD,E300 4MATIC 아방가르드,,16688,4524,3182,1140,103,
5470,수입,벤츠,CLS-클래스,CLS-클래스 C257,가솔린 4WD,AMG CLS53 4MATIC+,,16688,743,568,272,37,
5471,수입,벤츠,E-클래스,E-클래스 W214,가솔린 2WD,E200 아방가르드 리미티드,,16688,4524,917,421,11,
5472,수입,벤츠,GLE-클래스,GLE-클래스 W167,가솔린 4WD,AMG GLE53 4MATIC+,,16688,1411,1250,725,157,
5473,수입,벤츠,GLC-클래스,GLC-클래스 X254,가솔린 4WD,GLC300 4MATIC 쿠페,,16688,1468,466,412,99,
5474,수입,벤츠,E-클래스,E-클래스 W210,가솔린 2WD,E200,,16688,4524,6,6,1,
5475,수입,벤츠,CLS-클래스,CLS-클래스 W218,디젤 4WD,CLS350 d 4MATIC,,16688,743,150,66,8,
5476,수입,벤츠,E-클래스,E-클래스 W211,가솔린 2WD,E280 엘레강스,,16688,4524,38,30,5,
5477,수입,벤츠,C-클래스,C-클래스 W206,가솔린 2WD,C200 AMG Line,,16688,1289,243,139,39,
5478,수입,벤츠,CLS-클래스,CLS-클래스 W219,가솔린 2WD,CLS350,,16688,743,25,25,16,
5479,수입,벤츠,GLE-클래스,GLE-클래스 W166,디젤 4WD,GLE350 d 4MATIC 쿠페,,16688,1411,161,137,60,
5480,수입,벤츠,S-클래스,S-클래스 W221,가솔린 2WD,S550L,,16688,2850,154,106,10,
5481,수입,벤츠,C-클래스,C-클래스 W204,가솔린 2WD,C200 CGI,,16688,1289,77,50,8,
5482,수입,벤츠,S-클래스,S-클래스 W222,가솔린 4WD,S500L 4MATIC,,16688,2850,1182,520,66,
5483,수입,벤츠,C-클래스,C-클래스 W205,가솔린 2WD,C200 아방가르드,,16688,1289,955,511,126,
5484,수입,벤츠,C-클래스,C-클래스,가솔린 2WD,C200,W202,16688,1289,14,13,3,3
5485,수입,벤츠,E-클래스,E-클래스 W212,가솔린 2WD,E300 아방가르드,,16688,4524,376,189,18,
5486,수입,벤츠,S-클래스,S-클래스 W223,가솔린 4WD,S580L 4MATIC,,16688,2850,1498,987,262,
5487,수입,벤츠,E-클래스,E-클래스 W213,가솔린 4WD,E450 4MATIC 익스클루시브,,16688,4524,3182,1140,93,
5488,수입,벤츠,E-클래스,E-클래스 W214,가솔린 2WD,E200 익스클루시브,,16688,4524,917,421,8,
5489,수입,벤츠,CLS-클래스,CLS-클래스 W218,디젤 4WD,CLS250 블루텍 4MATIC,,16688,743,150,66,3,
5490,수입,벤츠,CLS-클래스,CLS-클래스 C257,가솔린 4WD,CLS450 4MAITC 디지뇨 익스클루시브 에디션,,16688,743,568,272,5,
5491,수입,벤츠,GLC-클래스,GLC-클래스 X253,가솔린 4WD,AMG GLC43 4MATIC 쿠페,,16688,1468,1002,508,51,
5492,수입,벤츠,GLC-클래스,GLC-클래스 X254,가솔린 4WD,AMG GLC43 4MATIC,,16688,1468,466,412,64,
5493,수입,벤츠,S-클래스,S-클래스,가솔린 2WD,S420L,W140,16688,2850,16,16,2,2
5494,수입,벤츠,GLE-클래스,GLE-클래스 W167,가솔린 4WD,AMG GLE53 4MATIC+ 쿠페,,16688,1411,1250,725,87,
5495,수입,벤츠,E-클래스,E-클래스 W210,가솔린 2WD,E240,,16688,4524,6,6,1,
5496,수입,벤츠,GLE-클래스,GLE-클래스 W166,디젤 4WD,GLE350 d 4MATIC,,16688,1411,161,137,54,
5497,수입,벤츠,S-클래스,S-클래스 W223,가솔린 4WD,S450L 4MATIC,,16688,2850,1498,987,219,
5498,수입,벤츠,C-클래스,C-클래스 W204,가솔린 2WD,C63 AMG 세단,,16688,1289,77,50,4,
5499,수입,벤츠,E-클래스,E-클래스 W211,가솔린 2WD,E320,,16688,4524,38,30,4,
5500,수입,벤츠,E-클래스,E-클래스 W212,가솔린 2WD,E350 쿠페,,16688,4524,376,189,17,
5501,수입,벤츠,C-클래스,C-클래스,가솔린 2WD,C180K,W203,16688,1289,14,13,1,1
5502,수입,벤츠,C-클래스,C-클래스 W205,가솔린 2WD,C200 카브리올레,,16688,1289,955,511,103,
5503,수입,벤츠,S-클래스,S-클래스 W221,가솔린 2WD,S600L,,16688,2850,154,106,9,
5504,수입,벤츠,CLS-클래스,CLS-클래스 W218,디젤 4WD,CLS250 블루텍 4MATIC 슈팅브레이크,,16688,743,150,66,1,
5505,수입,벤츠,CLS-클래스,CLS-클래스 C257,가솔린 4WD,AMG CLS53 4MATIC+ 에디션1,,16688,743,568,272,3,
5506,수입,벤츠,GLC-클래스,GLC-클래스 X253,가솔린 4WD,GLC300 4MATIC AMG Line,,16688,1468,1002,508,33,
5507,수입,벤츠,C-클래스,C-클래스 W206,가솔린 2WD,C300 AMG Line,,16688,1289,243,139,31,
5508,수입,벤츠,S-클래스,S-클래스 W222,가솔린 4WD,S63 AMG 4MATIC,,16688,2850,1182,520,55,
5509,수입,벤츠,E-클래스,E-클래스 W213,가솔린 4WD,E450 4MATIC 카브리올레,,16688,4524,3182,1140,90,
5510,수입,벤츠,CLS-클래스,CLS-클래스 W219,가솔린 2WD,CLS350 AMG 패키지,,16688,743,25,25,4,
5511,수입,벤츠,GLC-클래스,GLC-클래스 X254,가솔린 4WD,GLC300 4MATIC 아방가르드 쿠페,,16688,1468,466,412,57,
5512,수입,벤츠,S-클래스,S-클래스,가솔린 2WD,S500L,W220,16688,2850,16,16,2,2
5513,수입,벤츠,GLE-클래스,GLE-클래스 W166,디젤 4WD,GLE250 d 4MATIC,,16688,1411,161,137,12,
5514,수입,벤츠,E-클래스,E-클래스 W210,가솔린 2WD,E280,,16688,4524,6,6,1,
5515,수입,벤츠,S-클래스,S-클래스 W221,가솔린 2WD,S350L 블루이피션시,,16688,2850,154,106,8,
5516,수입,벤츠,C-클래스,C-클래스,가솔린 2WD,C280,W202,16688,1289,14,13,1,1
5517,수입,벤츠,GLE-클래스,GLE-클래스 W167,가솔린 4WD,GLE350 4MATIC,,16688,1411,1250,725,64,
5518,수입,벤츠,E-클래스,E-클래스 W211,가솔린 2WD,E200K 이그제큐티브,,16688,4524,38,30,3,
5519,수입,벤츠,E-클래스,E-클래스 W214,가솔린 4WD,E300 4MATIC AMG Line,,16688,4524,917,353,151,
5520,수입,벤츠,GLC-클래스,GLC-클래스 X254,가솔린 4WD,GLC300 4MATIC 아방가르드,,16688,1468,466,412,38,
5521,수입,벤츠,CLS-클래스,CLS-클래스 W219,가솔린 2WD,CLS55 AMG,,16688,743,25,25,2,
5522,수입,벤츠,GLE-클래스,GLE-클래스 W166,디젤 4WD,GLE350 d 4MATIC 프리미엄,,16688,1411,161,137,11,
5523,수입,벤츠,GLC-클래스,GLC-클래스 X253,가솔린 4WD,GLC300 4MATIC 프리미엄 쿠페,,16688,1468,1002,508,32,
5524,수입,벤츠,S-클래스,S-클래스,가솔린 2WD,S280,W220,16688,2850,16,16,1,1
5525,수입,벤츠,CLS-클래스,CLS-클래스 W218,가솔린 2WD,CLS350 블루이피션시,,16688,743,150,65,20,
5526,수입,벤츠,S-클래스,S-클래스 W221,가솔린 2WD,S500L 블루이피션시,,16688,2850,154,106,7,
5527,수입,벤츠,S-클래스,S-클래스 W222,가솔린 4WD,S400L 4MATIC,,16688,2850,1182,520,53,
5528,수입,벤츠,C-클래스,C-클래스 W204,가솔린 2WD,C200K 아방가르드,,16688,1289,77,50,3,
5529,수입,벤츠,E-클래스,E-클래스 W212,가솔린 2WD,E200 CGI,,16688,4524,376,189,14,
5530,수입,벤츠,C-클래스,C-클래스,가솔린 2WD,C320,W203,16688,1289,14,13,1,1
5531,수입,벤츠,S-클래스,S-클래스 W223,가솔린 4WD,마이바흐 S580 4MATIC,,16688,2850,1498,987,135,
5532,수입,벤츠,E-클래스,E-클래스 W211,가솔린 2WD,E240 아방가르드,,16688,4524,38,30,3,
5533,수입,벤츠,C-클래스,C-클래스 W205,가솔린 2WD,C200 쿠페,,16688,1289,955,511,72,
5534,수입,벤츠,E-클래스,E-클래스 W213,가솔린 4WD,E350 4MATIC 아방가르드,,16688,4524,3182,1140,81,
5535,수입,벤츠,GLC-클래스,GLC-클래스 X254,가솔린 4WD,AMG GLC43 4MATIC 쿠페,,16688,1468,466,412,21,
5536,수입,벤츠,CLS-클래스,CLS-클래스 W219,가솔린 2WD,CLS500,,16688,743,25,25,1,
5537,수입,벤츠,E-클래스,E-클래스 W214,가솔린 4WD,E300 4MATIC 익스클루시브,,16688,4524,917,353,114,
5538,수입,벤츠,CLS-클래스,CLS-클래스 C257,디젤 4WD,CLS300d 4MATIC,,16688,743,568,209,86,
5539,수입,벤츠,GLE-클래스,GLE-클래스 W167,가솔린 4WD,GLE450 4MATIC 쿠페,,16688,1411,1250,725,64,
5540,수입,벤츠,S-클래스,S-클래스,가솔린 2WD,S350L,W220,16688,2850,16,16,1,1
5541,수입,벤츠,C-클래스,C-클래스 W206,가솔린 4WD,C300 4MATIC AMG Line,,16688,1289,243,104,53,
5542,수입,벤츠,GLC-클래스,GLC-클래스 X253,가솔린 4WD,GLC300 4MATIC AMG Line 쿠페,,16688,1468,1002,508,19,
5543,수입,벤츠,CLS-클래스,CLS-클래스 W218,가솔린 2WD,CLS400,,16688,743,150,65,19,
5544,수입,벤츠,C-클래스,C-클래스 W204,가솔린 2WD,C230 아방가르드,,16688,1289,77,50,3,
5545,수입,벤츠,GLC-클래스,GLC-클래스 X254,가솔린 4WD,GLC300 4MATIC 온라인 스페셜,,16688,1468,466,412,1,
5546,수입,벤츠,E-클래스,E-클래스 W212,가솔린 2WD,E200 쿠페,,16688,4524,376,189,14,
5547,수입,벤츠,C-클래스,C-클래스 W205,가솔린 2WD,C200 AMG Line,,16688,1289,955,511,46,
5548,수입,벤츠,S-클래스,S-클래스 W222,가솔린 4WD,S63 AMG 4MATIC+,,16688,2850,1182,520,43,
5549,수입,벤츠,CLS-클래스,CLS-클래스 W219,가솔린 2WD,CLS550,,16688,743,25,25,1,
5550,수입,벤츠,S-클래스,S-클래스 W221,가솔린 2WD,S550,,16688,2850,154,106,5,
5551,수입,벤츠,E-클래스,E-클래스 W211,가솔린 2WD,E55 AMG,,16688,4524,38,30,2,
5552,수입,벤츠,S-클래스,S-클래스 W223,가솔린 4WD,마이바흐 S680 4MATIC,,16688,2850,1498,987,34,
5553,수입,벤츠,E-클래스,E-클래스 W213,가솔린 4WD,E53 AMG 4MATIC+,,16688,4524,3182,1140,67,
5554,수입,벤츠,S-클래스,S-클래스,가솔린 2WD,S55L AMG,W220,16688,2850,16,16,1,1
5555,수입,벤츠,GLE-클래스,GLE-클래스 W167,가솔린 4WD,GLE450 4MATIC AMG Line,,16688,1411,1250,725,15,
5556,수입,벤츠,GLE-클래스,GLE-클래스 W166,가솔린 4WD,AMG GLE63 S 4MATIC 쿠페,,16688,1411,161,22,17,
5557,수입,벤츠,CLS-클래스,CLS-클래스 C257,디젤 4WD,CLS400d 4MATIC,,16688,743,568,209,71,
5558,수입,벤츠,C-클래스,C-클래스 W206,가솔린 4WD,C300 4MATIC 아방가르드,,16688,1289,243,104,35,
5559,수입,벤츠,E-클래스,E-클래스 W214,가솔린 4WD,E450 4MATIC 익스클루시브,,16688,4524,917,353,66,
5560,수입,벤츠,GLC-클래스,GLC-클래스 X253,가솔린 4WD,AMG GLC63 4MATIC+,,16688,1468,1002,508,17,
5561,수입,벤츠,CLS-클래스,CLS-클래스 W218,가솔린 2WD,CLS63 AMG,,16688,743,150,65,9,
5562,수입,벤츠,S-클래스,S-클래스 W222,가솔린 4WD,마이바흐 S560 4MATIC,,16688,2850,1182,520,39,
5563,수입,벤츠,C-클래스,C-클래스 W204,가솔린 2WD,C200K,,16688,1289,77,50,2,
5564,수입,벤츠,S-클래스,S-클래스,가솔린 2WD,S600L,W220,16688,2850,16,16,1,1
5565,수입,벤츠,C-클래스,C-클래스,가솔린 4WD,C240 4MATIC,W203,16688,1289,14,1,1,1
5566,수입,벤츠,E-클래스,E-클래스 W211,가솔린 2WD,E200K 아방가르드,,16688,4524,38,30,1,
5567,수입,벤츠,CLS-클래스,CLS-클래스 W219,가솔린 2WD,CLS63 AMG,,16688,743,25,25,1,
5568,수입,벤츠,S-클래스,S-클래스 W221,가솔린 2WD,S63L AMG,,16688,2850,154,106,5,
5569,수입,벤츠,E-클래스,E-클래스 W213,가솔린 4WD,E450 4MATIC 쿠페,,16688,4524,3182,1140,55,
5570,수입,벤츠,E-클래스,E-클래스 W212,가솔린 2WD,E350,,16688,4524,376,189,12,
5571,수입,벤츠,S-클래스,S-클래스 W222,가솔린 4WD,마이바흐 S500 4MATIC,,16688,2850,1182,520,21,
5572,수입,벤츠,CLS-클래스,CLS-클래스 C257,디젤 4WD,CLS400d 4MATIC AMG Line,,16688,743,568,209,52,
5573,수입,벤츠,GLC-클래스,GLC-클래스 X253,가솔린 4WD,GLC300 4MATIC 프리미엄,,16688,1468,1002,508,12,
5574,수입,벤츠,GLE-클래스,GLE-클래스 W167,가솔린 4WD,AMG GLE63 S 4MATIC+ 쿠페,,16688,1411,1250,725,6,
5575,수입,벤츠,C-클래스,C-클래스 W205,가솔린 2WD,C63 AMG,,16688,1289,955,511,12,
5576,수입,벤츠,CLS-클래스,CLS-클래스 W218,가솔린 2WD,CLS350,,16688,743,150,65,7,
5577,수입,벤츠,C-클래스,C-클래스 W206,가솔린 4WD,C200 4MATIC 아방가르드,,16688,1289,243,104,16,
5578,수입,벤츠,S-클래스,S-클래스 W223,가솔린 4WD,S450 4MATIC,,16688,2850,1498,987,29,
5579,수입,벤츠,C-클래스,C-클래스 W204,가솔린 2WD,C250,,16688,1289,77,50,1,
5580,수입,벤츠,E-클래스,E-클래스 W214,가솔린 4WD,E450 4MATIC,,16688,4524,917,353,9,
5581,수입,벤츠,GLC-클래스,GLC-클래스 X254,디젤 4WD,GLC220 d 4MATIC,,16688,1468,466,54,54,
5582,수입,벤츠,E-클래스,E-클래스 W211,가솔린 2WD,E500,,16688,4524,38,30,1,
5583,수입,벤츠,E-클래스,E-클래스 W213,가솔린 4WD,E350 4MATIC 익스클루시브,,16688,4524,3182,1140,47,
5584,수입,벤츠,S-클래스,S-클래스 W221,가솔린 2WD,S550V,,16688,2850,154,106,4,
5585,수입,벤츠,GLC-클래스,GLC-클래스 X253,가솔린 4WD,AMG GLC63 S 4MATIC+ 쿠페,,16688,1468,1002,508,7,
5586,수입,벤츠,E-클래스,E-클래스 W212,가솔린 2WD,E350 카브리올레,,16688,4524,376,189,9,
5587,수입,벤츠,S-클래스,S-클래스 W222,가솔린 4WD,S63 AMG 4MATIC+ 퍼포먼스 에디션,,16688,2850,1182,520,13,
5588,수입,벤츠,E-클래스,E-클래스 W214,가솔린 4WD,E450 4MATIC AMG Line,,16688,4524,917,353,8,
5589,수입,벤츠,GLE-클래스,GLE-클래스 W166,가솔린 4WD,AMG GLE63 4MATIC,,16688,1411,161,22,5,
5590,수입,벤츠,S-클래스,S-클래스 W223,가솔린 4WD,S500 4MATIC,,16688,2850,1498,987,14,
5591,수입,벤츠,C-클래스,C-클래스 W205,가솔린 2WD,C63 AMG 카브레올레,,16688,1289,955,511,7,
5592,수입,벤츠,E-클래스,E-클래스 W213,가솔린 4WD,E300 4MATIC AMG Line,,16688,4524,3182,1140,42,
5593,수입,벤츠,CLS-클래스,CLS-클래스 C257,디젤 2WD,CLS300d AMG Line,,16688,743,568,87,87,
5594,수입,벤츠,CLS-클래스,CLS-클래스 W218,가솔린 2WD,CLS400 AMG Line,,16688,743,150,65,7,
5595,수입,벤츠,E-클래스,E-클래스 W212,가솔린 2WD,E200 CGI 아방가르드,,16688,4524,376,189,6,
5596,수입,벤츠,S-클래스,S-클래스 W221,가솔린 2WD,S500L AMG SP,,16688,2850,154,106,3,
5597,수입,벤츠,S-클래스,S-클래스 W222,가솔린 4WD,S63 AMG 4MATIC 쿠페,,16688,2850,1182,520,12,
5598,수입,벤츠,GLE-클래스,GLE-클래스 W167,디젤 4WD,GLE300d 4MATIC,,16688,1411,1250,479,211,
5599,수입,벤츠,CLS-클래스,CLS-클래스 W218,가솔린 2WD,CLS350 AMG 스포츠패키지,,16688,743,150,65,3,
5600,수입,벤츠,E-클래스,E-클래스 W214,가솔린 4WD,E300 4MATIC AMG Line 프리미어 스페셜,,16688,4524,917,353,5,
5601,수입,벤츠,E-클래스,E-클래스 W213,가솔린 4WD,E53 AMG 4MATIC+ 쿠페,,16688,4524,3182,1140,35,
5602,수입,벤츠,C-클래스,C-클래스 W205,가솔린 2WD,C63 AMG 쿠페,,16688,1289,955,511,6,
5603,수입,벤츠,S-클래스,S-클래스 W221,가솔린 2WD,S500L 데지뇨 에디션,,16688,2850,154,106,2,
5604,수입,벤츠,GLE-클래스,GLE-클래스 W167,디젤 4WD,GLE400d 4MATIC 쿠페,,16688,1411,1250,479,204,
5605,수입,벤츠,S-클래스,S-클래스 W223,가솔린 4WD,마이바흐 S680 4MATIC 오뜨 부아튀르 에디션,,16688,2850,1498,987,5,
5606,수입,벤츠,C-클래스,C-클래스 W204,디젤 2WD,C220 CDI 아방가르드,,16688,1289,77,20,6,
5607,수입,벤츠,S-클래스,S-클래스 W222,가솔린 4WD,S63 AMG 4MATIC+ 쿠페,,16688,2850,1182,520,12,
5608,수입,벤츠,E-클래스,E-클래스 W212,가솔린 2WD,E200 엘레강스,,16688,4524,376,189,5,
5609,수입,벤츠,E-클래스,E-클래스 W213,가솔린 4WD,E350 4MATIC AMG Line 에디션,,16688,4524,3182,1140,21,
5610,수입,벤츠,GLE-클래스,GLE-클래스 W166,가솔린 2WD,GLE350,,16688,1411,161,2,2,
5611,수입,벤츠,E-클래스,E-클래스 W211,가솔린 4WD,E350 4MATIC,,16688,4524,38,7,7,
5612,수입,벤츠,C-클래스,C-클래스 W205,가솔린 2WD,C63 S AMG 쿠페,,16688,1289,955,511,5,
5613,수입,벤츠,S-클래스,S-클래스 W221,가솔린 2WD,S350,,16688,2850,154,106,1,
5614,수입,벤츠,S-클래스,S-클래스 W223,가솔린 4WD,마이바흐 S680 4MATIC 에디션100,,16688,2850,1498,987,3,
5615,수입,벤츠,C-클래스,C-클래스 W204,디젤 2WD,C220 CDI 쿠페,,16688,1289,77,20,6,
5616,수입,벤츠,S-클래스,S-클래스 W222,가솔린 4WD,S400 4MATIC 쿠페,,16688,2850,1182,520,5,
5617,수입,벤츠,E-클래스,E-클래스 W212,가솔린 2WD,E200 아방가르드,,16688,4524,376,189,3,
5618,수입,벤츠,GLC-클래스,GLC-클래스 X253,가솔린+전기 4WD,GLC300e 4MATIC,,16688,1468,1002,263,95,
5619,수입,벤츠,C-클래스,C-클래스 W205,가솔린 2WD,C63 S AMG,,16688,1289,955,511,3,
5620,수입,벤츠,E-클래스,E-클래스 W213,가솔린 4WD,E400 4MATIC 익스클루시브,,16688,4524,3182,1140,20,
5621,수입,벤츠,E-클래스,E-클래스 W214,디젤 4WD,E220d 4MATIC 익스클루시브,,16688,4524,917,80,80,
5622,수입,벤츠,S-클래스,S-클래스 W221,가솔린 2WD,S65 AMG,,16688,2850,154,106,1,
5623,수입,벤츠,E-클래스,E-클래스 W212,가솔린 2WD,E400 카브리올레,,16688,4524,376,189,3,
5624,수입,벤츠,S-클래스,S-클래스 W223,가솔린 4WD,마이바흐 S580 4MATIC 나이트폴,,16688,2850,1498,987,2,
5625,수입,벤츠,E-클래스,E-클래스 W211,디젤 2WD,E220 CDI,,16688,4524,38,1,1,
5626,수입,벤츠,CLS-클래스,CLS-클래스 W218,가솔린 4WD,CLS63 AMG 4MATIC,,16688,743,150,13,12,
5627,수입,벤츠,C-클래스,C-클래스 W204,디젤 2WD,C220 CDI,,16688,1289,77,20,5,
5628,수입,벤츠,GLC-클래스,GLC-클래스 X253,가솔린+전기 4WD,GLC350e 4MATIC 프리미엄,,16688,1468,1002,263,85,
5629,수입,벤츠,GLE-클래스,GLE-클래스 W167,디젤 4WD,GLE450d 4MATIC 쿠페,,16688,1411,1250,479,64,
5630,수입,벤츠,E-클래스,E-클래스 W213,가솔린 4WD,E63 AMG 4MATIC+,,16688,4524,3182,1140,16,
5631,수입,벤츠,E-클래스,E-클래스 W212,가솔린 2WD,E400 쿠페,,16688,4524,376,189,3,
5632,수입,벤츠,CLS-클래스,CLS-클래스 W218,가솔린 4WD,CLS63 AMG S 4MATIC,,16688,743,150,13,1,
5633,수입,벤츠,S-클래스,S-클래스 W222,가솔린 4WD,S550L 4MATIC,,16688,2850,1182,520,5,
5634,수입,벤츠,S-클래스,S-클래스 W223,가솔린 4WD,마이바흐 S580 4MATIC 메트로폴리탄 나이트워크,,16688,2850,1498,987,2,
5635,수입,벤츠,C-클래스,C-클래스 W204,디젤 2WD,C220 CDI 블루이피션시,,16688,1289,77,20,3,
5636,수입,벤츠,E-클래스,E-클래스 W213,가솔린 4WD,E300 4MATIC 아방가르드 인텔리전트 드라이브,,16688,4524,3182,1140,14,
5637,수입,벤츠,S-클래스,S-클래스 W221,가솔린 4WD,S500L 4MATIC,,16688,2850,154,25,10,
5638,수입,벤츠,E-클래스,E-클래스 W212,가솔린 2WD,E300 아방가르드 스포츠 패키지,,16688,4524,376,189,2,
5639,수입,벤츠,S-클래스,S-클래스 W223,가솔린 4WD,S450L 4MATIC AMG Line,,16688,2850,1498,987,1,
5640,수입,벤츠,C-클래스,C-클래스 W205,디젤 2WD,C220 d 아방가르드,,16688,1289,955,182,134,
5641,수입,벤츠,GLE-클래스,GLE-클래스 W167,가솔린+전기 4WD,GLE350e 4MATIC,,16688,1411,1250,46,31,
5642,수입,벤츠,GLC-클래스,GLC-클래스 X253,가솔린+전기 4WD,GLC300e 4MATIC 쿠페,,16688,1468,1002,263,48,
5643,수입,벤츠,E-클래스,E-클래스 W213,가솔린 4WD,E300 4MATIC 익스클루시브 스탠다드,,16688,4524,3182,1140,13,
5644,수입,벤츠,E-클래스,E-클래스 W212,가솔린 2WD,E63 AMG,,16688,4524,376,189,1,
5645,수입,벤츠,S-클래스,S-클래스 W222,가솔린 4WD,S450 4MATIC 쿠페,,16688,2850,1182,520,3,
5646,수입,벤츠,CLS-클래스,CLS-클래스 W218,디젤 2WD,CLS250 CDI,,16688,743,150,6,3,
5647,수입,벤츠,GLE-클래스,GLE-클래스 W167,가솔린+전기 4WD,GLE350e 4MATIC 쿠페,,16688,1411,1250,46,12,
5648,수입,벤츠,E-클래스,E-클래스 W214,가솔린+전기 4WD,AMG E53e 4MATIC+,,16688,4524,917,63,33,
5649,수입,벤츠,GLC-클래스,GLC-클래스 X253,가솔린+전기 4WD,GLC350e 4MATIC,,16688,1468,1002,263,19,
5650,수입,벤츠,S-클래스,S-클래스 W221,가솔린 4WD,S500L 블루이피션시 4MATIC,,16688,2850,154,25,7,
5651,수입,벤츠,C-클래스,C-클래스 W205,디젤 2WD,C200 d,,16688,1289,955,182,22,
5652,수입,벤츠,CLS-클래스,CLS-클래스 W218,디젤 2WD,CLS250 CDI 슈팅브레이크,,16688,743,150,6,3,
5653,수입,벤츠,E-클래스,E-클래스 W213,가솔린 4WD,E400 4MATIC 쿠페,,16688,4524,3182,1140,13,
5654,수입,벤츠,S-클래스,S-클래스 W221,가솔린 4WD,S550L 4MATIC,,16688,2850,154,25,4,
5655,수입,벤츠,GLC-클래스,GLC-클래스 X253,가솔린+전기 4WD,GLC350e 4MATIC AMG Line,,16688,1468,1002,263,15,
5656,수입,벤츠,S-클래스,S-클래스 W223,가솔린 4WD,S450L 4MATIC 익스클루시브,,16688,2850,1498,987,1,
5657,수입,벤츠,E-클래스,E-클래스 W214,가솔린+전기 4WD,E350e 4MATIC,,16688,4524,917,63,30,
5658,수입,벤츠,C-클래스,C-클래스 W205,디젤 2WD,C220 블루텍 아방가르드,,16688,1289,955,182,15,
5659,수입,벤츠,C-클래스,C-클래스 W204,디젤 4WD,C220 CDI 4MATIC 에디션 C,,16688,1289,77,6,6,
5660,수입,벤츠,S-클래스,S-클래스 W221,가솔린 4WD,S500L 4MATIC 데지뇨 에디션,,16688,2850,154,25,2,
5661,수입,벤츠,E-클래스,E-클래스 W213,가솔린 4WD,E43 AMG 4MATIC,,16688,4524,3182,1140,7,
5662,수입,벤츠,S-클래스,S-클래스 W223,가솔린 4WD,마이바흐 S580 4MATIC 마누팍투어,,16688,2850,1498,987,1,
5663,수입,벤츠,S-클래스,S-클래스 W222,가솔린 4WD,S63 AMG 4MATIC 카브리올레,,16688,2850,1182,520,3,
5664,수입,벤츠,GLE-클래스,GLE-클래스 W167,가솔린+전기 4WD,GLE400e 4MATIC 쿠페,,16688,1411,1250,46,3,
5665,수입,벤츠,S-클래스,S-클래스 W221,가솔린 4WD,S550 4MATIC,,16688,2850,154,25,2,
5666,수입,벤츠,GLC-클래스,GLC-클래스 X253,가솔린+전기 4WD,GLC300e 4MATIC 쿠페 프리미엄 패키지,,16688,1468,1002,263,1,
5667,수입,벤츠,E-클래스,E-클래스 W213,가솔린 4WD,E300 4MATIC 익스클루시브 인텔리전트 드라이브,,16688,4524,3182,1140,2,
5668,수입,벤츠,E-클래스,E-클래스 W212,디젤 2WD,E220 CDI 아방가르드,,16688,4524,376,105,58,
5669,수입,벤츠,C-클래스,C-클래스 W205,디젤 2WD,C220 블루텍 익스클루시브,,16688,1289,955,182,5,
5670,수입,벤츠,C-클래스,C-클래스 W204,가솔린 4WD,C300 4MATIC,,16688,1289,77,1,1,
5671,수입,벤츠,S-클래스,S-클래스 W222,가솔린 4WD,S63 AMG 4MATIC+ 카브리올레,,16688,2850,1182,520,2,
5672,수입,벤츠,E-클래스,E-클래스 W212,디젤 2WD,E220 블루텍 아방가르드,,16688,4524,376,105,26,
5673,수입,벤츠,A-클래스,A-클래스 W177,가솔린 2WD,A220 세단,,16688,554,481,316,190,
5674,수입,벤츠,C-클래스,C-클래스 W205,디젤 2WD,C220 d 익스클루시브,,16688,1289,955,182,4,
5675,수입,벤츠,S-클래스,S-클래스 W222,가솔린 4WD,마이바흐 S560 4MATIC 로데오 드라이브 LA 에디션,,16688,2850,1182,520,1,
5676,수입,벤츠,S-클래스,S-클래스 W223,디젤 4WD,S400 d 4MATIC,,16688,2850,1498,299,241,
5677,수입,벤츠,E-클래스,E-클래스 W212,디젤 2WD,E220 블루텍 아방가르드 스포츠,,16688,4524,376,105,21,
5678,수입,벤츠,E-클래스,E-클래스 W213,가솔린 2WD,E250 익스클루시브,,16688,4524,3182,1135,275,
5679,수입,벤츠,A-클래스,A-클래스 W177,가솔린 2WD,A220 해치백,,16688,554,481,316,126,
5680,수입,벤츠,GLC-클래스,GLC-클래스 X253,디젤 4WD,GLC220 d 4MATIC,,16688,1468,1002,228,79,
5681,수입,벤츠,C-클래스,C-클래스 W205,디젤 2WD,C220 d 쿠페,,16688,1289,955,182,2,
5682,수입,벤츠,S-클래스,S-클래스 W221,디젤 2WD,S350 블루텍,,16688,2850,154,22,18,
5683,수입,벤츠,A-클래스,A-클래스 W176,가솔린 2WD,A200,,16688,554,73,35,27,
5684,수입,벤츠,S-클래스,S-클래스 W223,디젤 4WD,S350 d 4MATIC,,16688,2850,1498,299,35,
5685,수입,벤츠,E-클래스,E-클래스 W213,가솔린 2WD,E250 아방가르드,,16688,4524,3182,1135,253,
5686,수입,벤츠,S-클래스,S-클래스 W221,디젤 2WD,S350 CDI,,16688,2850,154,22,3,
5687,수입,벤츠,G-클래스,G-클래스 W463b,가솔린 4WD,AMG G63,,16688,500,282,255,126,
5688,수입,벤츠,G-클래스,G-클래스 W463,가솔린 4WD,G63 AMG,,16688,500,48,28,15,
5689,수입,벤츠,A-클래스,A-클래스 W176,가솔린 2WD,A200 AMG Line,,16688,554,73,35,8,
5690,수입,벤츠,S-클래스,S-클래스 W222,디젤 4WD,S350 d 4MATIC,,16688,2850,1182,354,162,
5691,수입,벤츠,G-클래스,G-클래스 W460,디젤,300GD,,16688,500,1,1,1,
5692,수입,벤츠,E-클래스,E-클래스 W213,가솔린 2WD,E300 아방가르드,,16688,4524,3182,1135,191,
5693,수입,벤츠,C-클래스,C-클래스 W205,디젤 4WD,C220 d 4MATIC,,16688,1289,955,166,83,
5694,수입,벤츠,G-클래스,G-클래스 W463b,가솔린 4WD,AMG G63 에디션,,16688,500,282,255,52,
5695,수입,벤츠,GLC-클래스,GLC-클래스 X253,디젤 4WD,GLC220 d 4MATIC 쿠페,,16688,1468,1002,228,61,
5696,수입,벤츠,G-클래스,G-클래스 W465,디젤 4WD,G450d,,16688,500,169,112,106,
5697,수입,벤츠,E-클래스,E-클래스 W213,가솔린 2WD,E200 아방가르드,,16688,4524,3182,1135,157,
5698,수입,벤츠,A-클래스,A-클래스 W177,가솔린 4WD,AMG A35 4MATIC 세단,,16688,554,481,151,54,
5699,수입,벤츠,S-클래스,S-클래스 W222,디젤 4WD,S350L d 4MATIC,,16688,2850,1182,354,52,
5700,수입,벤츠,G-클래스,G-클래스 W463,가솔린 4WD,G500,,16688,500,48,28,8,
5701,수입,벤츠,S-클래스,S-클래스 W223,디젤 4WD,S450 d 4MATIC,,16688,2850,1498,299,18,
5702,수입,벤츠,E-클래스,E-클래스 W212,가솔린 4WD,E300 4MATIC 아방가르드,,16688,4524,376,41,24,
5703,수입,벤츠,S-클래스,S-클래스 W221,디젤 2WD,S320 CDI,,16688,2850,154,22,1,
5704,수입,벤츠,G-클래스,G-클래스 W465,디젤 4WD,G450d 마누팍투어,,16688,500,169,112,6,
5705,수입,벤츠,G-클래스,G-클래스 W463b,가솔린 4WD,AMG G63 마누팍투어,,16688,500,282,255,50,
5706,수입,벤츠,S-클래스,S-클래스 W223,디젤 4WD,S450 d 4MATIC AMG Line,,16688,2850,1498,299,5,
5707,수입,벤츠,E-클래스,E-클래스 W213,가솔린 2WD,E300 익스클루시브,,16688,4524,3182,1135,88,
5708,수입,벤츠,S-클래스,S-클래스 W222,디젤 4WD,S400L d 4MATIC,,16688,2850,1182,354,43,
5709,수입,벤츠,E-클래스,E-클래스 W212,가솔린 4WD,E350 4MATIC 아방가르드,,16688,4524,376,41,13,
5710,수입,벤츠,A-클래스,A-클래스 W176,가솔린 4WD,A45 AMG 4MATIC,,16688,554,73,26,26,
5711,수입,벤츠,A-클래스,A-클래스 W177,가솔린 4WD,AMG A45 4MATIC+ 해치백,,16688,554,481,151,33,
5712,수입,벤츠,E-클래스,E-클래스 W213,가솔린 2WD,E250 AMG Line,,16688,4524,3182,1135,85,
5713,수입,벤츠,S-클래스,S-클래스 W222,디젤 4WD,S350 d 4MATIC AMG Line,,16688,2850,1182,354,42,
5714,수입,벤츠,G-클래스,G-클래스 W463,가솔린 4WD,G63 AMG 에디션 463,,16688,500,48,28,2,
5715,수입,벤츠,C-클래스,C-클래스 W205,디젤 4WD,C220 d 4MATIC 익스클루시브,,16688,1289,955,166,30,
5716,수입,벤츠,E-클래스,E-클래스 W212,가솔린 4WD,E400 4MATIC,,16688,4524,376,41,3,
5717,수입,벤츠,GLC-클래스,GLC-클래스 X253,디젤 4WD,GLC220 d 4MATIC 프리미엄 쿠페,,16688,1468,1002,228,46,
5718,수입,벤츠,G-클래스,G-클래스 W463b,가솔린 4WD,AMG G63 마그노 히어로 에디션,,16688,500,282,255,9,
5719,수입,벤츠,E-클래스,E-클래스 W213,가솔린 2WD,E300 AMG Line,,16688,4524,3182,1135,62,
5720,수입,벤츠,S-클래스,S-클래스 W221,가솔린+전기 2WD,S400L 하이브리드,,16688,2850,154,1,1,
5721,수입,벤츠,A-클래스,A-클래스 W177,가솔린 4WD,A250 4MATIC 세단,,16688,554,481,151,32,
5722,수입,벤츠,G-클래스,G-클래스 W465,가솔린 4WD,AMG G63,,16688,500,169,43,30,
5723,수입,벤츠,G-클래스,G-클래스 W463b,가솔린 4WD,AMG G63 에디션 55,,16688,500,282,255,8,
5724,수입,벤츠,S-클래스,S-클래스 W223,디젤 2WD,S350 d,,16688,2850,1498,193,193,
5725,수입,벤츠,A-클래스,A-클래스 W177,가솔린 4WD,AMG A45 S 4MATIC+ 해치백,,16688,554,481,151,27,
5726,수입,벤츠,G-클래스,G-클래스 W463,가솔린 4WD,G320,,16688,500,48,28,1,
5727,수입,벤츠,G-클래스,G-클래스 W465,가솔린 4WD,AMG G63 마누팍투어,,16688,500,169,43,12,
5728,수입,벤츠,E-클래스,E-클래스 W212,가솔린 4WD,E63 AMG 4MATIC,,16688,4524,376,41,1,
5729,수입,벤츠,C-클래스,C-클래스 W205,디젤 4WD,C220 d 4MATIC 쿠페,,16688,1289,955,166,19,
5730,수입,벤츠,S-클래스,S-클래스 W222,디젤 4WD,S350 블루텍 4MATIC,,16688,2850,1182,354,41,
5731,수입,벤츠,A-클래스,A-클래스 W176,디젤 2WD,A200 CDI 스타일,,16688,554,73,12,5,
5732,수입,벤츠,G-클래스,G-클래스 W463b,가솔린 4WD,AMG G63 K-에디션20,,16688,500,282,255,5,
5733,수입,벤츠,GLC-클래스,GLC-클래스 X253,디젤 4WD,GLC220 d 4MATIC 프리미엄,,16688,1468,1002,228,30,
5734,수입,벤츠,G-클래스,G-클래스 W463,가솔린 4WD,G63 AMG 크레이지 컬러에디션,,16688,500,48,28,1,
5735,수입,벤츠,E-클래스,E-클래스 W213,가솔린 2WD,E300 익스클루시브 스탠다드,,16688,4524,3182,1135,13,
5736,수입,벤츠,G-클래스,G-클래스 W465,가솔린 4WD,AMG G63 지포스 에디션,,16688,500,169,43,1,
5737,수입,벤츠,S-클래스,S-클래스 W222,디젤 4WD,S350L 블루텍 4MATIC,,16688,2850,1182,354,14,
5738,수입,벤츠,A-클래스,A-클래스 W177,가솔린 4WD,AMG A35 S AMG 4MATIC 세단,,16688,554,481,151,5,
5739,수입,벤츠,A-클래스,A-클래스 W176,디젤 2WD,A200 CDI,,16688,554,73,12,3,
5740,수입,벤츠,C-클래스,C-클래스 W205,디젤 4WD,C220 d 4MATIC AMG Line,,16688,1289,955,166,15,
5741,수입,벤츠,E-클래스,E-클래스 W212,디젤 4WD,E250 CDI 4MATIC,,16688,4524,376,40,18,
5742,수입,벤츠,G-클래스,G-클래스 W463,가솔린 4WD,브라부스,,16688,500,48,28,1,
5743,수입,벤츠,S-클래스,S-클래스 W223,가솔린+전기 4WD,AMG S63 E 퍼포먼스 4MATIC,,16688,2850,1498,19,17,
5744,수입,벤츠,G-클래스,G-클래스 W463b,가솔린 4WD,AMG G63 헤리티지 에디션,,16688,500,282,255,4,
5745,수입,벤츠,E-클래스,E-클래스 W213,가솔린 2WD,E300 아방가르드 인텔리전트 드라이브,,16688,4524,3182,1135,5,
5746,수입,벤츠,GLC-클래스,GLC-클래스 X253,디젤 4WD,GLC250 d 4MATIC,,16688,1468,1002,228,8,
5747,수입,벤츠,A-클래스,A-클래스 W176,디젤 2WD,A180 CDI 나이트,,16688,554,73,12,2,
5748,수입,벤츠,S-클래스,S-클래스 W223,가솔린+전기 4WD,S580e 4MATIC,,16688,2850,1498,19,2,
5749,수입,벤츠,G-클래스,G-클래스 W465,전기 4WD,G580 EQ 테크놀로지,,16688,500,169,14,8,
5750,수입,벤츠,S-클래스,S-클래스 W222,가솔린 2WD,S500L,,16688,2850,1182,179,49,
5751,수입,벤츠,E-클래스,E-클래스 W212,디젤 4WD,E250 블루텍 4MATIC 아방가르드,,16688,4524,376,40,18,
5752,수입,벤츠,G-클래스,G-클래스 W465,전기 4WD,G580 EQ 에디션 1,,16688,500,169,14,6,
5753,수입,벤츠,G-클래스,G-클래스 W463b,가솔린 4WD,G500,,16688,500,282,255,1,
5754,수입,벤츠,S-클래스,S-클래스 W222,가솔린 2WD,S350L,,16688,2850,1182,179,43,
5755,수입,벤츠,C-클래스,C-클래스 W205,디젤 4WD,C250 d 4MATIC,,16688,1289,955,166,11,
5756,수입,벤츠,G-클래스,G-클래스 W463,디젤 4WD,G350 블루텍,,16688,500,48,20,13,
5757,수입,벤츠,GLC-클래스,GLC-클래스 X253,디젤 4WD,GLC250 d 4MATIC 쿠페,,16688,1468,1002,228,4,
5758,수입,벤츠,A-클래스,A-클래스 W176,디젤 2WD,A180 CDI 스타일,,16688,554,73,12,2,
5759,수입,벤츠,E-클래스,E-클래스 W212,디젤 4WD,E350 블루텍 4MATIC,,16688,4524,376,40,4,
5760,수입,벤츠,E-클래스,E-클래스 W213,가솔린 2WD,E400 카브리올레,,16688,4524,3182,1135,5,
5761,수입,벤츠,S-클래스,S-클래스 W222,가솔린 2WD,S400L,,16688,2850,1182,179,15,
5762,수입,벤츠,A-클래스,A-클래스 W177,디젤 2WD,A200d 세단,,16688,554,481,14,14,
5763,수입,벤츠,G-클래스,G-클래스 W463,디젤 4WD,G350 d 스포츠 패키지,,16688,500,48,20,7,
5764,수입,벤츠,E-클래스,E-클래스 W213,가솔린 2WD,E450 카브리올레,,16688,4524,3182,1135,1,
5765,수입,벤츠,C-클래스,C-클래스 W205,디젤 4WD,C220 d 4MATIC 에스테이트,,16688,1289,955,166,5,
5766,수입,벤츠,G-클래스,G-클래스 W463b,디젤 4WD,G400d,,16688,500,282,27,27,
5767,수입,벤츠,S-클래스,S-클래스 W222,가솔린 2WD,마이바흐 S650,,16688,2850,1182,179,14,
5768,수입,벤츠,GLC-클래스,GLC-클래스 X253,가솔린 2WD,GLC300,,16688,1468,1002,3,3,
5769,수입,벤츠,C-클래스,C-클래스 W205,디젤 4WD,C250 블루텍 4MATIC,,16688,1289,955,166,3,
5770,수입,벤츠,S-클래스,S-클래스 W222,가솔린 2WD,S450L,,16688,2850,1182,179,13,
5771,수입,벤츠,S-클래스,S-클래스 W222,가솔린 2WD,S600L,,16688,2850,1182,179,12,
5772,수입,벤츠,E-클래스,E-클래스 W213,디젤 4WD,E220d 4MATIC 익스클루시브,,16688,4524,3182,387,187,
5773,수입,벤츠,S-클래스,S-클래스 W222,가솔린 2WD,마이바흐 S600,,16688,2850,1182,179,11,
5774,수입,벤츠,E-클래스,E-클래스 W212,디젤+전기 2WD,E300 블루텍 하이브리드,,16688,4524,376,1,1,
5775,수입,벤츠,CLA-클래스,CLA-클래스 C117,가솔린 4WD,CLA250 4MATIC,,16688,452,134,66,30,
5776,수입,벤츠,CLA-클래스,CLA-클래스 C118,가솔린 4WD,CLA250 4MATIC,,16688,452,318,318,242,
5777,수입,벤츠,GLB-클래스,GLB-클래스 X247,가솔린 4WD,GLB250 4MATIC,,16688,430,430,279,166,
5778,수입,벤츠,C-클래스,C-클래스 W205,가솔린 4WD,C43 AMG 4MATIC,,16688,1289,955,58,18,
5779,수입,벤츠,S-클래스,S-클래스 W222,가솔린 2WD,마이바흐 S500,,16688,2850,1182,179,7,
5780,수입,벤츠,GLS-클래스,GLS-클래스 X167,가솔린 4WD,GLS580 4MATIC,,16688,419,384,256,97,
5781,수입,벤츠,E-클래스,E-클래스 W213,디젤 4WD,E220d 4MATIC AMG Line,,16688,4524,3182,387,141,
5782,수입,벤츠,CLA-클래스,CLA-클래스 C118,가솔린 4WD,AMG CLA 45 S 4MATIC+,,16688,452,318,318,74,
5783,수입,벤츠,S-클래스,S-클래스 W222,가솔린 2WD,S560L,,16688,2850,1182,179,6,
5784,수입,벤츠,GLB-클래스,GLB-클래스 X247,가솔린 4WD,AMG GLB35 4MATIC,,16688,430,430,279,113,
5785,수입,벤츠,CLA-클래스,CLA-클래스 C117,가솔린 4WD,CLA45 AMG 4MATIC,,16688,452,134,66,25,
5786,수입,벤츠,GLS-클래스,GLS-클래스 X166,가솔린 4WD,GLS500 4MATIC,,16688,419,35,25,25,
5787,수입,벤츠,CLA-클래스,CLA-클래스 C118,가솔린 4WD,CLA250 4MATIC 프로그레시브,,16688,452,318,318,2,
5788,수입,벤츠,GLS-클래스,GLS-클래스 X167,가솔린 4WD,마이바흐 GLS600 4MATIC,,16688,419,384,256,72,
5789,수입,벤츠,C-클래스,C-클래스 W205,가솔린 4WD,C43 AMG 4MATIC 쿠페,,16688,1289,955,58,14,
5790,수입,벤츠,E-클래스,E-클래스 W213,디젤 4WD,E220d 4MATIC 아방가르드,,16688,4524,3182,387,38,
5791,수입,벤츠,CLA-클래스,CLA-클래스 C117,가솔린 4WD,CLA250 4MATIC AMG Line,,16688,452,134,66,9,
5792,수입,벤츠,S-클래스,S-클래스 W222,가솔린 2WD,S500L 에디션1,,16688,2850,1182,179,5,
5793,수입,벤츠,E-클래스,E-클래스 W213,디젤 4WD,E300d 4MATIC 쿠페,,16688,4524,3182,387,21,
5794,수입,벤츠,GLS-클래스,GLS-클래스 X167,가솔린 4WD,GLS450 4MATIC,,16688,419,384,256,49,
5795,수입,벤츠,CLA-클래스,CLA-클래스 C117,가솔린 4WD,CLA45 AMG 4MATIC 50주년 에디션,,16688,452,134,66,2,
5796,수입,벤츠,S-클래스,S-클래스 W222,가솔린 2WD,S65 AMG,,16688,2850,1182,179,2,
5797,수입,벤츠,C-클래스,C-클래스 W205,가솔린 4WD,C200 4MATIC AMG Line,,16688,1289,955,58,11,
5798,수입,벤츠,GLS-클래스,GLS-클래스 X167,가솔린 4WD,마이바흐 GLS600 4MATIC 마누팍투어,,16688,419,384,256,31,
5799,수입,벤츠,C-클래스,C-클래스 W205,가솔린 4WD,C43 AMG 4MATIC 카브리올레,,16688,1289,955,58,10,
5800,수입,벤츠,S-클래스,S-클래스 W222,가솔린 2WD,S550L 에디션1,,16688,2850,1182,179,1,
5801,수입,벤츠,CLA-클래스,CLA-클래스 C117,가솔린 2WD,CLA220 AMG Line,,16688,452,134,46,45,
5802,수입,벤츠,GLB-클래스,GLB-클래스 X247,디젤 2WD,GLB200 d,,16688,430,430,98,98,
5803,수입,벤츠,GLS-클래스,GLS-클래스 X167,가솔린 4WD,AMG GLS63 4MATIC+,,16688,419,384,256,5,
5804,수입,벤츠,S-클래스,S-클래스 W222,가솔린 2WD,S63 AMG,,16688,2850,1182,179,1,
5805,수입,벤츠,E-클래스,E-클래스 W213,디젤 2WD,E220d 아방가르드,,16688,4524,3182,367,115,
5806,수입,벤츠,CLA-클래스,CLA-클래스 C117,가솔린 2WD,CLA250,,16688,452,134,46,1,
5807,수입,벤츠,C-클래스,C-클래스 W205,가솔린 4WD,C200 4MATIC 익스클루시브,,16688,1289,955,58,4,
5808,수입,벤츠,GLS-클래스,GLS-클래스 X166,디젤 4WD,GLS350 d 4MATIC,,16688,419,35,10,10,
5809,수입,벤츠,C-클래스,C-클래스 W205,가솔린 4WD,C450 AMG 4MATIC,,16688,1289,955,58,1,
5810,수입,벤츠,GLS-클래스,GLS-클래스 X167,가솔린 4WD,GLS580 4MATIC AMG Line,,16688,419,384,256,2,
5811,수입,벤츠,E-클래스,E-클래스 W213,디젤 2WD,E220d 익스클루시브,,16688,4524,3182,367,97,
5812,수입,벤츠,CLA-클래스,CLA-클래스 C117,디젤 2WD,CLA200 d,,16688,452,134,18,11,
5813,수입,벤츠,GLB-클래스,GLB-클래스 X247,가솔린 2WD,GLB220,,16688,430,430,53,53,
5814,수입,벤츠,S-클래스,S-클래스 W222,디젤 2WD,S350L 블루텍,,16688,2850,1182,115,55,
5815,수입,벤츠,E-클래스,E-클래스 W213,디젤 2WD,E220d 카브리올레,,16688,4524,3182,367,81,
5816,수입,벤츠,S-클래스,S-클래스 W222,디젤 2WD,S350 d,,16688,2850,1182,115,28,
5817,수입,벤츠,CLA-클래스,CLA-클래스 C117,디젤 2WD,CLA200 CDI,,16688,452,134,18,7,
5818,수입,벤츠,GLS-클래스,GLS-클래스 X167,디젤 4WD,GLS400d 4MATIC,,16688,419,384,128,104,
5819,수입,벤츠,E-클래스,E-클래스 W213,디젤 2WD,E220d 쿠페,,16688,4524,3182,367,67,
5820,수입,벤츠,S-클래스,S-클래스 W222,디젤 2WD,S350 블루텍,,16688,2850,1182,115,24,
5821,수입,벤츠,C-클래스,C-클래스 W205,가솔린+전기 2WD,C350e,,16688,1289,955,25,25,
5822,수입,벤츠,E-클래스,E-클래스 W213,디젤 2WD,E350d,,16688,4524,3182,367,7,
5823,수입,벤츠,AMG GT,AMG GT,가솔린 3000cc,4도어 43 4MATIC+,,16688,403,385,341,299,
5824,수입,벤츠,AMG GT,AMG GT C192,가솔린 4000cc,AMG GT55 4MATIC+,,16688,403,18,16,16,
5825,수입,벤츠,GLS-클래스,GLS-클래스 X167,디젤 4WD,GLS450d 4MATIC,,16688,419,384,128,24,
5826,수입,벤츠,CLA-클래스,CLA-클래스 C117,디젤 4WD,CLA200 CDI 4MATIC,,16688,452,134,4,2,
5827,수입,벤츠,S-클래스,S-클래스 W222,디젤 2WD,S350L d,,16688,2850,1182,115,7,
5828,수입,벤츠,C-클래스,C-클래스 W205,가솔린+전기 4WD,C300e 4MATIC AMG Line,,16688,1289,955,13,13,
5829,수입,벤츠,AMG GT,AMG GT C192,가솔린+전기 4000cc,AMG GT63 S E 퍼포먼스 4MATIC+,,16688,403,18,2,2,
5830,수입,벤츠,AMG GT,AMG GT,가솔린 3000cc,4도어 43 4MATIC+ 다이나믹,,16688,403,385,341,32,
5831,수입,벤츠,CLA-클래스,CLA-클래스 C117,디젤 4WD,CLA200 d 4MATIC,,16688,452,134,4,2,
5832,수입,벤츠,E-클래스,E-클래스 W213,가솔린+전기 4WD,E300e 4MATIC 익스클루시브,,16688,4524,3182,117,117,
5833,수입,벤츠,S-클래스,S-클래스 W222,디젤 2WD,S400L d,,16688,2850,1182,115,1,
5834,수입,벤츠,AMG GT,AMG GT,가솔린 3000cc,4도어 43 4MATIC+ 스페셜 에디션,,16688,403,385,341,8,
5835,수입,벤츠,AMG GT,AMG GT,가솔린 3000cc,4도어 43 4MATIC+ 다이나믹 골든 데이라이트,,16688,403,385,341,2,
5836,수입,벤츠,E-클래스,E-클래스 W213,가솔린+전기 2WD,E300e 익스클루시브,,16688,4524,3182,36,36,
5837,수입,벤츠,S-클래스,S-클래스 W222,가솔린+전기 2WD,S560eL,,16688,2850,1182,13,10,
5838,수입,벤츠,CLE-클래스,CLE-클래스 C236,가솔린 2WD,CLE200 카브리올레,,16688,333,333,227,135,
5839,수입,벤츠,EQS,EQS SUV X296,전기 4WD,EQS580 4MATIC,,16688,168,71,71,29,
5840,수입,벤츠,GLA-클래스,GLA-클래스 X156,가솔린 2WD,GLA220,,16688,318,180,103,59,
5841,수입,벤츠,S-클래스,S-클래스 W222,가솔린+전기 2WD,S400 하이브리드,,16688,2850,1182,13,2,
5842,수입,벤츠,CLE-클래스,CLE-클래스 C236,가솔린 2WD,CLE200 쿠페,,16688,333,333,227,92,
5843,수입,벤츠,EQS,EQS V297,전기 2WD,EQS350,,16688,168,97,67,32,
5844,수입,벤츠,EQS,EQS SUV X296,전기 4WD,EQS450 4MATIC,,16688,168,71,71,24,
5845,수입,벤츠,S-클래스,S-클래스 W222,가솔린+전기 2WD,S550L 플러그인 하이브리드,,16688,2850,1182,13,1,
5846,수입,벤츠,AMG GT,AMG GT,가솔린 4000cc,4도어 63 S 4MATIC+,,16688,403,385,44,33,
5847,수입,벤츠,GLA-클래스,GLA-클래스 X156,가솔린 2WD,GLA220 프리미엄,,16688,318,180,103,44,
5848,수입,벤츠,EQS,EQS SUV X296,전기 4WD,마이바흐 EQS680 4MATIC,,16688,168,71,71,7,
5849,수입,벤츠,GLA-클래스,GLA-클래스 H247,가솔린 4WD,GLA250 4MATIC,,16688,318,138,116,80,
5850,수입,벤츠,EQE,EQE SUV X294,전기 4WD,EQE500 4MATIC,,16688,133,69,59,25,
5851,수입,벤츠,EQS,EQS V297,전기 2WD,EQS450+ AMG 라인,,16688,168,97,67,22,
5852,수입,벤츠,CLE-클래스,CLE-클래스 C236,가솔린 4WD,AMG CLE53 4MATIC+ 카브리올레,,16688,333,333,106,34,
5853,수입,벤츠,EQS,EQS SUV X296,전기 4WD,EQS580 4MATIC 런치에디션,,16688,168,71,71,5,
5854,수입,벤츠,AMG GT,AMG GT,가솔린 4000cc,4.0,,16688,403,385,44,7,
5855,수입,벤츠,EQE,EQE SUV X294,전기 4WD,EQE350 4MATIC,,16688,133,69,59,21,
5856,수입,벤츠,S-클래스,S-클래스 W222,가솔린+전기 4WD,S450L 4MATIC 하이브리드,,16688,2850,1182,1,1,
5857,수입,벤츠,EQS,EQS SUV X296,전기 4WD,EQS450 4MATIC 온라인에디션,,16688,168,71,71,4,
5858,수입,벤츠,EQS,EQS V297,전기 2WD,EQS450+,,16688,168,97,67,13,
5859,수입,벤츠,AMG GT,AMG GT,가솔린 4000cc,S 4.0,,16688,403,385,44,2,
5860,수입,벤츠,EQE,EQE SUV X294,전기 4WD,EQE53 AMG 4MATIC+,,16688,133,69,59,9,
5861,수입,벤츠,GLA-클래스,GLA-클래스 H247,가솔린 4WD,GLA45 AMG 4MATIC+,,16688,318,138,116,36,
5862,수입,벤츠,EQE,EQE V295,전기 2WD,EQE350+,,16688,133,64,47,40,
5863,수입,벤츠,GLA-클래스,GLA-클래스 X156,가솔린 4WD,GLA45 AMG 4MATIC,,16688,318,180,48,37,
5864,수입,벤츠,CLE-클래스,CLE-클래스 C236,가솔린 4WD,CLE450 4MATIC 쿠페,,16688,333,333,106,32,
5865,수입,벤츠,EQS,EQS SUV X296,전기 4WD,EQS450 4MATIC 런치에디션,,16688,168,71,71,2,
5866,수입,벤츠,EQE,EQE SUV X294,전기 4WD,EQE500 4MATIC 런치에디션,,16688,133,69,59,4,
5867,수입,벤츠,EQE,EQE V295,전기 2WD,EQE300,,16688,133,64,47,7,
5868,수입,벤츠,CLE-클래스,CLE-클래스 C236,가솔린 4WD,CLE450 4MATIC 카브리올레,,16688,333,333,106,25,
5869,수입,벤츠,AMG GT,AMG GT,가솔린 4000cc,R 4.0,,16688,403,385,44,1,
5870,수입,벤츠,EQS,EQS V297,전기 4WD,EQS450 4MATIC,,16688,168,97,30,18,
5871,수입,벤츠,GLA-클래스,GLA-클래스 X156,가솔린 4WD,GLA250 4MATIC,,16688,318,180,48,7,
5872,수입,벤츠,GLA-클래스,GLA-클래스 H247,가솔린 2WD,GLA220,,16688,318,138,22,22,
5873,수입,벤츠,EQS,EQS V297,전기 4WD,EQS53 AMG 4MATIC+,,16688,168,97,30,12,
5874,수입,벤츠,AMG GT,AMG GT,가솔린 4000cc,S 4.0 에디션1,,16688,403,385,44,1,
5875,수입,벤츠,EQE,EQE SUV X294,전기 2WD,EQE350+,,16688,133,69,10,10,
5876,수입,벤츠,EQE,EQE V295,전기 4WD,EQE53 AMG 4MATIC+,,16688,133,64,17,10,
5877,수입,벤츠,CLE-클래스,CLE-클래스 C236,가솔린 4WD,AMG CLE53 4MATIC+ 쿠페,,16688,333,333,106,15,
5878,수입,벤츠,EQE,EQE V295,전기 4WD,EQE350 4MATIC,,16688,133,64,17,7,
5879,수입,벤츠,EQB,EQB X243,전기,EQB300 4MATIC AMG 라인,,16688,118,118,118,44,
5880,수입,벤츠,GLA-클래스,GLA-클래스 X156,가솔린 4WD,GLA45 AMG 4MATIC 50주년 에디션,,16688,318,180,48,4,
5881,수입,벤츠,EQB,EQB X243,전기,EQB300 4MATIC 프로그레시브,,16688,118,118,118,38,
5882,수입,벤츠,스프린터,스프린터,디젤 3000cc,3.0 디젤,W907,16688,89,89,81,81,44
5883,수입,벤츠,스프린터,스프린터,디젤 3000cc,3.0 디젤,W906,16688,89,89,81,81,37
5884,수입,벤츠,EQB,EQB X243,전기,EQB300 4MATIC,,16688,118,118,118,23,
5885,수입,벤츠,EQA,EQA H243,전기,EQA250 AMG 라인,,16688,111,111,111,54,
5886,수입,벤츠,GLA-클래스,GLA-클래스 X156,디젤 4WD,GLA200 d 4MATIC,,16688,318,180,17,10,
5887,수입,벤츠,EQB,EQB X243,전기,EQB300 4MATIC 일렉트릭 아트,,16688,118,118,118,13,
5888,수입,벤츠,B-클래스,B-클래스 W245,가솔린 2WD,B200,,16688,68,8,8,8,
5889,수입,벤츠,스프린터,스프린터,디젤 2000cc,2.0 디젤,,16688,89,89,6,6,
5890,수입,벤츠,SL-클래스,SL-클래스,가솔린 2WD,SL500,R230,16688,83,10,10,3,3
5891,수입,벤츠,GLA-클래스,GLA-클래스 X156,디젤 4WD,GLA200 CDI 4MATIC,,16688,318,180,17,5,
5892,수입,벤츠,EQA,EQA H243,전기,EQA250 프로그레시브,,16688,111,111,111,21,
5893,수입,벤츠,B-클래스,B-클래스 W246,디젤 2WD,B200 d,,16688,68,60,42,15,
5894,수입,벤츠,SL-클래스,SL-클래스,가솔린 2WD,SL55 AMG,R230,16688,83,10,10,3,3
5895,수입,벤츠,GLA-클래스,GLA-클래스 X156,디젤 4WD,GLA200 d 4MATIC 액티비티 에디션,,16688,318,180,17,2,
5896,수입,벤츠,SL-클래스,SL-클래스 R232,가솔린 4WD,AMG SL63 4MATIC+,,16688,83,48,32,22,
5897,수입,벤츠,EQA,EQA H243,전기,EQA250 AMG 패키지,,16688,111,111,111,13,
5898,수입,벤츠,B-클래스,B-클래스 W246,디젤 2WD,B200 CDI 블루이피션시,,16688,68,60,42,11,
5899,수입,벤츠,SL-클래스,뉴 SL-클래스,가솔린,SL400,R231,16688,83,25,25,16,16
5900,수입,벤츠,SL-클래스,SL-클래스 R232,가솔린 4WD,AMG SL63 4MATIC+ 퍼포먼스,,16688,83,48,32,6,
5901,수입,벤츠,스프린터,스프린터,가솔린 2000cc,2.0,,16688,89,89,1,1,
5902,수입,벤츠,EQA,EQA H243,전기,EQA250 AMG 패키지 플러스,,16688,111,111,111,13,
5903,수입,벤츠,B-클래스,B-클래스 W246,디젤 2WD,B200 CDI,,16688,68,60,42,8,
5904,수입,벤츠,GLA-클래스,GLA-클래스 X156,디젤 2WD,GLA200 d,,16688,318,180,12,7,
5905,수입,벤츠,SL-클래스,SL-클래스 R232,가솔린 4WD,AMG SL63 4MATIC+ 마누팍투어,,16688,83,48,32,4,
5906,수입,벤츠,GLK-클래스,GLK-클래스 X204,디젤 2100cc,GLK220 CDI 프리미엄,,16688,44,44,44,21,
5907,수입,벤츠,EQA,EQA H243,전기,EQA250,,16688,111,111,111,7,
5908,수입,벤츠,B-클래스,B-클래스 W246,디젤 2WD,B200 CDI 블루이피션시 스포츠팩,,16688,68,60,42,8,
5909,수입,벤츠,스프린터,스프린터,가솔린 3500cc,3.5,906,16688,89,89,1,1,1
5910,수입,벤츠,GLA-클래스,GLA-클래스 X156,디젤 2WD,GLA200 CDI,,16688,318,180,12,5,
5911,수입,벤츠,SL-클래스,SL-클래스,가솔린 2WD,SL350,R230,16688,83,10,10,2,2
5912,수입,벤츠,EQA,EQA H243,전기,EQA250 일렉트릭 아트,,16688,111,111,111,3,
5913,수입,벤츠,GLK-클래스,GLK-클래스 X204,디젤 2100cc,GLK220 CDI,,16688,44,44,44,14,
5914,수입,벤츠,SL-클래스,SL-클래스,가솔린 2WD,450SL,R107,16688,83,10,10,1,1
5915,수입,벤츠,SL-클래스,SL-클래스 R232,가솔린 2WD,AMG SL43,,16688,83,48,16,13,
5916,수입,벤츠,SL-클래스,SL-클래스,가솔린 2WD,SL600,R129,16688,83,10,10,1,1
5917,수입,벤츠,SL-클래스,뉴 SL-클래스,가솔린,SL63 AMG,R231,16688,83,25,25,7,5
5918,수입,벤츠,SL-클래스,뉴 SL-클래스,가솔린,SL63 AMG,R230,16688,83,25,25,7,2
5919,수입,벤츠,GLK-클래스,GLK-클래스 X204,디젤 2100cc,GLK220 CDI 블루이피션시,,16688,44,44,44,9,
5920,수입,벤츠,B-클래스,B-클래스 W246,가솔린 2WD,B220,,16688,68,60,18,18,
5921,수입,벤츠,SL-클래스,SL-클래스 R232,가솔린 2WD,마이바흐 SL680 모노그램 시리즈,,16688,83,48,16,3,
5922,수입,벤츠,SL-클래스,뉴 SL-클래스,가솔린,SL550,R230,16688,83,25,25,2,2
5923,수입,벤츠,SLC-클래스,SLC-클래스 R172,가솔린,AMG SLC43,,16688,25,25,25,11,
5924,수입,벤츠,M-클래스,M-클래스 W166,디젤 4WD,ML350 블루텍 4MATIC,,16688,41,27,25,16,
5925,수입,벤츠,M-클래스,M-클래스 W164,가솔린 4WD,ML350,,16688,41,11,6,4,
5926,수입,벤츠,SLK-클래스,뉴 SLK-클래스,가솔린 3000cc 이하,200 블루이피션시,R172,16688,39,37,26,25,25
5927,수입,벤츠,SLK-클래스,SLK-클래스,가솔린 2000cc,200K,R170,16688,39,2,1,1,1
5928,수입,벤츠,SLC-클래스,SLC-클래스 R172,가솔린,SLC200,,16688,25,25,25,10,
5929,수입,벤츠,M-클래스,M-클래스 W166,디젤 4WD,ML250 블루텍 4MATIC,,16688,41,27,25,9,
5930,수입,벤츠,M-클래스,M-클래스 W164,가솔린 4WD,ML63 AMG,,16688,41,11,6,2,
5931,수입,벤츠,M-클래스,M-클래스 W163,가솔린 4WD,ML350,,16688,41,3,3,2,
5932,수입,벤츠,SLC-클래스,SLC-클래스 R172,가솔린,SLC250,,16688,25,25,25,4,
5933,수입,벤츠,SLK-클래스,뉴 SLK-클래스,가솔린 3000cc 이하,200K,R171,16688,39,37,26,1,1
5934,수입,벤츠,M-클래스,M-클래스 W163,가솔린 4WD,ML320,,16688,41,3,3,1,
5935,수입,벤츠,CL-클래스,CL-클래스 C215,가솔린 2WD,CL600,,16688,14,2,2,2,
5936,수입,벤츠,EQC,EQC N293,전기,EQC400 4MATIC,,16688,21,21,21,14,
5937,수입,벤츠,CL-클래스,CL-클래스 C216,가솔린 2WD,CL63 AMG,,16688,14,11,11,8,
5938,수입,벤츠,CL-클래스,CL-클래스 C140,가솔린 2WD,CL600,,16688,14,1,1,1,
5939,수입,벤츠,EQC,EQC N293,전기,EQC400 4MATIC 에디션 1886,,16688,21,21,21,4,
5940,수입,벤츠,CL-클래스,CL-클래스 C216,가솔린 2WD,CL500,,16688,14,11,11,2,
5941,수입,벤츠,SLK-클래스,SLK-클래스,가솔린 2300cc,230K,R170,16688,39,2,1,1,1
5942,수입,벤츠,M-클래스,M-클래스 W166,가솔린 4WD,ML63 AMG,,16688,41,27,2,2,
5943,수입,벤츠,V-클래스,V-클래스,디젤,V300 CDI,W447,16688,22,22,17,11,11
5944,수입,벤츠,M-클래스,M-클래스 W164,디젤 4WD,ML300 CDI,,16688,41,11,5,2,
5945,수입,벤츠,CL-클래스,CL-클래스 C216,가솔린 2WD,CL550,,16688,14,11,11,1,
5946,수입,벤츠,SLK-클래스,뉴 SLK-클래스,가솔린 3000cc 이상,350,R171,16688,39,37,11,4,4
5947,수입,벤츠,EQC,EQC N293,전기,EQC400 4MATIC 프리미엄,,16688,21,21,21,3,
5948,수입,벤츠,V-클래스,V-클래스,디젤,V220 CDI,W447,16688,22,22,17,3,3
5949,수입,벤츠,V-클래스,V-클래스,디젤,V250 블루텍,W447,16688,22,22,17,3,3
5950,수입,벤츠,SLK-클래스,뉴 SLK-클래스,가솔린 3000cc 이상,55 AMG,R172,16688,39,37,11,3,2
5951,수입,벤츠,SLK-클래스,뉴 SLK-클래스,가솔린 3000cc 이상,55 AMG,R171,16688,39,37,11,3,1
5952,수입,벤츠,GL-클래스,GL-클래스 X164,가솔린 4WD,GL450 4MATIC,,16688,6,1,1,1,
5953,수입,벤츠,GL-클래스,GL-클래스 X166,가솔린 4WD,GL550 4MATIC,,16688,6,5,5,3,
5954,수입,벤츠,SLK-클래스,뉴 SLK-클래스,가솔린 3000cc 이상,350 블루이피션시,R172,16688,39,37,11,2,2
5955,수입,벤츠,M-클래스,M-클래스 W164,디젤 4WD,ML280 CDI,,16688,41,11,5,1,
5956,수입,벤츠,GL-클래스,GL-클래스 X166,가솔린 4WD,GL400 4MATIC,,16688,6,5,5,1,
5957,수입,벤츠,SLK-클래스,뉴 SLK-클래스,가솔린 3000cc 이상,350 AMG,R171,16688,39,37,11,1,1
5958,수입,벤츠,V-클래스,V-클래스,가솔린,2.0,W447,16688,22,22,5,4,4
5959,수입,벤츠,M-클래스,M-클래스 W164,디젤 4WD,ML280 CDI 익스클루시브,,16688,41,11,5,1,
5960,수입,벤츠,SLK-클래스,뉴 SLK-클래스,가솔린 3000cc 이상,350 에디션 10,R171,16688,39,37,11,1,1
5961,수입,벤츠,SEL/SEC,SEL/SEC,가솔린,300SEL,W126,16688,5,5,5,3,3
5962,수입,벤츠,CLK-클래스,CLK-클래스 C209,가솔린 2WD,CLK240 쿠페,,16688,3,3,3,1,
5963,수입,벤츠,V-클래스,V-클래스,가솔린,3.5,W639,16688,22,22,5,1,1
5964,수입,벤츠,M-클래스,M-클래스 W164,디젤 4WD,ML300 CDI 4MATIC 그랜드 에디션,,16688,41,11,5,1,
5965,수입,벤츠,GL-클래스,GL-클래스 X166,가솔린 4WD,GL63 AMG 4MATIC,,16688,6,5,5,1,
5966,수입,벤츠,SEL/SEC,SEL/SEC,가솔린,560SEC,W126,16688,5,5,5,1,1
5967,수입,벤츠,CLK-클래스,CLK-클래스 C209,가솔린 2WD,CLK320 카브리올레,,16688,3,3,3,1,
5968,수입,벤츠,SEL/SEC,SEL/SEC,가솔린,560SEL,W126,16688,5,5,5,1,1
5969,수입,벤츠,CLK-클래스,CLK-클래스 C209,가솔린 2WD,CLK320 쿠페,,16688,3,3,3,1,
5970,수입,벤츠,R-클래스,R-클래스,가솔린 4WD,R350 4MATIC,V251,16688,2,2,2,2,2
5971,수입,벤츠,SLS AMG,SLS AMG,가솔린 6200cc,로드스터,C197,16688,2,2,2,2,2
5972,수입,벤틀리,아르나지,아르나지,가솔린 6800cc,6.8,,329,2,2,2,2,
5973,수입,벤틀리,플라잉스퍼,플라잉스퍼 4세대,가솔린+전기 4000cc,4.0 뮬리너,,329,123,5,5,4,
5974,수입,벤틀리,컨티넨탈,컨티넨탈 GT 4세대,가솔린+전기 4000cc,4.0 GT 스피드,,329,113,20,20,8,
5975,수입,벤틀리,컨티넨탈,컨티넨탈 GT 2세대,가솔린 4000cc,4.0 GT,,329,113,27,16,12,
5976,수입,벤틀리,플라잉스퍼,플라잉스퍼 4세대,가솔린+전기 4000cc,4.0 코어,,329,123,5,5,1,
5977,수입,벤틀리,컨티넨탈,컨티넨탈 GT 4세대,가솔린+전기 4000cc,4.0 GTC 스피드,,329,113,20,20,6,
5978,수입,벤틀리,뮬산,뮬산,가솔린 6800cc,6.8,,329,13,13,13,11,
5979,수입,벤틀리,벤테이가,벤테이가,가솔린 4000cc,4.0 V8,,329,77,77,54,22,
5980,수입,벤틀리,플라잉스퍼,플라잉스퍼 3세대,가솔린 4000cc,4.0,,329,123,79,69,44,
5981,수입,벤틀리,컨티넨탈,컨티넨탈 GT 2세대,가솔린 4000cc,4.0 GT S,,329,113,27,16,2,
5982,수입,벤틀리,플라잉스퍼,플라잉스퍼 1세대,가솔린 6000cc,6.0,,329,123,9,9,6,
5983,수입,벤틀리,컨티넨탈,컨티넨탈 GT 3세대,가솔린 4000cc,4.0 GT,,329,113,60,39,24,
5984,수입,벤틀리,컨티넨탈,컨티넨탈 GT 1세대,가솔린 6000cc,GT 슈퍼스포츠,,329,113,6,6,4,
5985,수입,벤틀리,플라잉스퍼,플라잉스퍼 2세대,가솔린 4000cc,4.0,,329,123,30,20,19,
5986,수입,벤틀리,컨티넨탈,컨티넨탈 GT 4세대,가솔린+전기 4000cc,4.0 GT 뮬리너,,329,113,20,20,2,
5987,수입,벤틀리,뮬산,뮬산,가솔린 6800cc,6.8 스피드,,329,13,13,13,2,
5988,수입,벤틀리,벤테이가,벤테이가,가솔린 4000cc,4.0 V8 아주르,,329,77,77,54,13,
5989,수입,벤틀리,플라잉스퍼,플라잉스퍼 3세대,가솔린 4000cc,4.0 아주르,,329,123,79,69,21,
5990,수입,벤틀리,컨티넨탈,컨티넨탈 GT 2세대,가솔린 4000cc,4.0 GTC,,329,113,27,16,2,
5991,수입,벤틀리,컨티넨탈,컨티넨탈 GT 3세대,가솔린 4000cc,4.0 GT 아주르,,329,113,60,39,11,
5992,수입,벤틀리,플라잉스퍼,플라잉스퍼 2세대,가솔린 4000cc,4.0 S,,329,123,30,20,1,
5993,수입,벤틀리,컨티넨탈,컨티넨탈 GT 1세대,가솔린 6000cc,GT,,329,113,6,6,1,
5994,수입,벤틀리,플라잉스퍼,플라잉스퍼 1세대,가솔린 6000cc,6.0 스피드,,329,123,9,9,3,
5995,수입,벤틀리,컨티넨탈,컨티넨탈 GT 4세대,가솔린+전기 4000cc,4.0 GT 아주르,,329,113,20,20,2,
5996,수입,벤틀리,벤테이가,벤테이가,가솔린 4000cc,4.0 V8 EWB 퍼스트 에디션,,329,77,77,54,7,
5997,수입,벤틀리,컨티넨탈,컨티넨탈 GT 3세대,가솔린 4000cc,4.0 GTS,,329,113,60,39,4,
5998,수입,벤틀리,컨티넨탈,컨티넨탈 GT 1세대,가솔린 6000cc,GT 스피드,,329,113,6,6,1,
5999,수입,벤틀리,브룩랜즈,브룩랜즈,가솔린 6800cc,6.8,1세대,329,1,1,1,1,1
6000,수입,벤틀리,컨티넨탈,컨티넨탈 GT 4세대,가솔린+전기 4000cc,4.0 GT 코어,,329,113,20,20,1,
6001,수입,벤틀리,벤테이가,벤테이가,가솔린 4000cc,4.0 V8 EWB 아주르,,329,77,77,54,4,
6002,수입,벤틀리,컨티넨탈,컨티넨탈 GT 2세대,가솔린 6000cc,6.0 GT,,329,113,27,11,5,
6003,수입,벤틀리,플라잉스퍼,플라잉스퍼 3세대,가솔린 4000cc,4.0 S,,329,123,79,69,4,
6004,수입,벤틀리,컨티넨탈,컨티넨탈 GT 4세대,가솔린+전기 4000cc,4.0 GTC 뮬리너,,329,113,20,20,1,
6005,수입,벤틀리,플라잉스퍼,플라잉스퍼 2세대,가솔린 6000cc,6.0,,329,123,30,10,10,
6006,수입,벤틀리,벤테이가,벤테이가,가솔린 4000cc,4.0 V8 S,,329,77,77,54,3,
6007,수입,벤틀리,컨티넨탈,컨티넨탈 GT 2세대,가솔린 6000cc,6.0 GT 스피드,,329,113,27,11,4,
6008,수입,벤틀리,컨티넨탈,컨티넨탈 GT 3세대,가솔린 6000cc,6.0 GT,,329,113,60,21,16,
6009,수입,벤틀리,벤테이가,벤테이가,가솔린 4000cc,4.0 V8 베이스,,329,77,77,54,2,
6010,수입,벤틀리,플라잉스퍼,플라잉스퍼 3세대,가솔린 6000cc,6.0,,329,123,79,10,10,
6011,수입,벤틀리,컨티넨탈,컨티넨탈 GT 3세대,가솔린 6000cc,6.0 GTC,,329,113,60,21,5,
6012,수입,벤틀리,벤테이가,벤테이가,가솔린 4000cc,4.0 V8 아틀리에 에디션,,329,77,77,54,2,
6013,수입,벤틀리,컨티넨탈,컨티넨탈 GT 2세대,가솔린 6000cc,6.0 GTC,,329,113,27,11,2,
6014,수입,벤틀리,벤테이가,벤테이가,가솔린 4000cc,4.0 V8 EWB 뮬리너,,329,77,77,54,1,
6015,수입,벤틀리,벤테이가,벤테이가,가솔린 6000cc,6.0 W12,,329,77,77,22,22,
6016,수입,벤틀리,벤테이가,벤테이가,가솔린+전기 3000cc,3.0 플러그인 HEV,,329,77,77,1,1,
6017,수입,볼보,S60,S60 3세대,가솔린 2WD,B5 인스크립션,,1974,170,108,108,38,
6018,수입,볼보,XC60,XC60 2세대,가솔린 4WD,T6 인스크립션,,1974,405,373,239,46,
6019,수입,볼보,V60,V60,디젤 2WD,D4,1세대,1974,197,6,4,2,2
6020,수입,볼보,S60,S60,디젤 2WD,D2,2세대,1974,170,62,49,19,19
6021,수입,볼보,XC90,XC90 2세대,가솔린 4WD,T6 인스크립션,,1974,385,377,191,59,
6022,수입,볼보,S90,S90,가솔린 2000cc,T5 인스크립션,,1974,295,295,238,51,
6023,수입,볼보,XC90,XC90,가솔린,3.2,1세대,1974,385,8,5,3,3
6024,수입,볼보,XC60,XC60 2세대,가솔린 4WD,B5 인스크립션,,1974,405,373,239,43,
6025,수입,볼보,XC60,XC60,디젤 2WD,D4,1세대,1974,405,32,23,13,13
6026,수입,볼보,S60,S60 3세대,가솔린 2WD,B5 얼티메이트 브라이트,,1974,170,108,108,32,
6027,수입,볼보,XC40,XC40,가솔린 4WD,B4 인스크립션,,1974,320,314,314,102,
6028,수입,볼보,V60,V60 크로스컨트리 2세대,가솔린 4WD,B5 울트라 AWD,,1974,197,180,180,65,
6029,수입,볼보,V60,V60,디젤 2WD,D2,1세대,1974,197,6,4,1,1
6030,수입,볼보,S90,S90,가솔린 2000cc,B6 AWD 얼티메이트 브라이트,,1974,295,295,238,49,
6031,수입,볼보,XC90,XC90 2세대,가솔린 4WD,B6 얼티메이트 브라이트,,1974,385,377,191,51,
6032,수입,볼보,XC90,XC90,가솔린,2.5T,1세대,1974,385,8,5,2,2
6033,수입,볼보,XC40,XC40 리차지,전기,트윈 얼티메이트,,1974,320,6,6,6,
6034,수입,볼보,S60,S60 3세대,가솔린 2WD,T5 인스크립션,,1974,170,108,108,25,
6035,수입,볼보,XC40,XC40,가솔린 4WD,B4 울트라 브라이트,,1974,320,314,314,68,
6036,수입,볼보,V60,V60 크로스컨트리,가솔린 4WD,T5 AWD,,1974,197,11,6,6,
6037,수입,볼보,XC60,XC60 2세대,가솔린 4WD,B5 얼티메이트 브라이트,,1974,405,373,239,40,
6038,수입,볼보,XC90,XC90 2세대,가솔린 4WD,B6 인스크립션,,1974,385,377,191,42,
6039,수입,볼보,V60,V60,디젤 2WD,D3,1세대,1974,197,6,4,1,1
6040,수입,볼보,S60,S60,디젤 2WD,D3,2세대,1974,170,62,49,18,18
6041,수입,볼보,XC60,XC60,디젤 2WD,D3,1세대,1974,405,32,23,10,10
6042,수입,볼보,S60,S60 3세대,가솔린 2WD,B5 R-디자인,,1974,170,108,108,6,
6043,수입,볼보,XC40,XC40,가솔린 4WD,B4 얼티메이트 브라이트,,1974,320,314,314,47,
6044,수입,볼보,XC60,XC60 2세대,가솔린 4WD,B5 울트라 브라이트 에어 서스,,1974,405,373,239,34,
6045,수입,볼보,V60,V60 크로스컨트리 2세대,가솔린 4WD,B5 프로 AWD,,1974,197,180,180,42,
6046,수입,볼보,XC90,XC90 2세대,가솔린 4WD,B6 울트라 브라이트,,1974,385,377,191,21,
6047,수입,볼보,XC90,XC90,디젤,D5,1세대,1974,385,8,3,3,3
6048,수입,볼보,S60,S60,디젤 2WD,D4,2세대,1974,170,62,49,10,10
6049,수입,볼보,S90,S90,가솔린 2000cc,B5 얼티메이트 브라이트,,1974,295,295,238,28,
6050,수입,볼보,V60,V60 크로스컨트리,디젤 2WD,D4,,1974,197,11,5,5,
6051,수입,볼보,XC60,XC60 2세대,가솔린 4WD,B6 인스크립션,,1974,405,373,239,27,
6052,수입,볼보,V60,V60,가솔린 4WD,폴스타,,1974,197,6,2,2,
6053,수입,볼보,S60,S60 3세대,가솔린 2WD,B5 울트라 브라이트,,1974,170,108,108,5,
6054,수입,볼보,XC40,XC40,가솔린 4WD,T4 R-디자인,,1974,320,314,314,34,
6055,수입,볼보,XC90,XC90 2세대,가솔린 4WD,B6 울트라 다크,,1974,385,377,191,8,
6056,수입,볼보,V60,V60 크로스컨트리 2세대,가솔린 4WD,B5 얼티메이트 AWD,,1974,197,180,180,40,
6057,수입,볼보,S60,S60,디젤 2WD,D5,2세대,1974,170,62,49,2,2
6058,수입,볼보,S60,S60 3세대,가솔린 2WD,T5 모멘텀,,1974,170,108,108,2,
6059,수입,볼보,XC60,XC60,디젤 4WD,D5 AWD,1세대,1974,405,32,7,6,6
6060,수입,볼보,XC40,XC40,가솔린 4WD,T4 인스크립션,,1974,320,314,314,22,
6061,수입,볼보,XC90,XC90 2세대,가솔린 4WD,B6 블랙 에디션,,1974,385,377,191,5,
6062,수입,볼보,S90,S90,가솔린 2000cc,B5 인스크립션,,1974,295,295,238,27,
6063,수입,볼보,V60,V60 크로스컨트리 2세대,가솔린 4WD,T5 프로 AWD,,1974,197,180,180,27,
6064,수입,볼보,XC90,XC90 2세대,가솔린 4WD,T6 모멘텀,,1974,385,377,191,3,
6065,수입,볼보,S60,S60,가솔린 2WD,R,1세대,1974,170,62,9,3,3
6066,수입,볼보,XC40,XC40,가솔린 4WD,B4 R-디자인,,1974,320,314,314,17,
6067,수입,볼보,XC60,XC60,디젤 4WD,D5 R-디자인 AWD,1세대,1974,405,32,7,1,1
6068,수입,볼보,S90,S90,가솔린 2000cc,B5 울트라 브라이트 에어서스,,1974,295,295,238,22,
6069,수입,볼보,XC90,XC90 2세대,가솔린 4WD,B6 모멘텀,,1974,385,377,191,1,
6070,수입,볼보,V60,V60 크로스컨트리 2세대,가솔린 4WD,T5 AWD,,1974,197,180,180,5,
6071,수입,볼보,S60,S60,가솔린 2WD,T5,2세대,1974,170,62,9,3,3
6072,수입,볼보,XC60,XC60 2세대,가솔린 4WD,B5 울트라 브라이트,,1974,405,373,239,19,
6073,수입,볼보,S90,S90,가솔린 2000cc,B6 AWD 인스크립션,,1974,295,295,238,21,
6074,수입,볼보,S60,S60,가솔린 2WD,2.5T,1세대,1974,170,62,9,1,1
6075,수입,볼보,XC40,XC40,가솔린 4WD,B4 울트라 다크,,1974,320,314,314,9,
6076,수입,볼보,XC90,XC90 2세대,가솔린 4WD,T6 R-디자인,,1974,385,377,191,1,
6077,수입,볼보,XC60,XC60,가솔린 4WD,T6 R-디자인,1세대,1974,405,32,2,2,2
6078,수입,볼보,V60,V60 크로스컨트리 2세대,가솔린 4WD,B5 AWD,,1974,197,180,180,1,
6079,수입,볼보,S90,S90,가솔린 2000cc,B5 울트라 브라이트,,1974,295,295,238,13,
6080,수입,볼보,XC60,XC60 2세대,가솔린 4WD,B6 얼티메이트 브라이트,,1974,405,373,239,16,
6081,수입,볼보,S60,S60,가솔린 2WD,T5 R-디자인,2세대,1974,170,62,9,1,1
6082,수입,볼보,XC40,XC40,가솔린 4WD,B4 모멘텀,,1974,320,314,314,6,
6083,수입,볼보,S90,S90,가솔린 2000cc,B5 울트라 다크,,1974,295,295,238,12,
6084,수입,볼보,S60,S60,가솔린 2WD,T6 R-디자인,2세대,1974,170,62,9,1,1
6085,수입,볼보,XC60,XC60 2세대,가솔린 4WD,B6 R-디자인,,1974,405,373,239,6,
6086,수입,볼보,XC40,XC40,가솔린 4WD,B4 블랙 에디션,,1974,320,314,314,5,
6087,수입,볼보,S90,S90,가솔린 2000cc,T5 모멘텀,,1974,295,295,238,7,
6088,수입,볼보,XC60,XC60 2세대,가솔린 4WD,B6 울트라 브라이트,,1974,405,373,239,4,
6089,수입,볼보,XC90,XC90 2세대,가솔린+전기 4WD,T8 인스크립션 하이브리드,,1974,385,377,108,36,
6090,수입,볼보,XC40,XC40,가솔린 4WD,T4 모멘텀,,1974,320,314,314,4,
6091,수입,볼보,S90,S90,가솔린 2000cc,B5 울트라 다크 에어서스,,1974,295,295,238,5,
6092,수입,볼보,XC90,XC90 2세대,가솔린+전기 4WD,T8 R-디자인 하이브리드,,1974,385,377,108,28,
6093,수입,볼보,S60,S60,가솔린 4WD,폴스타,2세대,1974,170,62,4,4,4
6094,수입,볼보,XC90,XC90 2세대,가솔린+전기 4WD,T8 얼티메이트 브라이트 하이브리드,,1974,385,377,108,20,
6095,수입,볼보,XC60,XC60 2세대,가솔린 4WD,B5 울트라 다크 에어 서스,,1974,405,373,239,3,
6096,수입,볼보,XC60,XC60 2세대,가솔린 4WD,B5 울트라 다크,,1974,405,373,239,1,
6097,수입,볼보,V90,V90 크로스컨트리,가솔린 4WD,T5 프로 AWD,,1974,84,84,67,22,
6098,수입,볼보,S90,S90,가솔린 2000cc,B6 AWD 울트라 브라이트,,1974,295,295,238,3,
6099,수입,볼보,V40,V40,디젤 2WD,D3,2세대,1974,42,26,22,11,11
6100,수입,볼보,V40,V40 크로스컨트리,디젤 2000cc,D3,,1974,42,16,15,15,
6101,수입,볼보,S80,S80,가솔린 2WD,T5,2세대,1974,29,29,12,7,7
6102,수입,볼보,XC90,XC90 2세대,가솔린+전기 4WD,T8 울트라 브라이트 하이브리드,,1974,385,377,108,14,
6103,수입,볼보,V90,V90 크로스컨트리,가솔린 4WD,B5 얼티메이트 AWD,,1974,84,84,67,15,
6104,수입,볼보,XC60,XC60 2세대,가솔린+전기 4WD,T8 울트라 브라이트,,1974,405,373,72,36,
6105,수입,볼보,S90,S90,디젤 2000cc,D5 AWD 인스크립션,,1974,295,295,35,18,
6106,수입,볼보,XC90,XC90 2세대,가솔린+전기 4WD,T8 울트라 다크 하이브리드,,1974,385,377,108,7,
6107,수입,볼보,V40,V40,디젤 2WD,D2,2세대,1974,42,26,22,9,9
6108,수입,볼보,XC60,XC60 2세대,가솔린+전기 4WD,T8 R-디자인,,1974,405,373,72,18,
6109,수입,볼보,S80,S80,가솔린 2WD,3.2,2세대,1974,29,29,12,4,4
6110,수입,볼보,S90,S90,디젤 2000cc,D4 모멘텀,,1974,295,295,35,7,
6111,수입,볼보,V40,V40,디젤 2WD,D4,2세대,1974,42,26,22,2,2
6112,수입,볼보,V40,V40 크로스컨트리,가솔린 2000cc,T5 AWD,,1974,42,16,1,1,
6113,수입,볼보,XC90,XC90 2세대,가솔린+전기 4WD,T8 엑셀런스 하이브리드,,1974,385,377,108,3,
6114,수입,볼보,S80,S80,가솔린 2WD,2.0T,1세대,1974,29,29,12,1,1
6115,수입,볼보,XC60,XC60 2세대,가솔린+전기 4WD,T8 인스크립션,,1974,405,373,72,15,
6116,수입,볼보,S90,S90,디젤 2000cc,D5 AWD 모멘텀,,1974,295,295,35,6,
6117,수입,볼보,V90,V90 크로스컨트리,가솔린 4WD,B5 울트라 AWD,,1974,84,84,67,15,
6118,수입,볼보,XC60,XC60 2세대,가솔린+전기 4WD,T8 얼티메이트 브라이트,,1974,405,373,72,3,
6119,수입,볼보,S90,S90,디젤 2000cc,D4 인스크립션,,1974,295,295,35,4,
6120,수입,볼보,V90,V90 크로스컨트리,가솔린 4WD,B5 프로 AWD,,1974,84,84,67,11,
6121,수입,볼보,XC90,XC90 2세대,디젤 4WD,D5 인스크립션,,1974,385,377,78,57,
6122,수입,볼보,S80,S80,디젤 2WD,D5,2세대,1974,29,29,11,4,4
6123,수입,볼보,V40,V40,가솔린 2WD,T5,2세대,1974,42,26,4,4,4
6124,수입,볼보,XC90,XC90 2세대,디젤 4WD,D5 모멘텀,,1974,385,377,78,20,
6125,수입,볼보,V90,V90 크로스컨트리,가솔린 4WD,B5 플러스 AWD,,1974,84,84,67,2,
6126,수입,볼보,S90,S90,가솔린+전기 2000cc,T8 AWD 액설런스,,1974,295,295,22,8,
6127,수입,볼보,XC60,XC60 2세대,디젤 4WD,D5 인스크립션,,1974,405,373,62,52,
6128,수입,볼보,XC90,XC90 2세대,디젤 4WD,D5 R-디자인,,1974,385,377,78,1,
6129,수입,볼보,V90,V90 크로스컨트리,가솔린 4WD,T5 AWD,,1974,84,84,67,2,
6130,수입,볼보,S90,S90,가솔린+전기 2000cc,T8 AWD 인스크립션,,1974,295,295,22,7,
6131,수입,볼보,XC60,XC60 2세대,디젤 4WD,D4 인스크립션,,1974,405,373,62,8,
6132,수입,볼보,S90,S90,가솔린+전기 2000cc,T8 AWD 얼티메이트 브라이트,,1974,295,295,22,5,
6133,수입,볼보,XC60,XC60 2세대,디젤 4WD,D5 모멘텀,,1974,405,373,62,2,
6134,수입,볼보,S80,S80,디젤 2WD,D2,2세대,1974,29,29,11,3,3
6135,수입,볼보,EX30,EX30,전기,울트라,,1974,13,7,7,7,
6136,수입,볼보,S90,S90,가솔린+전기 2000cc,T8 AWD 울트라 브라이트,,1974,295,295,22,2,
6137,수입,볼보,V90,V90 크로스컨트리,디젤 4WD,D5 AWD,,1974,84,84,17,10,
6138,수입,볼보,EX30,EX30 크로스 컨트리,전기 4WD,퍼포먼스 울트라,,1974,13,6,6,6,
6139,수입,볼보,V90,V90 크로스컨트리,디젤 4WD,D5 프로 AWD,,1974,84,84,17,7,
6140,수입,볼보,S80,S80,디젤 2WD,D4,2세대,1974,29,29,11,3,3
6141,수입,볼보,S80,S80,디젤 2WD,D3,2세대,1974,29,29,11,1,1
6142,수입,볼보,XC70,XC70,디젤,D5,3세대,1974,12,12,10,7,7
6143,수입,볼보,XC70,XC70,디젤,D4,3세대,1974,12,12,10,3,3
6144,수입,볼보,C40,C40 리차지,전기,트윈 얼티메이트,,1974,12,12,12,12,
6145,수입,볼보,S40,S40,가솔린 2400cc 이상,2.4i,2세대,1974,2,2,2,2,2
6146,수입,볼보,C30,C30,디젤 2000cc 이하,D4,1세대,1974,6,6,6,6,6
6147,수입,볼보,S80,S80,가솔린 4WD,T6 AWD,2세대,1974,29,29,6,5,5
6148,수입,볼보,S80,S80,가솔린 4WD,4.4 AWD,2세대,1974,29,29,6,1,1
6149,수입,볼보,XC70,XC70,가솔린,2.4T,2세대,1974,12,12,2,1,1
6150,수입,볼보,C70,C70,가솔린,컨버터블,2세대,1974,1,1,1,1,1
6151,수입,볼보,EX40,EX40,전기,울트라,,1974,1,1,1,1,
6152,수입,볼보,XC70,XC70,가솔린,2.5T,2세대,1974,12,12,2,1,1
6153,수입,북기은상,켄보 600,켄보 600,가솔린 1500cc,1.5 럭셔리,,4,1,1,1,1,
6154,수입,북기은상,CK 미니트럭,CK 미니트럭,가솔린,1.3,,4,2,2,2,2,
6155,수입,북기은상,CK 미니밴,CK 미니밴,가솔린,1.3,,4,1,1,1,1,
6156,수입,사브,9-3,9-3 2세대,가솔린 2000cc,2.0T 벡터,,17,8,8,7,4,
6157,수입,사브,900,900,가솔린 2000cc 이상,2.0,2세대,17,3,3,3,3,2
6158,수입,사브,900,900,가솔린 2000cc 이상,2.0,1세대,17,3,3,3,3,1
6159,수입,사브,9-5,9-5 1세대,가솔린 2300cc,2.3T 웨건,,17,1,1,1,1,
6160,수입,사브,9000,9000,가솔린 2000cc 이하,2.0,1세대,17,5,5,4,4,4
6161,수입,사브,9-3,9-3 2세대,가솔린 2000cc,2.0T 리니어,,17,8,8,7,2,
6162,수입,사브,9-3,9-3 2세대,가솔린 2000cc,2.0T 에어로,,17,8,8,7,1,
6163,수입,사브,9000,9000,가솔린 2000cc 이상,2.3,1세대,17,5,5,1,1,1
6164,수입,사브,9-3,9-3 2세대,가솔린 2800cc,2.8T 에어로,,17,8,8,1,1,
6165,수입,사이언,xB,xB,가솔린 2400cc,2.4,2세대,2,2,2,2,2,2
6166,수입,신위안,이티밴,이티밴,전기,4인승,,14,14,14,14,6,
6167,수입,신위안,이티밴,이티밴,전기,2인승,,14,14,14,14,4,
6168,수입,신위안,이티밴,이티밴,전기,프로 2인승,,14,14,14,14,2,
6169,수입,신위안,이티밴,이티밴,전기,미니 4인승,,14,14,14,14,1,
6170,수입,신위안,이티밴,이티밴,전기,프로 4인승,,14,14,14,14,1,
6171,수입,쉐보레,익스프레스밴,익스프레스밴,가솔린 5300cc 이상,6.0,,113,59,59,59,37,
6172,수입,쉐보레,체비밴,체비밴,가솔린,9인승,,113,3,3,3,2,
6173,수입,쉐보레,익스프레스밴,익스프레스밴,가솔린 5300cc 이상,5.3,,113,59,59,59,15,
6174,수입,쉐보레,서버밴,서버밴,가솔린 6000cc 이하,5.3,,113,12,12,9,8,
6175,수입,쉐보레,타호,타호,가솔린 4WD,LT 4WD,,113,5,5,2,2,
6176,수입,쉐보레,아스트로밴,아스트로밴,가솔린 2WD,4.3 2WD,,113,5,5,3,3,
6177,수입,쉐보레,체비밴,체비밴,가솔린,11인승,,113,3,3,3,1,
6178,수입,쉐보레,콜벳,콜벳,가솔린,쿠페,,113,20,20,20,12,
6179,수입,쉐보레,서버밴,서버밴,가솔린 6000cc 이하,5.7,,113,12,12,9,1,
6180,수입,쉐보레,콜벳,콜벳,가솔린,컨버터블,,113,20,20,20,8,
6181,수입,쉐보레,익스프레스밴,익스프레스밴,가솔린 5300cc 이상,5.3 AWD,,113,59,59,59,4,
6182,수입,쉐보레,타호,타호,가솔린+전기 4WD,하이브리드 4WD,,113,5,5,2,2,
6183,수입,쉐보레,아스트로밴,아스트로밴,가솔린 4WD,4.3 4WD,,113,5,5,2,2,
6184,수입,쉐보레,기타,기타,,,,113,2,2,,,
6185,수입,쉐보레,서버밴,서버밴,가솔린 6000cc 이상,6.2,,113,12,12,3,3,
6186,수입,쉐보레,익스프레스밴,익스프레스밴,가솔린 5300cc 이상,6.5,,113,59,59,59,2,
6187,수입,쉐보레,타호,타호,가솔린 2WD,LT 2WD,,113,5,5,1,1,
6188,수입,쉐보레,익스프레스밴,익스프레스밴,가솔린 5300cc 이상,5.7,,113,59,59,59,1,
6189,수입,쉐보레,아발란치,아발란치,가솔린 5300cc,5.3,,113,2,2,2,2,
6190,수입,쉐보레,콜로라도,콜로라도,가솔린 3500cc 이상,3.6,,113,2,2,2,2,
6191,수입,쉐보레,픽업트럭,픽업트럭,가솔린,6.2,,113,1,1,1,1,
6192,수입,쉐보레,트랙커,트랙커,가솔린 1600cc,1.6,,113,2,2,2,2,
6193,수입,스마트,포투,포투 쿠페 3세대,가솔린 2 인승,0.9 프라임 터보,,28,24,3,3,1,
6194,수입,스마트,포투,포투 카브리오 3세대,가솔린 2 인승,카브리오,,28,24,3,2,2,
6195,수입,스마트,포포,포포,가솔린 1500cc,1.5,,28,1,1,1,1,
6196,수입,스마트,로드스터,로드스터,가솔린 700cc,0.7,,28,3,3,3,3,
6197,수입,스마트,포투,포투 쿠페,가솔린 2 인승,쿠페,,28,24,8,6,3,
6198,수입,스마트,포투,포투 카브리오 3세대,전기 2 인승,EQ,,28,24,3,1,1,
6199,수입,스마트,포투,포투 쿠페 3세대,가솔린 2 인승,1.0 패션,,28,24,3,3,1,
6200,수입,스마트,포투,포투 쿠페,가솔린 2 인승,패션 터보,,28,24,8,6,2,
6201,수입,스마트,포투,포투 카브리오,가솔린 2 인승,카브리오,,28,24,10,9,3,
6202,수입,스마트,포투,포투 쿠페 3세대,가솔린 2 인승,쿠페,,28,24,3,3,1,
6203,수입,스마트,포투,포투 쿠페,가솔린 2 인승,패션 MHD,,28,24,8,6,1,
6204,수입,스마트,포투,포투 카브리오,가솔린 2 인승,패션 터보,,28,24,10,9,3,
6205,수입,스마트,포투,포투 카브리오,가솔린 2 인승,패션 MHD,,28,24,10,9,2,
6206,수입,스마트,포투,포투 카브리오,가솔린 2 인승,펄스 MHD,,28,24,10,9,1,
6207,수입,스마트,포투,포투 쿠페,디젤 2 인승,쿠페 디젤,,28,24,8,2,2,
6208,수입,스마트,포투,포투 카브리오,디젤 2 인승,카브리오 디젤,,28,24,10,1,1,
6209,수입,스바루,포레스터,포레스터,가솔린 2500cc,2.5,,13,1,1,1,1,
6210,수입,스바루,아웃백,아웃백,가솔린 2500cc,2.5,4세대,13,2,2,2,2,2
6211,수입,스바루,레거시,레거시,가솔린 2500cc 이하,2.5i Special Edition,,13,6,6,4,4,
6212,수입,스바루,임프레자,임프레자,가솔린,WRX STI,,13,4,4,4,3,
6213,수입,스바루,레거시,레거시,가솔린 2500cc 이상,3.6R,5세대,13,6,6,2,2,2
6214,수입,스바루,임프레자,임프레자,가솔린,WRX 세단,,13,4,4,4,1,
6215,수입,스즈키,허슬러,허슬러,가솔린 660cc,0.6,,46,19,19,19,19,
6216,수입,스즈키,알토라팡,알토라팡,가솔린 660cc,X,,46,3,3,3,2,
6217,수입,스즈키,짐니,짐니,가솔린 1500cc,1.5,,46,19,19,15,15,
6218,수입,스즈키,이그니스,이그니스,가솔린 1200cc,1.2,SHVS,46,2,2,2,2,2
6219,수입,스즈키,알토,알토,가솔린 660cc,0.6,,46,2,1,1,1,
6220,수입,스즈키,알토,알토웍스,가솔린 660cc,0.6,,46,2,1,1,1,
6221,수입,스즈키,카푸치노,카푸치노,가솔린 660cc,0.6,,46,1,1,1,1,
6222,수입,스즈키,알토라팡,알토라팡,가솔린 660cc,X 셀렉션,,46,3,3,3,1,
6223,수입,스즈키,짐니,짐니,가솔린 660cc,0.6,,46,19,19,4,4,
6224,수입,시트로엥/DS,DS3,DS3 카브리오,디젤 1600cc,1.6 BlueHDi 비 시크,,138,22,8,8,3,
6225,수입,시트로엥/DS,C4 스페이스투어러,그랜드 C4 스페이스투어러,디젤 1500cc,1.5 BlueHDi 샤인팩,,138,17,17,11,8,
6226,수입,시트로엥/DS,C3 에어크로스,C3 에어크로스,디젤 1500cc,1.5 BlueHDi 샤인,,138,19,19,19,8,
6227,수입,시트로엥/DS,C4 피카소,C4 피카소,디젤 1600cc,1.6 B-HDI 필,,138,41,7,6,4,
6228,수입,시트로엥/DS,C4 피카소,그랜드 C4 피카소,디젤 1600cc,1.6 B-HDI 필,,138,41,34,17,13,
6229,수입,시트로엥/DS,DS3,DS3 크로스백,디젤 1500cc,1.5 BlueHDi 소 시크,,138,22,1,1,1,
6230,수입,시트로엥/DS,C4 스페이스투어러,그랜드 C4 스페이스투어러,디젤 1500cc,1.5 BlueHDi 샤인,,138,17,17,11,3,
6231,수입,시트로엥/DS,C4 피카소,그랜드 C4 피카소,디젤 1600cc,1.6 B-HDI 인텐시브,,138,41,34,17,4,
6232,수입,시트로엥/DS,DS3,DS3,디젤 1600cc,1.6 BlueHDi 소 시크,,138,22,13,12,7,
6233,수입,시트로엥/DS,C3 에어크로스,C3 에어크로스,디젤 1500cc,1.5 BlueHDi 필,,138,19,19,19,7,
6234,수입,시트로엥/DS,DS3,DS3 카브리오,디젤 1600cc,1.6 e-HDi 소 시크,,138,22,8,8,3,
6235,수입,시트로엥/DS,DS3,DS3,디젤 1600cc,1.6 e-HDi 소 시크,,138,22,13,12,4,
6236,수입,시트로엥/DS,C4 피카소,C4 피카소,디젤 1600cc,1.6 B-HDI 인텐시브,,138,41,7,6,2,
6237,수입,시트로엥/DS,C4 칵투스,C4 칵투스,디젤 2WD,1.6 BlueHDi 샤인,,138,17,17,17,13,
6238,수입,시트로엥/DS,DS7,DS7 크로스백,디젤 2000cc,2.0 BlueHDi 그랜드 시크,,138,17,17,13,8,
6239,수입,시트로엥/DS,C3 에어크로스,C3 에어크로스,디젤 1500cc,1.5 BlueHDi 샤인팩,,138,19,19,19,4,
6240,수입,시트로엥/DS,DS3,DS3 카브리오,디젤 1600cc,1.6 BlueHDi 소 시크,,138,22,8,8,1,
6241,수입,시트로엥/DS,DS3,DS3,디젤 1600cc,1.6 e-HDi 비 시크,,138,22,13,12,1,
6242,수입,시트로엥/DS,C4 칵투스,C4 칵투스,디젤 2WD,1.5 BlueHDi 샤인,,138,17,17,17,2,
6243,수입,시트로엥/DS,DS3,DS3 카브리오,디젤 1600cc,1.6 e-HDi 소 시크+,,138,22,8,8,1,
6244,수입,시트로엥/DS,DS7,DS7 크로스백,디젤 2000cc,2.0 BlueHDi 소 시크,,138,17,17,13,5,
6245,수입,시트로엥/DS,C4 피카소,그랜드 C4 피카소,디젤 2000cc,2.0 B-HDI 인텐시브 플러스,,138,41,34,17,10,
6246,수입,시트로엥/DS,C4 피카소,C4 피카소,디젤 2000cc,2.0 B-HDI 인텐시브,,138,41,7,1,1,
6247,수입,시트로엥/DS,C4 칵투스,C4 칵투스,디젤 2WD,1.6 BlueHDi 필,,138,17,17,17,2,
6248,수입,시트로엥/DS,C4 스페이스투어러,그랜드 C4 스페이스투어러,디젤 2000cc,2.0 BlueHDi 샤인,,138,17,17,4,2,
6249,수입,시트로엥/DS,C4 피카소,그랜드 C4 피카소,디젤 2000cc,2.0 B-HDI 인텐시브,,138,41,34,17,4,
6250,수입,시트로엥/DS,C4 스페이스투어러,그랜드 C4 스페이스투어러,디젤 2000cc,2.0 BlueHDi 샤인+,,138,17,17,4,2,
6251,수입,시트로엥/DS,DS3,DS3,가솔린 1600cc,1.6 VTI 소 시크,,138,22,13,1,1,
6252,수입,시트로엥/DS,C4 피카소,그랜드 C4 피카소,디젤 2000cc,2.0 B-HDI 익스클루시브,,138,41,34,17,3,
6253,수입,시트로엥/DS,DS7,DS7 크로스백,가솔린 1200cc,1.2 PureTech 그랜드 시크,,138,17,17,4,4,
6254,수입,시트로엥/DS,DS4,DS4 2세대,디젤 1500cc,1.5 BlueHDi 트로카데로,,138,3,2,2,2,
6255,수입,시트로엥/DS,C4 스페이스투어러,그랜드 C4 스페이스투어러,디젤 1600cc,1.6 BlueHDi 필,,138,17,17,2,2,
6256,수입,시트로엥/DS,DS4,DS4,디젤 2000cc,2.0 HDi 소 시크,1세대,138,3,1,1,1,1
6257,수입,시트로엥/DS,DS5,DS5,디젤 2000cc,2.0 소 시크,1세대,138,1,1,1,1,1
6258,수입,시트로엥/DS,C5 에어크로스,C5 에어크로스,디젤 1500cc,1.5 BlueHDi 필,,138,1,1,1,1,
6259,수입,아우디,A4,A4,가솔린 2WD,2.0,B6,4297,281,3,3,3,3
6260,수입,아우디,A6,A6,가솔린 4WD,3.0 콰트로,C5,4297,1230,1,1,1,1
6261,수입,아우디,A6,A6 (C8),가솔린 2WD,45 TFSI 프리미엄,,4297,1230,806,236,185,
6262,수입,아우디,A5,A5 (F5),가솔린 4WD,45 TFSI 콰트로 프리미엄 스포트백,,4297,305,189,161,64,
6263,수입,아우디,Q7,Q7 (4M),가솔린 4WD,45 TFSI 콰트로,,4297,325,293,163,95,
6264,수입,아우디,A4,A4 (B9),가솔린 2WD,40 TFSI 프리미엄,,4297,281,176,124,90,
6265,수입,아우디,A6,A6 (C9),가솔린 2WD,40 TFSI S Line,,4297,1230,61,31,25,
6266,수입,아우디,A5,A5,디젤 4WD,35 TDI 콰트로 스포츠백,8TA,4297,305,61,43,17,17
6267,수입,아우디,A5,A5 (F5),가솔린 4WD,40 TFSI 콰트로 프리미엄 스포트백,,4297,305,189,161,44,
6268,수입,아우디,Q7,Q7,디젤 4WD,3.0 TDI 콰트로,4L,4297,325,32,30,9,9
6269,수입,아우디,Q7,Q7 (4M),가솔린 4WD,55 TFSI 콰트로 프리미엄,,4297,325,293,163,65,
6270,수입,아우디,Q5,Q5,디젤 4WD,35 TDI 콰트로 다이나믹,8R,4297,421,67,63,13,13
6271,수입,아우디,Q5,Q5 (80A),가솔린 4WD,45 TFSI 콰트로 S Line,,4297,421,97,90,19,
6272,수입,아우디,A4,A4 (B9),가솔린 2WD,40 TFSI,,4297,281,176,124,28,
6273,수입,아우디,A7,A7 (4K),가솔린 4WD,55 TFSI 콰트로 프리미엄,,4297,277,163,84,84,
6274,수입,아우디,A7,A7,디젤 4WD,55 TDI 콰트로 프리미엄,4G,4297,277,114,67,13,13
6275,수입,아우디,A6,A6 (C9),가솔린 2WD,40 TFSI 어드밴스드,,4297,1230,61,31,6,
6276,수입,아우디,A5,A5,디젤 4WD,35 TDI 콰트로 다이나믹 스포츠백,8TA,4297,305,61,43,10,10
6277,수입,아우디,Q5,Q5 (FY),가솔린 4WD,45 TFSI 콰트로 프리미엄,,4297,421,257,164,89,
6278,수입,아우디,A5,A5 (F5),가솔린 4WD,40 TFSI 콰트로 스포트백,,4297,305,189,161,27,
6279,수입,아우디,Q7,Q7,디젤 4WD,3.0 TDI 콰트로 다이나믹,4L,4297,325,32,30,6,6
6280,수입,아우디,Q7,Q7 (4M),가솔린 4WD,55 TFSI 콰트로,,4297,325,293,163,3,
6281,수입,아우디,Q5,Q5,디젤 4WD,45 TDI 콰트로,8R,4297,421,67,63,12,12
6282,수입,아우디,A4,뉴 A4,디젤 2WD,30 TDI 다이나믹,B8,4297,281,102,43,16,16
6283,수입,아우디,A6,뉴 A6,디젤 4WD,35 TDI 콰트로 프리미엄,C7,4297,1230,362,133,36,36
6284,수입,아우디,A7,A7,디젤 4WD,50 TDI 콰트로 프리미엄,4G,4297,277,114,67,11,11
6285,수입,아우디,Q5,Q5 (80A),가솔린 4WD,40 TFSI 콰트로 S Line,,4297,421,97,90,13,
6286,수입,아우디,Q5,Q5 (FY),가솔린 4WD,45 TFSI 콰트로,,4297,421,257,164,44,
6287,수입,아우디,A5,A5 (F5),가솔린 4WD,45 TFSI 콰트로 프리미엄 카브리올레,,4297,305,189,161,12,
6288,수입,아우디,Q7,Q7,디젤 4WD,35 TDI 콰트로 다이나믹,4L,4297,325,32,30,6,6
6289,수입,아우디,A4,A4 (B9),가솔린 2WD,45 TFSI,,4297,281,176,124,3,
6290,수입,아우디,Q5,Q5,디젤 4WD,2.0 TDI 콰트로,8R,4297,421,67,63,9,9
6291,수입,아우디,A6,A6 (C8),가솔린 2WD,45 TFSI,,4297,1230,806,236,51,
6292,수입,아우디,A4,뉴 A4,디젤 2WD,2.0 TDI,B8,4297,281,102,43,10,10
6293,수입,아우디,Q5,Q5 (80A),가솔린 4WD,40 TFSI 콰트로 스포트백 S Line,,4297,421,97,90,13,
6294,수입,아우디,A6,뉴 A6,디젤 4WD,40 TDI 콰트로 프리미엄,C7,4297,1230,362,133,35,35
6295,수입,아우디,Q5,Q5 (FY),가솔린 4WD,45 TFSI 콰트로 스포트백,,4297,421,257,164,18,
6296,수입,아우디,A4,A4 (B9),가솔린 2WD,45 TFSI 프리미엄,,4297,281,176,124,3,
6297,수입,아우디,Q7,Q7 (4M),디젤 4WD,45 TDI 콰트로 프리미엄,,4297,325,293,130,76,
6298,수입,아우디,Q5,Q5,디젤 4WD,2.0 TDI 콰트로 다이나믹,8R,4297,421,67,63,9,9
6299,수입,아우디,A4,뉴 A4,디젤 2WD,30 TDI,B8,4297,281,102,43,10,10
6300,수입,아우디,A7,A7,디젤 4WD,50 TDI 콰트로,4G,4297,277,114,67,8,8
6301,수입,아우디,A7,A7 (4K),디젤 4WD,45 TDI 콰트로 프리미엄,,4297,277,163,70,38,
6302,수입,아우디,Q5,Q5 (80A),가솔린 4WD,45 TFSI 콰트로 스포트백 S Line,,4297,421,97,90,13,
6303,수입,아우디,A6,뉴 A6,디젤 4WD,3.0 TDI 콰트로,C7,4297,1230,362,133,20,20
6304,수입,아우디,A5,A5 (B10),가솔린 4WD,40 TFSI 콰트로 S Line,,4297,305,55,48,19,
6305,수입,아우디,Q5,Q5 (FY),가솔린 4WD,45 TFSI 콰트로 스포트백 프리미엄,,4297,421,257,164,13,
6306,수입,아우디,A6,A6 (C9),가솔린 4WD,45 TFSI 콰트로 S Line,,4297,1230,61,26,18,
6307,수입,아우디,A5,A5 (F5),가솔린 4WD,45 TFSI 콰트로 프리미엄 쿠페,,4297,305,189,161,10,
6308,수입,아우디,A6,A6 (C8),가솔린 4WD,45 TFSI 콰트로 프리미엄,,4297,1230,806,225,198,
6309,수입,아우디,A4,뉴 A4,디젤 2WD,2.0 TDI 다이나믹,B8,4297,281,102,43,6,6
6310,수입,아우디,A7,A7 (4K),디젤 4WD,50 TDI 콰트로 프리미엄,,4297,277,163,70,32,
6311,수입,아우디,A7,A7,디젤 4WD,55 TDI 콰트로 스포츠,4G,4297,277,114,67,6,6
6312,수입,아우디,Q7,Q7 (4M),디젤 4WD,45 TDI 콰트로,,4297,325,293,130,26,
6313,수입,아우디,A5,A5,디젤 4WD,2.0 TDI 콰트로 스포츠백,8TA,4297,305,61,43,9,9
6314,수입,아우디,A6,뉴 A6,디젤 4WD,45 TDI 콰트로,C7,4297,1230,362,133,14,14
6315,수입,아우디,A6,A6 (C9),가솔린 4WD,55 TFSI 콰트로 S Line,,4297,1230,61,26,8,
6316,수입,아우디,Q7,Q7,디젤 4WD,35 TDI 콰트로,4L,4297,325,32,30,4,4
6317,수입,아우디,A4,뉴 A4,디젤 2WD,30 TDI 리미티드 에디션,B8,4297,281,102,43,1,1
6318,수입,아우디,Q5,Q5,디젤 4WD,35 TDI 콰트로,8R,4297,421,67,63,8,8
6319,수입,아우디,A7,A7,디젤 4WD,3.0 TDI 콰트로 다이나믹,4G,4297,277,114,67,5,5
6320,수입,아우디,Q7,Q7 (4M),디젤 4WD,50 TDI 콰트로 프리미엄,,4297,325,293,130,20,
6321,수입,아우디,Q5,Q5 (80A),가솔린 4WD,40 TFSI 콰트로 어드밴스드,,4297,421,97,90,12,
6322,수입,아우디,A5,A5 (B10),가솔린 4WD,45 TFSI 콰트로 S Line,,4297,305,55,48,16,
6323,수입,아우디,A5,A5,디젤 4WD,2.0 TDI 콰트로 다이나믹 스포츠백,8TA,4297,305,61,43,7,7
6324,수입,아우디,Q7,Q7,디젤 4WD,4.2 TDI 콰트로,4L,4297,325,32,30,4,4
6325,수입,아우디,A5,A5 (F5),가솔린 4WD,45 TFSI 콰트로 쿠페,,4297,305,189,161,3,
6326,수입,아우디,A7,A7,디젤 4WD,45 TDI 콰트로,4G,4297,277,114,67,5,5
6327,수입,아우디,Q7,Q7 (4M),디젤 4WD,35 TDI 콰트로 프리미엄,,4297,325,293,130,2,
6328,수입,아우디,A6,A6 (C8),가솔린 4WD,45 TFSI 콰트로,,4297,1230,806,225,27,
6329,수입,아우디,Q5,Q5 (80A),가솔린 4WD,45 TFSI 콰트로 스포트백 S Line 블랙 에디션,,4297,421,97,90,11,
6330,수입,아우디,Q5,Q5,디젤 4WD,45 TDI 콰트로 다이나믹,8R,4297,421,67,63,8,8
6331,수입,아우디,A4,A4 (B9),디젤 2WD,35 TDI 프리미엄,,4297,281,176,27,19,
6332,수입,아우디,A6,뉴 A6,디젤 4WD,35 TDI 콰트로,C7,4297,1230,362,133,6,6
6333,수입,아우디,A5,A5 (F5),가솔린 4WD,45 TFSI 콰트로 카브리올레,,4297,305,189,161,1,
6334,수입,아우디,A5,A5 (B10),가솔린 4WD,40 TFSI 콰트로 S Line 블랙 에디션,,4297,305,55,48,7,
6335,수입,아우디,Q7,Q7 (4M),디젤 4WD,35 TDI 콰트로 프리미엄 Tech,,4297,325,293,130,2,
6336,수입,아우디,Q5,Q5,디젤 4WD,3.0 TDI 콰트로 다이나믹,8R,4297,421,67,63,3,3
6337,수입,아우디,A7,A7,디젤 4WD,45 TDI 콰트로 다이나믹,4G,4297,277,114,67,5,5
6338,수입,아우디,Q5,Q5 (FY),디젤 4WD,40 TDI 콰트로 프리미엄,,4297,421,257,93,41,
6339,수입,아우디,Q5,Q5 (80A),가솔린 4WD,45 TFSI 콰트로 S Line 블랙 에디션,,4297,421,97,90,6,
6340,수입,아우디,A6,뉴 A6,디젤 4WD,40 TDI 콰트로 스포츠,C7,4297,1230,362,133,5,5
6341,수입,아우디,Q7,Q7,디젤 4WD,35 TDI 콰트로 오프로드 스타일,4L,4297,325,32,30,1,1
6342,수입,아우디,A6,A6 (C9),디젤 4WD,40 TDI 콰트로 S Line,,4297,1230,61,4,4,
6343,수입,아우디,A6,A6 (C8),디젤 4WD,40 TDI 콰트로 프리미엄,,4297,1230,806,181,110,
6344,수입,아우디,Q5,Q5,디젤 4WD,3.0 TDI 콰트로,8R,4297,421,67,63,1,1
6345,수입,아우디,A4,A4 (B9),디젤 2WD,30 TDI,,4297,281,176,27,5,
6346,수입,아우디,A5,A5,가솔린 4WD,2.0 TFSI 콰트로,8T3,4297,305,61,17,9,9
6347,수입,아우디,Q5,Q5 (80A),가솔린 4WD,40 TFSI 콰트로 스포트백 어드밴스드,,4297,421,97,90,3,
6348,수입,아우디,A6,뉴 A6,디젤 4WD,45 TDI 콰트로 다이나믹,C7,4297,1230,362,133,4,4
6349,수입,아우디,A5,A5 (F5),디젤 4WD,40 TDI 콰트로 프리미엄 스포트백,,4297,305,189,28,26,
6350,수입,아우디,A7,A7 (4K),가솔린+전기 4WD,55 TFSI e 콰트로 프리미엄,,4297,277,163,9,9,
6351,수입,아우디,A6,A6 (C8),디젤 4WD,45 TDI 콰트로 프리미엄,,4297,1230,806,181,61,
6352,수입,아우디,A5,A5 (B10),가솔린 4WD,40 TFSI 콰트로 어드밴스드,,4297,305,55,48,6,
6353,수입,아우디,A6,뉴 A6,디젤 4WD,3.0 TDI 콰트로 다이나믹,C7,4297,1230,362,133,3,3
6354,수입,아우디,A7,A7,디젤 4WD,3.0 TDI 콰트로 엔트리,4G,4297,277,114,67,4,4
6355,수입,아우디,Q7,Q7 (4M),디젤 4WD,50 TDI 콰트로,,4297,325,293,130,2,
6356,수입,아우디,Q5,Q5 (FY),디젤 4WD,40 TDI 콰트로,,4297,421,257,93,18,
6357,수입,아우디,Q7,Q7,가솔린 4WD,4.2 FSI 콰트로,4L,4297,325,32,2,2,2
6358,수입,아우디,A5,A5 (F5),디젤 4WD,35 TDI 콰트로 프리미엄 스포트백,,4297,305,189,28,2,
6359,수입,아우디,A4,뉴 A4,디젤 4WD,35 TDI 콰트로 다이나믹,B8,4297,281,102,31,14,14
6360,수입,아우디,A6,A6 (C8),디젤 4WD,50 TDI 콰트로 프리미엄,,4297,1230,806,181,10,
6361,수입,아우디,A4,A4 (B9),디젤 2WD,30 TDI 프리미엄,,4297,281,176,27,2,
6362,수입,아우디,A6,뉴 A6,디젤 4WD,40 TDI 콰트로,C7,4297,1230,362,133,3,3
6363,수입,아우디,A5,A5,가솔린 4WD,2.0 TFSI 콰트로 카브리올레,8F7,4297,305,61,17,4,4
6364,수입,아우디,Q7,Q7 (4M),디젤 4WD,35 TDI 콰트로 컴포트,,4297,325,293,130,1,
6365,수입,아우디,Q5,Q5 (FY),디젤 4WD,50 TDI 콰트로 프리미엄,,4297,421,257,93,15,
6366,수입,아우디,A5,A5 (B10),가솔린 2WD,40 TFSI S Line,,4297,305,55,7,7,
6367,수입,아우디,Q5,Q5,가솔린 4WD,2.0 TFSI 콰트로,8R,4297,421,67,4,2,2
6368,수입,아우디,A4,뉴 A4,디젤 4WD,35 TDI 콰트로 컴포트 에디션,B8,4297,281,102,31,6,6
6369,수입,아우디,Q5,Q5 (80A),디젤 4WD,40 TDI 콰트로 S Line,,4297,421,97,7,3,
6370,수입,아우디,Q7,Q7 (4M),디젤 4WD,45 TDI 콰트로 스포트,,4297,325,293,130,1,
6371,수입,아우디,Q5,Q5 (FY),디젤 4WD,40 TDI 콰트로 스포트백,,4297,421,257,93,10,
6372,수입,아우디,A7,A7,디젤 4WD,55 TDI 콰트로 다이나믹,4G,4297,277,114,67,4,4
6373,수입,아우디,A4,뉴 A4,디젤 4WD,35 TDI 콰트로,B8,4297,281,102,31,5,5
6374,수입,아우디,A6,A6 (C8),디젤 2WD,40 TDI 프리미엄,,4297,1230,806,164,128,
6375,수입,아우디,Q5,Q5 (FY),디젤 4WD,40 TDI 콰트로 스포트백 프리미엄,,4297,421,257,93,9,
6376,수입,아우디,A7,A7,디젤 4WD,3.0 TDI 콰트로 프레스티지,4G,4297,277,114,67,2,2
6377,수입,아우디,Q5,Q5 (80A),디젤 4WD,40 TDI 콰트로 S Line 블랙 에디션,,4297,421,97,7,3,
6378,수입,아우디,A4,A4 (B9),디젤 2WD,35 TDI,,4297,281,176,27,1,
6379,수입,아우디,A5,A5,가솔린 4WD,40 TFSI 콰트로 카브리올레,8F7,4297,305,61,17,4,4
6380,수입,아우디,A6,뉴 A6,디젤 4WD,50 TDI 콰트로 프리미엄,C7,4297,1230,362,133,3,3
6381,수입,아우디,A4,뉴 A4,디젤 4WD,2.0 TDI 콰트로,B8,4297,281,102,31,2,2
6382,수입,아우디,Q5,Q5,가솔린 4WD,3.0 TFSI 콰트로,8R,4297,421,67,4,2,2
6383,수입,아우디,Q5,Q5 (80A),디젤 4WD,40 TDI 콰트로 스포트백 어드밴스드,,4297,421,97,7,1,
6384,수입,아우디,A6,뉴 A6,디젤 4WD,50 TDI 콰트로 프리미엄 Tech & Design,C7,4297,1230,362,133,2,2
6385,수입,아우디,A4,뉴 A4,디젤 4WD,2.0 TDI 콰트로 다이나믹,B8,4297,281,102,31,2,2
6386,수입,아우디,A6,A6 (C8),디젤 2WD,40 TDI,,4297,1230,806,164,36,
6387,수입,아우디,A7,A7,디젤 4WD,55 TDI 콰트로,4G,4297,277,114,67,2,2
6388,수입,아우디,A6,뉴 A6,디젤 4WD,35 TDI 콰트로 스포츠,C7,4297,1230,362,133,1,1
6389,수입,아우디,A4,뉴 A4,디젤 4WD,2.0 TDI 콰트로 프레스티지,B8,4297,281,102,31,1,1
6390,수입,아우디,A4,A4 (B9),디젤 4WD,40 TDI 콰트로 프리미엄,,4297,281,176,15,8,
6391,수입,아우디,A7,A7,디젤 4WD,50 TDI 콰트로 스포츠,4G,4297,277,114,67,1,1
6392,수입,아우디,A6,뉴 A6,디젤 4WD,55 TDI 콰트로 프리미엄,C7,4297,1230,362,133,1,1
6393,수입,아우디,A5,A5,가솔린 2WD,2.0 TFSI 카브리올레,8F7,4297,305,61,1,1,1
6394,수입,아우디,A4,A4 (B9),디젤 4WD,35 TDI 콰트로 프리미엄,,4297,281,176,15,6,
6395,수입,아우디,A4,뉴 A4,디젤 4WD,35 TDI 콰트로 프레스티지,B8,4297,281,102,31,1,1
6396,수입,아우디,Q8,Q8 (4M),가솔린 4WD,55 TFSI 콰트로 프리미엄,,4297,228,228,118,118,
6397,수입,아우디,A7,A7,디젤 4WD,55 TDI 콰트로 익스클루시브,4G,4297,277,114,67,1,1
6398,수입,아우디,A8,A8 (D5),가솔린 4WD,55 TFSI 콰트로 LWB,,4297,269,184,133,85,
6399,수입,아우디,A8,뉴 A8,가솔린 4WD,4.2 FSI 콰트로,D4,4297,269,85,43,8,5
6400,수입,아우디,A8,뉴 A8,가솔린 4WD,4.2 FSI 콰트로,D3,4297,269,85,43,8,3
6401,수입,아우디,A4,A4 (B9),디젤 4WD,35 TDI 콰트로,,4297,281,176,15,1,
6402,수입,아우디,A4,뉴 A4,가솔린 4WD,2.0 TFSI 콰트로 다이나믹,B8,4297,281,102,19,11,11
6403,수입,아우디,A8,뉴 A8,가솔린 4WD,3.0 TFSI 콰트로 LWB,D4,4297,269,85,43,7,7
6404,수입,아우디,A6,뉴 A6,디젤 2WD,35 TDI 프리미엄,C7,4297,1230,362,130,62,62
6405,수입,아우디,A8,A8 (D5),가솔린 4WD,55 TFSI 콰트로 프리미엄 LWB,,4297,269,184,133,28,
6406,수입,아우디,A8,뉴 A8,가솔린 4WD,4.2 FSI 콰트로 LWB,D4,4297,269,85,43,7,6
6407,수입,아우디,A8,뉴 A8,가솔린 4WD,4.2 FSI 콰트로 LWB,D3,4297,269,85,43,7,1
6408,수입,아우디,A4,뉴 A4,가솔린 4WD,2.0 TFSI 콰트로,B8,4297,281,102,19,5,5
6409,수입,아우디,Q3,Q3,디젤 4WD,2.0 TDI 콰트로 다이나믹,8U,4297,209,20,19,9,9
6410,수입,아우디,Q3,Q3 (FJ),가솔린 4WD,TFSI 콰트로 S Line 블랙에디션,,4297,209,2,2,2,
6411,수입,아우디,A6,뉴 A6,디젤 2WD,35 TDI,C7,4297,1230,362,130,30,30
6412,수입,아우디,A4,뉴 A4,가솔린 4WD,40 TFSI 콰트로 다이나믹,B8,4297,281,102,19,2,2
6413,수입,아우디,Q3,Q3,디젤 4WD,35 TDI 콰트로 다이나믹,8U,4297,209,20,19,6,6
6414,수입,아우디,Q8,Q8 (4M),디젤 4WD,45 TDI 콰트로 프리미엄,,4297,228,228,110,56,
6415,수입,아우디,A8,A8 (D5),가솔린 4WD,60 TFSI 콰트로 LWB,,4297,269,184,133,20,
6416,수입,아우디,A8,뉴 A8,가솔린 4WD,4.2 FSI 콰트로 RSE,D4,4297,269,85,43,5,5
6417,수입,아우디,A7,A7,가솔린 4WD,3.0 TFSI 콰트로 다이나믹,4G,4297,277,114,44,12,12
6418,수입,아우디,Q3,Q3 (F3),디젤 2WD,35 TDI 프리미엄,,4297,209,187,109,49,
6419,수입,아우디,A4,뉴 A4,가솔린 4WD,2.0 TFSI 콰트로 프레스티지,B8,4297,281,102,19,1,1
6420,수입,아우디,A4,A4 (B9),가솔린 4WD,45 TFSI 콰트로 프리미엄,,4297,281,176,10,10,
6421,수입,아우디,Q3,Q3,디젤 4WD,2.0 TDI 콰트로,8U,4297,209,20,19,3,3
6422,수입,아우디,Q8,Q8 (4M),디젤 4WD,50 TDI 콰트로 프리미엄,,4297,228,228,110,53,
6423,수입,아우디,A6,뉴 A6,디젤 2WD,35 TDI 다이나믹,C7,4297,1230,362,130,22,22
6424,수입,아우디,Q3,Q3 (F3),디젤 2WD,35 TDI 프리미엄 스포트백,,4297,209,187,109,31,
6425,수입,아우디,A8,뉴 A8,가솔린 4WD,60 TFSI 콰트로 LWB,D4,4297,269,85,43,4,4
6426,수입,아우디,Q3,Q3,디젤 4WD,35 TDI 콰트로 디자인라인,8U,4297,209,20,19,1,1
6427,수입,아우디,Q8,Q8 (4M),디젤 4WD,45 TDI 콰트로,,4297,228,228,110,1,
6428,수입,아우디,A7,A7,가솔린 4WD,3.0 TFSI 콰트로 엔트리,4G,4297,277,114,44,10,10
6429,수입,아우디,A6,뉴 A6,디젤 2WD,2.0 TDI 다이나믹,C7,4297,1230,362,130,11,11
6430,수입,아우디,A8,A8 (D5),디젤 4WD,50 TDI 콰트로 LWB,,4297,269,184,51,25,
6431,수입,아우디,Q3,Q3 (F3),디젤 2WD,35 TDI,,4297,209,187,109,18,
6432,수입,아우디,A8,뉴 A8,가솔린 4WD,6.3 FSI 콰트로 LWB,D4,4297,269,85,43,3,3
6433,수입,아우디,Q3,Q3 (F3),디젤 2WD,35 TDI 스포트백,,4297,209,187,109,11,
6434,수입,아우디,A7,A7,가솔린 4WD,40 TFSI 콰트로 스포츠,4G,4297,277,114,44,8,8
6435,수입,아우디,A8,뉴 A8,가솔린 4WD,3.0 TFSI 콰트로,D4,4297,269,85,43,2,2
6436,수입,아우디,A6,뉴 A6,디젤 2WD,2.0 TDI,C7,4297,1230,362,130,5,5
6437,수입,아우디,A8,A8 (D5),디젤 4WD,50 TDI 콰트로 프리미엄,,4297,269,184,51,9,
6438,수입,아우디,A8,뉴 A8,가솔린 4WD,4.0 TFSI 콰트로 LWB,D4,4297,269,85,43,2,2
6439,수입,아우디,A7,A7,가솔린 4WD,50 TFSI 콰트로 다이나믹,4G,4297,277,114,44,6,6
6440,수입,아우디,Q3,Q3,가솔린 4WD,2.0 TFSI 콰트로,,4297,209,20,1,1,
6441,수입,아우디,A8,A8 (D5),디젤 4WD,50 TDI 콰트로 프리미엄 LWB,,4297,269,184,51,9,
6442,수입,아우디,e-트론,e-트론,전기,55 콰트로,,4297,122,122,122,58,
6443,수입,아우디,A8,뉴 A8,가솔린 4WD,50 TFSI 콰트로 LWB,D4,4297,269,85,43,2,2
6444,수입,아우디,A7,A7,가솔린 4WD,3.0 TFSI 콰트로 프레스티지,4G,4297,277,114,44,2,2
6445,수입,아우디,Q3,Q3 (F3),가솔린 4WD,40 TFSI 콰트로 프리미엄,,4297,209,187,43,30,
6446,수입,아우디,A4,뉴 A4,가솔린 2WD,2.0 TFSI,B8,4297,281,102,9,8,6
6447,수입,아우디,A4,뉴 A4,가솔린 2WD,2.0 TFSI,B7,4297,281,102,9,8,2
6448,수입,아우디,A8,A8 (D5),디젤 4WD,50 TDI 콰트로,,4297,269,184,51,6,
6449,수입,아우디,e-트론,e-트론,전기,55 콰트로 스포트백,,4297,122,122,122,41,
6450,수입,아우디,A4,뉴 A4,가솔린 2WD,2.0 TFSI S-line,B7,4297,281,102,9,1,1
6451,수입,아우디,A8,뉴 A8,가솔린 4WD,65 TFSI 콰트로 LWB,D4,4297,269,85,43,2,2
6452,수입,아우디,Q3,Q3 (F3),가솔린 4WD,40 TFSI 콰트로 스포트백,,4297,209,187,43,5,
6453,수입,아우디,A7,A7,가솔린 4WD,50 TFSI 콰트로 스포츠,4G,4297,277,114,44,2,2
6454,수입,아우디,A6,뉴 A6,가솔린 4WD,3.0 TFSI 콰트로,C7,4297,1230,362,66,17,15
6455,수입,아우디,A6,뉴 A6,가솔린 4WD,3.0 TFSI 콰트로,C6,4297,1230,362,66,17,2
6456,수입,아우디,e-트론,e-트론,전기,50 콰트로,,4297,122,122,122,10,
6457,수입,아우디,A8,뉴 A8,가솔린 4WD,3.2 FSI 콰트로,D3,4297,269,85,43,1,1
6458,수입,아우디,Q3,Q3 (F3),가솔린 4WD,40 TFSI 콰트로,,4297,209,187,43,4,
6459,수입,아우디,A6,뉴 A6,가솔린 4WD,40 TFSI 콰트로 스포츠,C7,4297,1230,362,66,10,10
6460,수입,아우디,e-트론,e-트론,전기,50 콰트로 스포트백,,4297,122,122,122,7,
6461,수입,아우디,A7,A7,가솔린 4WD,40 TFSI 콰트로 프리미엄,4G,4297,277,114,44,1,1
6462,수입,아우디,A8,A8 (D5),디젤 4WD,50 TDI 콰트로 블랙에디션,,4297,269,184,51,2,
6463,수입,아우디,e-트론,e-트론,전기,S 스포트백,,4297,122,122,122,5,
6464,수입,아우디,A6,뉴 A6,가솔린 4WD,2.0 TFSI 콰트로 다이나믹,C7,4297,1230,362,66,8,8
6465,수입,아우디,A7,A7,가솔린 4WD,50 TFSI 콰트로,4G,4297,277,114,44,1,1
6466,수입,아우디,A7,A7,가솔린 4WD,50 TFSI 콰트로 프레스티지,4G,4297,277,114,44,1,1
6467,수입,아우디,A6,뉴 A6,가솔린 4WD,40 TFSI 콰트로,C7,4297,1230,362,66,6,6
6468,수입,아우디,A8,뉴 A8,디젤 4WD,3.0 TDI 콰트로 LWB,D4,4297,269,85,42,7,7
6469,수입,아우디,Q3,Q3 (F3),가솔린 4WD,40 TFSI 콰트로 프리미엄 스포트백,,4297,209,187,43,4,
6470,수입,아우디,e-트론,e-트론,전기,S,,4297,122,122,122,1,
6471,수입,아우디,A7,A7,가솔린 4WD,50 TFSI 콰트로 프리미엄,4G,4297,277,114,44,1,1
6472,수입,아우디,A8,뉴 A8,디젤 4WD,50 TDI 콰트로 LWB,D4,4297,269,85,42,7,7
6473,수입,아우디,A6,뉴 A6,가솔린 4WD,40 TFSI 콰트로 프리미엄,C7,4297,1230,362,66,5,5
6474,수입,아우디,A3,A3 (8Y),가솔린 2WD,40 TFSI 프리미엄,,4297,118,63,59,39,
6475,수입,아우디,A3,뉴 A3,가솔린 2WD,40 TFSI,8V,4297,118,55,34,32,32
6476,수입,아우디,A6,뉴 A6,가솔린 4WD,3.0 TFSI 콰트로 다이나믹,C7,4297,1230,362,66,4,4
6477,수입,아우디,Q3,Q3 (F3),디젤 4WD,35 TDI 콰트로 프리미엄,,4297,209,187,35,24,
6478,수입,아우디,A7,A7,디젤 2WD,40 TDI,4G,4297,277,114,3,2,2
6479,수입,아우디,A8,뉴 A8,디젤 4WD,50 TDI 콰트로,D4,4297,269,85,42,6,6
6480,수입,아우디,A3,A3 (8Y),가솔린 2WD,40 TFSI,,4297,118,63,59,20,
6481,수입,아우디,Q3,Q3 (F3),디젤 4WD,35 TDI 콰트로 프리미엄 스포트백,,4297,209,187,35,11,
6482,수입,아우디,A3,뉴 A3,가솔린 2WD,2.0 TFSI 다이나믹,8P,4297,118,55,34,2,2
6483,수입,아우디,A7,A7,디젤 2WD,40 TDI 프리미엄,4G,4297,277,114,3,1,1
6484,수입,아우디,A8,뉴 A8,디젤 4WD,60 TDI 콰트로 LWB,D4,4297,269,85,42,6,6
6485,수입,아우디,A6,뉴 A6,가솔린 4WD,40 TFSI 콰트로 다이나믹,C7,4297,1230,362,66,4,4
6486,수입,아우디,A3,A3 (8Y),가솔린 4WD,40 TFSI 콰트로 프리미엄,,4297,118,63,4,4,
6487,수입,아우디,A8,뉴 A8,디젤 4WD,3.0 TDI 콰트로,D4,4297,269,85,42,5,5
6488,수입,아우디,A6,뉴 A6,가솔린 4WD,3.0 TFSI 콰트로 S-LINE,C6,4297,1230,362,66,3,3
6489,수입,아우디,A8,뉴 A8,디젤 4WD,60 TDI 콰트로,D4,4297,269,85,42,4,4
6490,수입,아우디,A6,뉴 A6,가솔린 4WD,50 TFSI 콰트로 스포츠,C7,4297,1230,362,66,3,3
6491,수입,아우디,A3,뉴 A3,디젤 2WD,25 TDI 다이나믹,8V,4297,118,55,20,4,4
6492,수입,아우디,A8,뉴 A8,디젤 4WD,4.2 TDI 콰트로 LWB,D4,4297,269,85,42,3,3
6493,수입,아우디,A6,뉴 A6,가솔린 4WD,3.2 FSI 콰트로,C6,4297,1230,362,66,2,2
6494,수입,아우디,A8,뉴 A8,디젤 4WD,50 TDI 콰트로 디자인 LWB,D4,4297,269,85,42,3,3
6495,수입,아우디,SQ5,SQ5,디젤 4WD,3.0 TDI 콰트로,8R,4297,77,18,18,18,18
6496,수입,아우디,Q4 e-트론,Q4 e-트론 (F4),전기,40 프리미엄,,4297,112,112,112,47,
6497,수입,아우디,A6,뉴 A6,가솔린 4WD,50 TFSI 콰트로,C7,4297,1230,362,66,2,2
6498,수입,아우디,A8,뉴 A8,디젤 4WD,4.2 TDI 콰트로,D4,4297,269,85,42,1,1
6499,수입,아우디,Q4 e-트론,Q4 e-트론 (F4),전기,40,,4297,112,112,112,20,
6500,수입,아우디,A3,뉴 A3,디젤 2WD,25 TDI 다이나믹 스포트백,8V,4297,118,55,20,4,4
6501,수입,아우디,A6,뉴 A6,가솔린 4WD,3.0 FSI 콰트로,C6,4297,1230,362,66,1,1
6502,수입,아우디,R8,R8 (4S),가솔린 5200cc,5.2 V10 퍼포먼스 쿠페,,4297,39,26,26,14,
6503,수입,아우디,Q4 e-트론,Q4 e-트론 (F4),전기,45 프리미엄,,4297,112,112,112,14,
6504,수입,아우디,A3,뉴 A3,디젤 2WD,35 TDI 다이나믹,8V,4297,118,55,20,4,4
6505,수입,아우디,SQ5,SQ5 (FY),가솔린 4WD,3.0 TFSI 콰트로,,4297,77,59,54,39,
6506,수입,아우디,R8,R8,가솔린 5200cc,5.2 V10 스파이더,,4297,39,13,10,7,
6507,수입,아우디,R8,R8 (4S),가솔린 5200cc,5.2 V10 스파이더,,4297,39,26,26,5,
6508,수입,아우디,A3,뉴 A3,디젤 2WD,2.0 TDI 다이나믹,8V,4297,118,55,20,3,3
6509,수입,아우디,Q4 e-트론,Q4 e-트론 (F4),전기,40 프리미엄 스포트백,,4297,112,112,112,9,
6510,수입,아우디,A6,뉴 A6,가솔린 4WD,3.0 TFSI 콰트로 다이나믹 S-LINE,C6,4297,1230,362,66,1,1
6511,수입,아우디,R8,R8,가솔린 5200cc,5.2 V10 쿠페,,4297,39,13,10,3,
6512,수입,아우디,SQ5,SQ5 (FY),가솔린 4WD,3.0 TFSI 콰트로 스포트백,,4297,77,59,54,15,
6513,수입,아우디,R8,R8 (4S),가솔린 5200cc,5.2 V10 퍼포먼스 스파이더,,4297,39,26,26,4,
6514,수입,아우디,A3,뉴 A3,디젤 2WD,25 TDI,8V,4297,118,55,20,2,2
6515,수입,아우디,Q4 e-트론,Q4 e-트론 (F4),전기,45,,4297,112,112,112,7,
6516,수입,아우디,R8,R8 (4S),가솔린 5200cc,5.2 V10 플러스 쿠페,,4297,39,26,26,3,
6517,수입,아우디,A3,뉴 A3,디젤 2WD,35 TDI 다이나믹 스포트백,8V,4297,118,55,20,2,2
6518,수입,아우디,R8,R8,가솔린 4200cc,4.2 V8 쿠페,,4297,39,13,3,3,
6519,수입,아우디,Q4 e-트론,Q4 e-트론 (F4),전기,45 프리미엄 스포트백,,4297,112,112,112,6,
6520,수입,아우디,S8,S8,가솔린 4000cc,4.0 TFSI 콰트로,D4,4297,28,12,11,11,11
6521,수입,아우디,A6,뉴 A6,가솔린 2WD,40 TFSI 프리미엄,C7,4297,1230,362,33,18,18
6522,수입,아우디,A3,뉴 A3,디젤 2WD,2.0 TDI,8V,4297,118,55,20,1,1
6523,수입,아우디,Q4 e-트론,Q4 e-트론 (F4),전기,40 스포트백,,4297,112,112,112,5,
6524,수입,아우디,S8,S8 (D5),가솔린 4WD,4.0 TFSI 콰트로 LWB,,4297,28,16,16,16,
6525,수입,아우디,A6,뉴 A6,가솔린 2WD,40 TFSI,C7,4297,1230,362,33,11,11
6526,수입,아우디,Q4 e-트론,Q4 e-트론 (F4),전기,45 스포트백,,4297,112,112,112,4,
6527,수입,아우디,A3,뉴 A3,가솔린+전기 2WD,스포트백 e-트론,8V,4297,118,55,1,1,1
6528,수입,아우디,S8,S8,가솔린 5200cc,5.2 FSI 콰트로,D3,4297,28,12,1,1,1
6529,수입,아우디,A6,뉴 A6,가솔린 2WD,2.0 TFSI,C6,4297,1230,362,33,3,2
6530,수입,아우디,A6,뉴 A6,가솔린 2WD,2.0 TFSI,C7,4297,1230,362,33,3,1
6531,수입,아우디,RS3,RS3 (8Y),가솔린,2.5 TFSI 콰트로,,4297,24,24,24,17,
6532,수입,아우디,SQ5,SQ5 (FY),디젤 4WD,3.0 TDI 콰트로,,4297,77,59,5,5,
6533,수입,아우디,A6,뉴 A6,가솔린 2WD,3.2 FSI,C6,4297,1230,362,33,1,1
6534,수입,아우디,RS3,RS3 (8Y),가솔린,2.5 TFSI 콰트로 카본 에디션,,4297,24,24,24,7,
6535,수입,아우디,S7,S7,가솔린 4000cc,4.0 TFSI 콰트로,4G,4297,21,14,14,14,14
6536,수입,아우디,S7,S7 (4K),디젤 3000cc,3.0 TDI 콰트로,,4297,21,7,7,7,
6537,수입,아우디,Q2,Q2,디젤 2WD,35 TDI 프리미엄,,4297,21,21,21,19,
6538,수입,아우디,RS7,RS7,가솔린 4000cc,4.0 TFSI 콰트로,4G,4297,17,5,5,3,3
6539,수입,아우디,Q2,Q2,디젤 2WD,35 TDI,,4297,21,21,21,2,
6540,수입,아우디,RS7,RS7 (4K),가솔린 4000cc,4.0 TFSI 콰트로,,4297,17,12,12,7,
6541,수입,아우디,TT,TT,가솔린 1800cc,로드스터 1.8,8N,4297,18,4,2,1,1
6542,수입,아우디,TT,뉴 TT,가솔린 2000cc,쿠페 2.0 TFSI,8J,4297,18,10,9,8,8
6543,수입,아우디,RS7,RS7,가솔린 4000cc,4.0 TFSI 콰트로 플러스,4G,4297,17,5,5,2,2
6544,수입,아우디,A6 e-트론,A6 e-트론,전기 2WD,퍼포먼스 S Line,,4297,19,19,19,13,
6545,수입,아우디,RS7,RS7 (4K),가솔린 4000cc,4.0 TFSI 콰트로 퍼포먼스,,4297,17,12,12,5,
6546,수입,아우디,TT,TT,가솔린 1800cc,쿠페 1.8,8N,4297,18,4,2,1,1
6547,수입,아우디,e-트론 GT,e-트론 GT,전기,GT 콰트로 프리미엄,,4297,20,20,20,20,
6548,수입,아우디,A6 e-트론,A6 e-트론,전기 2WD,퍼포먼스 어드밴스드,,4297,19,19,19,5,
6549,수입,아우디,TT,뉴 TT,가솔린 2000cc,로드스터 2.0 TFSI,8J,4297,18,10,9,1,1
6550,수입,아우디,TT,TT (8S),가솔린 4WD,쿠페 45 TFSI 콰트로,,4297,18,4,4,3,
6551,수입,아우디,RS5,RS5 (F5),가솔린 2900cc,2.9 TFSI 콰트로,,4297,15,3,3,3,
6552,수입,아우디,RS5,RS5,가솔린 4200cc,4.2 FSI 콰트로,8T3,4297,15,12,12,12,12
6553,수입,아우디,TT,TT (8S),가솔린 4WD,로드스터 45 TFSI 콰트로,,4297,18,4,4,1,
6554,수입,아우디,A6 e-트론,A6 e-트론,전기 2WD,퍼포먼스 S Line 블랙 에디션,,4297,19,19,19,1,
6555,수입,아우디,TT,뉴 TT,가솔린 3200cc,쿠페 3.2 콰트로,8J,4297,18,10,1,1,1
6556,수입,아우디,TT,TT,가솔린 3200cc,쿠페 3.2 콰트로,8N,4297,18,4,2,2,2
6557,수입,아우디,RSQ8,RSQ8 (4M),가솔린 4WD,4.0 TFSI 콰트로,,4297,13,13,13,9,
6558,수입,아우디,RS e-트론 GT,RS e-트론 GT,전기,GT RS,,4297,11,11,11,11,
6559,수입,아우디,SQ7,SQ7 (4M),가솔린 4000cc,4.0 TFSI 콰트로,,4297,13,13,13,13,
6560,수입,아우디,RSQ8,RSQ8 (4M),가솔린 4WD,4.0 TFSI 콰트로 퍼포먼스,,4297,13,13,13,4,
6561,수입,아우디,S4,S4 (B9),가솔린 3000cc,3.0 TFSI 콰트로,,4297,10,10,10,10,
6562,수입,아우디,S6,S6,가솔린 4000cc,4.0 TFSI 콰트로,C7,4297,10,3,2,2,2
6563,수입,아우디,S6,S6 (C8),디젤 3000cc,3.0 TDI 콰트로,,4297,10,7,7,7,
6564,수입,아우디,S6,S6,가솔린 5200cc,5.2 FSI 콰트로,C6,4297,10,3,1,1,1
6565,수입,아우디,S5,S5 (B10),가솔린 4WD,3.0 TFSI 콰트로,,4297,8,1,1,1,
6566,수입,아우디,A1,A1,디젤 1600cc,30 TDI 스포트,,4297,5,5,5,4,
6567,수입,아우디,S5,S5 (F5),가솔린 3000cc,3.0 TFSI 콰트로,,4297,8,6,6,6,
6568,수입,아우디,S5,S5,가솔린 4200cc,4.2 FSI 콰트로,B8,4297,8,1,1,1,1
6569,수입,아우디,RS6,RS6 (C8),가솔린 4000cc,4.0 TFSI 콰트로 아반트	퍼포먼스,,4297,6,5,5,3,
6570,수입,아우디,RS6,RS6,가솔린 4200cc,4.2 콰트로,C5,4297,6,1,1,1,1
6571,수입,아우디,Q6 e-트론,Q6 e-트론 (GF),전기 2WD,퍼포먼스,,4297,7,7,5,2,
6572,수입,아우디,A1,A1,디젤 1600cc,30 TDI 디자인 프리미엄 스포트백,,4297,5,5,5,1,
6573,수입,아우디,RS6,RS6 (C8),가솔린 4000cc,4.0 TFSI 콰트로 아반트,,4297,6,5,5,2,
6574,수입,아우디,Q6 e-트론,Q6 e-트론 (GF),전기 2WD,퍼포먼스 프리미엄,,4297,7,7,5,2,
6575,수입,아우디,Q6 e-트론,Q6 e-트론 (GF),전기 2WD,S Line,,4297,7,7,5,1,
6576,수입,아우디,Q8 e-트론,Q8 e-트론 (GE),전기,55 콰트로,,4297,5,5,5,2,
6577,수입,아우디,TTS,TTS,가솔린 2000cc,로드스터 2.0 TFSI 콰트로 컴피티션,8J,4297,5,3,3,1,1
6578,수입,아우디,Q6 e-트론,Q6 e-트론 (GF),전기 4WD,프리미엄 콰트로,,4297,7,7,2,2,
6579,수입,아우디,RS4,RS4,가솔린 4200cc,4.2 콰트로,B7,4297,2,2,2,2,2
6580,수입,아우디,Q8 e-트론,Q8 e-트론 (GE),전기,55 콰트로 프리미엄,,4297,5,5,5,2,
6581,수입,아우디,S3,S3,가솔린 2000cc,2.0 TFSI 콰트로,8V,4297,2,2,2,2,2
6582,수입,아우디,TTS,TTS,가솔린 2000cc,쿠페 2.0 TFSI 콰트로,8J,4297,5,3,3,1,1
6583,수입,아우디,SQ6 e-트론,SQ6 e-트론 (GF),전기 4WD,콰트로,,4297,2,2,2,2,
6584,수입,아우디,TTS,TTS (8S),가솔린 4WD,쿠페 2.0 TFSI 콰트로,,4297,5,2,2,2,
6585,수입,아우디,Q8 e-트론,Q8 e-트론 (GE),전기,55 콰트로 스포트백,,4297,5,5,5,1,
6586,수입,아우디,TTS,TTS,가솔린 2000cc,쿠페 2.0 TFSI 콰트로 컴피티션,8J,4297,5,3,3,1,1
6587,수입,아우디,SQ8,SQ8 (4M),디젤 4WD,4.0 TDI 콰트로,,4297,2,2,2,2,
6588,수입,알파 로메오,줄리아,줄리아,가솔린,2.0,,5,1,1,1,1,
6589,수입,알파 로메오,브레라,브레라,가솔린 3200cc,3.2,,5,1,1,1,1,
6590,수입,알파 로메오,줄리에타,줄리에타,가솔린,1.7,,5,1,1,1,1,
6591,수입,알파 로메오,4C,4C,가솔린 1700cc,1.7 스파이더,,5,2,2,2,1,
6592,수입,알파 로메오,4C,4C,가솔린 1700cc,1.7 쿠페,,5,2,2,2,1,
6593,수입,애스턴마틴,DBX,DBX,가솔린 4000cc,4.0 V8 707,,49,16,16,16,10,
6594,수입,애스턴마틴,뱅퀴시,뱅퀴시,가솔린 6000cc,6.0 V12 쿠페,2세대,49,3,3,3,2,2
6595,수입,애스턴마틴,DBX,DBX,가솔린 4000cc,4.0 V8,,49,16,16,16,6,
6596,수입,애스턴마틴,밴티지,밴티지 2세대,가솔린 4000cc,4.0 V8 쿠페,,49,15,13,12,12,
6597,수입,애스턴마틴,뱅퀴시,뱅퀴시,가솔린 6000cc,6.0 V12 볼란테,2세대,49,3,3,3,1,1
6598,수입,애스턴마틴,DB11,DB11,가솔린 4000cc,4.0 V8 볼란테,,49,9,9,8,6,
6599,수입,애스턴마틴,DB12,DB12,가솔린 4000cc,4.0 V8 볼란테,,49,3,3,3,3,
6600,수입,애스턴마틴,밴티지,V8 Vantage,가솔린 4700cc,4.7S V8 로드스터,1세대,49,15,2,2,1,1
6601,수입,애스턴마틴,라피드,라피드,가솔린 6000cc,6.0S V12,1세대,49,3,3,3,2,2
6602,수입,애스턴마틴,DB11,DB11,가솔린 4000cc,4.0 V8 쿠페,,49,9,9,8,2,
6603,수입,애스턴마틴,밴티지,밴티지 2세대,가솔린 5200cc,5.2 V12 파이널 에디션,,49,15,13,1,1,
6604,수입,애스턴마틴,라피드,라피드,가솔린 6000cc,6.0 V12,1세대,49,3,3,3,1,1
6605,수입,애스턴마틴,밴티지,V8 Vantage,가솔린 4700cc,4.7S V8 쿠페,1세대,49,15,2,2,1,1
6606,수입,애스턴마틴,DB11,DB11,가솔린 5200cc,5.2 V12 쿠페,,49,9,9,1,1,
6607,수입,어큐라,TSX,TSX,가솔린 2400cc,2.4,,2,1,1,1,1,
6608,수입,어큐라,TL,TL,가솔린 3200cc 이상,3.7,,2,1,1,1,1,
6609,수입,이네오스,그레나디어,그레나디어,가솔린 3000cc,3.0 스테이션 왜건,,9,9,9,9,9,
6610,수입,인피니티,M,M45,가솔린 4500cc,P그레이드,Y50,298,23,3,3,2,2
6611,수입,인피니티,G,G35,가솔린 3500cc,세단 스포츠,V35,298,30,2,2,2,2
6612,수입,인피니티,Q50,Q50,가솔린+전기 3500cc,3.5 하이브리드 에센스,,298,77,77,38,23,
6613,수입,인피니티,Q30,Q30,가솔린 2000cc,2.0 프리미엄,,298,29,29,29,13,
6614,수입,인피니티,G,G25,가솔린 2500cc,세단 프리미엄,V36,298,30,12,12,6,6
6615,수입,인피니티,M,M37,가솔린 3700cc,스탠다드,Y51,298,23,16,16,7,7
6616,수입,인피니티,M,M35,가솔린 3500cc,프리미엄,Y50,298,23,1,1,1,1
6617,수입,인피니티,G,G37,가솔린 3700cc,컨버터블,V36,298,30,16,16,6,6
6618,수입,인피니티,QX60,QX60,가솔린 3500cc,3.5 AWD,,298,38,38,38,37,
6619,수입,인피니티,Q30,Q30,가솔린 2000cc,2.0 에센셜,,298,29,29,29,3,
6620,수입,인피니티,M,M45,가솔린 4500cc,프리미엄,Y50,298,23,3,3,1,1
6621,수입,인피니티,G,G25,가솔린 2500cc,세단 스마트,V36,298,30,12,12,4,4
6622,수입,인피니티,G,G37,가솔린 3700cc,세단 스포츠,V36,298,30,16,16,3,3
6623,수입,인피니티,M,M30d,디젤 3000cc,3.0 디젤,,298,23,1,1,1,
6624,수입,인피니티,QX60,QX60,가솔린 3500cc,3.5,,298,38,38,38,1,
6625,수입,인피니티,M,M56,가솔린 5600cc,스포츠타입,Y51,298,23,2,2,2,2
6626,수입,인피니티,M,M37,가솔린 3700cc,프리미엄,Y51,298,23,16,16,6,6
6627,수입,인피니티,Q30,Q30,가솔린 2000cc,2.0 익스클루시브,,298,29,29,29,3,
6628,수입,인피니티,Q50,Q50,가솔린+전기 3500cc,3.5 블루 스포츠 센서리,,298,77,77,38,9,
6629,수입,인피니티,G,G25,가솔린 2500cc,세단 럭셔리,V36,298,30,12,12,2,2
6630,수입,인피니티,Q70,Q70,가솔린 2WD,3.7 스타일,,298,24,24,16,15,
6631,수입,인피니티,G,G37,가솔린 3700cc,쿠페,V36,298,30,16,16,3,3
6632,수입,인피니티,M,M37,가솔린 3700cc,익스클루시브,Y51,298,23,16,16,2,2
6633,수입,인피니티,Q30,Q30,가솔린 2000cc,2.0 익스클루시브 시티 블랙,,298,29,29,29,2,
6634,수입,인피니티,Q70,Q70,가솔린 2WD,3.7 프리미엄,,298,24,24,16,1,
6635,수입,인피니티,Q50,Q50,가솔린+전기 3500cc,3.5 하이브리드 하이테크,,298,77,77,38,3,
6636,수입,인피니티,M,M37,가솔린 3700cc,M37x AWD,Y51,298,23,16,16,1,1
6637,수입,인피니티,Q30,Q30,가솔린 2000cc,2.0 카페 틱,,298,29,29,29,2,
6638,수입,인피니티,Q50,Q50,가솔린+전기 3500cc,3.5 하이브리드 스마트 패키지,,298,77,77,38,2,
6639,수입,인피니티,G,G37,가솔린 3700cc,쿠페 어드밴스드,V36,298,30,16,16,3,3
6640,수입,인피니티,Q30,Q30,가솔린 2000cc,2.0 퓨어,,298,29,29,29,2,
6641,수입,인피니티,Q70,Q70,가솔린 4WD,3.7 AWD,,298,24,24,6,6,
6642,수입,인피니티,QX50,QX50 (P71A),가솔린 2000cc,2.0 센서리 AWD,,298,20,16,16,13,
6643,수입,인피니티,Q50,Q50,가솔린+전기 3500cc,3.5 하이브리드,,298,77,77,38,1,
6644,수입,인피니티,Q30,Q30,가솔린 2000cc,2.0 갤러리 화이트,,298,29,29,29,1,
6645,수입,인피니티,QX50,QX50,가솔린 4WD,3.7 AWD,,298,20,4,4,4,
6646,수입,인피니티,G,G37,가솔린 3700cc,세단 프리미엄,V36,298,30,16,16,1,1
6647,수입,인피니티,QX50,QX50 (P71A),가솔린 2000cc,2.0 에센셜,,298,20,16,16,3,
6648,수입,인피니티,Q30,Q30,가솔린 2000cc,2.0 스포츠 에센셜,,298,29,29,29,1,
6649,수입,인피니티,Q70,Q70,디젤 2WD,3.0d,,298,24,24,2,2,
6650,수입,인피니티,FX,FX35,가솔린 3500cc,3.5,S51,298,12,5,5,5,5
6651,수입,인피니티,Q50,Q50,디젤 2200cc,2.2d 프리미엄,,298,77,77,35,25,
6652,수입,인피니티,FX,FX50,가솔린 5000cc,5.0,S51,298,12,4,4,4,4
6653,수입,인피니티,FX,FX30d,디젤 3000cc,3.0,S51,298,12,2,2,2,2
6654,수입,인피니티,Q50,Q50,디젤 2200cc,2.2d 익스클루시브,,298,77,77,35,8,
6655,수입,인피니티,Q50,Q50,디젤 2200cc,2.2d 스타일,,298,77,77,35,2,
6656,수입,인피니티,JX,JX35,가솔린 4WD,3.5 4WD,1세대,298,8,8,7,7,7
6657,수입,인피니티,Q30,Q30,가솔린 2000cc,2.0 스포츠 프로어시스트,,298,29,29,29,1,
6658,수입,인피니티,Q60,Q60 (CV37),가솔린 2WD,3.0 쿠페,,298,9,6,6,6,
6659,수입,인피니티,FX,FX45,가솔린 4500cc,4.5,S50,298,12,1,1,1,1
6660,수입,인피니티,Q60,Q60,가솔린 3700cc,3.7 컨버터블,,298,9,3,3,3,
6661,수입,인피니티,QX70,QX70,가솔린 3700cc,3.7 AWD,,298,8,8,6,3,
6662,수입,인피니티,Q50,Q50,가솔린 3000cc,3.0,,298,77,77,4,4,
6663,수입,인피니티,Q30,Q30,가솔린 2000cc,2.0 프리미엄 시티 블랙,,298,29,29,29,1,
6664,수입,인피니티,QX70,QX70,가솔린 3700cc,3.7 AWD 스페셜 에디션,,298,8,8,6,3,
6665,수입,인피니티,JX,JX35,가솔린 2WD,3.5 2WD,1세대,298,8,8,1,1,1
6666,수입,인피니티,QX70,QX70,디젤 3000cc,3.0d AWD,,298,8,8,2,2,
6667,수입,인피니티,EX,EX35,가솔린 3500cc,3.5,J50,298,6,6,6,6,6
6668,수입,인피니티,QX30,QX30,가솔린 4WD,2.0 에센셜 AWD,,298,7,7,7,5,
6669,수입,인피니티,QX80,QX80,가솔린 5600cc,5.6 AWD,,298,4,4,4,4,
6670,수입,인피니티,QX30,QX30,가솔린 4WD,2.0 프로어시스트 AWD,,298,7,7,7,2,
6671,수입,인피니티,QX,QX56,가솔린 5600cc,5.6,3세대,298,3,3,3,3,3
6672,수입,재규어,XF,New XF,디젤 3000cc 이하,2.2D 럭셔리,X250,499,126,37,23,12,12
6673,수입,재규어,E-PACE,E-PACE,가솔린 4WD,P250 SE,,499,44,44,28,15,
6674,수입,재규어,XJ,New XJ,디젤 3000cc 이하,2.7D SWB,X358,499,89,10,8,5,3
6675,수입,재규어,XJ,New XJ,디젤 3000cc 이하,2.7D SWB,X350,499,89,10,8,5,2
6676,수입,재규어,XF,XF (X260),디젤 2000cc,20d 포트폴리오,,499,126,89,65,24,
6677,수입,재규어,F-PACE,F-PACE,디젤 4WD,20d 프레스티지,,499,74,74,66,35,
6678,수입,재규어,XJ,All New XJ,디젤 3000cc 이하,3.0D 프리미엄 럭셔리 LWB,X351,499,89,79,45,29,29
6679,수입,재규어,F-TYPE,F-TYPE,가솔린 3000cc,3.0 S 컨버터블,X152,499,41,41,21,8,8
6680,수입,재규어,XE,XE,디젤 2000cc,20d 프레스티지,,499,79,79,70,32,
6681,수입,재규어,E-PACE,E-PACE,가솔린 4WD,P250 S,,499,44,44,28,6,
6682,수입,재규어,XF,New XF,디젤 3000cc 이하,3.0D 럭셔리,X250,499,126,37,23,7,7
6683,수입,재규어,XJ,New XJ,디젤 3000cc 이하,2.7D LWB,X358,499,89,10,8,3,3
6684,수입,재규어,F-PACE,F-PACE,디젤 4WD,20d 포트폴리오,,499,74,74,66,13,
6685,수입,재규어,XE,XE,디젤 2000cc,20d 포트폴리오,,499,79,79,70,13,
6686,수입,재규어,XJ,All New XJ,디젤 3000cc 이하,3.0D XJ50 LWB,X351,499,89,79,45,8,8
6687,수입,재규어,XF,XF (X260),디젤 2000cc,20d 프레스티지,,499,126,89,65,15,
6688,수입,재규어,E-PACE,E-PACE,가솔린 4WD,P250 R-다이나믹 SE,,499,44,44,28,5,
6689,수입,재규어,F-PACE,F-PACE,디젤 4WD,20d R-Sport,,499,74,74,66,12,
6690,수입,재규어,XE,XE,디젤 2000cc,20d R스포츠,,499,79,79,70,9,
6691,수입,재규어,XJ,All New XJ,디젤 3000cc 이하,3.0D 프리미엄 럭셔리 SWB,X351,499,89,79,45,8,8
6692,수입,재규어,E-PACE,E-PACE,가솔린 4WD,P250 퍼스트 에디션,,499,44,44,28,2,
6693,수입,재규어,XF,XF (X260),디젤 2000cc,20d 프레스티지 AWD,,499,126,89,65,14,
6694,수입,재규어,F-TYPE,F-TYPE,가솔린 3000cc,3.0 S 쿠페,X152,499,41,41,21,5,5
6695,수입,재규어,XJ,New XJ,가솔린 3000cc 이상,4.2 V8,X358,499,89,10,1,1,1
6696,수입,재규어,F-PACE,F-PACE,디젤 4WD,D200 S,,499,74,74,66,3,
6697,수입,재규어,XF,New XF,디젤 3000cc 이하,2.2D 프리미엄,X250,499,126,37,23,2,2
6698,수입,재규어,XE,XE,디젤 2000cc,20d 프레스티지 AWD,,499,79,79,70,8,
6699,수입,재규어,F-PACE,F-PACE,디젤 4WD,30d S,,499,74,74,66,2,
6700,수입,재규어,XF,New XF,디젤 3000cc 이하,3.0D 프리미엄,X250,499,126,37,23,2,2
6701,수입,재규어,E-PACE,E-PACE,디젤 4WD,D180 S,,499,44,44,16,8,
6702,수입,재규어,XF,XF (X260),디젤 2000cc,20d 포트폴리오 AWD,,499,126,89,65,10,
6703,수입,재규어,F-TYPE,F-TYPE,가솔린 3000cc,3.0 컨버터블,X152,499,41,41,21,2,2
6704,수입,재규어,XE,XE,디젤 2000cc,D180 R-다이나믹 S,,499,79,79,70,6,
6705,수입,재규어,XJ,All New XJ,가솔린 3000cc 이하,3.0 SC 프리미엄 럭셔리 LWB,X351,499,89,79,29,9,9
6706,수입,재규어,XJ,New XJ,가솔린 3000cc 이하,3.0 V6,X358,499,89,10,1,1,1
6707,수입,재규어,E-PACE,E-PACE,디젤 4WD,D180 SE,,499,44,44,16,8,
6708,수입,재규어,XF,XF (X260),디젤 2000cc,20d 체커드 플래그 에디션,,499,126,89,65,2,
6709,수입,재규어,XE,XE,디젤 2000cc,20d 포트폴리오 AWD,,499,79,79,70,2,
6710,수입,재규어,XJ,All New XJ,가솔린 3000cc 이하,2.0 럭셔리 SWB,X351,499,89,79,29,8,8
6711,수입,재규어,F-TYPE,F-TYPE,가솔린 3000cc,P380 R-다이나믹 컨버터블,X152,499,41,41,21,2,2
6712,수입,재규어,XF,New XF,가솔린 3000cc 이하,2.0 럭셔리,X250,499,126,37,13,12,12
6713,수입,재규어,F-PACE,F-PACE,디젤 4WD,D200 SE,,499,74,74,66,1,
6714,수입,재규어,F-TYPE,F-TYPE,가솔린 3000cc,P380 R-다이나믹 쿠페,X152,499,41,41,21,2,2
6715,수입,재규어,XF,New XF,가솔린 3000cc 이하,3.0SC 럭셔리,X250,499,126,37,13,1,1
6716,수입,재규어,XE,XE,가솔린 2000cc,20t 프레스티지,,499,79,79,8,6,
6717,수입,재규어,XF,XF (X260),가솔린 2000cc,25t 프레스티지,,499,126,89,17,10,
6718,수입,재규어,XJ,All New XJ,가솔린 3000cc 이하,3.0 SC AWD 포트폴리오 LWB,X351,499,89,79,29,6,6
6719,수입,재규어,F-TYPE,F-TYPE,가솔린 3000cc,3.0 S 컨버터블 AWD,X152,499,41,41,21,1,1
6720,수입,재규어,XE,XE,가솔린 2000cc,P300 R-다이나믹 HSE AWD,,499,79,79,8,2,
6721,수입,재규어,XF,XF (X260),가솔린 2000cc,25t 포트폴리오,,499,126,89,17,6,
6722,수입,재규어,XJ,All New XJ,가솔린 3000cc 이하,2.0 럭셔리 LWB,X351,499,89,79,29,4,4
6723,수입,재규어,F-PACE,F-PACE,가솔린 4WD,P 250 SE,,499,74,74,8,5,
6724,수입,재규어,F-TYPE,F-TYPE,가솔린 3000cc,3.0 쿠페,X152,499,41,41,21,1,1
6725,수입,재규어,XF,New XF,가솔린 3000cc 이상,5.0 프리미엄,X250,499,126,37,1,1,1
6726,수입,재규어,XF,XF (X260),가솔린 2000cc,25t 프레스티지 AWD,,499,126,89,17,1,
6727,수입,재규어,XE,XE,가솔린 3000cc,3.0 SC S,,499,79,79,1,1,
6728,수입,재규어,I-PACE,I-PACE,전기,EV400 HSE,,499,13,13,13,8,
6729,수입,재규어,XJ,All New XJ,가솔린 3000cc 이하,3.0 SC AWD 프리미엄 럭셔리 LWB,X351,499,89,79,29,1,1
6730,수입,재규어,F-PACE,F-PACE,가솔린 4WD,35t R-Sport,,499,74,74,8,2,
6731,수입,재규어,I-PACE,I-PACE,전기,EV400 SE,,499,13,13,13,3,
6732,수입,재규어,F-TYPE,F-TYPE,가솔린 2000cc,P300 컨버터블,X152,499,41,41,15,9,9
6733,수입,재규어,XF,XF (X260),가솔린 3000cc,3.0 S AWD,,499,126,89,6,5,
6734,수입,재규어,XJ,All New XJ,가솔린 3000cc 이하,3.0 SC 프리미엄 럭셔리 SWB,X351,499,89,79,29,1,1
6735,수입,재규어,F-PACE,F-PACE,가솔린 4WD,5.0 SVR,,499,74,74,8,1,
6736,수입,재규어,F-TYPE,F-TYPE,가솔린 2000cc,P300 쿠페,X152,499,41,41,15,6,6
6737,수입,재규어,XF,XF (X260),가솔린 3000cc,35t AWD R-Sport,,499,126,89,6,1,
6738,수입,재규어,I-PACE,I-PACE,전기,EV400 퍼스트 에디션,,499,13,13,13,2,
6739,수입,재규어,XJ,All New XJ,가솔린 3000cc 이상,5.0 프리미엄 럭셔리 LWB,X351,499,89,79,5,3,3
6740,수입,재규어,F-TYPE,F-TYPE,가솔린 5000cc,5.0 R 컨버터블 AWD,X152,499,41,41,5,2,2
6741,수입,재규어,XJ-8,XJ-8,가솔린 4000cc 이하,3.5,X350,499,13,13,9,7,7
6742,수입,재규어,XF,XF (X260),디젤 3000cc,30d 포트폴리오,,499,126,89,1,1,
6743,수입,재규어,XJ,All New XJ,가솔린 3000cc 이상,5.0SC 슈퍼스포츠 LWB,X351,499,89,79,5,1,1
6744,수입,재규어,F-TYPE,F-TYPE,가솔린 5000cc,5.0 S 컨버터블,X152,499,41,41,5,2,2
6745,수입,재규어,XJ-6,XJ-6,가솔린 3000cc,3.0,X350,499,6,6,3,3,3
6746,수입,재규어,F-TYPE,F-TYPE,가솔린 5000cc,5.0 SVR 컨버터블 AWD,X152,499,41,41,5,1,1
6747,수입,재규어,XJ-8,XJ-8,가솔린 4000cc 이하,4.0,X308,499,13,13,9,2,2
6748,수입,재규어,XJ,All New XJ,가솔린 3000cc 이상,5.0SC 슈퍼스포츠 SWB,X351,499,89,79,5,1,1
6749,수입,재규어,S-TYPE,S-TYPE,가솔린 3000cc 이하,3.0,,499,5,5,3,3,
6750,수입,재규어,XJ-6,XJ-6,가솔린 4000cc,4.0,X300,499,6,6,2,2,2
6751,수입,재규어,다임러,다임러,가솔린 4200cc,4.2,,499,3,3,2,2,
6752,수입,재규어,XJ-8,XJ-8,가솔린 4000cc 이상,4.2,X350,499,13,13,4,4,4
6753,수입,재규어,X-TYPE,X-TYPE,가솔린 2500cc 이하,2.1,,499,2,2,1,1,
6754,수입,재규어,S-TYPE,S-TYPE,디젤 3000cc 이하,2.7D,,499,5,5,2,2,
6755,수입,재규어,XJ-6,XJ-6,가솔린 3200cc,3.2,X300,499,6,6,1,1,1
6756,수입,재규어,XJR,XJR,가솔린 4200cc 이상,6.0,,499,1,1,1,1,
6757,수입,재규어,다임러,다임러,가솔린 4000cc,4.0,,499,3,3,1,1,
6758,수입,재규어,X-TYPE,X-TYPE,디젤 2500cc 이하,2.2D,,499,2,2,1,1,
6759,수입,재규어,XJS,XJS,가솔린,쿠페,,499,1,1,1,1,
6760,수입,재규어,XKR,XKR,가솔린 5000cc,5.0 컨버터블,X150,499,1,1,1,1,1
6761,수입,재규어,XK8,XK8,가솔린,컨버터블,X100,499,1,1,1,1,1
6762,수입,지리,SE-A2 밴,SE-A2 밴,전기,2인승,,11,11,11,11,11,
6763,수입,지프,글래디에이터,글래디에이터 (JT),가솔린 4WD,3.6 루비콘,,1757,76,76,76,75,
6764,수입,지프,컴패스,컴패스 2세대,가솔린 4WD,2.4 리미티드 AWD,,1757,143,121,105,64,
6765,수입,지프,체로키,그랜드 체로키(WL),가솔린 4WD,L 3.6 서밋 리저브,,1757,506,115,95,45,
6766,수입,지프,어벤저,어벤저,전기,알티튜드,,1757,9,9,9,9,
6767,수입,지프,랭글러,랭글러 (TJ),가솔린 4WD,4.0,,1757,708,5,5,3,
6768,수입,지프,컴패스,컴패스,가솔린 2400cc,2.4 리미티드,1세대,1757,143,22,22,20,20
6769,수입,지프,레니게이드,레니게이드,가솔린 2WD,2.4 리미티드,,1757,314,314,202,93,
6770,수입,지프,체로키,체로키,가솔린 2800cc 이상,3.7,KJ,1757,506,2,1,1,1
6771,수입,지프,컴패스,컴패스 2세대,가솔린 4WD,2.4 론지튜드 AWD,,1757,143,121,105,22,
6772,수입,지프,체로키,체로키(KL),가솔린 2400cc,2.4 리미티드 AWD,,1757,506,182,147,74,
6773,수입,지프,체로키,그랜드 체로키(WL),가솔린 4WD,L 3.6 오버랜드,,1757,506,115,95,25,
6774,수입,지프,체로키,그랜드 체로키,가솔린 4WD,3.6 리미티드,WK2,1757,506,207,119,60,60
6775,수입,지프,글래디에이터,글래디에이터 (JT),가솔린 4WD,3.6 하이 벨로시티 에디션,,1757,76,76,76,1,
6776,수입,지프,랭글러,랭글러 (TJ),가솔린 4WD,사하라 2도어,,1757,708,5,5,2,
6777,수입,지프,랭글러,랭글러 (JL),가솔린 4WD,2.0 루비콘 파워 탑 4도어,,1757,708,542,495,115,
6778,수입,지프,랭글러,랭글러 (YJ),가솔린 4WD,2.5,,1757,708,4,4,3,
6779,수입,지프,컴패스,컴패스,가솔린 2400cc,2.4 블랙 에디션,1세대,1757,143,22,22,1,1
6780,수입,지프,레니게이드,레니게이드,가솔린 2WD,1.3 리미티드,,1757,314,314,202,43,
6781,수입,지프,컴패스,컴패스 2세대,가솔린 4WD,S 2.4 AWD,,1757,143,121,105,17,
6782,수입,지프,체로키,그랜드 체로키(WL),가솔린 4WD,3.6 리미티드,,1757,506,115,95,14,
6783,수입,지프,체로키,그랜드 체로키,가솔린 4WD,3.6 오버랜드,WK2,1757,506,207,119,25,25
6784,수입,지프,체로키,체로키(KL),가솔린 2400cc,2.4 론지튜드 하이 AWD,,1757,506,182,147,31,
6785,수입,지프,랭글러,랭글러 (JL),가솔린 4WD,2.0 오버랜드 파워 탑 4도어,,1757,708,542,495,88,
6786,수입,지프,랭글러,랭글러 (YJ),가솔린 4WD,4.0,,1757,708,4,4,1,
6787,수입,지프,컴패스,컴패스,가솔린 2400cc,70th 애니버셔리,1세대,1757,143,22,22,1,1
6788,수입,지프,컴패스,컴패스 2세대,가솔린 4WD,2.4 리미티드 하이 AWD,,1757,143,121,105,2,
6789,수입,지프,체로키,체로키,가솔린 2800cc 이하,2.5,XJ,1757,506,2,1,1,1
6790,수입,지프,체로키,그랜드 체로키,가솔린 4WD,3.6 서밋,WK2,1757,506,207,119,17,17
6791,수입,지프,체로키,그랜드 체로키(WL),가솔린 4WD,3.6 오버랜드,,1757,506,115,95,11,
6792,수입,지프,커맨더,커맨더,디젤 3000cc 이하,3.0 디젤,1세대,1757,1,1,1,1,1
6793,수입,지프,체로키,체로키(KL),가솔린 2400cc,2.4 리미티드 2WD,,1757,506,182,147,20,
6794,수입,지프,랭글러,랭글러 (JL),가솔린 4WD,2.0 루비콘 4도어,,1757,708,542,495,73,
6795,수입,지프,체로키,그랜드 체로키,가솔린 4WD,3.6 리미티드-X,WK2,1757,506,207,119,10,10
6796,수입,지프,체로키,체로키(KL),가솔린 2400cc,2.4 론지튜드 AWD,,1757,506,182,147,18,
6797,수입,지프,랭글러,랭글러 (JL),가솔린 4WD,2.0 오버랜드 4도어,,1757,708,542,495,72,
6798,수입,지프,체로키,그랜드 체로키,가솔린 4WD,3.6 80주년 에디션,WK2,1757,506,207,119,5,5
6799,수입,지프,체로키,체로키(KL),가솔린 2400cc,2.4 80주년 AWD,,1757,506,182,147,4,
6800,수입,지프,레니게이드,레니게이드,가솔린 2WD,2.4 론지튜드,,1757,314,314,202,30,
6801,수입,지프,체로키,그랜드 체로키(WL),가솔린+전기 4WD,4xe 서밋 리저브,,1757,506,115,20,16,
6802,수입,지프,컴패스,컴패스 2세대,가솔린 2WD,2.4 리미티드 2WD,,1757,143,121,16,15,
6803,수입,지프,체로키,그랜드 체로키,가솔린 4WD,3.6 라레도,WK2,1757,506,207,119,1,1
6804,수입,지프,컴패스,컴패스 2세대,가솔린 2WD,2.4 스포츠 2WD,,1757,143,121,16,1,
6805,수입,지프,랭글러,랭글러 (JL),가솔린 4WD,2.0 루비콘 2도어,,1757,708,542,495,44,
6806,수입,지프,체로키,그랜드 체로키(WL),가솔린+전기 4WD,4xe 리미티드,,1757,506,115,20,4,
6807,수입,지프,체로키,그랜드 체로키,가솔린 4WD,4.7 리미티드,WJ,1757,506,207,119,1,1
6808,수입,지프,체로키,체로키(KL),디젤 2000cc,2.0 디젤 리미티드 4WD,,1757,506,182,13,9,
6809,수입,지프,레니게이드,레니게이드,가솔린 2WD,2.4 론지튜드 하이,,1757,314,314,202,26,
6810,수입,지프,랭글러,랭글러 (JL),가솔린 4WD,2.0 루비콘 하이 4도어,,1757,708,542,495,26,
6811,수입,지프,체로키,체로키(KL),디젤 2000cc,2.0 디젤 론지튜드 AWD,,1757,506,182,13,4,
6812,수입,지프,레니게이드,레니게이드,가솔린 2WD,1.3 론지튜드,,1757,314,314,202,10,
6813,수입,지프,랭글러,랭글러 (JL),가솔린 4WD,2.0 사하라 4도어,,1757,708,542,495,23,
6814,수입,지프,체로키,그랜드 체로키,디젤 4WD,3.0 디젤 오버랜드,WK2,1757,506,207,87,41,41
6815,수입,지프,랭글러,랭글러 (JL),가솔린 4WD,2.0 사하라 파워 탑 4도어,,1757,708,542,495,7,
6816,수입,지프,체로키,그랜드 체로키,디젤 4WD,3.0 디젤 오버랜드서밋,WK2,1757,506,207,87,32,32
6817,수입,지프,레니게이드,레니게이드,디젤 4WD,2.0 디젤 리미티드 AWD,,1757,314,314,87,46,
6818,수입,지프,레니게이드,레니게이드,디젤 4WD,2.0 디젤 론지튜드 AWD,,1757,314,314,87,19,
6819,수입,지프,랭글러,랭글러 (JL),가솔린 4WD,2.0 스포츠 4도어 윌리스 에디션,,1757,708,542,495,7,
6820,수입,지프,체로키,체로키(KL),디젤 2200cc,2.2 디젤 리미티드 4WD,,1757,506,182,13,10,
6821,수입,지프,체로키,그랜드 체로키,디젤 4WD,3.0 디젤 리미티드,WK2,1757,506,207,87,8,8
6822,수입,지프,랭글러,랭글러 (JL),가솔린 4WD,2.0 오버랜드 4도어 80주년 에디션,,1757,708,542,495,7,
6823,수입,지프,체로키,체로키(KL),디젤 2200cc,2.2 디젤 오버랜드 4WD,,1757,506,182,13,2,
6824,수입,지프,체로키,그랜드 체로키,디젤 4WD,3.0 디젤 라레도,WK2,1757,506,207,87,4,4
6825,수입,지프,랭글러,랭글러 (JL),가솔린 4WD,2.0 루비콘 4도어 리미티드 에디션 레인,,1757,708,542,495,6,
6826,수입,지프,레니게이드,레니게이드,디젤 4WD,2.0 디젤 트레일호크 AWD,,1757,314,314,87,14,
6827,수입,지프,체로키,그랜드 체로키,디젤 4WD,3.0 디젤 75th 스페셜 에디션,WK2,1757,506,207,87,2,2
6828,수입,지프,체로키,체로키(KL),디젤 2200cc,2.2 디젤 론지튜드 AWD,,1757,506,182,13,1,
6829,수입,지프,랭글러,랭글러 (JL),가솔린 4WD,2.0 루비콘 4도어 레콘 에디션,,1757,708,542,495,5,
6830,수입,지프,레니게이드,레니게이드,디젤 4WD,2.0 디젤 리미티드 하이 AWD,,1757,314,314,87,7,
6831,수입,지프,랭글러,랭글러 (JL),가솔린 4WD,2.0 스포츠 4도어,,1757,708,542,495,5,
6832,수입,지프,레니게이드,레니게이드,디젤 4WD,2.0 디젤 75th 스페셜 에디션 AWD,,1757,314,314,87,1,
6833,수입,지프,체로키,체로키(KL),가솔린 3200cc,3.2 트레일호크 AWD,,1757,506,182,9,7,
6834,수입,지프,체로키,체로키(KL),가솔린 3200cc,3.2 오버랜드 AWD,,1757,506,182,9,2,
6835,수입,지프,랭글러,랭글러 (JL),가솔린 4WD,2.0 오버랜드 파워 탑 4도어 80주년 에디션,,1757,708,542,495,4,
6836,수입,지프,체로키,그랜드 체로키,가솔린 2WD,3.2,WK2,1757,506,207,1,1,1
6837,수입,지프,레니게이드,레니게이드,가솔린 4WD,2.4 리미티드 AWD,,1757,314,314,14,9,
6838,수입,지프,랭글러,랭글러 (JL),가솔린 4WD,2.0 루비콘 4도어 모히또 에디션,,1757,708,542,495,3,
6839,수입,지프,랭글러,랭글러 (JK),가솔린 4WD,3.6 루비콘 4도어,,1757,708,157,87,41,
6840,수입,지프,레니게이드,레니게이드,가솔린 4WD,2.4 80주년 에디션 AWD,,1757,314,314,14,5,
6841,수입,지프,랭글러,랭글러 (JL),가솔린 4WD,2.0 루비콘 4도어 얼 클리어 코트,,1757,708,542,495,3,
6842,수입,지프,랭글러,랭글러 (JK),가솔린 4WD,3.6 스포츠 2도어,,1757,708,157,87,15,
6843,수입,지프,랭글러,랭글러 (JL),가솔린 4WD,2.0 오버랜드 4도어 사지 에디션,,1757,708,542,495,3,
6844,수입,지프,레니게이드,레니게이드,디젤 2WD,1.6 디젤 리미티드,,1757,314,314,11,10,
6845,수입,지프,랭글러,랭글러 (JL),가솔린 4WD,2.0 루비콘 4도어 사지 에디션,,1757,708,542,495,2,
6846,수입,지프,레니게이드,레니게이드,디젤 2WD,1.6 디젤 론지튜드,,1757,314,314,11,1,
6847,수입,지프,랭글러,랭글러 (JL),가솔린 4WD,2.0 스포츠 4도어 아일랜더 에디션,,1757,708,542,495,2,
6848,수입,지프,랭글러,랭글러 (JK),가솔린 4WD,3.6 사하라 4도어,,1757,708,157,87,13,
6849,수입,지프,랭글러,랭글러 (JL),가솔린+전기 4WD,2.0 오버랜드 파워 탑 4도어 4xe,,1757,708,542,47,35,
6850,수입,지프,랭글러,랭글러 (JK),가솔린 4WD,3.6 루비콘 2도어,,1757,708,157,87,9,
6851,수입,지프,랭글러,랭글러 (JL),가솔린+전기 4WD,2.0 오버랜드 4도어 4xe,,1757,708,542,47,11,
6852,수입,지프,랭글러,랭글러 (JL),가솔린+전기 4WD,2.0 사하라 파워 탑 4도어 4xe,,1757,708,542,47,1,
6853,수입,지프,랭글러,랭글러 (JK),가솔린 4WD,3.6 JK 에디션,,1757,708,157,87,4,
6854,수입,지프,랭글러,랭글러 (JK),가솔린 4WD,3.6 윈터 에디션,,1757,708,157,87,2,
6855,수입,지프,랭글러,랭글러 (JK),가솔린 4WD,3.8 70th 애니버셔리,,1757,708,157,87,2,
6856,수입,지프,랭글러,랭글러 (JK),가솔린 4WD,3.6 루비콘 레콘 에디션,,1757,708,157,87,1,
6857,수입,지프,랭글러,랭글러 (JK),디젤 4WD,2.8 디젤 루비콘 4도어,,1757,708,157,70,33,
6858,수입,지프,랭글러,랭글러 (JK),디젤 4WD,2.8 디젤 사하라 4도어,,1757,708,157,70,19,
6859,수입,지프,랭글러,랭글러 (JK),디젤 4WD,2.8 디젤 루비콘 2도어,,1757,708,157,70,17,
6860,수입,지프,랭글러,랭글러 (JK),디젤 4WD,2.8 디젤 모압 에디션,,1757,708,157,70,1,
6861,수입,캐딜락,XT6,XT6,가솔린 4WD,3.6 스포츠,,502,46,46,46,46,
6862,수입,캐딜락,CT6,CT6,가솔린 4WD,3.6 플래티넘 AWD,,502,82,82,64,26,
6863,수입,캐딜락,CT6,CT6,가솔린 4WD,3.6 프리미엄 AWD,,502,82,82,64,22,
6864,수입,캐딜락,에스컬레이드,에스컬레이드,가솔린 6000cc 이상,6.2,4세대,502,222,96,94,73,61
6865,수입,캐딜락,에스컬레이드,에스컬레이드,가솔린 6000cc 이상,6.2,3세대,502,222,96,94,73,12
6866,수입,캐딜락,CTS,CTS 3세대,가솔린 2WD,2.0 프리미엄,,502,42,26,24,10,
6867,수입,캐딜락,CT6,CT6,가솔린 4WD,3.6 스포츠 AWD,,502,82,82,64,16,
6868,수입,캐딜락,에스컬레이드,에스컬레이드 5세대,가솔린 6000cc 이상,6.2 ESV,ESV 스포츠 플래티넘,502,222,126,126,67,45
6869,수입,캐딜락,에스컬레이드,에스컬레이드 5세대,가솔린 6000cc 이상,6.2 ESV,ESV 프리미엄 럭셔리 플래티넘,502,222,126,126,67,22
6870,수입,캐딜락,에스컬레이드,에스컬레이드,가솔린 6000cc 이상,6.2 ESV,4세대,502,222,96,94,21,20
6871,수입,캐딜락,에스컬레이드,에스컬레이드,가솔린 6000cc 이상,6.2 ESV,3세대,502,222,96,94,21,1
6872,수입,캐딜락,XT5,XT5,가솔린 4WD,3.6 플래티넘 AWD,,502,41,41,41,23,
6873,수입,캐딜락,XT4,XT4,가솔린 4WD,2.0 스포츠 AWD,,502,17,17,17,17,
6874,수입,캐딜락,에스컬레이드,에스컬레이드 5세대,가솔린 6000cc 이상,6.2,스포츠 플래티넘,502,222,126,126,59,45
6875,수입,캐딜락,에스컬레이드,에스컬레이드 5세대,가솔린 6000cc 이상,6.2,프리미엄 럭셔리 플래티넘,502,222,126,126,59,14
6876,수입,캐딜락,CTS,CTS 3세대,가솔린 2WD,2.0 럭셔리,,502,42,26,24,9,
6877,수입,캐딜락,XT5,XT5,가솔린 4WD,3.6 프리미엄 플러스 AWD,,502,41,41,41,8,
6878,수입,캐딜락,CT6,CT6,가솔린 2WD,2.0 터보,,502,82,82,18,18,
6879,수입,캐딜락,CTS,CTS 3세대,가솔린 2WD,2.0 프리미엄 플러스,,502,42,26,24,5,
6880,수입,캐딜락,CTS,CTS 2세대,가솔린 3000cc,3.0 Performance,,502,42,16,9,5,
6881,수입,캐딜락,ATS,ATS,가솔린 2WD,2.0 프리미엄,1세대,502,16,16,16,12,12
6882,수입,캐딜락,에스컬레이드,에스컬레이드,가솔린 6000cc 이하,6.0,2세대,502,222,96,2,1,1
6883,수입,캐딜락,CTS,CTS 2세대,가솔린 3000cc,3.0 Luxury,,502,42,16,9,2,
6884,수입,캐딜락,ATS,ATS,가솔린 2WD,2.0 럭셔리,1세대,502,16,16,16,4,4
6885,수입,캐딜락,에스컬레이드,에스컬레이드,가솔린 6000cc 이하,6.0 ESV,3세대,502,222,96,2,1,1
6886,수입,캐딜락,CT4,CT4,가솔린 2000cc,2.0 스포츠,,502,9,9,9,9,
6887,수입,캐딜락,CTS,CTS 3세대,가솔린 4WD,2.0 프리미엄 AWD,,502,42,26,2,2,
6888,수입,캐딜락,CTS,CTS 2세대,가솔린 3000cc,3.0 Sport Wagon,,502,42,16,9,2,
6889,수입,캐딜락,XT5,XT5,가솔린 4WD,3.6 스포츠 AWD,,502,41,41,41,5,
6890,수입,캐딜락,CT5,CT5,가솔린 2000cc,2.0 스포츠,,502,8,8,8,6,
6891,수입,캐딜락,CT5,CT5,가솔린 2000cc,2.0 프리미엄 럭셔리,,502,8,8,8,2,
6892,수입,캐딜락,CTS,CTS 2세대,가솔린 3600cc,3.6 Coupe,,502,42,16,6,3,
6893,수입,캐딜락,XT5,XT5,가솔린 4WD,3.6 프리미엄 럭셔리 AWD,,502,41,41,41,3,
6894,수입,캐딜락,리릭,리릭,전기 4WD,스포츠,,502,6,6,6,6,
6895,수입,캐딜락,CTS,CTS 2세대,가솔린 3600cc,3.6 Premium,,502,42,16,6,3,
6896,수입,캐딜락,DTS,DTS,가솔린 4600cc,4.6 리무진,,502,3,3,3,2,
6897,수입,캐딜락,XT5,XT5,가솔린 4WD,3.6 프리미엄 AWD,,502,41,41,41,2,
6898,수입,캐딜락,CT5-V,CT5-V,가솔린 6200cc,6.2 블랙윙,,502,2,2,2,2,
6899,수입,캐딜락,DTS,DTS,가솔린 4600cc,4.6L V8,,502,3,3,3,1,
6900,수입,캐딜락,CTS,CTS 2세대,가솔린 2800cc,2.8 Luxury,,502,42,16,1,1,
6901,수입,캐딜락,SRX,올 뉴 SRX,가솔린 3000cc,3.0 Luxury,,502,2,2,2,2,
6902,수입,캐딜락,ATS-V,ATS-V,가솔린 3600cc,3.6 카본 패키지,,502,1,1,1,1,
6903,수입,캐딜락,STS,뉴 STS,가솔린 3600cc,3.6,,502,1,1,1,1,
6904,수입,캐딜락,CTS-V,CTS-V,가솔린 6200cc,V8 6.2L,,502,1,1,1,1,
6905,수입,캐딜락,스빌,스빌,가솔린,STS,,502,1,1,1,1,
6906,수입,캐딜락,드빌,드빌,가솔린,DHS,,502,1,1,1,1,
6907,수입,캐딜락,컨코어,컨코어,가솔린 4600cc,4.6,,502,1,1,1,1,
6908,수입,크라이슬러,크로스파이어,크로스파이어,가솔린 3200cc,로드스터 3.2,,57,2,2,2,1,
6909,수입,크라이슬러,프라울러,프라울러,가솔린 3500cc,3.5,,57,2,2,2,2,
6910,수입,크라이슬러,세브링,뉴 세브링,가솔린 2400cc,2.4 컨버터블,,57,4,3,2,2,
6911,수입,크라이슬러,300C,더 뉴 300C,가솔린 2WD,3.6,,57,25,17,10,7,
6912,수입,크라이슬러,세브링,세브링,가솔린 2700cc,2.7 Convertible,,57,4,1,1,1,
6913,수입,크라이슬러,크로스파이어,크로스파이어,가솔린 3200cc,쿠페 3.2,,57,2,2,2,1,
6914,수입,크라이슬러,300C,300C,가솔린,3.5,1세대,57,25,4,4,2,2
6915,수입,크라이슬러,300C,더 뉴 300C,가솔린 2WD,3.6 프레스티지,,57,25,17,10,3,
6916,수입,크라이슬러,200,200 2세대,가솔린 2400cc,2.4 C,,57,16,16,16,9,
6917,수입,크라이슬러,그랜드 보이저,그랜드 보이저,가솔린,3.6 LIMITED,,57,8,8,8,6,
6918,수입,크라이슬러,300C,올 뉴 300C,가솔린 3600cc,3.6,,57,25,4,4,4,
6919,수입,크라이슬러,300C,300C,가솔린,5.7 헤미,1세대,57,25,4,4,1,1
6920,수입,크라이슬러,200,200 2세대,가솔린 2400cc,2.4 리미티드,,57,16,16,16,7,
6921,수입,크라이슬러,그랜드 보이저,그랜드 보이저,가솔린,3.3 LIMITED,,57,8,8,8,1,
6922,수입,크라이슬러,300C,300C,가솔린,6.1 SRT8,1세대,57,25,4,4,1,1
6923,수입,크라이슬러,300C,더 뉴 300C,가솔린 4WD,3.6 AWD,,57,25,17,4,4,
6924,수입,크라이슬러,그랜드 보이저,그랜드 보이저,가솔린,3.8,,57,8,8,8,1,
6925,수입,크라이슬러,세브링,뉴 세브링,가솔린 2700cc,2.7 컨버터블,,57,4,3,1,1,
6926,수입,크라이슬러,300C,더 뉴 300C,디젤 2WD,3.0 디젤,,57,25,17,3,3,
6927,수입,테슬라,모델 3,모델 3,전기 4WD,롱 레인지 AWD,,1985,792,792,568,479,
6928,수입,테슬라,모델 3,모델 3,전기 4WD,퍼포먼스 AWD,,1985,792,792,568,89,
6929,수입,테슬라,사이버트럭,사이버트럭,전기,AWD,,1985,13,13,13,7,
6930,수입,테슬라,모델 X,모델 X,전기 4WD,AWD,,1985,99,99,99,41,
6931,수입,테슬라,모델 Y,모델 Y,전기 4WD,롱 레인지 AWD,,1985,1033,1033,597,358,
6932,수입,테슬라,모델 S,모델 S,전기 4WD,플래드,,1985,48,48,48,25,
6933,수입,테슬라,모델 X,모델 X,전기 4WD,플래드,,1985,99,99,99,23,
6934,수입,테슬라,사이버트럭,사이버트럭,전기,Cyberbeast,,1985,13,13,13,6,
6935,수입,테슬라,모델 Y,모델 Y,전기 4WD,L 롱 레인지 AWD,,1985,1033,1033,597,145,
6936,수입,테슬라,모델 3,모델 3,전기 2WD,RWD,,1985,792,792,224,126,
6937,수입,테슬라,모델 Y,모델 Y,전기 4WD,프리미엄 롱 레인지 AWD,,1985,1033,1033,597,60,
6938,수입,테슬라,모델 3,모델 3,전기 2WD,스탠다드 레인지 플러스 RWD,,1985,792,792,224,79,
6939,수입,테슬라,모델 S,모델 S,전기 4WD,AWD,,1985,48,48,48,6,
6940,수입,테슬라,모델 Y,모델 Y,전기 4WD,퍼포먼스 AWD,,1985,1033,1033,597,26,
6941,수입,테슬라,모델 X,모델 X,전기 4WD,100D,,1985,99,99,99,19,
6942,수입,테슬라,모델 S,모델 S,전기 4WD,롱 레인지,,1985,48,48,48,5,
6943,수입,테슬라,모델 Y,모델 Y,전기 4WD,롱 레인지 런치에디션 AWD,,1985,1033,1033,597,8,
6944,수입,테슬라,모델 3,모델 3,전기 2WD,프리미엄 롱레인지 RWD,,1985,792,792,224,10,
6945,수입,테슬라,모델 X,모델 X,전기 4WD,롱 레인지,,1985,99,99,99,11,
6946,수입,테슬라,모델 3,모델 3,전기 2WD,스탠다드 RWD,,1985,792,792,224,9,
6947,수입,테슬라,모델 S,모델 S,전기 4WD,75D,,1985,48,48,48,4,
6948,수입,테슬라,모델 Y,모델 Y,전기 2WD,RWD,,1985,1033,1033,436,303,
6949,수입,테슬라,모델 X,모델 X,전기 4WD,75D,,1985,99,99,99,2,
6950,수입,테슬라,모델 S,모델 S,전기 4WD,100D,,1985,48,48,48,3,
6951,수입,테슬라,모델 Y,모델 Y,전기 2WD,프리미엄 RWD,,1985,1033,1033,436,84,
6952,수입,테슬라,모델 S,모델 S,전기 4WD,90D,,1985,48,48,48,3,
6953,수입,테슬라,모델 X,모델 X,전기 4WD,퍼포먼스,,1985,99,99,99,2,
6954,수입,테슬라,모델 Y,모델 Y,전기 2WD,스탠다드 레인지 RWD,,1985,1033,1033,436,49,
6955,수입,테슬라,모델 S,모델 S,전기 4WD,P100D,,1985,48,48,48,2,
6956,수입,테슬라,모델 X,모델 X,전기 4WD,P100D,,1985,99,99,99,1,
6957,수입,페라리,로마,로마,가솔린 3900cc,3.9,,214,39,39,39,24,
6958,수입,페라리,296,296 GTB,가솔린+전기,3.0 V6,,214,31,11,11,11,
6959,수입,페라리,F8,F8 트리뷰토,가솔린 3900cc,3.9 V8,,214,26,5,5,5,
6960,수입,페라리,296,296 GTS,가솔린+전기,3.0 V6,,214,31,20,20,20,
6961,수입,페라리,로마,로마,가솔린 3900cc,3.9 스파이더,,214,39,39,39,15,
6962,수입,페라리,SF90,SF90 스파이더,가솔린+전기 4000cc,4.0,,214,23,16,16,16,
6963,수입,페라리,푸로산게,푸로산게,가솔린 6500cc,6.5 V12,,214,31,31,31,31,
6964,수입,페라리,F8,F8 스파이더,가솔린 3900cc,3.9 V8,,214,26,21,21,21,
6965,수입,페라리,SF90,SF90 스트라달레,가솔린+전기 4000cc,4.0,,214,23,7,7,7,
6966,수입,페라리,포르토피노,포르토피노,가솔린 3900cc,3.9 V8,,214,18,18,18,15,
6967,수입,페라리,488,488 스파이더,가솔린 3900cc,3.9,,214,11,7,7,7,
6968,수입,페라리,488,488 GTB,가솔린 3900cc,3.9,,214,11,4,4,4,
6969,수입,페라리,포르토피노,포르토피노,가솔린 3900cc,M 3.9 V8,,214,18,18,18,3,
6970,수입,페라리,812,812 GTS,가솔린 6500cc,6.5 V12,,214,9,4,4,4,
6971,수입,페라리,GTC4 루쏘,GTC4 루쏘,가솔린 4WD,T 3.9 V8,,214,7,7,7,6,
6972,수입,페라리,458,458,가솔린 4500cc,이탈리아,,214,4,4,4,3,
6973,수입,페라리,캘리포니아,캘리포니아,가솔린 3900cc,T 3.9 V8,,214,6,6,3,3,
6974,수입,페라리,GTC4 루쏘,GTC4 루쏘,가솔린 4WD,6.3 V12,,214,7,7,7,1,
6975,수입,페라리,812,812 슈퍼패스트,가솔린 6500cc,6.5 V12,,214,9,5,5,5,
6976,수입,페라리,458,458,가솔린 4500cc,스파이더,,214,4,4,4,1,
6977,수입,페라리,캘리포니아,캘리포니아,가솔린 4300cc,4.3 V8,,214,6,6,3,2,
6978,수입,페라리,360,360,가솔린 3600cc,스파이더,,214,2,2,2,2,
6979,수입,페라리,12 칠린드리,12 칠린드리,가솔린 6500cc,6.5 V12,,214,2,2,2,2,
6980,수입,페라리,캘리포니아,캘리포니아,가솔린 4300cc,30 4.3 V8,,214,6,6,3,1,
6981,수입,페라리,F12 베를리네타,F12 베를리네타,가솔린 6300cc,6.3,,214,1,1,1,1,
6982,수입,페라리,599,599 GTB,가솔린 6000cc,피오라노 V12,,214,1,1,1,1,
6983,수입,페라리,F355,F355,가솔린 3500cc,GTS,,214,1,1,1,1,
6984,수입,페라리,F430,F430,가솔린 4300cc,4.3 스파이더,,214,1,1,1,1,
6985,수입,페라리,FF,FF,가솔린 6300cc,6.3 V12,,214,1,1,1,1,
6986,수입,포드,토러스,뉴 토러스,가솔린 2000cc,2.0 Limited 에코부스트,6세대,1561,41,41,29,26,26
6987,수입,포드,레인저,레인저,가솔린,4.0,2세대,1561,79,1,1,1,1
6988,수입,포드,익스플로러,익스플로러,가솔린 4WD,2.3 리미티드 4WD,5세대,1561,922,322,315,256,256
6989,수입,포드,머스탱,머스탱,가솔린,쿠페,,1561,263,205,205,88,
6990,수입,포드,레인저,레인저 3세대,디젤 2000cc,2.0,와일드트랙,1561,79,41,41,41,26
6991,수입,포드,레인저,레인저 3세대,디젤 2000cc,2.0,랩터,1561,79,41,41,41,15
6992,수입,포드,익스플로러,익스플로러,가솔린 4WD,3.5 리미티드 4WD,5세대,1561,922,322,315,58,58
6993,수입,포드,레인저,레인저 4세대,디젤 2000cc,2.0,랩터,1561,79,37,37,37,22
6994,수입,포드,레인저,레인저 4세대,디젤 2000cc,2.0,와일드트랙,1561,79,37,37,37,15
6995,수입,포드,머스탱,머스탱,가솔린,컨버터블,,1561,263,205,205,56,
6996,수입,포드,머스탱,머스탱 7세대,가솔린 2300cc,2.3 에코부스트 프리미엄 쿠페,,1561,263,58,33,19,
6997,수입,포드,토러스,뉴 토러스,가솔린 2000cc,2.0 SEL 에코부스트,6세대,1561,41,41,29,3,3
6998,수입,포드,익스플로러,익스플로러 6세대,가솔린 4WD,2.3 리미티드 4WD,,1561,922,600,554,418,
6999,수입,포드,머스탱,머스탱,가솔린,GT 컨버터블,,1561,263,205,205,31,
7000,수입,포드,익스플로러,익스플로러,가솔린 4WD,Limited 4.0 4WD,,1561,922,322,315,1,
7001,수입,포드,머스탱,머스탱 7세대,가솔린 2300cc,2.3 에코부스트 프리미엄 컨버터블,,1561,263,58,33,14,
7002,수입,포드,F150,F150,가솔린 5000cc 이하,3.5L,,1561,72,72,54,44,
7003,수입,포드,익스플로러,익스플로러 6세대,가솔린 4WD,3.0 플래티넘 4WD,,1561,922,600,554,108,
7004,수입,포드,브롱코,브롱코 6세대,가솔린 4WD,2.7 아우터 뱅크스,,1561,65,65,65,53,
7005,수입,포드,F150,F150,가솔린 5000cc 이하,2.7L,,1561,72,72,54,7,
7006,수입,포드,익스플로러,익스플로러 6세대,가솔린 4WD,2.3 ST-라인 4WD,,1561,922,600,554,23,
7007,수입,포드,머스탱,머스탱,가솔린,GT 쿠페,,1561,263,205,205,30,
7008,수입,포드,토러스,뉴 토러스,가솔린 3500cc,3.5 Limited,6세대,1561,41,41,12,8,8
7009,수입,포드,F150,F150,가솔린 5000cc 이하,4.6L,,1561,72,72,54,2,
7010,수입,포드,익스플로러,익스플로러 6세대,가솔린 4WD,2.3 플래티넘 4WD,,1561,922,600,554,5,
7011,수입,포드,익스플로러,익스플로러,가솔린 2WD,2.0 에코부스트 2WD,5세대,1561,922,322,7,5,5
7012,수입,포드,머스탱,머스탱 7세대,가솔린 5000cc,5.0 GT 프리미엄 쿠페,,1561,263,58,25,17,
7013,수입,포드,몬데오,몬데오 4세대,디젤 2000cc,2.0 트렌드,,1561,36,35,35,24,
7014,수입,포드,토러스,뉴 토러스,가솔린 3500cc,3.5 SHO 에코부스트,6세대,1561,41,41,12,4,4
7015,수입,포드,브롱코,브롱코 6세대,가솔린 4WD,2.3 아우터 뱅크스,,1561,65,65,65,11,
7016,수입,포드,머스탱,머스탱 7세대,가솔린 5000cc,5.0 GT 프리미엄 컨버터블,,1561,263,58,25,8,
7017,수입,포드,몬데오,몬데오 4세대,디젤 2000cc,2.0 티타늄,,1561,36,35,35,11,
7018,수입,포드,익스플로러,익스플로러,가솔린 2WD,3.5 리미티드 2WD,,1561,922,322,7,1,
7019,수입,포드,F150,F150,가솔린 5000cc 이하,3.7L,,1561,72,72,54,1,
7020,수입,포드,몬데오,몬데오,가솔린,2.0,,1561,36,1,1,1,
7021,수입,포드,브롱코,브롱코 6세대,가솔린 4WD,2.7 퍼스트 에디션,,1561,65,65,65,1,
7022,수입,포드,익스플로러,익스플로러 6세대,가솔린+전기 4WD,3.0 PHEV,,1561,922,600,46,28,
7023,수입,포드,익스플로러,익스플로러,가솔린 2WD,Limited 4.0 2WD,,1561,922,322,7,1,
7024,수입,포드,익스플로러,익스플로러 6세대,가솔린+전기 4WD,3.3 하이브리드,,1561,922,600,46,18,
7025,수입,포드,F150,F150,가솔린 5000cc 이상,5.0L,,1561,72,72,15,11,
7026,수입,포드,F150,F150,가솔린 5000cc 이상,5.4L,,1561,72,72,15,4,
7027,수입,포드,익스페디션,익스페디션,가솔린 4WD,플래티넘 4WD,7인승,1561,17,17,17,17,13
7028,수입,포드,익스페디션,익스페디션,가솔린 4WD,플래티넘 4WD,8인승,1561,17,17,17,17,4
7029,수입,포드,트랜짓,트랜짓,가솔린,3.7,,1561,17,16,16,9,
7030,수입,포드,트랜짓,트랜짓 커넥트,가솔린 2000cc,2.0,1세대,1561,17,1,1,1,1
7031,수입,포드,포커스,포커스,디젤,2.0 디젤 스포츠 해치백,3세대,1561,11,11,10,4,4
7032,수입,포드,트랜짓,트랜짓,가솔린,3.5,,1561,17,16,16,7,
7033,수입,포드,포커스,포커스,디젤,2.0 디젤 티타늄 해치백,3세대,1561,11,11,10,3,3
7034,수입,포드,퓨전,퓨전,가솔린 2000cc 이하,2.0 에코부스트,2세대,1561,11,11,10,6,6
7035,수입,포드,포커스,포커스,디젤,1.5 디젤 티타늄,3세대,1561,11,11,10,1,1
7036,수입,포드,퓨전,퓨전,가솔린 2000cc 이하,2.0 티타늄 에코부스트,2세대,1561,11,11,10,3,3
7037,수입,포드,쿠가,쿠가 2세대,디젤,2.0 디젤 티타늄,,1561,10,10,10,6,
7038,수입,포드,F150,F150,가솔린+전기 3500cc,3.5L 하이브리드,,1561,72,72,3,3,
7039,수입,포드,포커스,포커스,디젤,2.0 디젤 트렌드 해치백,3세대,1561,11,11,10,1,1
7040,수입,포드,E-Series,E-Series,가솔린,E-150,,1561,6,6,6,4,
7041,수입,포드,퓨전,퓨전,가솔린 2000cc 이하,1.6 에코부스트,2세대,1561,11,11,10,1,1
7042,수입,포드,쿠가,쿠가 2세대,디젤,2.0 디젤 트렌디,,1561,10,10,10,4,
7043,수입,포드,포커스,포커스,디젤,2.0 디젤 티타늄,3세대,1561,11,11,10,1,1
7044,수입,포드,퓨전,퓨전,가솔린 2000cc 이상,2.5,1세대,1561,11,11,1,1,1
7045,수입,포드,이스케이프,이스케이프,가솔린 2000cc 이상,2.5 XLT 4WD,2세대,1561,5,5,3,3,3
7046,수입,포드,포커스,포커스,가솔린,2.0 SEL,3세대,1561,11,11,1,1,1
7047,수입,포드,E-Series,E-Series,가솔린,E-350,,1561,6,6,6,2,
7048,수입,포드,F350,F350,가솔린 6200cc,6.2,3세대,1561,3,3,2,2,2
7049,수입,포드,이스케이프,이스케이프,가솔린 2000cc 이하,1.6,3세대,1561,5,5,2,1,1
7050,수입,포드,F250,F250,가솔린,슈퍼듀티,,1561,2,2,2,2,
7051,수입,포드,F350,F350,가솔린 5400cc,5.4,1세대,1561,3,3,1,1,1
7052,수입,포드,이스케이프,이스케이프,가솔린 2000cc 이하,2.0,3세대,1561,5,5,2,1,1
7053,수입,포드,이코노라인,이코노라인,가솔린,E150 Van,,1561,1,1,1,1,
7054,수입,포르쉐,카이엔,카이엔 (PO536),가솔린 3000cc,3.0,,3289,1143,958,718,311,
7055,수입,포르쉐,911,911 (992),가솔린 4WD,카레라 4 GTS 카브리올레,,3289,539,424,268,50,
7056,수입,포르쉐,카이엔,카이엔 (PO536),가솔린 3000cc,3.0 쿠페,,3289,1143,958,718,275,
7057,수입,포르쉐,파나메라,파나메라,가솔린 4WD,3.6 AWD,970,3289,711,139,97,41,41
7058,수입,포르쉐,카이엔,카이엔,가솔린 4800cc 이하,4.5 S,955,3289,1143,21,13,5,5
7059,수입,포르쉐,마칸,마칸 EV,전기,4S,,3289,342,60,60,25,
7060,수입,포르쉐,911,911,가솔린 4WD,카레라 4 GTS 카브리올레,991,3289,539,115,64,11,11
7061,수입,포르쉐,카이엔,뉴 카이엔,디젤 3000cc,3.0 디젤,958,3289,1143,164,87,64,64
7062,수입,포르쉐,718,718 카이맨,가솔린 4000cc,4.0 GT4,,3289,272,54,26,13,
7063,수입,포르쉐,파나메라,파나메라 (971),가솔린 4WD,3.0 AWD,,3289,711,452,387,113,
7064,수입,포르쉐,파나메라,파나메라,가솔린 4WD,4.8 GTS,970,3289,711,139,97,16,16
7065,수입,포르쉐,마칸,마칸 EV,전기,베이스 4,,3289,342,60,60,22,
7066,수입,포르쉐,파나메라,파나메라 (976),가솔린 4WD,2.9 AWD,,3289,711,120,95,75,
7067,수입,포르쉐,718,718 박스터,가솔린 2500cc,2.5 GTS,,3289,272,218,93,50,
7068,수입,포르쉐,카이엔,카이엔 (PO536),가솔린 3000cc,3.0 쿠페 플래티넘 에디션,,3289,1143,958,718,66,
7069,수입,포르쉐,타이칸,타이칸,전기,베이스,,3289,237,237,237,74,
7070,수입,포르쉐,카이엔,카이엔,가솔린 4800cc 이하,3.6,957,3289,1143,21,13,3,3
7071,수입,포르쉐,911,911,가솔린 4WD,카레라 4S 카브리올레,991,3289,539,115,64,9,6
7072,수입,포르쉐,911,911,가솔린 4WD,카레라 4S 카브리올레,997,3289,539,115,64,9,3
7073,수입,포르쉐,카이엔,뉴 카이엔,디젤 3000cc,3.0 디젤 플래티넘 에디션,958,3289,1143,164,87,23,23
7074,수입,포르쉐,마칸,마칸,가솔린 2900cc,2.9 GTS,95B,3289,342,282,116,69,69
7075,수입,포르쉐,718,718 카이맨,가솔린 4000cc,4.0 GTS,,3289,272,54,26,13,
7076,수입,포르쉐,파나메라,파나메라 (971),가솔린 4WD,4.0 GTS,,3289,711,452,387,75,
7077,수입,포르쉐,911,911 (992),가솔린 4WD,카레라 4 GTS,,3289,539,424,268,45,
7078,수입,포르쉐,파나메라,파나메라,가솔린 4WD,3.6 AWD 에디션,970,3289,711,139,97,15,15
7079,수입,포르쉐,파나메라,파나메라 (976),가솔린 4WD,4.0 GTS,,3289,711,120,95,20,
7080,수입,포르쉐,마칸,마칸 EV,전기,터보,,3289,342,60,60,8,
7081,수입,포르쉐,718,718 박스터,가솔린 2500cc,S 2.5,,3289,272,218,93,43,
7082,수입,포르쉐,카이엔,카이엔 (PO536),가솔린 3000cc,3.0 플래티넘 에디션,,3289,1143,958,718,66,
7083,수입,포르쉐,타이칸,타이칸,전기,4S,,3289,237,237,237,60,
7084,수입,포르쉐,카이엔,카이엔,가솔린 4800cc 이하,4.5 터보,955,3289,1143,21,13,3,3
7085,수입,포르쉐,911,911,가솔린 4WD,터보,997,3289,539,115,64,8,4
7086,수입,포르쉐,911,911,가솔린 4WD,터보,996,3289,539,115,64,8,3
7087,수입,포르쉐,911,911,가솔린 4WD,터보,991,3289,539,115,64,8,1
7088,수입,포르쉐,마칸,마칸,가솔린 2900cc,2.9 S,,3289,342,282,116,47,
7089,수입,포르쉐,911,911 (992),가솔린 4WD,카레라 4S 카브리올레,,3289,539,424,268,40,
7090,수입,포르쉐,파나메라,파나메라 (971),가솔린 4WD,2.9 AWD,,3289,711,452,387,49,
7091,수입,포르쉐,파나메라,파나메라,가솔린 4WD,4.8 4S,970,3289,711,139,97,12,12
7092,수입,포르쉐,마칸,마칸 EV,전기,베이스,,3289,342,60,60,5,
7093,수입,포르쉐,타이칸,타이칸,전기,GTS,,3289,237,237,237,32,
7094,수입,포르쉐,911,911,가솔린 4WD,카레라 4 카브리올레,991,3289,539,115,64,7,7
7095,수입,포르쉐,718,718 카이맨,가솔린 2000cc,2.0,,3289,272,54,16,16,
7096,수입,포르쉐,911,911 (992),가솔린 4WD,터보 S 카브리올레,,3289,539,424,268,27,
7097,수입,포르쉐,파나메라,파나메라 (976),가솔린+전기 4WD,2.9 AWD E-하이브리드,,3289,711,120,25,23,
7098,수입,포르쉐,카이엔,카이엔 (PO536),가솔린+전기 3000cc,3.0 E-하이브리드 쿠페,,3289,1143,958,151,66,
7099,수입,포르쉐,카이엔,카이엔,가솔린 4800cc 이하,3.2,955,3289,1143,21,13,2,2
7100,수입,포르쉐,파나메라,파나메라 (971),가솔린 4WD,2.9 AWD 플래티넘 에디션,,3289,711,452,387,47,
7101,수입,포르쉐,718,718 박스터,가솔린 4000cc,4.0 GTS,,3289,272,218,81,75,
7102,수입,포르쉐,911,911,가솔린 4WD,카레라 4S,991,3289,539,115,64,7,7
7103,수입,포르쉐,마칸,마칸,디젤 3000cc,3.0 S 디젤,95B,3289,342,282,63,63,63
7104,수입,포르쉐,카이엔,뉴 카이엔,가솔린 4800cc,4.8 S,958,3289,1143,164,38,17,17
7105,수입,포르쉐,타이칸,타이칸,전기,4S 크로스 투리스모,,3289,237,237,237,15,
7106,수입,포르쉐,911,911 (992),가솔린 4WD,카레라 4 카브리올레,,3289,539,424,268,26,
7107,수입,포르쉐,파나메라,파나메라 (976),가솔린+전기 4WD,4.0 터보 E-하이브리드,,3289,711,120,25,2,
7108,수입,포르쉐,파나메라,파나메라,가솔린 4WD,4.8 터보,970,3289,711,139,97,8,8
7109,수입,포르쉐,718,718 박스터,가솔린 4000cc,4.0 스파이더,,3289,272,218,81,4,
7110,수입,포르쉐,파나메라,파나메라 (971),가솔린 4WD,2.9 4S,,3289,711,452,387,45,
7111,수입,포르쉐,카이엔,카이엔 (PO536),가솔린+전기 3000cc,3.0 E-하이브리드,,3289,1143,958,151,49,
7112,수입,포르쉐,카이엔,뉴 카이엔,가솔린 4800cc,4.8 GTS,958,3289,1143,164,38,10,10
7113,수입,포르쉐,911,911,가솔린 4WD,카레라 4 GTS,991,3289,539,115,64,6,6
7114,수입,포르쉐,911,911 (992),가솔린 4WD,카레라 4S,,3289,539,424,268,26,
7115,수입,포르쉐,718,718 카이맨,가솔린 2500cc,S 2.5,,3289,272,54,12,7,
7116,수입,포르쉐,타이칸,타이칸,전기,터보,,3289,237,237,237,14,
7117,수입,포르쉐,718,718 박스터,가솔린 4000cc,4.0 25th 에디션,,3289,272,218,81,2,
7118,수입,포르쉐,카이엔,카이엔,가솔린 4800cc 이상,4.8 GTS,957,3289,1143,21,8,3,3
7119,수입,포르쉐,파나메라,파나메라 (971),가솔린 4WD,2.9 AWD 이그제큐티브,,3289,711,452,387,28,
7120,수입,포르쉐,파나메라,파나메라,가솔린 4WD,3.0 4S 이그제큐티브,970,3289,711,139,97,4,4
7121,수입,포르쉐,카이엔,뉴 카이엔,가솔린 4800cc,4.8 터보,958,3289,1143,164,38,6,6
7122,수입,포르쉐,911,911,가솔린 4WD,타르가 4S,991,3289,539,115,64,4,3
7123,수입,포르쉐,911,911,가솔린 4WD,타르가 4S,997,3289,539,115,64,4,1
7124,수입,포르쉐,911,911 (992),가솔린 4WD,타르가 4 GTS,,3289,539,424,268,13,
7125,수입,포르쉐,마칸,마칸,가솔린 2000cc,2.0,95B,3289,342,282,51,51,51
7126,수입,포르쉐,카이엔,카이엔 (PO536),가솔린+전기 3000cc,3.0 E-하이브리드 쿠페 플래티넘 에디션,,3289,1143,958,151,11,
7127,수입,포르쉐,카이엔,카이엔,가솔린 4800cc 이상,4.8 터보,957,3289,1143,21,8,3,3
7128,수입,포르쉐,파나메라,파나메라 (971),가솔린 4WD,4.0 터보,,3289,711,452,387,22,
7129,수입,포르쉐,파나메라,파나메라,가솔린 4WD,3.6 AWD 플래티넘 에디션,,3289,711,139,97,1,
7130,수입,포르쉐,911,911 (992),가솔린 4WD,타르가 4,,3289,539,424,268,11,
7131,수입,포르쉐,카이엔,뉴 카이엔,가솔린 4800cc,4.8 터보 S,958,3289,1143,164,38,5,5
7132,수입,포르쉐,카이엔,카이엔 (PO536),가솔린+전기 3000cc,3.0 E-하이브리드 플래티넘 에디션,,3289,1143,958,151,11,
7133,수입,포르쉐,718,718 카이맨,가솔린 2500cc,2.5 GTS,,3289,272,54,12,5,
7134,수입,포르쉐,타이칸,타이칸,전기,터보 S,,3289,237,237,237,14,
7135,수입,포르쉐,파나메라,파나메라 (971),가솔린 4WD,4.0 터보 S,,3289,711,452,387,7,
7136,수입,포르쉐,911,911,가솔린 4WD,터보 카브리올레,997,3289,539,115,64,4,3
7137,수입,포르쉐,911,911,가솔린 4WD,터보 카브리올레,991,3289,539,115,64,4,1
7138,수입,포르쉐,911,911 (992),가솔린 4WD,타르가 4S,,3289,539,424,268,11,
7139,수입,포르쉐,마칸,마칸,가솔린 3000cc,3.0 GTS,95B,3289,342,282,38,23,23
7140,수입,포르쉐,카이엔,카이엔 (PO536),가솔린+전기 3000cc,3.0 S E-하이브리드,,3289,1143,958,151,7,
7141,수입,포르쉐,파나메라,파나메라 (971),가솔린 4WD,4.0 터보 스포츠 투리스모,,3289,711,452,387,1,
7142,수입,포르쉐,타이칸,타이칸,전기,베이스 4,,3289,237,237,237,12,
7143,수입,포르쉐,파나메라,파나메라,가솔린 2WD,3.6 2WD,970,3289,711,139,22,10,10
7144,수입,포르쉐,911,911,가솔린 4WD,카레라 4,991,3289,539,115,64,3,2
7145,수입,포르쉐,911,911,가솔린 4WD,카레라 4,996,3289,539,115,64,3,1
7146,수입,포르쉐,718,718 박스터,가솔린 2000cc,2.0,,3289,272,218,44,44,
7147,수입,포르쉐,카이엔,뉴 카이엔,가솔린 3600cc,3.6 GTS,958,3289,1143,164,29,16,16
7148,수입,포르쉐,타이칸,타이칸,전기,터보 크로스 투리스모,,3289,237,237,237,8,
7149,수입,포르쉐,911,911 (992),가솔린 4WD,카레라 4,,3289,539,424,268,8,
7150,수입,포르쉐,파나메라,파나메라,가솔린 2WD,4.8 S,970,3289,711,139,22,8,8
7151,수입,포르쉐,911,911,가솔린 4WD,터보 S,991,3289,539,115,64,3,3
7152,수입,포르쉐,카이엔,카이엔,가솔린 4800cc 이상,4.8 S,957,3289,1143,21,8,2,2
7153,수입,포르쉐,카이엔,카이엔 (PO536),가솔린+전기 3000cc,3.0 S E-하이브리드 쿠페,,3289,1143,958,151,7,
7154,수입,포르쉐,마칸,마칸,가솔린 3000cc,3.0 S,95B,3289,342,282,38,15,15
7155,수입,포르쉐,카이엔,뉴 카이엔,가솔린 3600cc,3.6,958,3289,1143,164,29,6,6
7156,수입,포르쉐,파나메라,파나메라 (971),가솔린+전기 4WD,2.9 AWD E-하이브리드,,3289,711,452,61,40,
7157,수입,포르쉐,타이칸,타이칸,전기,터보 GT 바이작 패키지,,3289,237,237,237,4,
7158,수입,포르쉐,911,911 (992),가솔린 4WD,터보 S,,3289,539,424,268,8,
7159,수입,포르쉐,파나메라,파나메라,가솔린 2WD,3.0 S,970,3289,711,139,22,2,2
7160,수입,포르쉐,911,911,가솔린 4WD,타르가 4 GTS,991,3289,539,115,64,2,2
7161,수입,포르쉐,카이엔,뉴 카이엔,가솔린 3600cc,3.6 플래티넘 에디션,958,3289,1143,164,29,4,4
7162,수입,포르쉐,타이칸,타이칸,전기,4 크로스 투리스모,,3289,237,237,237,2,
7163,수입,포르쉐,파나메라,파나메라,가솔린 2WD,3.6 2WD 에디션,970,3289,711,139,22,2,2
7164,수입,포르쉐,911,911 (992),가솔린 4WD,타르가 4S 헤리티지 디자인 에디션,,3289,539,424,268,3,
7165,수입,포르쉐,카이엔,카이엔 (PO536),가솔린 4000cc,4.0 터보,,3289,1143,958,86,26,
7166,수입,포르쉐,마칸,마칸,가솔린 3600cc,3.6 터보,95B,3289,342,282,14,14,14
7167,수입,포르쉐,타이칸,타이칸,전기,터보 GT,,3289,237,237,237,2,
7168,수입,포르쉐,카이엔,카이엔 (PO536),가솔린 4000cc,4.0 터보 쿠페,,3289,1143,958,86,18,
7169,수입,포르쉐,911,911,가솔린 2WD,카레라 GTS 카브리올레,991,3289,539,115,51,10,10
7170,수입,포르쉐,박스터,박스터,가솔린 2900cc 이상,S 3.4,981,3289,42,42,32,20,16
7171,수입,포르쉐,박스터,박스터,가솔린 2900cc 이상,S 3.4,987,3289,42,42,32,20,4
7172,수입,포르쉐,카이엔,뉴 카이엔,가솔린 3600cc,3.6 S,958,3289,1143,164,29,3,3
7173,수입,포르쉐,파나메라,파나메라,디젤 2WD,3.0 디젤,970,3289,711,139,19,18,18
7174,수입,포르쉐,911,911 (992),가솔린 2WD,GT3,,3289,539,424,156,29,
7175,수입,포르쉐,박스터,박스터,가솔린 2900cc 이상,3.4 GTS,981,3289,42,42,32,8,8
7176,수입,포르쉐,파나메라,파나메라 (971),가솔린+전기 4WD,2.9 AWD E-하이브리드 플래티넘 에디션,,3289,711,452,61,17,
7177,수입,포르쉐,911,911,가솔린 2WD,카레라 S,997,3289,539,115,51,9,5
7178,수입,포르쉐,911,911,가솔린 2WD,카레라 S,991,3289,539,115,51,9,4
7179,수입,포르쉐,카이엔,카이엔 (PO536),가솔린 4000cc,4.0 터보 GT 쿠페,,3289,1143,958,86,17,
7180,수입,포르쉐,911,911 (992),가솔린 2WD,카레라 카브리올레,,3289,539,424,156,28,
7181,수입,포르쉐,파나메라,파나메라,디젤 2WD,3.0 디젤 에디션,970,3289,711,139,19,1,1
7182,수입,포르쉐,파나메라,파나메라 (971),가솔린+전기 4WD,4.0 터보 S E-하이브리드,,3289,711,452,61,4,
7183,수입,포르쉐,카이엔,카이엔 (PO536),가솔린 4000cc,4.0 GTS 쿠페,,3289,1143,958,86,13,
7184,수입,포르쉐,911,911 (992),가솔린 2WD,카레라 S,,3289,539,424,156,23,
7185,수입,포르쉐,카이엔,뉴 카이엔,디젤 4200cc,4.2 S 디젤,958,3289,1143,164,8,8,8
7186,수입,포르쉐,카이맨,카이맨,가솔린 2900cc 이상,3.4 GTS,981C,3289,3,3,2,1,1
7187,수입,포르쉐,박스터,박스터,가솔린 2900cc 이상,S 3.2,986,3289,42,42,32,4,2
7188,수입,포르쉐,박스터,박스터,가솔린 2900cc 이상,S 3.2,987,3289,42,42,32,4,2
7189,수입,포르쉐,911,911,가솔린 2WD,카레라 S 카브리올레,991,3289,539,115,51,9,9
7190,수입,포르쉐,카이엔,카이엔 (PO536),가솔린 4000cc,4.0 GTS,,3289,1143,958,86,12,
7191,수입,포르쉐,911,911 (992),가솔린 2WD,카레라 S 카브리올레,,3289,539,424,156,20,
7192,수입,포르쉐,파나메라,파나메라,가솔린+전기 2WD,3.0 S E-하이브리드,970,3289,711,139,1,1,1
7193,수입,포르쉐,카이맨,카이맨,가솔린 2900cc 이상,S 3.4,987C,3289,3,3,2,1,1
7194,수입,포르쉐,911,911,가솔린 2WD,GT3,991,3289,539,115,51,7,7
7195,수입,포르쉐,카이엔,뉴 카이엔,가솔린+전기 3000cc,3.0 S E-하이브리드,958,3289,1143,164,2,1,1
7196,수입,포르쉐,파나메라,파나메라 (971),가솔린 2WD,3.0,,3289,711,452,4,4,
7197,수입,포르쉐,911,911 (992),가솔린 2WD,카레라 GTS 카브리올레,,3289,539,424,156,19,
7198,수입,포르쉐,911,911,가솔린 2WD,카레라,991,3289,539,115,51,7,5
7199,수입,포르쉐,911,911,가솔린 2WD,카레라,997,3289,539,115,51,7,2
7200,수입,포르쉐,카이엔,카이엔 (PO536),가솔린+전기 4000cc,4.0 터보 E-하이브리드 쿠페,,3289,1143,958,3,2,
7201,수입,포르쉐,카이엔,뉴 카이엔,가솔린+전기 3000cc,3.0 S 하이브리드,958,3289,1143,164,2,1,1
7202,수입,포르쉐,카이맨,카이맨,가솔린 2900cc 이하,2.7,981C,3289,3,3,1,1,1
7203,수입,포르쉐,911,911,가솔린 2WD,GT3 RS,991,3289,539,115,51,6,6
7204,수입,포르쉐,911,911 (992),가솔린 2WD,카레라 GTS,,3289,539,424,156,17,
7205,수입,포르쉐,박스터,박스터,가솔린 2900cc 이하,2.7,981,3289,42,42,10,9,8
7206,수입,포르쉐,박스터,박스터,가솔린 2900cc 이하,2.7,986,3289,42,42,10,9,1
7207,수입,포르쉐,카이엔,카이엔 (PO536),가솔린+전기 4000cc,4.0 터보 E-하이브리드,,3289,1143,958,3,1,
7208,수입,포르쉐,박스터,박스터,가솔린 2900cc 이하,2.9,987,3289,42,42,10,1,1
7209,수입,포르쉐,911,911,가솔린 2WD,GT2,997,3289,539,115,51,1,1
7210,수입,포르쉐,911,911 (992),가솔린 2WD,카레라,,3289,539,424,156,11,
7211,수입,포르쉐,911,911 (992),가솔린 2WD,GT3 투어링,,3289,539,424,156,9,
7212,수입,포르쉐,911,911,가솔린 2WD,카레라 2,964,3289,539,115,51,1,1
7213,수입,포르쉐,911,911,가솔린 2WD,카레라 카브리올레,991,3289,539,115,51,1,1
7214,수입,폭스바겐,골프,골프 4세대,가솔린,1.8 GTI,,2379,399,2,2,1,
7215,수입,폭스바겐,티구안,티구안 2세대,디젤 2WD,2.0 TDI 프레스티지,,2379,658,372,256,139,
7216,수입,폭스바겐,파사트,더 뉴 파사트,가솔린 2000cc,2.0 TSI,B7,2379,183,73,35,35,35
7217,수입,폭스바겐,투아렉,투아렉 3세대,디젤 4WD,3.0 TDI 프레스티지,,2379,171,140,140,86,
7218,수입,폭스바겐,골프,골프 5세대,가솔린 2000cc 이상,R32,,2379,399,4,3,3,
7219,수입,폭스바겐,투아렉,뉴 투아렉,디젤 3000cc,V6 3.0 TDI 블루모션,7P5,2379,171,29,29,14,14
7220,수입,폭스바겐,티구안,티구안 2세대,디젤 2WD,2.0 TDI 프리미엄,,2379,658,372,256,115,
7221,수입,폭스바겐,제타,제타 7세대,가솔린 1400cc,1.4 TSI 프레스티지,,2379,342,284,161,157,
7222,수입,폭스바겐,파사트,파사트 바리안트,디젤 2000cc,2.0 TDI Sport,B6,2379,183,1,1,1,1
7223,수입,폭스바겐,제타,뉴 제타,디젤 2000cc,2.0 TDI 블루모션 프리미엄,6세대,2379,342,58,45,19,19
7224,수입,폭스바겐,골프,골프 4세대,가솔린,2.0,,2379,399,2,2,1,
7225,수입,폭스바겐,티구안,뉴 티구안,디젤 2000cc,2.0 TDI 컴포트,5N,2379,658,92,91,50,50
7226,수입,폭스바겐,투아렉,투아렉 3세대,디젤 4WD,3.0 TDI R-Line,,2379,171,140,140,25,
7227,수입,폭스바겐,투아렉,뉴 투아렉,디젤 3000cc,V6 3.0 TDI 블루모션 프리미엄,7P5,2379,171,29,29,13,13
7228,수입,폭스바겐,투아렉,투아렉,가솔린 3600cc 이상,V8 4.2,7L,2379,171,2,1,1,1
7229,수입,폭스바겐,티구안,티구안,디젤 2000cc,2.0 TDI,5N,2379,658,4,3,3,3
7230,수입,폭스바겐,골프,골프 3세대,가솔린 1800cc,1.8 GTI,,2379,399,1,1,1,
7231,수입,폭스바겐,티구안,티구안 2세대,디젤 2WD,2.0 TDI,,2379,658,372,256,2,
7232,수입,폭스바겐,제타,뉴 제타,디젤 2000cc,2.0 TDI,6세대,2379,342,58,45,14,14
7233,수입,폭스바겐,파사트,뉴 파사트,디젤 2000cc,2.0 TDI 럭셔리에디션,B6,2379,183,2,2,1,1
7234,수입,폭스바겐,골프,골프 7세대,디젤 1600cc 이상,2.0 TDI,,2379,399,160,110,67,
7235,수입,폭스바겐,골프,골프 6세대,디젤 1600cc 이상,2.0 TDI,,2379,399,64,37,14,
7236,수입,폭스바겐,제타,제타 7세대,가솔린 1400cc,1.4 TSI 프리미엄,,2379,342,284,161,4,
7237,수입,폭스바겐,골프,골프 5세대,가솔린 2000cc 이하,2.0 GTI 5도어,,2379,399,4,1,1,
7238,수입,폭스바겐,티구안,티구안 올스페이스,가솔린 2WD,2.0 TSI 프레스티지,,2379,658,190,126,125,
7239,수입,폭스바겐,투아렉,투아렉 3세대,디젤 4WD,3.0 TDI 프리미엄,,2379,171,140,140,25,
7240,수입,폭스바겐,파사트,더 뉴 파사트,디젤 2000cc,2.0 TDI,B7,2379,183,73,22,22,22
7241,수입,폭스바겐,티구안,뉴 티구안,디젤 2000cc,2.0 TDI 프리미엄,5N,2379,658,92,91,30,30
7242,수입,폭스바겐,파사트,뉴 파사트,디젤 2000cc,2.0 TDI 프리미엄,B6,2379,183,2,2,1,1
7243,수입,폭스바겐,제타,뉴 제타,디젤 2000cc,2.0 TDI 블루모션,6세대,2379,342,58,45,12,12
7244,수입,폭스바겐,골프,골프 6세대,디젤 1600cc 이상,2.0 GTD,,2379,399,64,37,11,
7245,수입,폭스바겐,파사트,파사트 GT(B8),디젤 2000cc,2.0 TDI 프레스티지,,2379,183,107,107,59,
7246,수입,폭스바겐,아테온,아테온,디젤 2WD,2.0 TDI 프레스티지,,2379,243,243,213,160,
7247,수입,폭스바겐,투아렉,투아렉 3세대,디젤 4WD,3.0 TDI R-Line 파이널 에디션,,2379,171,140,140,2,
7248,수입,폭스바겐,골프,골프 7세대,디젤 1600cc 이상,2.0 TDI 프리미엄,,2379,399,160,110,26,
7249,수입,폭스바겐,투아렉,뉴 투아렉,디젤 3000cc,V6 3.0 TDI R-Line,7P5,2379,171,29,29,2,2
7250,수입,폭스바겐,티구안,티구안 올스페이스,가솔린 2WD,2.0 TSI R-Line,,2379,658,190,126,1,
7251,수입,폭스바겐,티구안,티구안 2세대,디젤 4WD,2.0 TDI 4모션 프레스티지,,2379,658,372,116,104,
7252,수입,폭스바겐,티구안,뉴 티구안,디젤 2000cc,2.0 TDI R-라인,5N,2379,658,92,91,11,11
7253,수입,폭스바겐,티구안,티구안,가솔린 2000cc,2.0 TSI,5N,2379,658,4,1,1,1
7254,수입,폭스바겐,골프,골프 6세대,디젤 1600cc 이상,2.0 TDI 스타일에디션,,2379,399,64,37,7,
7255,수입,폭스바겐,투아렉,투아렉 3세대,디젤 4WD,4.0 TDI 프레스티지,,2379,171,140,140,2,
7256,수입,폭스바겐,골프,골프 7세대,디젤 1600cc 이상,2.0 GTD,,2379,399,160,110,8,
7257,수입,폭스바겐,파사트,파사트 GT(B8),디젤 2000cc,2.0 TDI 4모션 프레스티지,,2379,183,107,107,23,
7258,수입,폭스바겐,아테온,아테온,디젤 2WD,2.0 TDI 프리미엄,,2379,243,243,213,53,
7259,수입,폭스바겐,제타,제타 7세대,가솔린 1500cc,1.5 TSI 프레스티지,,2379,342,284,123,118,
7260,수입,폭스바겐,투아렉,투아렉,디젤 3600cc 이상,V10 5.0 TDI,7L,2379,171,2,1,1,1
7261,수입,폭스바겐,파사트,더 뉴 파사트,가솔린 1800cc,1.8 TSI,B7,2379,183,73,10,9,9
7262,수입,폭스바겐,제타,뉴 제타,디젤 1600cc,1.6 TDI 블루모션,6세대,2379,342,58,12,12,12
7263,수입,폭스바겐,골프,골프 6세대,디젤 1600cc 이상,2.0 TDI 카브리올레,,2379,399,64,37,5,
7264,수입,폭스바겐,골프,골프 8세대,디젤 2000cc,2.0 TDI 프레스티지,,2379,399,168,87,79,
7265,수입,폭스바겐,티구안,티구안 2세대,디젤 4WD,2.0 TDI 4모션 프리미엄,,2379,658,372,116,12,
7266,수입,폭스바겐,골프,골프 7세대,디젤 1600cc 이상,2.0 GTD 익스트림 에디션,,2379,399,160,110,7,
7267,수입,폭스바겐,파사트,파사트 GT(B8),디젤 2000cc,2.0 TDI 프리미엄,,2379,183,107,107,20,
7268,수입,폭스바겐,티구안,뉴 티구안,가솔린 2000cc,2.0 TSI,5N,2379,658,92,1,1,1
7269,수입,폭스바겐,제타,제타 7세대,가솔린 1500cc,1.5 TSI 프리미엄,,2379,342,284,123,5,
7270,수입,폭스바겐,티구안,티구안 올스페이스,디젤 2WD,2.0 TDI 프레스티지,,2379,658,190,64,64,
7271,수입,폭스바겐,파사트,더 뉴 파사트,가솔린 1800cc,1.8 TSI 스포츠,B7,2379,183,73,10,1,1
7272,수입,폭스바겐,골프,골프 8세대,디젤 2000cc,2.0 TDI 프리미엄,,2379,399,168,87,8,
7273,수입,폭스바겐,골프,골프 7세대,디젤 1600cc 이상,2.0 TDI 40th 에디션,,2379,399,160,110,2,
7274,수입,폭스바겐,파사트,파사트 GT(B8),디젤 2000cc,2.0 TDI,,2379,183,107,107,5,
7275,수입,폭스바겐,아테온,아테온,디젤 4WD,2.0 TDI 프레스티지 4모션,,2379,243,243,30,20,
7276,수입,폭스바겐,제타,뉴 제타,가솔린 2000cc,2.0,6세대,2379,342,58,1,1,1
7277,수입,폭스바겐,골프,골프 6세대,디젤 1600cc 이하,1.6 TDI 블루모션,,2379,399,64,15,8,
7278,수입,폭스바겐,아테온,아테온,디젤 4WD,2.0 TDI R-LINE 4모션,,2379,243,243,30,10,
7279,수입,폭스바겐,파사트,더 뉴 파사트,가솔린 2500cc,2.5,B7,2379,183,73,6,6,6
7280,수입,폭스바겐,골프,골프 8세대,가솔린 2000cc,2.0 GTI,,2379,399,168,81,81,
7281,수입,폭스바겐,골프,골프 7세대,가솔린 1600cc 이하,1.4 TSI,,2379,399,160,23,12,
7282,수입,폭스바겐,골프,골프 6세대,디젤 1600cc 이하,1.6 TDI 블루모션 스타일에디션,,2379,399,64,15,7,
7283,수입,폭스바겐,골프,골프 7세대,가솔린 1600cc 이하,1.4 TSI 프리미엄,,2379,399,160,23,11,
7284,수입,폭스바겐,ID.4,ID.4,전기 2WD,프로,,2379,97,97,97,97,
7285,수입,폭스바겐,CC,CC,디젤 2WD,2.0 TDI 블루모션,,2379,79,7,7,4,
7286,수입,폭스바겐,골프,골프 6세대,가솔린 1600cc 이상,2.0 GTI 5도어,,2379,399,64,6,5,
7287,수입,폭스바겐,CC,CC,디젤 2WD,2.0 TDI,,2379,79,7,7,3,
7288,수입,폭스바겐,CC,뉴 CC,디젤 2WD,2.0 TDI 블루모션,,2379,79,72,35,31,
7289,수입,폭스바겐,골프,골프 7세대,디젤 1600cc 이하,1.6 TDI,,2379,399,160,14,14,
7290,수입,폭스바겐,비틀,뉴 비틀,가솔린 2000cc 이하,DELUXE 2.0,9C,2379,44,14,13,11,11
7291,수입,폭스바겐,골프,골프 6세대,가솔린 1600cc 이상,2.0 GTI 3도어,,2379,399,64,6,1,
7292,수입,폭스바겐,비틀,더 비틀,디젤 2000cc,2.0 TDI 프리미엄,3세대,2379,44,30,30,17,17
7293,수입,폭스바겐,시로코,시로코,디젤 2000cc,2.0 TDI R-Line,,2379,30,30,19,19,
7294,수입,폭스바겐,CC,뉴 CC,디젤 2WD,2.0 TDI 블루모션 R라인,,2379,79,72,35,4,
7295,수입,폭스바겐,티록,티록,디젤 2WD,2.0 TDI 프레스티지,,2379,41,41,41,28,
7296,수입,폭스바겐,골프,골프 6세대,가솔린 1600cc 이하,1.4 TSI,,2379,399,64,6,6,
7297,수입,폭스바겐,비틀,더 비틀,디젤 2000cc,2.0 TDI,3세대,2379,44,30,30,9,9
7298,수입,폭스바겐,골프,골프 7세대,가솔린 1600cc 이상,2.0 GTI,,2379,399,160,13,6,
7299,수입,폭스바겐,티록,티록,디젤 2WD,2.0 TDI 프리미엄,,2379,41,41,41,11,
7300,수입,폭스바겐,시로코,시로코,가솔린 2000cc,2.0 TSI R,,2379,30,30,11,11,
7301,수입,폭스바겐,비틀,더 비틀,디젤 2000cc,2.0 TDI 익스클루시브,,2379,44,30,30,2,
7302,수입,폭스바겐,아틀라스,아틀라스,가솔린 2000cc,2.0 TSI R-LINE 7인승,,2379,29,29,27,22,
7303,수입,폭스바겐,비틀,뉴 비틀,가솔린 2000cc 이하,2.0 카브리올레,1Y,2379,44,14,13,2,2
7304,수입,폭스바겐,CC,뉴 CC,가솔린 2WD,2.0 TSI,,2379,79,72,25,25,
7305,수입,폭스바겐,티록,티록,디젤 2WD,2.0 TDI 스타일,,2379,41,41,41,2,
7306,수입,폭스바겐,비틀,더 비틀,디젤 2000cc,2.0 TDI 클럽 리미티드 에디션,,2379,44,30,30,2,
7307,수입,폭스바겐,골프,골프 7세대,가솔린 1600cc 이상,2.0 R,,2379,399,160,13,4,
7308,수입,폭스바겐,아틀라스,아틀라스,가솔린 2000cc,2.0 TSI R-LINE 6인승,,2379,29,29,27,5,
7309,수입,폭스바겐,골프,골프 7세대,가솔린 1600cc 이상,2.0 GTI 익스트림 에디션,,2379,399,160,13,3,
7310,수입,폭스바겐,CC,뉴 CC,디젤 4WD,2.0 TDI 블루모션 4모션,,2379,79,72,12,12,
7311,수입,폭스바겐,아틀라스,아틀라스,가솔린 3600cc,3.6,,2379,29,29,2,2,
7312,수입,폭스바겐,폴로,폴로,디젤 1600cc,1.6 TDI R-Line,5세대,2379,26,26,16,16,16
7313,수입,폭스바겐,비틀,뉴 비틀,가솔린 2000cc 이상,2.5,9C,2379,44,14,1,1,1
7314,수입,폭스바겐,페이톤,페이톤,디젤 3200cc 이하,V6 3.0 TDI,VW611,2379,17,17,11,10,10
7315,수입,폭스바겐,폴로,폴로,디젤 1400cc,1.4 TDI R-Line,5세대,2379,26,26,9,8,8
7316,수입,폭스바겐,ID.5,ID.5,전기 2WD,프로,,2379,16,16,16,16,
7317,수입,폭스바겐,페이톤,페이톤,디젤 3200cc 이하,V6 3.2 TDI NWB,VW611,2379,17,17,11,1,1
7318,수입,폭스바겐,폴로,폴로,디젤 1400cc,1.4 TDI R-Line 프리미엄,5세대,2379,26,26,9,1,1
7319,수입,폭스바겐,EOS,EOS,가솔린 1600cc 이상,2.0 TFSI,,2379,3,3,3,2,
7320,수입,폭스바겐,멀티밴,멀티밴,가솔린 2000cc,2.0,,2379,1,1,1,1,
7321,수입,폭스바겐,EOS,EOS,가솔린 1600cc 이상,2.0 TSI,,2379,3,3,3,1,
7322,수입,폭스바겐,페이톤,페이톤,가솔린 3200cc 이상,V8 4.2 LWB,VW611,2379,17,17,6,3,3
7323,수입,폭스바겐,폴로,폴로,가솔린 1200cc,1.2,4세대,2379,26,26,1,1,1
7324,수입,폭스바겐,페이톤,페이톤,가솔린 3200cc 이상,W12 6.0 LWB,VW611,2379,17,17,6,2,2
7325,수입,폭스바겐,페이톤,페이톤,가솔린 3200cc 이상,V8 4.2 NWB,VW611,2379,17,17,6,1,1
7326,수입,폴스타,폴스타 4,폴스타 4,전기 4WD,롱레인지 듀얼모터,,250,55,55,45,44,
7327,수입,폴스타,폴스타 2,폴스타 2,전기,롱레인지 싱글모터,,250,195,195,195,168,
7328,수입,폴스타,폴스타 4,폴스타 4,전기 4WD,듀얼모터,,250,55,55,45,1,
7329,수입,폴스타,폴스타 2,폴스타 2,전기,롱레인지 듀얼모터,,250,195,195,195,15,
7330,수입,폴스타,폴스타 4,폴스타 4,전기 2WD,롱레인지 싱글모터,,250,55,55,10,10,
7331,수입,폴스타,폴스타 2,폴스타 2,전기,스탠다드 싱글모터,,250,195,195,195,12,
7332,수입,푸조,2008,2008,디젤 1600cc,1.6 BlueHDi 펠린,,499,89,41,32,13,
7333,수입,푸조,2008,e-2008 2세대,전기,EV GT,,499,89,31,31,31,
7334,수입,푸조,308,308 2세대,디젤 1600cc,1.6 BlueHDi GT Line,,499,40,20,8,5,
7335,수입,푸조,408,408,가솔린 1200cc,1.2 Pure Tech GT,,499,35,35,29,24,
7336,수입,푸조,3008,3008,디젤 1600cc,1.6 e-HDi,1세대,499,137,11,7,6,6
7337,수입,푸조,2008,2008 2세대,디젤 1500cc,1.5 BlueHDi GT Line,,499,89,17,17,12,
7338,수입,푸조,3008,3008 2세대,디젤 1500cc,1.5 BlueHDi GT Line,,499,137,112,43,21,
7339,수입,푸조,308,308CC,디젤 2000cc,2.0 HDi,1세대,499,40,2,2,2,2
7340,수입,푸조,308,308 2세대,디젤 1600cc,1.6 BlueHDi 알뤼르,,499,40,20,8,2,
7341,수입,푸조,2008,2008,디젤 1600cc,1.6 e-HDi 펠린 L,,499,89,41,32,7,
7342,수입,푸조,3008,3008 2세대,디젤 1500cc,1.5 BlueHDi 알뤼르,,499,137,112,43,15,
7343,수입,푸조,3008,3008 3세대,가솔린+전기 1200cc,1.2 하이브리드 GT,,499,137,14,14,12,
7344,수입,푸조,3008,3008,디젤 1600cc,1.6 e-HDi 에코 터보,1세대,499,137,11,7,1,1
7345,수입,푸조,508,508,디젤 1600cc,1.6 e-HDi 악티브,1세대,499,62,19,11,6,6
7346,수입,푸조,408,408,가솔린 1200cc,1.2 Pure Tech 알뤼르,,499,35,35,29,5,
7347,수입,푸조,2008,2008 2세대,디젤 1500cc,1.5 BlueHDi 알뤼르,,499,89,17,17,5,
7348,수입,푸조,308,308SW 2세대,디젤 1600cc,1.6 BlueHDi 알뤼르,,499,40,4,2,2,
7349,수입,푸조,2008,2008,디젤 1600cc,1.6 BlueHDi 알뤼르 GC,,499,89,41,32,5,
7350,수입,푸조,308,308 2세대,디젤 1600cc,1.6 BlueHDi 악티브,,499,40,20,8,1,
7351,수입,푸조,5008,5008 2세대,디젤 1500cc,1.5 BlueHDi GT Line,,499,102,102,39,23,
7352,수입,푸조,308,308,디젤 1600cc,1.6 e-HDi MCP,1세대,499,40,2,2,1,1
7353,수입,푸조,3008,3008 2세대,디젤 1500cc,1.5 BlueHDi GT,,499,137,112,43,5,
7354,수입,푸조,3008,3008 3세대,가솔린+전기 1200cc,1.2 하이브리드 알뤼르,,499,137,14,14,2,
7355,수입,푸조,2008,2008,디젤 1600cc,1.6 e-HDi 펠린 S,,499,89,41,32,3,
7356,수입,푸조,508,508,디젤 1600cc,1.6 BlueHDi 알뤼르,1세대,499,62,19,11,3,3
7357,수입,푸조,5008,5008 2세대,디젤 1500cc,1.5 BlueHDi GT,,499,102,102,39,12,
7358,수입,푸조,308,308SW,디젤 1600cc,1.6 e-HDi,1세대,499,40,1,1,1,1
7359,수입,푸조,308,308,디젤 1600cc,1.6 e-HDi 스포티움,1세대,499,40,2,2,1,1
7360,수입,푸조,508,508SW,디젤 1600cc,1.6 e-HDi 악티브,,499,62,6,6,3,
7361,수입,푸조,3008,3008,디젤 2000cc,2.0 HDi,1세대,499,137,11,4,4,4
7362,수입,푸조,508,508 2세대,디젤 2000cc,2.0 BlueHDi GT Line,,499,62,25,16,11,
7363,수입,푸조,508,508SW 2세대,디젤 2000cc,2.0 BlueHDi GT Line,,499,62,12,10,10,
7364,수입,푸조,3008,3008 2세대,디젤 1500cc,1.5 BlueHDi GT Pack,,499,137,112,43,2,
7365,수입,푸조,2008,2008,디젤 1600cc,1.6 BlueHDi 알뤼르,,499,89,41,32,2,
7366,수입,푸조,308,308 3세대,가솔린+전기 1200cc,1.2 하이브리드 GT,,499,40,11,8,8,
7367,수입,푸조,308,308SW 2세대,디젤 2000cc,2.0 BlueHDi 알뤼르,,499,40,4,2,2,
7368,수입,푸조,508,508,디젤 1600cc,1.6 BlueHDi GT-Line,1세대,499,62,19,11,1,1
7369,수입,푸조,508,508 2세대,디젤 2000cc,2.0 BlueHDi GT,,499,62,25,16,3,
7370,수입,푸조,5008,5008 2세대,디젤 1500cc,1.5 BlueHDi 알뤼르,,499,102,102,39,4,
7371,수입,푸조,508,508SW,디젤 1600cc,1.6 BlueHDi 펠린,,499,62,6,6,2,
7372,수입,푸조,408,408,가솔린+전기 1200cc,1.2 하이브리드 GT,,499,35,35,6,6,
7373,수입,푸조,2008,2008,디젤 1600cc,1.6 e-HDi 알뤼르,,499,89,41,32,1,
7374,수입,푸조,508,508,디젤 1600cc,1.6 e-HDi 럭스팩,1세대,499,62,19,11,1,1
7375,수입,푸조,508,508SW 2세대,디젤 1500cc,1.5 BlueHDi GT,,499,62,12,2,2,
7376,수입,푸조,508,508 2세대,디젤 2000cc,2.0 BlueHDi 알뤼르,,499,62,25,16,2,
7377,수입,푸조,308,308 3세대,디젤 1500cc,1.5 BlueHDi GT,,499,40,11,3,3,
7378,수입,푸조,508,508SW,디젤 1600cc,1.6 BlueHDi 알뤼르,,499,62,6,6,1,
7379,수입,푸조,3008,3008 2세대,가솔린 1200cc,1.2 Pure Tech GT,,499,137,112,31,18,
7380,수입,푸조,308,308 2세대,디젤 1500cc,1.5 BlueHDi GT Line,,499,40,20,6,4,
7381,수입,푸조,2008,2008,디젤 1600cc,1.6 e-HDi 펠린,,499,89,41,32,1,
7382,수입,푸조,5008,5008 2세대,디젤 1600cc,1.6 BlueHDi GT Line,,499,102,102,34,17,
7383,수입,푸조,308,308 2세대,디젤 1500cc,1.5 BlueHDi 알뤼르,,499,40,20,6,2,
7384,수입,푸조,508,508,디젤 2000cc,2.0 알뤼르,1세대,499,62,19,7,3,3
7385,수입,푸조,3008,3008 2세대,가솔린 1200cc,1.2 Pure Tech 알뤼르,,499,137,112,31,10,
7386,수입,푸조,508,508 2세대,디젤 1500cc,1.5 BlueHDi 알뤼르,,499,62,25,9,5,
7387,수입,푸조,5008,5008 2세대,디젤 1600cc,1.6 BlueHDi 알뤼르,,499,102,102,34,17,
7388,수입,푸조,2008,2008,디젤 1500cc,1.5 BlueHDi GT Line,,499,89,41,9,5,
7389,수입,푸조,508,508,디젤 2000cc,2.0 GT,1세대,499,62,19,7,2,2
7390,수입,푸조,3008,3008 2세대,가솔린 1200cc,1.2 Pure Tech GT Pack,,499,137,112,31,3,
7391,수입,푸조,208,e-208 2세대,전기,GT,,499,20,13,13,7,
7392,수입,푸조,208,208,디젤 1600cc,1.6 BlueHDi GT Line 5도어,,499,20,7,5,2,
7393,수입,푸조,508,508 2세대,디젤 1500cc,1.5 BlueHDi GT,,499,62,25,9,4,
7394,수입,푸조,308,308 2세대,디젤 2000cc,2.0 BlueHDi 악티브,,499,40,20,6,4,
7395,수입,푸조,2008,2008,디젤 1500cc,1.5 BlueHDi 알뤼르,,499,89,41,9,4,
7396,수입,푸조,508,508,디젤 2000cc,2.0 럭스팩,1세대,499,62,19,7,1,1
7397,수입,푸조,208,e-208 2세대,전기,GT Line,,499,20,13,13,6,
7398,수입,푸조,308,308 2세대,디젤 2000cc,2.0 BlueHDi 알뤼르,,499,40,20,6,1,
7399,수입,푸조,208,208,디젤 1600cc,1.6 BlueHDi 알뤼르 5도어,,499,20,7,5,1,
7400,수입,푸조,5008,5008 2세대,가솔린 1200cc,1.2 Pure Tech GT,,499,102,102,15,9,
7401,수입,푸조,508,508,디젤 2000cc,2.0 펠린,1세대,499,62,19,7,1,1
7402,수입,푸조,308,308 2세대,디젤 2000cc,2.0 BlueHDi 펠린,,499,40,20,6,1,
7403,수입,푸조,208,208,디젤 1600cc,1.6 e-HDi 알뤼르 3도어,,499,20,7,5,1,
7404,수입,푸조,5008,5008 2세대,가솔린 1200cc,1.2 Pure Tech 알뤼르,,499,102,102,15,6,
7405,수입,푸조,3008,3008 2세대,디젤 1600cc,1.6 BlueHDi 알뤼르,,499,137,112,23,15,
7406,수입,푸조,208,208,디젤 1600cc,1.6 e-HDi 펠린 5도어,,499,20,7,5,1,
7407,수입,푸조,3008,3008 2세대,디젤 1600cc,1.6 BlueHDi GT Line,,499,137,112,23,8,
7408,수입,푸조,207,207GT,가솔린 1600cc,1.6,1세대,499,7,2,2,2,2
7409,수입,푸조,5008,5008 2세대,디젤 2000cc,2.0 BlueHDi GT,,499,102,102,14,14,
7410,수입,푸조,207,207CC,가솔린 1600cc,1.6,1세대,499,7,4,4,4,4
7411,수입,푸조,508,508,디젤 2200cc,2.2 GT,1세대,499,62,19,1,1,1
7412,수입,푸조,207,207SW,가솔린 1600cc,1.6,1세대,499,7,1,1,1,1
7413,수입,푸조,206,206CC,가솔린 1600cc,1.6  RC 컨버터블,1세대,499,3,2,2,1,1
7414,수입,푸조,3008,3008 2세대,디젤 2000cc,2.0 BlueHDi GT,,499,137,112,15,15,
7415,수입,푸조,208,208,디젤 1400cc,1.4 e-HDi 알뤼르 5도어,,499,20,7,2,1,
7416,수입,푸조,206,206RC,가솔린 2000cc,2.0,1세대,499,3,1,1,1,1
7417,수입,푸조,206,206CC,가솔린 1600cc,1.6 컨버터블,1세대,499,3,2,2,1,1
7418,수입,푸조,208,208,디젤 1400cc,1.4 e-HDi 에코 5도어,,499,20,7,2,1,
7419,수입,푸조,307,307CC,가솔린 1600cc,1.6,,499,2,2,1,1,
7420,수입,푸조,RCZ,RCZ,가솔린 1600cc,1.6,1세대,499,1,1,1,1,1
7421,수입,푸조,익스퍼트,익스퍼트 티피,디젤 2000cc,2.0 디젤,,499,1,1,1,1,
7422,수입,푸조,307,307CC,가솔린 2000cc,2.0 클래식,1세대,499,2,2,1,1,1
7423,수입,피아트,500,500e,전기,EV,,69,46,2,2,1,
7424,수입,피아트, 두카토,두카토,디젤,2.2,,69,2,2,2,2,
7425,수입,피아트,500,500C,가솔린,1.4,1세대,69,46,14,14,7,7
7426,수입,피아트,프리몬트,프리몬트,디젤 2000cc,2.0 라운지,1세대,69,3,3,3,3,3
7427,수입,피아트,500,500e,전기,아바스,,69,46,2,2,1,
7428,수입,피아트,124,124 스파이더,가솔린 1400cc,1.4,,69,1,1,1,1,
7429,수입,피아트,500X,500X,디젤,2.0 디젤 크로스 AWD,,69,17,17,11,8,
7430,수입,피아트,500,500,가솔린,1.4 컬러,1세대,69,46,30,30,9,9
7431,수입,피아트,500,500C,가솔린,아바스,,69,46,14,14,7,
7432,수입,피아트,500,500,가솔린,1.4 컬러 플러스,1세대,69,46,30,30,8,8
7433,수입,피아트,500X,500X,디젤,2.0 디젤 크로스 플러스 AWD,,69,17,17,11,3,
7434,수입,피아트,500,500,가솔린,1.4 팝,1세대,69,46,30,30,5,5
7435,수입,피아트,500,500,가솔린,1.4 라운지,1세대,69,46,30,30,4,4
7436,수입,피아트,500,500,가솔린,1.4,1세대,69,46,30,30,2,2
7437,수입,피아트,500X,500X,가솔린,2.4 팝스타,,69,17,17,6,6,
7438,수입,피아트,500,500,가솔린,1.4 라운지 이탈리아,1세대,69,46,30,30,1,1
7439,수입,피아트,500,500,가솔린,아바스,,69,46,30,30,1,
7440,수입,험머,H2,H2,가솔린 6000cc,6.0,,35,23,23,13,11,
7441,수입,험머,H1,H1,디젤 6600cc,6.6 디젤,,35,1,1,1,1,
7442,수입,험머,H3,H3T,가솔린 3700cc,3.7,,35,11,1,1,1,
7443,수입,험머,H2,H2,가솔린 6000cc,6.0 SUT,,35,23,23,13,2,
7444,수입,험머,H3,H3,가솔린 3700cc 이하,3.7,,35,11,10,10,6,
7445,수입,험머,H2,H2,가솔린 6200cc,6.2,,35,23,23,10,10,
7446,수입,험머,H3,H3,가솔린 3700cc 이하,3.5,,35,11,10,10,4,
7447,수입,혼다,어코드,어코드 10세대,가솔린+전기 2000cc,2.0 하이브리드 투어링,,837,244,132,72,64,
7448,수입,혼다,시빅,시빅,가솔린,2.0,10세대,837,32,32,29,12,10
7449,수입,혼다,시빅,시빅,가솔린,2.0,8세대,837,32,32,29,12,2
7450,수입,혼다,CR-V,CR-V,가솔린 4WD,2.4 4WD,2세대,837,227,11,10,10,6
7451,수입,혼다,CR-V,CR-V,가솔린 4WD,2.4 4WD,3세대,837,227,11,10,10,4
7452,수입,혼다,CR-V,CR-V 6세대,가솔린 1500cc,1.5 EX-L 2WD,,837,227,36,19,19,
7453,수입,혼다,오딧세이,오딧세이,가솔린 3500cc,3.5,5세대,837,139,139,139,139,111
7454,수입,혼다,오딧세이,오딧세이,가솔린 3500cc,3.5,4세대,837,139,139,139,139,28
7455,수입,혼다,CR-V,New CR-V,가솔린 4WD,4WD EX-L,4세대,837,227,35,33,29,29
7456,수입,혼다,파일럿,파일럿 3세대,가솔린 3500cc,3.5,,837,158,140,140,105,
7457,수입,혼다,시빅,시빅,가솔린,1.8 LX,9세대,837,32,32,29,4,4
7458,수입,혼다,어코드,어코드 10세대,가솔린+전기 2000cc,2.0 하이브리드 EX-L,,837,244,132,72,8,
7459,수입,혼다,CR-V,CR-V 5세대,가솔린 1500cc,1.5 투어링 4WD,,837,227,145,87,34,
7460,수입,혼다,CR-V,New CR-V,가솔린 4WD,4WD 투어링,4세대,837,227,35,33,4,4
7461,수입,혼다,어코드,어코드 11세대,가솔린 1500cc,1.5 터보,,837,244,55,28,28,
7462,수입,혼다,어코드,어코드,가솔린 2400cc 이상,3.0,6세대,837,244,1,1,1,1
7463,수입,혼다,파일럿,파일럿 3세대,가솔린 3500cc,3.5 엘리트,,837,158,140,140,35,
7464,수입,혼다,파일럿,파일럿 4세대,가솔린 3500cc,3.5 엘리트,,837,158,16,16,16,
7465,수입,혼다,어코드,올뉴어코드,가솔린 2400cc,2.4,9세대,837,244,56,37,37,36
7466,수입,혼다,어코드,올뉴어코드,가솔린 2400cc,2.4,8세대,837,244,56,37,37,1
7467,수입,혼다,CR-V,CR-V 5세대,가솔린 1500cc,1.5 EX-L 2WD,,837,227,145,87,32,
7468,수입,혼다,시빅,시빅,가솔린,1.5,10세대,837,32,32,29,3,3
7469,수입,혼다,파일럿,파일럿,가솔린 3500cc,3.5,2세대,837,158,2,2,2,2
7470,수입,혼다,CR-V,CR-V,가솔린 2WD,2.4 2WD,3세대,837,227,11,1,1,1
7471,수입,혼다,CR-V,CR-V 6세대,가솔린+전기 2000cc,2.0 하이브리드 투어링 2WD,,837,227,36,17,13,
7472,수입,혼다,HR-V,HR-V,가솔린 2WD,1.8,,837,7,7,7,7,
7473,수입,혼다,시빅,시빅,가솔린,1.8 EX,9세대,837,32,32,29,3,3
7474,수입,혼다,어코드,어코드 10세대,가솔린 1500cc,1.5 터보,,837,244,132,40,40,
7475,수입,혼다,CR-V,CR-V 5세대,가솔린 1500cc,1.5 EX-L 4WD,,837,227,145,87,21,
7476,수입,혼다,어코드,어코드 11세대,가솔린+전기 2000cc,2.0 하이브리드 투어링,,837,244,55,27,27,
7477,수입,혼다,CR-V,CR-V 6세대,가솔린+전기 2000cc,2.0 하이브리드 투어링 4WD,,837,227,36,17,4,
7478,수입,혼다,시빅,시빅,가솔린,Type R,FD2/FN2,837,32,32,29,3,3
7479,수입,혼다,어코드,올뉴어코드,가솔린+전기 2000cc,2.0 하이브리드,9세대,837,244,56,16,16,16
7480,수입,혼다,레전드,레전드 5세대,가솔린 3500cc,3.5,,837,6,3,3,3,
7481,수입,혼다,시빅,시빅,가솔린,1.8,8세대,837,32,32,29,2,2
7482,수입,혼다,CR-V,New CR-V,가솔린 2WD,2WD LX,4세대,837,227,35,2,2,2
7483,수입,혼다,CR-V,CR-V 5세대,가솔린+전기 2000cc,2.0 하이브리드 투어링 4WD,,837,227,145,58,55,
7484,수입,혼다,어코드,어코드 10세대,가솔린 2000cc,2.0 터보 스포츠,,837,244,132,20,20,
7485,수입,혼다,N-BOX,N-BOX,가솔린 660cc,0.6 2WD,,837,5,5,5,4,
7486,수입,혼다,레전드,레전드 4세대,가솔린 3500cc,3.5,,837,6,3,2,2,
7487,수입,혼다,시빅,시빅,가솔린,1.8 유로,9세대,837,32,32,29,2,2
7488,수입,혼다,CR-V,CR-V 5세대,가솔린+전기 2000cc,2.0 하이브리드 EX-L 4WD,,837,227,145,58,3,
7489,수입,혼다,어코드,올뉴어코드,가솔린 3500cc,3.5,8세대,837,244,56,3,3,2
7490,수입,혼다,어코드,올뉴어코드,가솔린 3500cc,3.5,9세대,837,244,56,3,3,1
7491,수입,혼다,N-BOX,N-BOX,가솔린 660cc,0.6 터보 2WD,,837,5,5,5,1,
7492,수입,혼다,S660,S660,가솔린 660cc,0.6,,837,5,5,5,5,
7493,수입,혼다,레전드,레전드 4세대,가솔린 3700cc,3.7,,837,6,3,1,1,
7494,수입,혼다,시빅,시빅,가솔린+전기,하이브리드,8세대,837,32,32,3,3,2
7495,수입,혼다,시빅,시빅,가솔린+전기,하이브리드,9세대,837,32,32,3,3,1
7496,수입,혼다,크로스투어,크로스투어,가솔린 3500cc,3.5,1세대,837,4,4,4,4,4
7497,수입,혼다,CR-Z,CR-Z,가솔린+전기 1500cc,1.5,,837,1,1,1,1,
7498,수입,혼다,N-ONE,N-ONE,가솔린 660cc,0.6 2WD,,837,2,2,2,2,
7499,수입,혼다,S2000,S2000,가솔린 2WD,STD,,837,3,3,3,3,
7500,수입,혼다,N-WGN,N-WGN,가솔린 2WD,0.6,,837,1,1,1,1,
7501,수입,혼다,댓츠,댓츠,가솔린 660cc,0.6,,837,1,1,1,1,
7502,수입,혼다,델솔,델솔,가솔린 1600cc,VTEC,,837,1,1,1,1,
7503,수입,혼다,인사이트,인사이트,가솔린+전기,플러스,,837,1,1,1,1,
7504,수입,기타 수입차,기타,기타,,,,16,16,16,,,
